date,underlying_price,historical_iv,GARCH_iv,XGB_iv,vix_close,vix_decimal,vrp_adjustment
2020-02-14,337.6000061035156,0.1437626039676959,0.1808559077801669,0.1351660917858489,13.68000030517578,0.1368000030517578,0.023692563346742863
2020-02-18,336.7300109863281,0.1406719996538794,0.1761012742053599,0.1351660917858489,14.829999923706056,0.1482999992370605,0.023692563346742863
2020-02-19,338.3399963378906,0.1410951318384671,0.1715246184900718,0.1351660917858489,14.380000114440918,0.1438000011444092,0.023692563346742863
2020-02-20,336.95001220703125,0.1503763658876202,0.1777913647255468,0.1447502582919611,15.5600004196167,0.1556000041961669,0.033175124726770824
2020-02-21,333.4800109863281,0.1510022597318652,0.1751842314746883,0.1462201851260676,17.079999923706055,0.1707999992370605,0.033175124726770824
2020-02-24,322.4200134277344,0.1822896778638067,0.2011812205188464,0.1776166873896186,25.030000686645508,0.2503000068664551,0.06079930839181591
2020-02-25,312.6499938964844,0.2189896405967053,0.2089263662649147,0.1785989242518012,27.850000381469727,0.2785000038146972,0.06079930839181591
2020-02-26,311.5,0.2409285569607026,0.2854735050680199,0.1805670600855415,27.559999465942383,0.2755999946594238,0.06079930839181591
2020-02-27,297.510009765625,0.241027855940406,0.3266905809344671,0.1779977470362251,39.15999984741211,0.3915999984741211,0.06079930839181591
2020-02-28,296.260009765625,0.282665973784412,0.3169050629556496,0.260581565471894,40.11000061035156,0.4011000061035156,0.06079930839181591
2020-03-02,309.0899963378906,0.2797905678179972,0.3989836002319438,0.2528579669916694,33.41999816894531,0.3341999816894531,0.06079930839181591
2020-03-03,300.239990234375,0.3182196392219461,0.3841280818220539,0.255668349834687,36.81999969482422,0.3681999969482422,0.06079930839181591
2020-03-04,312.8599853515625,0.3298689048163537,0.4332673028119961,0.2567970806086128,31.989999771118164,0.3198999977111816,0.06079930839181591
2020-03-05,302.4599914550781,0.3602005606601857,0.44568878198055,0.2538414913141792,39.619998931884766,0.3961999893188476,0.06079930839181591
2020-03-06,297.4599914550781,0.3743134938898864,0.4796572389612217,0.2477502399408881,41.93999862670898,0.4193999862670898,0.06079930839181591
2020-03-09,274.2300109863281,0.3764126308725629,0.4941191667481264,0.2659955745661323,54.459999084472656,0.5445999908447265,0.06079930839181591
2020-03-10,288.4200134277344,0.4499042247373065,0.4833854240690448,0.3358680492365424,47.29999923706055,0.4729999923706054,0.06079930839181591
2020-03-11,274.3599853515625,0.4814413228345057,0.6421904737900929,0.4009104305231635,53.900001525878906,0.539000015258789,0.06079930839181591
2020-03-12,248.1100006103516,0.5022098147125389,0.6671303233978828,0.4457416301691597,75.47000122070312,0.7547000122070312,0.06079930839181591
2020-03-13,269.32000732421875,0.5815650094959655,0.6938440333737502,0.4827964549982612,57.83000183105469,0.5783000183105469,0.06079930839181591
2020-03-16,239.8500061035156,0.6464042745091572,0.8586374036710439,0.4503589015924995,82.69000244140625,0.8269000244140625,0.06079930839181591
2020-03-17,252.8000030517578,0.7278700724341911,0.927953413689414,0.4737582546198433,75.91000366210938,0.7591000366210937,0.06079930839181591
2020-03-18,240.0,0.7495488253667806,1.0804776485003873,0.4654035335505073,76.44999694824219,0.7644999694824218,0.06079930839181591
2020-03-19,240.50999450683597,0.7578338180144922,1.0585102636402928,0.4737582546198433,72.0,0.72,0.06079930839181591
2020-03-20,228.8000030517578,0.7576096132081198,1.0388111508364577,0.4703608089411323,66.04000091552734,0.6604000091552734,0.06079930839181591
2020-03-23,222.9499969482422,0.7664979982598537,0.9819528021824484,0.4737582546198433,61.59000015258789,0.6159000015258789,0.06079930839181591
2020-03-24,243.1499938964844,0.764709377821252,0.96726004766845,0.4703608089411323,61.66999816894531,0.6166999816894532,0.06079930839181591
2020-03-25,246.7899932861328,0.8239195023746896,0.9275473308838792,0.4681881862604682,63.95000076293945,0.6395000076293945,0.06079930839181591
2020-03-26,261.20001220703125,0.8260630128069624,0.9919882967394168,0.4530273204767768,61.0,0.61,0.06079930839181591
2020-03-27,253.4199981689453,0.8512355223540536,0.9412461893494578,0.445252090069062,65.54000091552734,0.6554000091552734,0.06079930839181591
2020-03-30,261.6499938964844,0.8530379432867425,0.9397490356036874,0.3593773036921088,57.08000183105469,0.5708000183105468,0.06079930839181591
2020-03-31,257.75,0.8623936277713607,0.9040129751276498,0.3543824153864448,53.540000915527344,0.5354000091552734,0.06079930839181591
2020-04-01,246.1499938964844,0.861523068290941,0.8710047433559449,0.3544756847345893,57.060001373291016,0.5706000137329101,0.06079930839181591
2020-04-02,251.8300018310547,0.8685517640807155,0.82874123025013,0.4688009792292182,50.90999984741211,0.5090999984741211,0.06079930839181591
2020-04-03,248.19000244140625,0.8746210449870641,0.8238794617718388,0.4464084392511909,46.79999923706055,0.4679999923706054,0.06079930839181591
2020-04-06,264.8599853515625,0.8714797004089346,0.7882711631610727,0.4377844768488471,45.2400016784668,0.4524000167846679,0.06079930839181591
2020-04-07,265.1300048828125,0.8971140535220193,0.7523280124966826,0.4022309261286323,46.70000076293945,0.4670000076293945,0.06079930839181591
2020-04-08,274.0299987792969,0.8973320010117818,0.7927507581535836,0.3980490261042183,43.34999847412109,0.4334999847412109,0.06079930839181591
2020-04-09,278.20001220703125,0.8954005669891247,0.7503962795403794,0.2946932941401069,41.66999816894531,0.4166999816894531,0.06079930839181591
2020-04-13,275.6600036621094,0.8970542237706537,0.7314283694324377,0.2954005771601264,41.16999816894531,0.4116999816894531,0.06079930839181591
2020-04-14,283.7900085449219,0.8860659216409776,0.696522493813743,0.2952160602533882,37.7599983215332,0.377599983215332,0.06079930839181591
2020-04-15,277.760009765625,0.8879354090798879,0.662137600115588,0.2956043582880561,40.84000015258789,0.4084000015258789,0.06079930839181591
2020-04-16,279.1000061035156,0.8791139150408729,0.6460992457656989,0.2874064403498237,40.11000061035156,0.4011000061035156,0.06079930839181591
2020-04-17,286.6400146484375,0.8744028914884459,0.6236601800843569,0.2868836742365425,38.150001525878906,0.381500015258789,0.06079930839181591
2020-04-20,281.5899963378906,0.8777597371407833,0.5918174727246378,0.2875288539850776,43.83000183105469,0.4383000183105469,0.06079930839181591
2020-04-21,273.0400085449219,0.8424454866783564,0.5788577077879488,0.2879697757685249,45.40999984741211,0.4540999984741211,0.06079930839181591
2020-04-22,279.1000061035156,0.83274853757619,0.5592830293664266,0.3007676273310249,41.97999954223633,0.4197999954223633,0.06079930839181591
2020-04-23,279.0799865722656,0.8214598040703291,0.5585575923141697,0.3028111415827338,41.380001068115234,0.4138000106811523,0.06079930839181591
2020-04-24,282.9700012207031,0.756050861551546,0.5422276157510457,0.3015725856745307,35.93000030517578,0.3593000030517578,0.06079930839181591
2020-04-27,287.04998779296875,0.715075308929015,0.5143627446148755,0.2751690059626167,33.290000915527344,0.3329000091552734,0.06079930839181591
2020-04-28,285.7300109863281,0.6083370614308516,0.4935693325702758,0.2751690059626167,33.56999969482422,0.3356999969482422,0.06079930839181591
2020-04-29,293.2099914550781,0.5903880996518082,0.4743344274255284,0.2550375324213569,31.229999542236328,0.3122999954223633,0.06079930839181591
2020-04-30,290.4800109863281,0.5651646869206884,0.4527974298639277,0.2547996860468452,34.150001525878906,0.341500015258789,0.06079930839181591
2020-05-01,282.7900085449219,0.5672744203414362,0.4526301697870943,0.2569603877985542,37.18999862670898,0.3718999862670898,0.06079930839181591
2020-05-04,283.57000732421875,0.5483479139719536,0.4354902113662325,0.26221114692331,35.970001220703125,0.3597000122070312,0.06079930839181591
2020-05-05,286.19000244140625,0.5379904446866189,0.442000470607185,0.2628738933527534,33.61000061035156,0.3361000061035156,0.06079930839181591
2020-05-06,284.25,0.473692893794384,0.4204948007349137,0.2638014751398628,34.119998931884766,0.3411999893188476,0.06079930839181591
2020-05-07,287.67999267578125,0.4742674495852619,0.4029571325080919,0.2637731510126655,31.440000534057617,0.3144000053405761,0.06079930839181591
2020-05-08,292.44000244140625,0.443645163151934,0.3863317042626655,0.2578698116266792,27.979999542236328,0.2797999954223633,0.06079930839181591
2020-05-11,292.5,0.4313318077042016,0.3743136218465517,0.2450965648615424,27.56999969482422,0.2756999969482422,0.06079930839181591
2020-05-12,286.6700134277344,0.4222017404303711,0.3677681461435624,0.2450965648615424,33.040000915527344,0.3304000091552734,0.06079930839181591
2020-05-13,281.6000061035156,0.4249088024859774,0.3522238340130293,0.2586782794916694,35.279998779296875,0.3527999877929687,0.06079930839181591
2020-05-14,284.9700012207031,0.3988056068477687,0.3578647918766811,0.2592416149103705,32.61000061035156,0.3261000061035156,0.06079930839181591
2020-05-15,286.2799987792969,0.3950337772529696,0.3581842187572556,0.2578698116266792,31.88999938964844,0.3188999938964844,0.06079930839181591
2020-05-18,295.0,0.3900578528262885,0.3480051669440738,0.2578698116266792,29.299999237060547,0.2929999923706055,0.06079930839181591
2020-05-19,291.9700012207031,0.345760066658645,0.3351866371919529,0.2576039272272651,30.530000686645508,0.3053000068664551,0.06079930839181591
2020-05-20,296.92999267578125,0.3486733697460109,0.3619648064398044,0.2586782794916694,27.989999771118164,0.2798999977111816,0.06079930839181591
2020-05-21,294.8800048828125,0.337387217796868,0.3519856990963357,0.2139122348749702,29.530000686645508,0.2953000068664551,0.06079930839181591
2020-05-22,295.44000244140625,0.3361660561411804,0.3489747520799294,0.2172706371271674,28.15999984741211,0.2815999984741211,0.06079930839181591
2020-05-26,299.0799865722656,0.3340464607872129,0.3366644798900737,0.213340993496186,28.01000022888184,0.2801000022888184,0.06079930839181591
2020-05-27,303.5299987792969,0.3235645396241796,0.322603268743427,0.2122114807093208,27.6200008392334,0.276200008392334,0.06079930839181591
2020-05-28,302.9700012207031,0.3162773959361773,0.3165956627273258,0.212160573574311,28.59000015258789,0.2859000015258789,0.06079930839181591
2020-05-29,304.32000732421875,0.3166200460145828,0.31425632609393,0.2110310607874458,27.51000022888184,0.2751000022888183,0.06079930839181591
2020-06-01,305.54998779296875,0.3061664763910533,0.3018802439975081,0.2120190769159858,28.229999542236328,0.2822999954223633,0.06079930839181591
2020-06-02,308.0799865722656,0.2986019967346671,0.2907833800632458,0.2107221656763618,26.84000015258789,0.2684000015258789,0.06079930839181591
2020-06-03,312.17999267578125,0.2756267412456438,0.2804723539231567,0.2107221656763618,25.65999984741211,0.256599998474121,0.06079930839181591
2020-06-04,311.3599853515625,0.2706030317563359,0.2740985936870282,0.2105455642664497,25.809999465942383,0.2580999946594238,0.06079930839181591
2020-06-05,319.3399963378906,0.243491684150536,0.2466046642755687,0.1781278484714045,24.520000457763672,0.2452000045776367,0.033175124726770824
2020-06-08,323.20001220703125,0.2786876797969422,0.2663314806008757,0.2107221656763618,25.809999465942383,0.2580999946594238,0.06079930839181591
2020-06-09,320.7900085449219,0.2778274151225899,0.2948064803504152,0.2107221656763618,27.56999969482422,0.2756999969482422,0.06079930839181591
2020-06-10,319.0,0.2790270188163351,0.2911409354460643,0.2149038940393989,27.56999969482422,0.2756999969482422,0.06079930839181591
2020-06-11,300.6099853515625,0.2701952941188985,0.2843659882632728,0.2156749492609565,40.790000915527344,0.4079000091552734,0.06079930839181591
2020-06-12,304.2099914550781,0.3376226194991955,0.2786925315056344,0.2867759471857612,36.09000015258789,0.3609000015258789,0.06079930839181591
2020-06-15,307.04998779296875,0.3256353179387474,0.4365136807303074,0.253430743786103,34.400001525878906,0.344000015258789,0.06079930839181591
2020-06-16,312.9599914550781,0.3263880923294907,0.4202853029015334,0.253430743786103,33.66999816894531,0.3366999816894531,0.06079930839181591
2020-06-17,311.6600036621094,0.3301130450161469,0.4036041751156612,0.2525234943354194,33.470001220703125,0.3347000122070312,0.06079930839181591
2020-06-18,311.7799987792969,0.3293524649946619,0.39852333759382,0.2540536075556343,32.939998626708984,0.3293999862670898,0.06079930839181591
2020-06-19,308.6400146484375,0.3280984737748659,0.3812007946417804,0.2091212421381538,35.119998931884766,0.3511999893188476,0.06079930839181591
2020-06-22,310.6199951171875,0.3273580466805292,0.3641410440735229,0.2139514213526313,31.770000457763672,0.3177000045776367,0.06079930839181591
2020-06-23,312.04998779296875,0.3276366875941801,0.3536467757553469,0.210593019100434,31.3700008392334,0.313700008392334,0.06079930839181591
2020-06-24,304.0899963378906,0.318930803011601,0.3399073878949725,0.210593019100434,33.84000015258789,0.3384000015258789,0.06079930839181591
2020-06-25,307.3500061035156,0.3257078196638439,0.3269125643745179,0.2204537635767524,32.220001220703125,0.3222000122070312,0.06079930839181591
2020-06-26,300.04998779296875,0.3253452192295678,0.3486384296233499,0.2173698001825874,34.72999954223633,0.3472999954223633,0.06079930839181591
2020-06-29,304.4599914550781,0.3366337614885108,0.3389654608823734,0.2308236461603706,31.780000686645508,0.3178000068664551,0.06079930839181591
2020-06-30,308.3599853515625,0.3258910749201155,0.3544232731752975,0.2270323329889838,30.43000030517578,0.3043000030517578,0.06079930839181591
2020-07-01,310.5199890136719,0.3256687647547216,0.3482712593346337,0.2295756107294624,28.6200008392334,0.286200008392334,0.06079930839181591
2020-07-02,312.2300109863281,0.3222274911207955,0.3403544959327812,0.2086237865412299,27.68000030517578,0.2768000030517578,0.06079930839181591
2020-07-06,317.04998779296875,0.3211669799321849,0.3279756665760589,0.2086237865412299,27.940000534057617,0.2794000053405762,0.06079930839181591
2020-07-07,313.7799987792969,0.324122038578671,0.315854593433154,0.1971609073603217,29.43000030517578,0.2943000030517578,0.06079930839181591
2020-07-08,316.17999267578125,0.3249750094059168,0.3147286282937716,0.2009334808313911,28.07999992370605,0.2807999992370605,0.06079930839181591
2020-07-09,314.3800048828125,0.3226106336828041,0.3089842727614847,0.1990278774225776,29.26000022888184,0.2926000022888184,0.06079930839181591
2020-07-10,317.5899963378906,0.3232894841243027,0.2995250996205196,0.2016407543146674,27.290000915527344,0.2729000091552734,0.06079930839181591
2020-07-13,314.8399963378906,0.3244482818962488,0.2905999977858254,0.1990278774225776,32.189998626708984,0.3218999862670898,0.06079930839181591
2020-07-14,318.9200134277344,0.3260011107125209,0.2851829760767588,0.2016407543146674,29.520000457763672,0.2952000045776367,0.06079930839181591
2020-07-15,321.8500061035156,0.327481455719106,0.280430491552027,0.1968364387476508,27.76000022888184,0.2776000022888183,0.06079930839181591
2020-07-16,320.7900085449219,0.3260942037237755,0.2795629367490214,0.1975819641077583,28.0,0.28,0.06079930839181591
2020-07-17,321.7200012207031,0.3261850435334809,0.2740290781513957,0.200123220058686,25.68000030517578,0.2568000030517578,0.06079930839181591
2020-07-20,324.32000732421875,0.2880730957828489,0.2378700723032209,0.1710578411471857,24.459999084472656,0.2445999908447265,0.033175124726770824
2020-07-21,325.010009765625,0.2866911374866224,0.229315714524541,0.1689477222812189,24.84000015258789,0.2484000015258789,0.033175124726770824
2020-07-22,326.8599853515625,0.2856779096004103,0.2247767205689592,0.1689477222812189,24.31999969482422,0.2431999969482421,0.033175124726770824
2020-07-23,322.9599914550781,0.3131127483345785,0.2447159489738945,0.1950824027979438,26.07999992370605,0.2607999992370605,0.06079930839181591
2020-07-24,320.8800048828125,0.239168291339045,0.2394682528267295,0.2008766704523628,25.84000015258789,0.2584000015258789,0.06079930839181591
2020-07-27,323.2200012207031,0.210965678486213,0.2171951590931022,0.150015551413299,24.739999771118164,0.2473999977111816,0.033175124726770824
2020-07-28,321.1700134277344,0.2379784082139326,0.241543151615359,0.1735433059656684,25.440000534057617,0.2544000053405761,0.06079930839181591
2020-07-29,325.1199951171875,0.2036937439497322,0.210120972348961,0.1485654037845148,24.100000381469727,0.2410000038146972,0.033175124726770824
2020-07-30,323.9599914550781,0.2061446777072403,0.2074698359938135,0.1451607769382014,24.76000022888184,0.2476000022888183,0.033175124726770824
2020-07-31,326.5199890136719,0.2067582114186105,0.2111134975838413,0.1459126442325129,24.459999084472656,0.2445999908447265,0.033175124726770824
2020-08-03,328.7900085449219,0.2041673969154924,0.2058613562174593,0.1441425770175471,24.280000686645508,0.2428000068664551,0.033175124726770824
2020-08-04,330.0599975585937,0.2042995498716709,0.2035572667492717,0.1446423023593439,23.76000022888184,0.2376000022888183,0.033175124726770824
2020-08-05,332.1099853515625,0.2042112008351624,0.2005092512910597,0.1437552803409113,22.989999771118164,0.2298999977111816,0.033175124726770824
2020-08-06,334.3299865722656,0.1820292800200663,0.1954687152130421,0.1437552803409113,22.649999618530277,0.2264999961853027,0.033175124726770824
2020-08-07,334.57000732421875,0.1806462324046208,0.1925452527633419,0.1456545894992365,22.209999084472656,0.2220999908447265,0.033175124726770824
2020-08-10,335.57000732421875,0.1559410302128496,0.1903840153483424,0.1454952400577082,22.1299991607666,0.221299991607666,0.033175124726770824
2020-08-11,332.79998779296875,0.1514071708924923,0.1854639175076394,0.1454952400577082,24.030000686645508,0.240300006866455,0.033175124726770824
2020-08-12,337.44000244140625,0.1526366840939757,0.1814119966256418,0.1505244415652765,22.280000686645508,0.222800006866455,0.033175124726770824
2020-08-13,336.8299865722656,0.1565358372866476,0.1846880463872148,0.1458729332339777,22.1299991607666,0.221299991607666,0.033175124726770824
2020-08-14,336.8399963378906,0.157013990186241,0.1949128120855581,0.1470267170321955,22.049999237060547,0.2204999923706054,0.033175124726770824
2020-08-17,337.9100036621094,0.150953524004203,0.1901584623923644,0.1451274078738703,21.350000381469727,0.2135000038146972,0.033175124726770824
2020-08-18,338.6400146484375,0.1446646479779961,0.1853103396573599,0.1458729332339777,21.51000022888184,0.2151000022888183,0.033175124726770824
2020-08-19,337.2300109863281,0.1435894271953195,0.1813714585531007,0.1495239132297053,22.540000915527344,0.2254000091552734,0.033175124726770824
2020-08-20,338.2799987792969,0.1426673757369616,0.1774318349705251,0.1495010059726252,22.71999931335449,0.2271999931335449,0.033175124726770824
2020-08-21,339.4800109863281,0.1401265040156819,0.1759934405969861,0.1451340359103693,22.540000915527344,0.2254000091552734,0.033175124726770824
2020-08-24,342.9200134277344,0.1348877260836563,0.1729182747211385,0.1487783878695978,22.3700008392334,0.2237000083923339,0.033175124726770824
2020-08-25,344.1199951171875,0.1326573153777939,0.170320006267122,0.1451340359103693,22.030000686645508,0.220300006866455,0.033175124726770824
2020-08-26,347.57000732421875,0.1306361323914213,0.1755527651831316,0.1487783878695978,23.270000457763672,0.2327000045776367,0.033175124726770824
2020-08-27,348.3299865722656,0.1316143734362372,0.1726714377554109,0.1487783878695978,24.46999931335449,0.2446999931335449,0.033175124726770824
2020-08-28,350.5799865722656,0.1316282074282426,0.1773565911318297,0.1586876362216486,22.959999084472656,0.2295999908447265,0.033175124726770824
2020-08-31,349.3099975585937,0.1586371016024151,0.2014677197459797,0.1797396236383979,26.40999984741211,0.2640999984741211,0.06079930839181591
2020-09-01,352.6000061035156,0.1603880915142094,0.2011099116394795,0.1865570407831733,26.1200008392334,0.261200008392334,0.06079930839181591
2020-09-02,357.70001220703125,0.1620373559033364,0.1996007119629684,0.1863655429804389,26.56999969482422,0.2656999969482422,0.06079930839181591
2020-09-03,345.3900146484375,0.1575064267644135,0.2035014304099273,0.1863655429804389,33.599998474121094,0.3359999847412109,0.06079930839181591
2020-09-04,342.57000732421875,0.2076745159006154,0.2175148614021313,0.1943857532465522,30.75,0.3075,0.06079930839181591
2020-09-08,333.2099914550781,0.2102461964620652,0.3004460243326097,0.1928559642756049,31.459999084472656,0.3145999908447265,0.06079930839181591
2020-09-09,339.7900085449219,0.2325724746085025,0.2945673191255364,0.1986745124781196,28.809999465942383,0.2880999946594238,0.06079930839181591
2020-09-10,333.8900146484375,0.2380523871118181,0.328566319446555,0.1980244976008003,29.709999084472656,0.2970999908447265,0.06079930839181591
2020-09-11,334.0599975585937,0.2462355656108382,0.3333575821212904,0.1986745124781196,26.8700008392334,0.268700008392334,0.06079930839181591
2020-09-14,338.4599914550781,0.245061311996276,0.3361776414892066,0.1881989246332709,25.850000381469727,0.2585000038146973,0.06079930839181591
2020-09-15,340.1700134277344,0.247781946131978,0.3220528795008297,0.19074217376352,25.59000015258789,0.2559000015258789,0.06079930839181591
2020-09-16,338.82000732421875,0.2479772487473954,0.3169241343417529,0.1882683998072211,26.040000915527344,0.2604000091552734,0.06079930839181591
2020-09-17,335.8399963378906,0.2478586258530678,0.3050928861306354,0.1892346721613471,26.459999084472656,0.2645999908447266,0.06079930839181591
2020-09-18,330.6499938964844,0.2489799833928072,0.2945106374153493,0.1877833419764106,25.82999992370605,0.2582999992370605,0.06079930839181591
2020-09-21,326.9700012207031,0.2545868120447274,0.2890675368263682,0.1913936477625434,27.780000686645508,0.277800006866455,0.06079930839181591
2020-09-22,330.29998779296875,0.2568470075584625,0.2943800815178745,0.1913936477625434,26.86000061035156,0.2686000061035156,0.06079930839181591
2020-09-23,322.6400146484375,0.2581111333869207,0.2918001553520432,0.1882683998072211,28.57999992370605,0.2857999992370605,0.06079930839181591
2020-09-24,323.5,0.2646496914975569,0.2865803168758977,0.2171840530359809,28.51000022888184,0.2851000022888184,0.06079930839181591
2020-09-25,328.7300109863281,0.2650235836257688,0.3101351732038171,0.1880875640833442,26.3799991607666,0.263799991607666,0.06079930839181591
2020-09-28,334.19000244140625,0.2713796636014095,0.298206293217555,0.2148703151667182,26.190000534057617,0.2619000053405761,0.06079930839181591
2020-09-29,332.3699951171875,0.2772296022841694,0.3004450480843106,0.2195628696405952,26.270000457763672,0.2627000045776367,0.06079930839181591
2020-09-30,334.8900146484375,0.2775899609141935,0.3029895911851687,0.2211708408320014,26.3700008392334,0.263700008392334,0.06079930839181591
2020-10-01,337.0400085449219,0.2786256947093125,0.2934947168382061,0.2087179714167182,26.700000762939453,0.2670000076293945,0.06079930839181591
2020-10-02,333.8399963378906,0.2792959867238473,0.2852081353257331,0.2159393650019233,27.6299991607666,0.276299991607666,0.06079930839181591
2020-10-05,339.760009765625,0.2807176942508557,0.2768035189062919,0.2122068935358588,27.959999084472656,0.2795999908447266,0.06079930839181591
2020-10-06,334.92999267578125,0.2850548119419893,0.2740304996227545,0.2160314422571723,29.479999542236328,0.2947999954223633,0.06079930839181591
2020-10-07,340.760009765625,0.2884502503279907,0.2824460424106103,0.2163297897303168,28.059999465942383,0.2805999946594238,0.06079930839181591
2020-10-08,343.7799987792969,0.2925651675230313,0.2864457024456687,0.2133144622767036,26.36000061035156,0.2636000061035156,0.06079930839181591
2020-10-09,346.8500061035156,0.294125313182922,0.292316235126299,0.2218355136835639,25.0,0.25,0.06079930839181591
2020-10-12,352.42999267578125,0.2948878330824142,0.2852799634869998,0.2171598010981147,25.06999969482422,0.2506999969482422,0.06079930839181591
2020-10-13,350.1300048828125,0.2995088456838528,0.2790801103486185,0.2171598010981147,26.06999969482422,0.2606999969482422,0.06079930839181591
2020-10-14,347.92999267578125,0.2986781369961672,0.2835123985240738,0.2198042922937934,26.399999618530277,0.2639999961853027,0.06079930839181591
2020-10-15,347.5,0.2950326366675815,0.2765950220746792,0.220175128551728,26.96999931335449,0.2696999931335449,0.06079930839181591
2020-10-16,347.2900085449219,0.2707222542155538,0.2700600934626002,0.2105338817560737,27.40999984741211,0.2740999984741211,0.06079930839181591
2020-10-19,342.010009765625,0.2691726089587998,0.2610634583803205,0.2044488292658393,29.18000030517578,0.2918000030517578,0.06079930839181591
2020-10-20,343.3800048828125,0.256941769625217,0.252811133404327,0.2174693923914497,29.350000381469727,0.2935000038146972,0.06079930839181591
2020-10-21,342.7300109863281,0.2488172540027916,0.2629186626892758,0.1832901054346626,28.649999618530277,0.2864999961853027,0.06079930839181591
2020-10-22,344.6099853515625,0.2409216991415237,0.2549394181480455,0.1843666511499946,28.11000061035156,0.2811000061035156,0.06079930839181591
2020-10-23,345.7799987792969,0.2414175602074414,0.2474039542875256,0.1843666511499946,27.549999237060547,0.2754999923706054,0.06079930839181591
2020-10-26,339.3900146484375,0.2378396137733527,0.241605887760571,0.1840597587549751,32.459999084472656,0.3245999908447265,0.06079930839181591
2020-10-27,338.2200012207031,0.2462352228307316,0.2354207007420821,0.1970811992609565,33.349998474121094,0.3334999847412109,0.06079930839181591
2020-10-28,326.6600036621094,0.2461426537889356,0.2567484077729848,0.1944284397089545,40.27999877929688,0.4027999877929687,0.06079930839181591
2020-10-29,329.9800109863281,0.2712681395751478,0.2506798963232386,0.2236184841120307,37.59000015258789,0.3759000015258789,0.06079930839181591
2020-10-30,326.5400085449219,0.2688172662342146,0.3202671858627343,0.2197427421534125,38.02000045776367,0.3802000045776367,0.06079930839181591
2020-11-02,330.20001220703125,0.2684848087619139,0.3120506930107343,0.2279962688410346,37.130001068115234,0.3713000106811523,0.06079930839181591
2020-11-03,336.0299987792969,0.2689526622472344,0.3067421804420155,0.220048757168061,35.54999923706055,0.3554999923706055,0.06079930839181591
2020-11-04,343.5400085449219,0.2623345546908252,0.3010559123324403,0.2225920253717963,29.56999969482422,0.2956999969482421,0.06079930839181591
2020-11-05,350.239990234375,0.2713738610144354,0.3057533688100057,0.2046038680994575,27.57999992370605,0.2757999992370605,0.06079930839181591
2020-11-06,350.1600036621094,0.2458625947547972,0.2914254503937575,0.1813734310519709,24.86000061035156,0.2486000061035156,0.033175124726770824
2020-11-09,354.5599975585937,0.2690960726297362,0.3243753793000215,0.2042504650080268,25.75,0.2575,0.06079930839181591
2020-11-10,354.0400085449219,0.2426507518047863,0.2835205140765068,0.1765725582492365,24.799999237060547,0.2479999923706054,0.033175124726770824
2020-11-11,356.6700134277344,0.2422746262712507,0.2787885751634248,0.1765725582492365,23.450000762939453,0.2345000076293945,0.033175124726770824
2020-11-12,353.2099914550781,0.2701664383684224,0.2947695864107731,0.2042504650080268,25.350000381469727,0.2535000038146973,0.06079930839181591
2020-11-13,358.1000061035156,0.2425923801726233,0.2586598039183021,0.1798952930820002,23.100000381469727,0.2310000038146972,0.033175124726770824
2020-11-16,362.5700073242188,0.2403126858695594,0.2550856015648148,0.176207072104217,22.450000762939453,0.2245000076293945,0.033175124726770824
2020-11-17,360.6199951171875,0.2365287814669112,0.2553643075390991,0.1772319763553156,22.709999084472656,0.2270999908447265,0.033175124726770824
2020-11-18,356.2799987792969,0.2329004425190522,0.2535340121288217,0.1592467754733576,23.84000015258789,0.2384000015258789,0.033175124726770824
2020-11-19,357.7799987792969,0.2359275875070758,0.245947798421161,0.1597623508822931,23.11000061035156,0.2311000061035156,0.033175124726770824
2020-11-20,355.3299865722656,0.2348017535565727,0.247120202492192,0.1553569477450861,23.700000762939453,0.2370000076293945,0.033175124726770824
2020-11-23,357.4599914550781,0.2308217597651435,0.238297702861916,0.159507099951507,22.65999984741211,0.2265999984741211,0.033175124726770824
2020-11-24,363.2200012207031,0.2303742796204676,0.2333421882208823,0.1553569477450861,21.63999938964844,0.2163999938964843,0.033175124726770824
2020-11-25,362.6600036621094,0.2341439810455579,0.226835598983917,0.1553569477450861,21.25,0.2125,0.033175124726770824
2020-11-27,363.6700134277344,0.2341833037123914,0.2348271225577996,0.1531760757815851,20.84000015258789,0.2084000015258789,0.033175124726770824
2020-11-30,362.05999755859375,0.2341162334416601,0.226555909261765,0.1531760757815851,20.56999969482422,0.2056999969482421,0.033175124726770824
2020-12-01,366.0199890136719,0.2283536998580503,0.2188684982026272,0.1545319717776789,20.770000457763672,0.2077000045776367,0.033175124726770824
2020-12-02,366.7900085449219,0.2300447665458168,0.2135815714531106,0.1646109360110773,21.170000076293945,0.2117000007629394,0.033175124726770824
2020-12-03,366.6900024414063,0.2296485428375101,0.2143541694415479,0.1573895424258722,21.280000686645508,0.2128000068664551,0.033175124726770824
2020-12-04,369.8500061035156,0.2295542895947479,0.2075110932569437,0.1573895424258722,20.790000915527344,0.2079000091552734,0.033175124726770824
2020-12-07,369.0899963378906,0.2304451766746802,0.2012034099893989,0.1547016876590266,21.299999237060547,0.2129999923706054,0.033175124726770824
2020-12-08,370.1700134277344,0.2203772297682204,0.2002876226024275,0.1547016876590266,20.68000030517578,0.2068000030517578,0.033175124726770824
2020-12-09,366.8500061035156,0.2193730548312089,0.1951816345561325,0.1547016876590266,22.270000457763672,0.2227000045776367,0.033175124726770824
2020-12-10,366.7300109863281,0.1844016171570317,0.1902557072158064,0.1611742084872736,22.520000457763672,0.2252000045776367,0.033175124726770824
2020-12-11,366.2999877929688,0.1837347641983662,0.1935838413905997,0.1570240562808527,23.309999465942383,0.2330999946594238,0.033175124726770824
2020-12-14,364.6600036621094,0.1782818361482421,0.1885199700160991,0.1570240562808527,24.71999931335449,0.2471999931335449,0.033175124726770824
2020-12-15,369.5899963378906,0.178633349565234,0.1841286552219763,0.158855883444549,22.88999938964844,0.2288999938964843,0.033175124726770824
2020-12-16,370.1700134277344,0.1755492796873979,0.1823435853292057,0.1580489605319514,22.5,0.225,0.033175124726770824
2020-12-17,372.239990234375,0.1634799552235897,0.192249046594451,0.164451586569549,21.93000030517578,0.2193000030517578,0.033175124726770824
2020-12-18,369.1799926757813,0.1535109978436034,0.1872416090507267,0.164451586569549,21.56999969482422,0.2156999969482421,0.033175124726770824
2020-12-21,367.8599853515625,0.1848553690687747,0.2123351691400401,0.1874616962397163,25.15999984741211,0.251599998474121,0.06079930839181591
2020-12-22,367.239990234375,0.1537422835127323,0.1875130169202814,0.157131029928924,24.229999542236328,0.2422999954223632,0.033175124726770824
2020-12-23,367.5700073242188,0.1537887734060996,0.1845717469602774,0.1548359173190607,23.309999465942383,0.2330999946594238,0.033175124726770824
2020-12-24,369.0,0.152325076569304,0.1807767811264435,0.1548359173190607,21.530000686645508,0.2153000068664551,0.033175124726770824
2020-12-28,372.1700134277344,0.1479150946429512,0.1767799129314051,0.1548359173190607,21.700000762939453,0.2170000076293945,0.033175124726770824
2020-12-29,371.4599914550781,0.1438794970007083,0.1740428831657414,0.1545423382174982,23.07999992370605,0.2307999992370605,0.033175124726770824
2020-12-30,371.989990234375,0.1389230045884961,0.1764214775941073,0.1530921905887141,22.770000457763672,0.2277000045776367,0.033175124726770824
2020-12-31,373.8800048828125,0.1372059027249222,0.1735335655121166,0.1530921905887141,22.75,0.2275,0.033175124726770824
2021-01-04,368.7900085449219,0.1573542515432427,0.197928570518361,0.1777013259851997,26.96999931335449,0.2696999931335449,0.06079930839181591
2021-01-05,371.3299865722656,0.167060797670604,0.1968153751896142,0.1835677391016547,25.34000015258789,0.2534000015258789,0.06079930839181591
2021-01-06,373.5499877929688,0.165554348857651,0.2135141461909397,0.1794450527155464,25.06999969482422,0.2506999969482422,0.06079930839181591
2021-01-07,379.1000061035156,0.1378703881863662,0.1846363873023926,0.1532172935855402,22.3700008392334,0.2237000083923339,0.033175124726770824
2021-01-08,381.260009765625,0.1363856655790052,0.1828067444626198,0.1532172935855402,21.559999465942383,0.2155999946594238,0.033175124726770824
2021-01-11,378.6900024414063,0.1366806605134838,0.1954784321315386,0.1532172935855402,24.07999992370605,0.2407999992370605,0.033175124726770824
2021-01-12,378.7699890136719,0.139585798996435,0.1921598770025316,0.1542876022708429,23.32999992370605,0.2332999992370605,0.033175124726770824
2021-01-13,379.7900085449219,0.1381662631376153,0.1919271866998164,0.1501649158847346,22.209999084472656,0.2220999908447265,0.033175124726770824
2021-01-14,378.4599914550781,0.1343293579484555,0.1869075246672259,0.1516150635135187,23.25,0.2325,0.033175124726770824
2021-01-15,375.7000122070313,0.1352628991363327,0.182640535428047,0.151634842718841,24.34000015258789,0.2434000015258789,0.033175124726770824
2021-01-19,378.6499938964844,0.1381735653353333,0.1801291204966245,0.1558898323428644,23.239999771118164,0.2323999977111816,0.033175124726770824
2021-01-20,383.8900146484375,0.1376925004350577,0.1821561585988543,0.151767145956756,21.57999992370605,0.2157999992370605,0.033175124726770824
2021-01-21,384.239990234375,0.1439769927986451,0.1825868146043713,0.151767145956756,21.31999969482422,0.2131999969482421,0.033175124726770824
2021-01-22,382.8800048828125,0.1438797384721749,0.192997943123615,0.151767145956756,21.90999984741211,0.2190999984741211,0.033175124726770824
2021-01-25,384.3900146484375,0.1404259692987828,0.1878524279977084,0.1532370727908625,23.190000534057617,0.2319000053405761,0.033175124726770824
2021-01-26,383.7900085449219,0.1405175307390073,0.1848251945354124,0.1500234192264093,23.020000457763672,0.2302000045776367,0.033175124726770824
2021-01-27,374.4100036621094,0.168292597993575,0.2089963664424164,0.1753264480555122,37.209999084472656,0.3720999908447265,0.06079930839181591
2021-01-28,377.6300048828125,0.1924926073688,0.2059336808347348,0.1864301448786323,30.209999084472656,0.3020999908447265,0.06079930839181591
2021-01-29,370.0700073242188,0.1890663999134069,0.2541415056067757,0.1821851116144721,33.09000015258789,0.3309000015258789,0.06079930839181591
2021-02-01,376.2300109863281,0.2031181135613761,0.2509869903189354,0.1938947921717231,30.239999771118164,0.3023999977111816,0.06079930839181591
2021-02-02,381.5499877929688,0.2104398574577401,0.2735359341005426,0.1823873954737251,25.559999465942383,0.2555999946594238,0.06079930839181591
2021-02-03,381.8500061035156,0.1856062957535898,0.2522397481841832,0.1572527378451838,22.90999984741211,0.2290999984741211,0.033175124726770824
2021-02-04,386.1900024414063,0.1849320033804314,0.2531268384831915,0.1547789638888849,21.770000457763672,0.2177000045776367,0.033175124726770824
2021-02-05,387.7099914550781,0.1874493689673107,0.2431007677643649,0.1573202103030695,20.8700008392334,0.208700008392334,0.033175124726770824
2021-02-08,390.510009765625,0.1875599377051359,0.2410115212386059,0.1498829048526301,21.239999771118164,0.2123999977111816,0.033175124726770824
2021-02-09,390.25,0.1882616877963351,0.2325382585720116,0.1498829048526301,21.6299991607666,0.216299991607666,0.033175124726770824
2021-02-10,390.0799865722656,0.1871077639053225,0.2269175183226648,0.1503491371524347,21.989999771118164,0.2198999977111816,0.033175124726770824
2021-02-11,390.7099914550781,0.1868634557612712,0.2190610978839838,0.1478078907382502,21.25,0.2125,0.033175124726770824
2021-02-12,392.6400146484375,0.1868615845464552,0.2118218416799108,0.1503491371524347,19.96999931335449,0.1996999931335449,0.033175124726770824
2021-02-16,392.2999877929688,0.1868344133074931,0.2051352959848022,0.1503491371524347,21.459999084472656,0.2145999908447265,0.033175124726770824
2021-02-17,392.3900146484375,0.1797569884629657,0.2003452512527706,0.1503491371524347,21.5,0.215,0.033175124726770824
2021-02-18,390.7200012207031,0.1791326778156547,0.194831875327311,0.1501897877109064,22.489999771118164,0.2248999977111816,0.033175124726770824
2021-02-19,390.0299987792969,0.1796851238195957,0.189593676785789,0.1524344890964045,22.049999237060547,0.2204999923706054,0.033175124726770824
2021-02-22,387.0299987792969,0.1742861403102792,0.1870454420032955,0.1476485412967219,23.450000762939453,0.2345000076293945,0.033175124726770824
2021-02-23,387.5,0.1757897566929911,0.1830521781857516,0.1536309879672541,23.11000061035156,0.2311000061035156,0.033175124726770824
2021-02-24,391.7699890136719,0.1740528409895972,0.1853654045906692,0.1487335270297541,21.34000015258789,0.2134000015258789,0.033175124726770824
2021-02-25,382.3299865722656,0.2048579991032647,0.2086501139741166,0.1769900756800239,28.88999938964844,0.2888999938964843,0.06079930839181591
2021-02-26,380.3599853515625,0.2232236007784403,0.2143338436531756,0.182747092815644,27.950000762939453,0.2795000076293945,0.06079930839181591
2021-03-01,389.5799865722656,0.1959620493842078,0.2309899342665062,0.1568713920962824,23.350000381469727,0.2335000038146972,0.033175124726770824
2021-03-02,386.5400085449219,0.2086125251229056,0.2256817191919491,0.1547789638888849,24.100000381469727,0.2410000038146972,0.033175124726770824
2021-03-03,381.4200134277344,0.2370813378844374,0.2811007307917068,0.1870104175531928,26.670000076293945,0.2667000007629394,0.06079930839181591
2021-03-04,376.7000122070313,0.237135907441599,0.2758621142258995,0.1946327835047309,28.56999969482422,0.2856999969482421,0.06079930839181591
2021-03-05,383.6300048828125,0.2130481573915797,0.2512724455485802,0.167298790777923,24.65999984741211,0.2465999984741211,0.033175124726770824
2021-03-08,381.7200012207031,0.2488737503658535,0.2803150638524494,0.1900792365992133,25.46999931335449,0.2546999931335449,0.06079930839181591
2021-03-09,387.1700134277344,0.2213842000623637,0.2612968068672621,0.1646460312259211,24.030000686645508,0.240300006866455,0.033175124726770824
2021-03-10,389.5799865722656,0.2260486082656088,0.2527608995195122,0.162401329840423,22.559999465942383,0.2255999946594238,0.033175124726770824
2021-03-11,393.5299987792969,0.2108608783682194,0.2539052380348569,0.1525051372897639,21.90999984741211,0.2190999984741211,0.033175124726770824
2021-03-12,394.05999755859375,0.2114720399748842,0.2456653047142956,0.1516329162967219,20.690000534057617,0.2069000053405761,0.033175124726770824
2021-03-15,396.4100036621094,0.1987961853119517,0.2417805012018549,0.1528706234347834,20.030000686645508,0.200300006866455,0.033175124726770824
2021-03-16,395.9100036621094,0.1934046261759099,0.2326090342395077,0.1549162453067316,19.790000915527344,0.1979000091552734,0.033175124726770824
2021-03-17,397.260009765625,0.1891799198317001,0.2260052439129972,0.1543207710635676,19.229999542236328,0.1922999954223632,0.033175124726770824
2021-03-18,391.4800109863281,0.1892970315969445,0.218389276285273,0.1600920170199885,21.57999992370605,0.2157999992370605,0.033175124726770824
2021-03-19,389.4800109863281,0.1931305919472027,0.2117262240869974,0.1577094906222834,20.950000762939453,0.2095000076293945,0.033175124726770824
2021-03-22,392.5899963378906,0.193593141650584,0.2226775311830124,0.1547498386752619,18.8799991607666,0.188799991607666,0.033175124726770824
2021-03-23,389.5,0.1939073121575454,0.2175967205234777,0.1525051372897639,20.299999237060547,0.2029999923706054,0.033175124726770824
2021-03-24,387.5199890136719,0.1956566011805378,0.2142219787659866,0.167298790777923,21.200000762939453,0.2120000076293945,0.033175124726770824
2021-03-25,389.7000122070313,0.196331201136474,0.2129848108762996,0.1646460312259211,19.809999465942383,0.1980999946594238,0.033175124726770824
2021-03-26,395.9800109863281,0.1971598301153571,0.2088073535400691,0.1525051372897639,18.86000061035156,0.1886000061035156,0.033175124726770824
2021-03-29,395.7799987792969,0.2033271451307965,0.2042572202664638,0.1525051372897639,20.739999771118164,0.2073999977111816,0.033175124726770824
2021-03-30,394.7300109863281,0.203308351162576,0.2159163241312841,0.1525051372897639,19.61000061035156,0.1961000061035156,0.033175124726770824
2021-03-31,396.3299865722656,0.203532291162237,0.208963596445133,0.1501827686679377,19.399999618530277,0.1939999961853027,0.033175124726770824
2021-04-01,400.6099853515625,0.203331039158097,0.2034101397300575,0.1501827686679377,17.329999923706055,0.1732999992370605,0.033175124726770824
2021-04-05,406.3599853515625,0.2058127957564539,0.198271624120687,0.1501827686679377,17.90999984741211,0.179099998474121,0.033175124726770824
2021-04-06,406.1199951171875,0.2080462945521419,0.2008451503658768,0.1501827686679377,18.1200008392334,0.181200008392334,0.033175124726770824
2021-04-07,406.5899963378906,0.2081704712024453,0.2093462978716279,0.1516329162967219,17.15999984741211,0.1715999984741211,0.033175124726770824
2021-04-08,408.5199890136719,0.205832258655572,0.2029757369602882,0.1516329162967219,16.950000762939453,0.1695000076293945,0.033175124726770824
2021-04-09,411.489990234375,0.1872061711841381,0.1970168312426385,0.1501827686679377,16.690000534057617,0.1669000053405761,0.033175124726770824
2021-04-12,411.6400146484375,0.1861444344703603,0.1928666963976594,0.1516329162967219,16.90999984741211,0.1690999984741211,0.033175124726770824
2021-04-13,412.8599853515625,0.1718058701796613,0.1913464699122196,0.1516329162967219,16.649999618530273,0.1664999961853027,0.033175124726770824
2021-04-14,411.4500122070313,0.1686010543892244,0.1864364569232521,0.1541614216220392,16.989999771118164,0.1698999977111816,0.033175124726770824
2021-04-15,415.8699951171875,0.1612776931626006,0.1823704695049638,0.1558750027072443,16.56999969482422,0.1656999969482422,0.033175124726770824
2021-04-16,417.260009765625,0.1547832664059503,0.1798640387397765,0.1547568958652033,16.25,0.1625,0.033175124726770824
2021-04-19,415.2099914550781,0.1460665300044853,0.184839141962316,0.1547568958652033,17.290000915527344,0.1729000091552734,0.033175124726770824
2021-04-20,412.1700134277344,0.1460251737182427,0.1810712900794812,0.1551002281558527,18.68000030517578,0.1868000030517578,0.033175124726770824
2021-04-21,416.0700073242188,0.1444958498552458,0.1800556889140575,0.1576468723666682,17.5,0.175,0.033175124726770824
2021-04-22,412.2699890136719,0.1459397422383397,0.1821858082711853,0.1611750095736994,18.709999084472656,0.1870999908447265,0.033175124726770824
2021-04-23,416.739990234375,0.1481912840692605,0.1847630352287627,0.1642727917087092,17.329999923706055,0.1732999992370605,0.033175124726770824
2021-04-26,417.6099853515625,0.151321500686034,0.1891496335646381,0.1611750095736994,17.639999389648438,0.1763999938964843,0.033175124726770824
2021-04-27,417.5199890136719,0.1506870680501809,0.1929074510457074,0.1611750095736994,17.559999465942383,0.1755999946594238,0.033175124726770824
2021-04-28,417.3999938964844,0.1504823140473828,0.1879568483873252,0.1592324894320978,17.280000686645508,0.172800006866455,0.033175124726770824
2021-04-29,420.05999755859375,0.1505419280108075,0.1834108979294252,0.1592324894320978,17.610000610351562,0.1761000061035156,0.033175124726770824
2021-04-30,417.2999877929688,0.1400586712680519,0.1792941757029604,0.1600990360629572,18.61000061035156,0.1861000061035156,0.033175124726770824
2021-05-03,418.2000122070313,0.1410761139482839,0.1783030475239903,0.1559754246127619,18.309999465942383,0.1830999946594238,0.033175124726770824
2021-05-04,415.6199951171875,0.1397262490906164,0.1795878402119156,0.1528776424777521,19.479999542236328,0.1947999954223633,0.033175124726770824
2021-05-05,415.75,0.1383790816759972,0.1758839773914056,0.1553974598300471,19.149999618530277,0.1914999961853027,0.033175124726770824
2021-05-06,419.0700073242188,0.136171362349647,0.1769364871514647,0.1512747734439387,18.38999938964844,0.1838999938964843,0.033175124726770824
2021-05-07,422.1199951171875,0.1370513283223431,0.1733436812600352,0.1512747734439387,16.690000534057617,0.1669000053405761,0.033175124726770824
2021-05-10,417.9400024414063,0.129790198852325,0.1749475804305495,0.1528776424777521,19.65999984741211,0.1965999984741211,0.033175124726770824
2021-05-11,414.2099914550781,0.1359854757345493,0.1754970905140682,0.1553974598300471,21.84000015258789,0.2184000015258789,0.033175124726770824
2021-05-12,405.4100036621094,0.1677655730770219,0.2103221428147775,0.1805341201746528,27.59000015258789,0.2759000015258789,0.06079930839181591
2021-05-13,410.2799987792969,0.1596349208489031,0.1873833106955001,0.1659083717715754,23.1299991607666,0.231299991607666,0.033175124726770824
2021-05-14,416.5799865722656,0.1605312625871282,0.2218971975973205,0.1616633385074152,18.809999465942383,0.1880999946594238,0.033175124726770824
2021-05-17,415.5199890136719,0.1614976244672651,0.223458573420677,0.1616633385074152,19.71999931335449,0.1971999931335449,0.033175124726770824
2021-05-18,411.9400024414063,0.1618253910729684,0.2303096309835649,0.1616633385074152,21.34000015258789,0.2134000015258789,0.033175124726770824
2021-05-19,410.8599853515625,0.164787670694375,0.2228501966241288,0.1659083717715754,22.18000030517578,0.2218000030517578,0.033175124726770824
2021-05-20,415.2799987792969,0.1644192075113311,0.2215428597790213,0.151767145956756,20.670000076293945,0.2067000007629394,0.033175124726770824
2021-05-21,414.9400024414063,0.1664683084792655,0.2148916705558885,0.151767145956756,20.149999618530277,0.2014999961853027,0.033175124726770824
2021-05-24,419.1700134277344,0.1665100812770817,0.2151752672971085,0.1487335270297541,18.399999618530277,0.1839999961853027,0.033175124726770824
2021-05-25,418.239990234375,0.1694591065007197,0.2083823516428419,0.1487335270297541,18.84000015258789,0.1884000015258789,0.033175124726770824
2021-05-26,419.0700073242188,0.1691923484391366,0.2086639661673495,0.1476485412967219,17.360000610351562,0.1736000061035156,0.033175124726770824
2021-05-27,419.2900085449219,0.1657412811452784,0.2029033237184462,0.1476485412967219,16.739999771118164,0.1673999977111816,0.033175124726770824
2021-05-28,420.0400085449219,0.1654135977337621,0.1970523534845998,0.1476485412967219,16.760000228881836,0.1676000022888183,0.033175124726770824
2021-06-01,419.6700134277344,0.1645651271146826,0.1916233281882278,0.1476485412967219,17.899999618530273,0.1789999961853027,0.033175124726770824
2021-06-02,420.3299865722656,0.1625008247718369,0.1867650933561969,0.1476485412967219,17.479999542236328,0.1747999954223632,0.033175124726770824
2021-06-03,418.7699890136719,0.1597379485553662,0.182525758037613,0.1476485412967219,18.040000915527344,0.1804000091552734,0.033175124726770824
2021-06-04,422.6000061035156,0.1570358765805064,0.1784652337952914,0.1492408150088801,16.420000076293945,0.1642000007629394,0.033175124726770824
2021-06-07,422.1900024414063,0.155879552841237,0.1766116462910811,0.1476485412967219,16.420000076293945,0.1642000007629394,0.033175124726770824
2021-06-08,422.2799987792969,0.1558507405273363,0.1794697344871607,0.1476485412967219,17.06999969482422,0.1706999969482422,0.033175124726770824
2021-06-09,421.6499938964844,0.1558386466858897,0.1759554469088407,0.1476485412967219,17.889999389648438,0.1788999938964843,0.033175124726770824
2021-06-10,423.6099853515625,0.1559500323496035,0.1725179429080138,0.1476485412967219,16.100000381469727,0.1610000038146972,0.033175124726770824
2021-06-11,424.30999755859375,0.1552979705031793,0.1698832002205314,0.1476485412967219,15.649999618530272,0.1564999961853027,0.033175124726770824
2021-06-14,425.260009765625,0.1535223533289453,0.1684833718092336,0.1476485412967219,16.389999389648438,0.1638999938964843,0.033175124726770824
2021-06-15,424.4800109863281,0.1535322799378702,0.1658371404222023,0.1476485412967219,17.020000457763672,0.1702000045776367,0.033175124726770824
2021-06-16,422.1099853515625,0.1520051009084988,0.1635845822983328,0.1476485412967219,18.149999618530277,0.1814999961853027,0.033175124726770824
2021-06-17,421.9700012207031,0.1534590405659073,0.1620321138551577,0.1517712276828303,17.75,0.1775,0.033175124726770824
2021-06-18,414.9200134277344,0.1513141765594579,0.1641796560048862,0.1476485412967219,20.700000762939453,0.2070000076293945,0.033175124726770824
2021-06-21,420.8599853515625,0.1595096838987744,0.1622523700039078,0.158752238119842,17.889999389648438,0.1788999938964843,0.033175124726770824
2021-06-22,423.1099853515625,0.1634207768455221,0.189595325576691,0.1545072048556818,16.65999984741211,0.1665999984741211,0.033175124726770824
2021-06-23,422.6000061035156,0.1611263515262989,0.1998662399747185,0.1545072048556818,16.31999969482422,0.1631999969482422,0.033175124726770824
2021-06-24,425.1000061035156,0.1419936617211163,0.1958097863725133,0.1492867248904719,15.970000267028809,0.159700002670288,0.033175124726770824
2021-06-25,426.6099853515625,0.1381329572507217,0.1908053904602989,0.1492867248904719,15.619999885559082,0.1561999988555908,0.033175124726770824
2021-06-28,427.4700012207031,0.1293801021034746,0.1881567673546903,0.1476485412967219,15.760000228881836,0.1576000022888183,0.033175124726770824
2021-06-29,427.7000122070313,0.1288815094888655,0.1841767486790809,0.1476485412967219,16.020000457763672,0.1602000045776367,0.033175124726770824
2021-06-30,428.05999755859375,0.1242848133430621,0.1800426235351601,0.1476485412967219,15.829999923706056,0.1582999992370605,0.033175124726770824
2021-07-01,430.4299926757813,0.1235127734057491,0.1761792384293009,0.1476485412967219,15.479999542236328,0.1547999954223632,0.033175124726770824
2021-07-02,433.7200012207031,0.1199428874410903,0.1726761169526272,0.1476485412967219,15.06999969482422,0.1506999969482421,0.033175124726770824
2021-07-06,432.9299926757813,0.12168842203079,0.1716734907293718,0.1476485412967219,16.440000534057617,0.1644000053405761,0.033175124726770824
2021-07-07,434.4599914550781,0.1181654722829626,0.1730879951175105,0.1476485412967219,16.200000762939453,0.1620000076293945,0.033175124726770824
2021-07-08,430.9200134277344,0.1178243392219261,0.1705492071607977,0.1476485412967219,19.0,0.19,0.033175124726770824
2021-07-09,435.5199890136719,0.122281930451775,0.1683468046958664,0.1528562134158625,16.18000030517578,0.1618000030517578,0.033175124726770824
2021-07-12,437.0799865722656,0.1266923822549485,0.1735044051253804,0.1487335270297541,16.170000076293945,0.1617000007629394,0.033175124726770824
2021-07-13,435.5899963378906,0.1269227532028986,0.179259899274499,0.1487335270297541,17.1200008392334,0.1712000083923339,0.033175124726770824
2021-07-14,436.239990234375,0.1277638517827052,0.1761606718958402,0.1502034538638605,16.329999923706055,0.1632999992370605,0.033175124726770824
2021-07-15,434.75,0.1277619533173075,0.1743133891842111,0.1487335270297541,17.010000228881836,0.1701000022888183,0.033175124726770824
2021-07-16,431.3399963378906,0.1276247500951553,0.1710209823366767,0.1491184681308283,18.450000762939453,0.1845000076293945,0.033175124726770824
2021-07-19,424.9700012207031,0.1282432020307407,0.1697744627598781,0.1528562134158625,22.5,0.225,0.033175124726770824
2021-07-20,431.05999755859375,0.1387081658907063,0.1743681254892709,0.1586298912417902,19.729999542236328,0.1972999954223633,0.033175124726770824
2021-07-21,434.5499877929688,0.1464889574055324,0.1931150868862326,0.1492867248904719,17.90999984741211,0.179099998474121,0.033175124726770824
2021-07-22,435.4599914550781,0.1483035953447447,0.2027961768580911,0.1492867248904719,17.690000534057617,0.1769000053405761,0.033175124726770824
2021-07-23,439.9400024414063,0.1478313028419652,0.2010007274267104,0.1492867248904719,17.200000762939453,0.1720000076293945,0.033175124726770824
2021-07-26,441.0199890136719,0.1510486244386101,0.1954116023415323,0.1487335270297541,17.579999923706055,0.1757999992370605,0.033175124726770824
2021-07-27,439.010009765625,0.1510665905892813,0.1974194089120468,0.1476485412967219,19.36000061035156,0.1936000061035156,0.033175124726770824
2021-07-28,438.8299865722656,0.1519823531228937,0.1921657029954939,0.1491184681308283,18.309999465942383,0.1830999946594238,0.033175124726770824
2021-07-29,440.6499938964844,0.1502988098696305,0.1895991674337024,0.1455545681369318,17.700000762939453,0.1770000076293945,0.033175124726770824
2021-07-30,438.510009765625,0.15046590042641,0.1849607591980821,0.1455545681369318,18.239999771118164,0.1823999977111816,0.033175124726770824
2021-08-02,437.5899963378906,0.1382953062823091,0.1816201673803072,0.1470244949710383,19.459999084472656,0.1945999908447265,0.033175124726770824
2021-08-03,441.1499938964844,0.131914867326524,0.1804999249118671,0.1503312843692316,18.040000915527344,0.1804000091552734,0.033175124726770824
2021-08-04,438.9800109863281,0.1332499376298898,0.1773620664898117,0.1476485412967219,17.969999313354492,0.1796999931335449,0.033175124726770824
2021-08-05,441.760009765625,0.1347270158096034,0.1786661324203802,0.1492599647891535,17.280000686645508,0.172800006866455,0.033175124726770824
2021-08-06,442.489990234375,0.134902652929138,0.177944846171359,0.147790037955047,16.149999618530273,0.1614999961853027,0.033175124726770824
2021-08-09,442.1300048828125,0.1346836988508659,0.1770921058620746,0.1468442314517511,16.719999313354492,0.1671999931335449,0.033175124726770824
2021-08-10,442.6799926757813,0.1348368151192145,0.1735771285097215,0.1468442314517511,16.790000915527344,0.1679000091552734,0.033175124726770824
2021-08-11,443.7799987792969,0.1348190690573399,0.1705917934863794,0.1468442314517511,16.170000076293945,0.1617000007629394,0.033175124726770824
2021-08-12,445.1099853515625,0.1348838273380959,0.1676721105650896,0.1468442314517511,15.59000015258789,0.1559000015258789,0.033175124726770824
2021-08-13,445.9200134277344,0.1341978327050376,0.1653073122222369,0.1447502582919611,15.449999809265137,0.1544999980926513,0.033175124726770824
2021-08-16,446.9700012207031,0.132290969889362,0.163391397791926,0.1447502582919611,16.1200008392334,0.1612000083923339,0.033175124726770824
2021-08-17,444.0400085449219,0.1320010025208642,0.1612844418198443,0.1447502582919611,17.90999984741211,0.179099998474121,0.033175124726770824
2021-08-18,439.1799926757813,0.1342299428155411,0.1595356094337236,0.1488729446780695,21.56999969482422,0.2156999969482421,0.033175124726770824
2021-08-19,439.8599853515625,0.1367859314224111,0.1634908269353199,0.1498164337527766,21.670000076293945,0.2167000007629394,0.033175124726770824
2021-08-20,443.3599853515625,0.1322905811747028,0.1748449885045001,0.1456937473666681,18.559999465942383,0.1855999946594238,0.033175124726770824
2021-08-23,447.260009765625,0.1343743313879216,0.1715635637060022,0.1456937473666681,17.149999618530273,0.1714999961853027,0.033175124726770824
2021-08-24,447.9700012207031,0.1364837150101106,0.1734344289197026,0.1456937473666681,17.219999313354492,0.1721999931335449,0.033175124726770824
2021-08-25,448.9100036621094,0.1364888908564975,0.1761312109729406,0.1467186516177668,16.790000915527344,0.1679000091552734,0.033175124726770824
2021-08-26,446.260009765625,0.1356821797292779,0.1726652520028636,0.1447502582919611,18.84000015258789,0.1884000015258789,0.033175124726770824
2021-08-27,450.25,0.1342948904243435,0.169678200504785,0.1488729446780695,16.389999389648438,0.1638999938964843,0.033175124726770824
2021-08-30,452.2300109863281,0.1241135235249867,0.1712416110193507,0.1447502582919611,16.190000534057617,0.1619000053405761,0.033175124726770824
2021-08-31,451.55999755859375,0.1165099182566974,0.1744583572761341,0.1472915047061457,16.479999542236328,0.1647999954223633,0.033175124726770824
2021-09-01,451.7999877929688,0.1146322591578009,0.1723183751835644,0.1447502582919611,16.110000610351562,0.1611000061035156,0.033175124726770824
2021-09-02,453.1900024414063,0.1146297610567187,0.1696687077448918,0.1447502582919611,16.40999984741211,0.1640999984741211,0.033175124726770824
2021-09-03,453.0799865722656,0.1101507888582044,0.1667918590183365,0.1447502582919611,16.40999984741211,0.1640999984741211,0.033175124726770824
2021-09-07,451.4599914550781,0.1101105500917631,0.1647094529151028,0.1447502582919611,18.13999938964844,0.1813999938964843,0.033175124726770824
2021-09-08,450.9100036621094,0.1095294407663608,0.1624339705345687,0.1462201851260676,17.959999084472656,0.1795999908447265,0.033175124726770824
2021-09-09,448.9800109863281,0.1096974025711639,0.1622444223802743,0.1447502582919611,18.799999237060547,0.1879999923706054,0.033175124726770824
2021-09-10,445.4400024414063,0.1105508543302411,0.1605335594235713,0.1462201851260676,20.950000762939453,0.2095000076293945,0.033175124726770824
2021-09-13,446.5799865722656,0.1129869303623817,0.1613535393619717,0.1498164337527766,19.3700008392334,0.1937000083923339,0.033175124726770824
2021-09-14,444.1700134277344,0.1127803965249272,0.1669601010290466,0.1456937473666681,19.459999084472656,0.1945999908447265,0.033175124726770824
2021-09-15,447.8800048828125,0.1114292327681668,0.1646750870114171,0.149350325430633,18.18000030517578,0.1818000030517578,0.033175124726770824
2021-09-16,447.1700134277344,0.1132799386911955,0.166233029012879,0.1456937473666681,18.690000534057617,0.1869000053405761,0.033175124726770824
2021-09-17,441.3999938964844,0.1116606668757938,0.1692299453464028,0.1456937473666681,20.809999465942383,0.2080999946594238,0.033175124726770824
2021-09-20,434.0400085449219,0.1485832722194305,0.1949069263322372,0.1774943405115668,25.709999084472656,0.2570999908447265,0.06079930839181591
2021-09-21,433.6300048828125,0.1338226306391893,0.1828442917446867,0.1456229084384455,24.36000061035156,0.2436000061035156,0.033175124726770824
2021-09-22,437.8599853515625,0.1336614325795506,0.2043875424976018,0.1415002220523371,20.8700008392334,0.208700008392334,0.033175124726770824
2021-09-23,443.1799926757813,0.1378946183441475,0.1986138141851275,0.1415002220523371,18.6299991607666,0.186299991607666,0.033175124726770824
2021-09-24,443.9100036621094,0.1438444263801507,0.1995932588265521,0.1411951130282892,17.75,0.1775,0.033175124726770824
2021-09-27,442.6400146484375,0.1438180214089576,0.2039664357956212,0.1419025677096857,18.76000022888184,0.1876000022888183,0.033175124726770824
2021-09-28,433.7200012207031,0.1438226162888422,0.1979259501092733,0.1403156536471857,23.25,0.2325,0.033175124726770824
2021-09-29,434.4500122070313,0.1574321990392228,0.1939404861898984,0.1442185848605646,22.559999465942383,0.2255999946594238,0.033175124726770824
2021-09-30,429.1400146484375,0.1536361167509547,0.2229200792689792,0.1399735515964045,23.13999938964844,0.2313999938964843,0.033175124726770824
2021-10-01,434.239990234375,0.1584641548986596,0.2154510155613773,0.1447145908725275,21.100000381469727,0.2110000038146972,0.033175124726770824
2021-10-04,428.6400146484375,0.1614042490806119,0.2209691242444728,0.1399735515964045,22.959999084472656,0.2295999908447265,0.033175124726770824
2021-10-05,433.1000061035156,0.1629496439723186,0.2223052157578815,0.1459262627017511,21.299999237060547,0.2129999923706054,0.033175124726770824
2021-10-06,434.8999938964844,0.1673024594274071,0.2280584803445361,0.1399735515964045,21.0,0.21,0.033175124726770824
2021-10-07,438.6600036621094,0.1678860017084127,0.226264957570655,0.1399735515964045,19.540000915527344,0.1954000091552734,0.033175124726770824
2021-10-08,437.8599853515625,0.1699913694128134,0.2191217925027258,0.1403758972537531,18.770000457763672,0.1877000045776367,0.033175124726770824
2021-10-11,434.6900024414063,0.166913105215694,0.2161930532498504,0.1403758972537531,20.0,0.2,0.033175124726770824
2021-10-12,433.6199951171875,0.167129242127885,0.2096055842092643,0.1431022041690363,19.850000381469727,0.1985000038146972,0.033175124726770824
2021-10-13,435.1799926757813,0.1671683175299444,0.2080166546487252,0.1388571709048762,18.63999938964844,0.1863999938964843,0.033175124726770824
2021-10-14,442.5,0.167866309541826,0.20244263500171,0.1388571709048762,16.860000610351562,0.1686000061035156,0.033175124726770824
2021-10-15,445.8699951171875,0.177463348296379,0.1972835762600564,0.1388571709048762,16.299999237060547,0.1629999923706054,0.033175124726770824
2021-10-18,447.1900024414063,0.1795765399927771,0.2115755869757671,0.13965003665805,16.309999465942383,0.1630999946594238,0.033175124726770824
2021-10-19,450.6400146484375,0.1796277711214619,0.2083597701959257,0.13965003665805,15.699999809265137,0.1569999980926513,0.033175124726770824
2021-10-20,452.4100036621094,0.1814798468506036,0.2022943336749064,0.1398093860995783,15.489999771118164,0.1548999977111816,0.033175124726770824
2021-10-21,453.5899963378906,0.1813275870888467,0.2001789682922385,0.1398093860995783,15.010000228881836,0.1501000022888183,0.033175124726770824
2021-10-22,453.1199951171875,0.179334100895187,0.1952722631279354,0.1398093860995783,15.43000030517578,0.1543000030517578,0.033175124726770824
2021-10-25,455.5499877929688,0.1792906719850952,0.1902956653738005,0.1408830421817316,15.239999771118164,0.1523999977111816,0.033175124726770824
2021-10-26,455.9599914550781,0.1788141170054085,0.1857806016861072,0.1411881512057795,15.979999542236328,0.1597999954223632,0.033175124726770824
2021-10-27,453.9400024414063,0.1770323545908781,0.1832469008070448,0.13965003665805,16.979999542236328,0.1697999954223633,0.033175124726770824
2021-10-28,458.3200073242188,0.1776699256907404,0.1791003014980927,0.141894738043548,16.530000686645508,0.165300006866455,0.033175124726770824
2021-10-29,459.25,0.1739654934950749,0.1778526180706041,0.1411881512057795,16.260000228881836,0.1626000022888183,0.033175124726770824
2021-11-01,460.0400085449219,0.1626564049861876,0.1812893815361832,0.1455545681369318,16.40999984741211,0.1640999984741211,0.033175124726770824
2021-11-02,461.8999938964844,0.1623588404500499,0.1774913521142971,0.1480958145511164,16.030000686645508,0.160300006866455,0.033175124726770824
2021-11-03,464.7200012207031,0.1603962690041815,0.1739936890622219,0.1480958145511164,15.100000381469728,0.1510000038146972,0.033175124726770824
2021-11-04,466.9100036621094,0.1572474148203812,0.1717388363674576,0.1480958145511164,15.4399995803833,0.154399995803833,0.033175124726770824
2021-11-05,468.5299987792969,0.157575863174624,0.1714073914720693,0.1480958145511164,16.479999542236328,0.1647999954223633,0.033175124726770824
2021-11-08,468.9299926757813,0.1568636749829116,0.1699058706343263,0.1480958145511164,17.219999313354492,0.1721999931335449,0.033175124726770824
2021-11-09,467.3800048828125,0.1365660681195449,0.1677919389856745,0.1480958145511164,17.780000686645508,0.177800006866455,0.033175124726770824
2021-11-10,463.6199951171875,0.1380410975920893,0.1651725067896237,0.1495657413852228,18.729999542236328,0.1872999954223632,0.033175124726770824
2021-11-11,463.7699890136719,0.1333079381618072,0.1645312035308844,0.1531619900119318,17.65999984741211,0.176599998474121,0.033175124726770824
2021-11-12,467.2699890136719,0.1295181466724926,0.1700492770228617,0.1490393036258234,16.290000915527344,0.1629000091552734,0.033175124726770824
2021-11-15,467.4299926757813,0.1186626456305646,0.1672224567847418,0.1490393036258234,16.489999771118164,0.1648999977111816,0.033175124726770824
2021-11-16,469.2799987792969,0.1159405168660706,0.1690901465406023,0.1490393036258234,16.3700008392334,0.1637000083923339,0.033175124726770824
2021-11-17,468.1400146484375,0.1159100077468231,0.1663473846944271,0.1490393036258234,17.110000610351562,0.1711000061035156,0.033175124726770824
2021-11-18,469.7300109863281,0.115120123599991,0.1648512162979309,0.1480958145511164,17.59000015258789,0.1759000015258789,0.033175124726770824
2021-11-19,468.8900146484375,0.1142277778796945,0.1635805294438208,0.1480958145511164,17.90999984741211,0.179099998474121,0.033175124726770824
2021-11-22,467.5700073242188,0.1098273248788116,0.1620580715558315,0.1480958145511164,19.170000076293945,0.1917000007629394,0.033175124726770824
2021-11-23,468.1900024414063,0.1100453135145344,0.1607009618922494,0.1480958145511164,19.3799991607666,0.193799991607666,0.033175124726770824
2021-11-24,469.4400024414063,0.1100723836196056,0.1601542066519224,0.1480958145511164,18.57999992370605,0.1857999992370605,0.033175124726770824
2021-11-26,458.9700012207031,0.1244880304827854,0.1859962068492498,0.1757737213099067,28.6200008392334,0.286200008392334,0.06079930839181591
2021-11-29,464.6000061035156,0.1276769655010283,0.1577368129555092,0.1448891037356867,22.959999084472656,0.2295999908447265,0.033175124726770824
2021-11-30,455.55999755859375,0.1608364599407181,0.2330534633531487,0.1737736183130805,27.190000534057617,0.2719000053405762,0.06079930839181591
2021-12-01,450.5,0.1764144929060764,0.2375519343267009,0.1737786823237007,31.1200008392334,0.3112000083923339,0.06079930839181591
2021-12-02,457.3999938964844,0.1807259439655791,0.2612931832199523,0.1729858165705268,27.950000762939453,0.2795000076293945,0.06079930839181591
2021-12-03,453.4200134277344,0.1888015929150555,0.2626858143358768,0.1699304347956245,30.670000076293945,0.3067000007629394,0.06079930839181591
2021-12-06,458.7900085449219,0.1915046331254256,0.2678769343417759,0.1726893573725288,27.18000030517578,0.2718000030517578,0.06079930839181591
2021-12-07,468.2799987792969,0.1675035466229096,0.2372037994281734,0.1407664173495783,21.88999938964844,0.2188999938964843,0.033175124726770824
2021-12-08,469.5199890136719,0.1801549046547089,0.2367883110916996,0.1470766991031183,19.899999618530277,0.1989999961853027,0.033175124726770824
2021-12-09,466.3500061035156,0.1793115226732182,0.2529245765262805,0.1470766991031183,21.57999992370605,0.2157999992370605,0.033175124726770824
2021-12-10,470.739990234375,0.1787733456265726,0.2429459107207868,0.1519741600406183,18.690000534057617,0.1869000053405761,0.033175124726770824
2021-12-13,466.5700073242188,0.1810122495555888,0.2373948707111066,0.1450883358371271,20.309999465942383,0.2030999946594238,0.033175124726770824
2021-12-14,463.3599853515625,0.1837385163514056,0.2334793197423368,0.151667277182342,21.88999938964844,0.2188999938964843,0.033175124726770824
2021-12-15,470.6000061035156,0.1848663014908704,0.2313544086865984,0.1475709885013117,19.290000915527344,0.1929000091552734,0.033175124726770824
2021-12-16,466.4500122070313,0.1906350369148068,0.2272129217053668,0.146769816244842,20.56999969482422,0.2056999969482421,0.033175124726770824
2021-12-17,459.8699951171875,0.192390017717092,0.2341436770935583,0.1472363441836847,21.56999969482422,0.2156999969482421,0.033175124726770824
2021-12-20,454.9800109863281,0.1973388303874411,0.2320187212990427,0.1456009930026545,22.8700008392334,0.2287000083923339,0.033175124726770824
2021-12-21,463.05999755859375,0.1998976949140238,0.2388572135131423,0.158021504248382,21.01000022888184,0.2101000022888183,0.033175124726770824
2021-12-22,467.6900024414063,0.2085089686545179,0.2388202369694697,0.153124043310882,18.6299991607666,0.186299991607666,0.033175124726770824
2021-12-23,470.6000061035156,0.2093811672570802,0.2482292704510952,0.1451670235049738,17.959999084472656,0.1795999908447265,0.033175124726770824
2021-12-27,477.260009765625,0.210237782586054,0.2437976861632448,0.1451670235049738,17.68000030517578,0.1768000030517578,0.033175124726770824
2021-12-28,476.8699951171875,0.2135827030226017,0.2363714055704044,0.1456015175235285,17.540000915527344,0.1754000091552734,0.033175124726770824
2021-12-29,477.4800109863281,0.2136374775852139,0.2392625811429748,0.1470070141208185,16.950000762939453,0.1695000076293945,0.033175124726770824
2021-12-30,476.1600036621094,0.2133747766565822,0.230341675715174,0.1433626526248469,17.329999923706055,0.1732999992370605,0.033175124726770824
2021-12-31,474.9599914550781,0.213428344713579,0.2220128523787967,0.143057543600799,17.219999313354492,0.1721999931335449,0.033175124726770824
2022-01-03,477.7099914550781,0.2134431427378295,0.2153172123995593,0.143392187918426,16.600000381469727,0.1660000038146972,0.033175124726770824
2022-01-04,477.5499877929688,0.2140007625828148,0.2091095353356205,0.1436972969424738,16.90999984741211,0.1690999984741211,0.033175124726770824
2022-01-05,468.3800048828125,0.2137208919363822,0.2045458478991744,0.1441635292422785,19.729999542236328,0.1972999954223633,0.033175124726770824
2022-01-06,467.9400024414063,0.2231795855031738,0.1987769554231249,0.1503991287601008,19.61000061035156,0.1961000061035156,0.033175124726770824
2022-01-07,466.0899963378906,0.2230238850613811,0.2242392415878052,0.150108906592132,18.76000022888184,0.1876000022888183,0.033175124726770824
2022-01-10,465.510009765625,0.210758682860842,0.2166409381570974,0.1482126015079035,19.399999618530277,0.1939999961853027,0.033175124726770824
2022-01-11,469.75,0.2072004407294575,0.2111899336917381,0.1459679001224055,18.40999984741211,0.1840999984741211,0.033175124726770824
2022-01-12,471.0199890136719,0.1982810857320202,0.2048440648247723,0.1459679001224055,17.6200008392334,0.176200008392334,0.033175124726770824
2022-01-13,464.5299987792969,0.1940461977972402,0.2041467788397536,0.142625414694549,20.309999465942383,0.2030999946594238,0.033175124726770824
2022-01-14,464.7200012207031,0.1946495690358177,0.1984496152475833,0.1497617405307306,19.190000534057617,0.1919000053405761,0.033175124726770824
2022-01-18,456.489990234375,0.1921549116396312,0.2099638087926244,0.1448642795932306,22.790000915527344,0.2279000091552734,0.033175124726770824
2022-01-19,451.75,0.1977354170527361,0.2035904969431019,0.158021504248382,23.850000381469727,0.2385000038146972,0.033175124726770824
2022-01-20,446.75,0.215436793455369,0.2515177870196449,0.1914989810907905,25.59000015258789,0.2559000015258789,0.06079930839181591
2022-01-21,437.9800109863281,0.2176384929540424,0.2528038084840639,0.1911550670588081,28.850000381469727,0.2885000038146972,0.06079930839181591
2022-01-24,439.8399963378906,0.2259280751638148,0.2552919348776242,0.1935918956720893,29.899999618530277,0.2989999961853027,0.06079930839181591
2022-01-25,434.4700012207031,0.2233753442737352,0.2755679411454546,0.1891955142939155,31.15999984741211,0.3115999984741211,0.06079930839181591
2022-01-26,433.3800048828125,0.2249037223400163,0.2666711974220687,0.1930383354151313,31.959999084472656,0.3195999908447265,0.06079930839181591
2022-01-27,431.239990234375,0.2243426013658164,0.2688952789673318,0.193073831173188,30.489999771118164,0.3048999977111816,0.06079930839181591
2022-01-28,441.9500122070313,0.2151510434647208,0.2603862051514821,0.1935624557459418,27.65999984741211,0.2765999984741211,0.06079930839181591
2022-01-31,449.9100036621094,0.2063232859957908,0.2269049074043141,0.156095177496673,24.82999992370605,0.2482999992370605,0.033175124726770824
2022-02-01,452.9500122070313,0.211460475390497,0.2561268481561282,0.1527472465884699,21.959999084472656,0.2195999908447265,0.033175124726770824
2022-02-02,457.3500061035156,0.2101157718437331,0.263320152505766,0.1498496406924738,22.09000015258789,0.2209000015258789,0.033175124726770824
2022-02-03,446.6000061035156,0.2044038955728599,0.2544906743918457,0.1491985958468928,24.350000381469727,0.2435000038146972,0.033175124726770824
2022-02-04,448.7000122070313,0.2145756907232621,0.2495811473857637,0.1666385429751886,23.21999931335449,0.2321999931335449,0.033175124726770824
2022-02-07,447.260009765625,0.2140452797429251,0.2758813619384372,0.1626434296023859,22.86000061035156,0.2286000061035156,0.033175124726770824
2022-02-08,450.9400024414063,0.2076086560730406,0.2647407873008705,0.1634897774112238,21.440000534057617,0.2144000053405761,0.033175124726770824
2022-02-09,457.5400085449219,0.2102711217430602,0.2546185283082454,0.1653403252017511,19.959999084472656,0.1995999908447265,0.033175124726770824
2022-02-10,449.3200073242188,0.216622841424889,0.2478664095130182,0.1619923847568048,23.90999984741211,0.239099998474121,0.033175124726770824
2022-02-11,440.4599914550781,0.250751436698342,0.2780061533937627,0.1971683841669624,27.36000061035156,0.2736000061035156,0.06079930839181591
2022-02-14,439.0199890136719,0.2579642842813657,0.2904205589207901,0.196465240093476,28.32999992370605,0.2832999992370605,0.06079930839181591
2022-02-15,446.1000061035156,0.2563028951978976,0.3044419557489745,0.1952484851801459,25.700000762939453,0.2570000076293945,0.06079930839181591
2022-02-16,446.6000061035156,0.2363394300794371,0.2658269602311496,0.1656952541720881,24.290000915527344,0.2429000091552734,0.033175124726770824
2022-02-17,437.05999755859375,0.2574263241740476,0.2958945008009938,0.1933731609308784,28.11000061035156,0.2811000061035156,0.06079930839181591
2022-02-18,434.2300109863281,0.2660009743647057,0.2848565362992183,0.2009615570032661,27.75,0.2775,0.06079930839181591
2022-02-22,429.5700073242188,0.2663154523762646,0.3039363084228687,0.223932509990937,28.809999465942383,0.2880999946594238,0.06079930839181591
2022-02-23,421.9500122070313,0.2677363791579161,0.2950653111734982,0.223932509990937,31.020000457763672,0.3102000045776367,0.06079930839181591
2022-02-24,428.2999877929688,0.2691154506811504,0.2919338314575448,0.2306176906549995,30.31999969482422,0.3031999969482422,0.06079930839181591
2022-02-25,437.75,0.2755239226888732,0.3014422802325215,0.2292458682978217,27.59000015258789,0.2759000015258789,0.06079930839181591
2022-02-28,436.6300048828125,0.2852363384656677,0.3014337386995377,0.2188993316614692,30.149999618530277,0.3014999961853027,0.06079930839181591
2022-03-01,429.9800109863281,0.2851145200571537,0.3143471853795739,0.2184749275171821,33.31999969482422,0.3331999969482422,0.06079930839181591
2022-03-02,437.8900146484375,0.283642992338718,0.3023229826179771,0.2224186855280464,30.739999771118164,0.3073999977111816,0.06079930839181591
2022-03-03,435.7099914550781,0.2898821559633178,0.3054774808146966,0.2056379753077094,30.479999542236328,0.3047999954223633,0.06079930839181591
2022-03-04,432.1700134277344,0.2881653679407765,0.3103593646712105,0.2071132999384467,31.979999542236328,0.3197999954223632,0.06079930839181591
2022-03-07,419.4299926757813,0.281922913904233,0.2997700825045469,0.2277888065302436,36.45000076293945,0.3645000076293945,0.06079930839181591
2022-03-08,416.25,0.297752669341983,0.2934329254967679,0.2397285037958686,35.130001068115234,0.3513000106811523,0.06079930839181591
2022-03-09,427.4100036621094,0.2962587335660968,0.3339692496910674,0.2397285037958686,32.45000076293945,0.3245000076293945,0.06079930839181591
2022-03-10,425.4800109863281,0.3101871967808182,0.3238441194136297,0.2373326450312202,30.229999542236328,0.3022999954223633,0.06079930839181591
2022-03-11,420.0700073242188,0.3101218329543078,0.3438653388343248,0.2379836612665717,30.75,0.3075,0.06079930839181591
2022-03-14,417.0,0.3005389919286308,0.3303699089560274,0.2379429775202338,31.770000457763672,0.3177000045776367,0.06079930839181591
2022-03-15,426.1700134277344,0.2933952769062278,0.3259734814528647,0.2180879169428413,29.82999992370605,0.2982999992370605,0.06079930839181591
2022-03-16,435.6199951171875,0.3028514024072057,0.3161208589699645,0.2071049266779487,26.670000076293945,0.2667000007629394,0.06079930839181591
2022-03-17,441.0700073242188,0.3107882360981411,0.3269196806599318,0.205929055782563,25.670000076293945,0.2567000007629395,0.06079930839181591
2022-03-18,444.5199890136719,0.2770090106269829,0.3085360819398925,0.1775438755404963,23.8700008392334,0.238700008392334,0.033175124726770824
2022-03-21,444.3900146484375,0.2777649158499982,0.3010256789063542,0.1754950397861017,23.530000686645508,0.235300006866455,0.033175124726770824
2022-03-22,449.5899963378906,0.2776056556051198,0.2896919572821849,0.1753535431277765,22.940000534057617,0.2294000053405761,0.033175124726770824
2022-03-23,443.7999877929688,0.2788780998761519,0.2767650256414151,0.1746462696445002,23.56999969482422,0.2356999969482421,0.033175124726770824
2022-03-24,450.489990234375,0.2775036196769556,0.2715727367602654,0.1812036198031916,21.670000076293945,0.2167000007629394,0.033175124726770824
2022-03-25,452.6900024414063,0.2761560972627805,0.2710511266138925,0.1755794208896174,20.809999465942383,0.2080999946594238,0.033175124726770824
2022-03-28,455.9100036621094,0.2686613095204885,0.2711043615389,0.1775438755404963,19.6299991607666,0.196299991607666,0.033175124726770824
2022-03-29,461.5499877929688,0.2689713418889377,0.2604644367390836,0.1769726341617121,18.899999618530277,0.1889999961853027,0.033175124726770824
2022-03-30,458.7000122070313,0.2671400223869462,0.2521865077467141,0.1768052357089533,19.32999992370605,0.1932999992370605,0.033175124726770824
2022-03-31,451.6400146484375,0.2681462305654279,0.2504233929865504,0.1780046718966974,20.559999465942383,0.2055999946594238,0.033175124726770824
2022-04-01,452.9200134277344,0.2635412862035489,0.2437603360217592,0.1850699776065363,19.6299991607666,0.196299991607666,0.033175124726770824
2022-04-04,456.7999877929688,0.2623999775389498,0.2513917158869044,0.1814809482944025,18.56999969482422,0.1856999969482421,0.033175124726770824
2022-04-05,451.0299987792969,0.260177790778115,0.2416003850152425,0.1814809482944025,21.030000686645508,0.210300006866455,0.033175124726770824
2022-04-06,446.5199890136719,0.2565486070039552,0.2364229952712347,0.1897697323215021,22.100000381469727,0.2210000038146972,0.033175124726770824
2022-04-07,448.7699890136719,0.2559678129693408,0.2398711468548986,0.1897697323215021,21.549999237060547,0.2154999923706054,0.033175124726770824
2022-04-08,447.5700073242188,0.2474763886732218,0.2385836213330015,0.176552473868133,21.15999984741211,0.2115999984741211,0.033175124726770824
2022-04-11,439.9200134277344,0.2474932704970133,0.2307592447815623,0.1730430954349054,24.3700008392334,0.243700008392334,0.033175124726770824
2022-04-12,438.2900085449219,0.2488488514066623,0.2234340240488574,0.1897697323215021,24.26000022888184,0.2426000022888183,0.033175124726770824
2022-04-13,443.30999755859375,0.2424859289693745,0.2382357714626849,0.2156272571933283,21.81999969482422,0.2181999969482422,0.033175124726770824
2022-04-14,437.7900085449219,0.2445074413618543,0.2306721591592061,0.1826840370547785,22.700000762939453,0.2270000076293945,0.033175124726770824
2022-04-18,437.9700012207031,0.246520317003559,0.2301883074068969,0.1868341892611994,22.170000076293945,0.2217000007629394,0.033175124726770824
2022-04-19,445.0400085449219,0.2253546891604987,0.2340857204146667,0.1831920498263849,21.3700008392334,0.213700008392334,0.033175124726770824
2022-04-20,444.7099914550781,0.2278850024199596,0.2255661296159941,0.1524168365848078,20.31999969482422,0.2031999969482422,0.033175124726770824
2022-04-21,438.05999755859375,0.2135020847282825,0.2337637603993403,0.1524168365848078,22.68000030517578,0.2268000030517578,0.033175124726770824
2022-04-22,426.0400085449219,0.2468663750856754,0.2531066362818273,0.1926909309351508,28.209999084472656,0.2820999908447266,0.06079930839181591
2022-04-25,428.510009765625,0.2615871299327523,0.2632304557548778,0.1946628242456977,27.020000457763672,0.2702000045776367,0.06079930839181591
2022-04-26,416.1000061035156,0.2607092839890397,0.304962003065181,0.1902911048853461,33.52000045776367,0.3352000045776367,0.06079930839181591
2022-04-27,417.2699890136719,0.2694409927351227,0.2950323936005118,0.3029989391291205,31.600000381469727,0.3160000038146973,0.06079930839181591
2022-04-28,427.80999755859375,0.2579689582494073,0.3335353452596861,0.2856507068598335,29.989999771118164,0.2998999977111816,0.06079930839181591
2022-04-29,412.0,0.2690559404105446,0.3199939809892254,0.2533921771967475,33.400001525878906,0.3340000152587891,0.06079930839181591
2022-05-02,414.4800109863281,0.2933591067597139,0.3382604108762644,0.3272479587519233,32.34000015258789,0.3234000015258789,0.06079930839181591
2022-05-03,416.3800048828125,0.2946623721216037,0.3918381979820713,0.3312800174677436,29.25,0.2925,0.06079930839181591
2022-05-04,429.05999755859375,0.2917567873053616,0.3744454731557861,0.2707942348444526,25.420000076293945,0.2542000007629394,0.06079930839181591
2022-05-05,413.80999755859375,0.3085932366821809,0.3584988977628011,0.2300055271112983,31.200000762939453,0.3120000076293945,0.06079930839181591
2022-05-06,411.3399963378906,0.3240293033937472,0.382217224919711,0.3268265491449897,30.190000534057617,0.3019000053405761,0.06079930839181591
2022-05-09,398.1700134277344,0.3230778082255012,0.4211374472034652,0.2662822872126167,34.75,0.3475,0.06079930839181591
2022-05-10,399.0899963378906,0.3347055913199754,0.403177149168733,0.316891379925019,32.9900016784668,0.3299000167846679,0.06079930839181591
2022-05-11,392.75,0.3306913540539013,0.4282160962619745,0.3281030040705268,32.560001373291016,0.3256000137329101,0.06079930839181591
2022-05-12,392.3399963378906,0.3326231679346491,0.4073718023161344,0.3285691410028999,31.770000457763672,0.3177000045776367,0.06079930839181591
2022-05-13,401.7200012207031,0.331098298792312,0.3993922468182358,0.2681120449030464,28.8700008392334,0.288700008392334,0.06079930839181591
2022-05-16,400.0899963378906,0.3431042110663867,0.3808244566002993,0.2657228809320991,27.46999931335449,0.2746999931335449,0.06079930839181591
2022-05-17,408.3200073242188,0.340447065786813,0.385930369327195,0.2464155918085639,26.100000381469727,0.2610000038146973,0.06079930839181591
2022-05-18,391.8599853515625,0.3486562801507819,0.3691387699266992,0.2353863483393256,30.959999084472656,0.3095999908447265,0.06079930839181591
2022-05-19,389.4599914550781,0.3689709810925119,0.3708729208976032,0.3109217983210151,29.350000381469727,0.2935000038146972,0.06079930839181591
2022-05-20,389.6300048828125,0.3676185723886409,0.4275393192258663,0.2982409625971381,29.43000030517578,0.2943000030517578,0.06079930839181591
2022-05-23,396.9200134277344,0.3679576017719111,0.4084040746751305,0.2970193439447944,28.479999542236328,0.2847999954223633,0.06079930839181591
2022-05-24,393.8900146484375,0.3729615512849544,0.3889359586275952,0.3082719760859077,29.450000762939453,0.2945000076293945,0.06079930839181591
2022-05-25,397.3699951171875,0.3731975570218161,0.3843442837230831,0.2955911403620307,28.3700008392334,0.283700008392334,0.06079930839181591
2022-05-26,405.30999755859375,0.3721636975609074,0.3695902161241947,0.2379794841730659,27.5,0.275,0.06079930839181591
2022-05-27,415.260009765625,0.378490667912966,0.3559236939244635,0.2254434734308784,25.71999931335449,0.2571999931335449,0.06079930839181591
2022-05-31,412.9299926757813,0.3881895143686642,0.3575858646469525,0.1975538116419379,26.190000534057617,0.2619000053405761,0.06079930839181591
2022-06-01,409.5899963378906,0.3837556366642913,0.3673052704972803,0.207496095272309,25.690000534057617,0.2569000053405761,0.06079930839181591
2022-06-02,417.3900146484375,0.3564316890961785,0.3248562598609762,0.1802425926578058,24.71999931335449,0.2471999931335449,0.033175124726770824
2022-06-03,410.5400085449219,0.3603286896860596,0.3133305176440995,0.1761769169223322,24.790000915527344,0.2479000091552734,0.033175124726770824
2022-06-06,411.7900085449219,0.3815187544202558,0.3427499816035135,0.2173527770960395,25.06999969482422,0.2506999969482422,0.06079930839181591
2022-06-07,415.739990234375,0.35339941835735,0.3151070671962803,0.1817801159274591,24.020000457763672,0.2402000045776367,0.033175124726770824
2022-06-08,411.2200012207031,0.3431479694606548,0.3004284594766398,0.1810728424441828,23.959999084472656,0.2395999908447265,0.033175124726770824
2022-06-09,401.4400024414063,0.3723359296180898,0.3184064211916894,0.2121091514551704,26.09000015258789,0.2609000015258789,0.06079930839181591
2022-06-10,389.7999877929688,0.3697959258458769,0.3133405636486477,0.2507581859552925,27.75,0.2775,0.06079930839181591
2022-06-13,375.0,0.3621519449997791,0.3342519758794656,0.2557932430231635,34.02000045776367,0.3402000045776367,0.06079930839181591
2022-06-14,373.8699951171875,0.3798861566113718,0.3655316888870873,0.3104894596064155,32.689998626708984,0.3268999862670898,0.06079930839181591
2022-06-15,379.2000122070313,0.3789511330869619,0.4159521725925382,0.3121960025751655,29.6200008392334,0.2962000083923339,0.06079930839181591
2022-06-16,366.6499938964844,0.3670475890926079,0.3964905775131007,0.3135501819574897,32.95000076293945,0.3295000076293945,0.06079930839181591
2022-06-17,365.8599853515625,0.3647525179913842,0.3861461765612373,0.3203851657831733,31.1299991607666,0.311299991607666,0.06079930839181591
2022-06-21,375.0700073242188,0.3647564251175162,0.4174931895910708,0.2890979915583198,30.190000534057617,0.3019000053405761,0.06079930839181591
2022-06-22,374.3900146484375,0.3634125768529269,0.3979696761510205,0.2758680492365425,28.950000762939453,0.2895000076293945,0.06079930839181591
2022-06-23,378.05999755859375,0.3631208033825269,0.4032829060643269,0.2761265903437202,29.049999237060547,0.2904999923706055,0.06079930839181591
2022-06-24,390.0799865722656,0.3620675262726958,0.3843441067237242,0.2761265903437202,27.229999542236328,0.2722999954223633,0.06079930839181591
2022-06-27,388.5899963378906,0.3770427875219319,0.3706427945075818,0.2281553607904975,26.950000762939453,0.2695000076293945,0.06079930839181591
2022-06-28,380.6499938964844,0.3686718301362167,0.3946996636751316,0.2283932071650092,28.36000061035156,0.2836000061035156,0.06079930839181591
2022-06-29,380.3399963378906,0.3739210401581747,0.3772775665378018,0.2697781520807807,28.15999984741211,0.2815999984741211,0.06079930839181591
2022-06-30,377.25,0.3666194291938875,0.3803314806421639,0.2492160373652046,28.709999084472656,0.2870999908447265,0.06079930839181591
2022-07-01,381.239990234375,0.3436477126744947,0.3628442830607925,0.2775011783564155,26.700000762939453,0.2670000076293945,0.06079930839181591
2022-07-05,381.9599914550781,0.3453455972651423,0.350329485074125,0.2507047420466011,27.540000915527344,0.2754000091552734,0.06079930839181591
2022-07-06,383.25,0.345431469139142,0.3395087928808092,0.2507047420466011,26.729999542236328,0.2672999954223632,0.06079930839181591
2022-07-07,388.989990234375,0.3396659489321253,0.3248116674137925,0.2375818592035835,26.07999992370605,0.2607999992370605,0.06079930839181591
2022-07-08,388.6700134277344,0.3151846479344771,0.2840261188346289,0.2035350674045099,24.63999938964844,0.2463999938964843,0.033175124726770824
2022-07-11,384.2300109863281,0.3414520711725639,0.3101438090409559,0.229664588543183,26.170000076293945,0.2617000007629395,0.06079930839181591
2022-07-12,380.8299865722656,0.3359319684468251,0.2978778851658549,0.2369270282709663,27.290000915527344,0.2729000091552734,0.06079930839181591
2022-07-13,378.8299865722656,0.3247609445721087,0.2953205273730919,0.2369270282709663,26.81999969482422,0.2681999969482422,0.06079930839181591
2022-07-14,377.9100036621094,0.3247305454247983,0.2895865359502461,0.2304066234552924,26.399999618530277,0.2639999961853027,0.06079930839181591
2022-07-15,385.1300048828125,0.2965860869770927,0.2531927573144867,0.2005371540439142,24.229999542236328,0.2422999954223632,0.033175124726770824
2022-07-18,381.9500122070313,0.3243087365979468,0.2716578887095274,0.2269081836664741,25.299999237060547,0.2529999923706054,0.06079930839181591
2022-07-19,392.2699890136719,0.2938560553183277,0.2557415597800034,0.2008765667331232,24.5,0.245,0.033175124726770824
2022-07-20,394.7699890136719,0.3073140399090325,0.2511138104463593,0.1992302769076838,23.8799991607666,0.238799991607666,0.033175124726770824
2022-07-21,398.7900085449219,0.3062975184112073,0.2812731414257302,0.1992302769076838,23.11000061035156,0.2311000061035156,0.033175124726770824
2022-07-22,395.0899963378906,0.3070055104286254,0.2707074009872106,0.1992302769076838,23.030000686645508,0.230300006866455,0.033175124726770824
2022-07-25,395.5700073242188,0.2991920236681983,0.2643884883893748,0.1743282764804377,23.36000061035156,0.2336000061035156,0.033175124726770824
2022-07-26,390.8900146484375,0.2841724172716216,0.2595352065629288,0.1702880447757258,24.690000534057617,0.2469000053405761,0.033175124726770824
2022-07-27,401.0400085449219,0.2575080130991919,0.2489208406704961,0.2023652523410334,23.239999771118164,0.2323999977111816,0.033175124726770824
2022-07-28,406.0700073242188,0.2680445697749721,0.2499081709054005,0.1702880447757258,22.32999992370605,0.2232999992370605,0.033175124726770824
2022-07-29,411.989990234375,0.2673359431202249,0.2774879524174666,0.1702880447757258,21.32999992370605,0.2132999992370605,0.033175124726770824
2022-08-01,410.7699890136719,0.2423654920882955,0.2733926743312621,0.1702880447757258,22.84000015258789,0.2284000015258789,0.033175124726770824
2022-08-02,408.05999755859375,0.2425938026369807,0.2725468538112263,0.1686493652713312,23.93000030517578,0.2393000030517578,0.033175124726770824
2022-08-03,414.4500122070313,0.2347764869280656,0.2616960645561889,0.1691301411044611,21.950000762939453,0.2195000076293945,0.033175124726770824
2022-08-04,414.1700134277344,0.2375880483555573,0.2543671305856944,0.143693415488006,21.440000534057617,0.2144000053405761,0.033175124726770824
2022-08-05,413.4700012207031,0.2370298966258164,0.2576876560590194,0.143693415488006,21.149999618530277,0.2114999961853027,0.033175124726770824
2022-08-08,412.989990234375,0.2183726824642128,0.2472563397282375,0.143693415488006,21.290000915527344,0.2129000091552734,0.033175124726770824
2022-08-09,411.3500061035156,0.2177827703715848,0.2379179398820385,0.143693415488006,21.770000457763672,0.2177000045776367,0.033175124726770824
2022-08-10,419.989990234375,0.2054304584077868,0.2291954319918821,0.1450493114840998,19.739999771118164,0.1973999977111816,0.033175124726770824
2022-08-11,419.989990234375,0.2130890604174384,0.2228651433617055,0.1435519188296808,20.200000762939453,0.2020000076293945,0.033175124726770824
2022-08-12,427.1000061035156,0.2099453413118454,0.242928865670183,0.1435519188296808,19.530000686645508,0.195300006866455,0.033175124726770824
2022-08-15,428.8599853515625,0.2130580558267663,0.233743830987215,0.1437552803409113,19.950000762939453,0.1995000076293945,0.033175124726770824
2022-08-16,429.7000122070313,0.2129516424644678,0.2424626957216452,0.1437552803409113,19.690000534057617,0.1969000053405761,0.033175124726770824
2022-08-17,426.6499938964844,0.2130440212347494,0.233866455481493,0.1437552803409113,19.899999618530277,0.1989999961853027,0.033175124726770824
2022-08-18,427.8900146484375,0.212707464905298,0.2253423422260173,0.1480469292056574,19.559999465942383,0.1955999946594238,0.033175124726770824
2022-08-19,422.1400146484375,0.2122941996053539,0.2219763921327369,0.143693415488006,20.600000381469727,0.2060000038146972,0.033175124726770824
2022-08-22,413.3500061035156,0.2139047333114967,0.2147587374591349,0.150015551413299,23.799999237060547,0.2379999923706054,0.033175124726770824
2022-08-23,412.3500061035156,0.2244865421607871,0.2233093773023299,0.1596288650882258,24.11000061035156,0.2411000061035156,0.033175124726770824
2022-08-24,413.6700134277344,0.2235860072585561,0.2481933393408331,0.1563164871585383,22.81999969482422,0.2281999969482422,0.033175124726770824
2022-08-25,419.510009765625,0.2228831360988818,0.2390787447009817,0.1566082256686701,21.780000686645508,0.217800006866455,0.033175124726770824
2022-08-26,405.30999755859375,0.2474078548514084,0.2581937856496801,0.1831566196405952,25.559999465942383,0.2555999946594238,0.06079930839181591
2022-08-29,402.6300048828125,0.275395454270342,0.2628377595210803,0.2333035617792671,26.209999084472656,0.2620999908447265,0.06079930839181591
2022-08-30,398.2099914550781,0.2631190064730623,0.3279693022392234,0.2364472537958686,26.209999084472656,0.2620999908447265,0.06079930839181591
2022-08-31,395.1799926757813,0.2653822850337195,0.3172413039203182,0.2143642192804878,25.8700008392334,0.258700008392334,0.06079930839181591
2022-09-01,396.4200134277344,0.2643996576046374,0.3120238377076393,0.2143642192804878,25.559999465942383,0.2555999946594238,0.06079930839181591
2022-09-02,392.239990234375,0.2627438594501115,0.3034607601682573,0.1836737495386665,25.46999931335449,0.2546999931335449,0.06079930839181591
2022-09-06,390.760009765625,0.2651543373247326,0.2919362414843081,0.1874821334803169,26.90999984741211,0.2690999984741211,0.06079930839181591
2022-09-07,397.7799987792969,0.2347074026073528,0.2611192556450676,0.1571514671695246,24.63999938964844,0.2463999938964843,0.033175124726770824
2022-09-08,400.3800048828125,0.2269131297278092,0.2518253739210738,0.1655605286014093,23.61000061035156,0.2361000061035156,0.033175124726770824
2022-09-09,406.6000061035156,0.2241655621090209,0.2598929326002929,0.1444152515780939,22.790000915527344,0.2279000091552734,0.033175124726770824
2022-09-12,410.9700012207031,0.2248486552395764,0.2513844881178664,0.1444152515780939,23.8700008392334,0.238700008392334,0.033175124726770824
2022-09-13,393.1000061035156,0.2551250068788925,0.2826283020092566,0.169779677959687,27.270000457763672,0.2727000045776367,0.06079930839181591
2022-09-14,394.6000061035156,0.294727602407356,0.2797768489819187,0.2695006519281928,26.15999984741211,0.2615999984741211,0.06079930839181591
2022-09-15,390.1199951171875,0.2896343174618959,0.3769950784211602,0.2604391628229682,26.270000457763672,0.2627000045776367,0.06079930839181591
2022-09-16,385.55999755859375,0.2913891454663327,0.3602287191868355,0.2966834979975288,26.299999237060547,0.2629999923706054,0.06079930839181591
2022-09-19,388.5499877929688,0.2931457648602625,0.3513855996508848,0.2990022235834663,25.76000022888184,0.2576000022888183,0.06079930839181591
2022-09-20,384.0899963378906,0.2950444731432369,0.3437094546806791,0.2963995128595893,27.15999984741211,0.2715999984741211,0.06079930839181591
2022-09-21,377.3900146484375,0.2966459621986984,0.3313839097769911,0.2285995632135932,27.989999771118164,0.2798999977111816,0.06079930839181591
2022-09-22,374.2200012207031,0.2897779927575192,0.3256347262710136,0.2289043575251167,27.350000381469727,0.2735000038146972,0.06079930839181591
2022-09-23,367.9500122070313,0.2899053484787639,0.3299176077435424,0.2285995632135932,29.920000076293945,0.2992000007629394,0.06079930839181591
2022-09-26,364.30999755859375,0.283864767918613,0.3207852479587446,0.2289043575251167,32.2599983215332,0.322599983215332,0.06079930839181591
2022-09-27,363.3800048828125,0.2824609544775536,0.3244322732229141,0.2603413158381049,32.599998474121094,0.3259999847412109,0.06079930839181591
2022-09-28,370.5299987792969,0.2814686877088856,0.3171876347618664,0.2518290859186713,30.18000030517578,0.3018000030517578,0.06079930839181591
2022-09-29,362.7900085449219,0.2936175060841541,0.3051505685185782,0.2249209552729194,31.84000015258789,0.3184000015258789,0.06079930839181591
2022-09-30,357.17999267578125,0.2971431241452719,0.3131749309098959,0.2541638904535834,31.6200008392334,0.316200008392334,0.06079930839181591
2022-10-03,366.6099853515625,0.2978331889867375,0.326698318409421,0.2814810138666694,30.100000381469727,0.3010000038146972,0.06079930839181591
2022-10-04,377.9700012207031,0.3108156443399879,0.3276853693514798,0.2492379718744819,29.06999969482422,0.2906999969482421,0.06079930839181591
2022-10-05,377.0899963378906,0.3308976323544315,0.3471588783255073,0.2174135547602241,28.549999237060547,0.2854999923706054,0.06079930839181591
2022-10-06,373.2000122070313,0.3302467679530924,0.3736993124820122,0.2134338623011176,30.520000457763672,0.3052000045776367,0.06079930839181591
2022-10-07,362.7900085449219,0.3257801007358229,0.3572075884152403,0.2155556636774604,31.36000061035156,0.3136000061035156,0.06079930839181591
2022-10-10,360.0199890136719,0.3199909089398326,0.3479875288094314,0.2385314517939155,32.45000076293945,0.3245000076293945,0.06079930839181591
2022-10-11,357.739990234375,0.3201093161048399,0.3727553564195271,0.2857582431757515,33.630001068115234,0.3363000106811523,0.06079930839181591
2022-10-12,356.5599975585937,0.3193080813470722,0.359143448035392,0.2833487850153511,33.56999969482422,0.3356999969482422,0.06079930839181591
2022-10-13,365.9700012207031,0.3190287515149293,0.3456398304331842,0.2626576000177925,31.940000534057617,0.3194000053405761,0.06079930839181591
2022-10-14,357.6300048828125,0.3328301114380909,0.331939185855561,0.2610299449884956,32.02000045776367,0.3202000045776367,0.06079930839181591
2022-10-17,366.8200073242188,0.3384795824265988,0.3504358055879533,0.25036450919748,31.3700008392334,0.313700008392334,0.06079930839181591
2022-10-18,371.1300048828125,0.3509359393683912,0.3627056810280031,0.2516396861994331,30.5,0.305,0.06079930839181591
2022-10-19,368.5,0.3476825826960759,0.3743829607686741,0.2399475246393745,30.76000022888184,0.3076000022888183,0.06079930839181591
2022-10-20,365.4100036621094,0.3466857045251996,0.3628184955311783,0.2471034198725288,29.979999542236328,0.2997999954223633,0.06079930839181591
2022-10-21,374.2900085449219,0.3415597957026344,0.3496212782553498,0.2493942028009955,29.690000534057617,0.2969000053405761,0.06079930839181591
2022-10-24,378.8699951171875,0.3503069070897298,0.3389341947838172,0.2276154666864936,29.850000381469727,0.2985000038146972,0.06079930839181591
2022-10-25,384.9200134277344,0.3247109379394753,0.3513016287802399,0.2269081836664741,28.459999084472656,0.2845999908447265,0.06079930839181591
2022-10-26,382.0199890136719,0.3291425640848368,0.3424346833559109,0.2244189029657905,27.280000686645508,0.272800006866455,0.06079930839181591
2022-10-27,379.9800109863281,0.3280151045686254,0.3391342239870462,0.2287892681086127,27.38999938964844,0.2738999938964844,0.06079930839181591
2022-10-28,389.0199890136719,0.3262965796216453,0.3282231104159493,0.2295770221674506,25.75,0.2575,0.06079930839181591
2022-10-31,386.2099914550781,0.3346470420131817,0.3168941771853515,0.2244189029657905,25.8799991607666,0.258799991607666,0.06079930839181591
2022-11-01,384.5199890136719,0.3333007888537271,0.3316399805514018,0.2287892681086127,25.809999465942383,0.2580999946594238,0.06079930839181591
2022-11-02,374.8699951171875,0.3282758805578148,0.3210958151543163,0.2273808437311713,25.86000061035156,0.2586000061035156,0.06079930839181591
2022-11-03,371.010009765625,0.3379727016290602,0.3098712132908597,0.2445719486200873,25.299999237060547,0.2529999923706054,0.06079930839181591
2022-11-04,376.3500061035156,0.3073464515310475,0.30687924163314,0.2176013248813166,24.549999237060547,0.2454999923706054,0.033175124726770824
2022-11-07,379.9500122070313,0.3085137868029973,0.2992986506959577,0.2162295215976252,24.350000381469727,0.2435000038146972,0.033175124726770824
2022-11-08,382.0,0.3370399453837833,0.3231120793487434,0.243200145336396,25.540000915527344,0.2554000091552734,0.06079930839181591
2022-11-09,374.1300048828125,0.3318731364534254,0.3139342498459247,0.2422928958857124,26.09000015258789,0.2609000015258789,0.06079930839181591
2022-11-10,394.6900024414063,0.3039809587236625,0.2751234539326495,0.2163307064425959,23.530000686645508,0.235300006866455,0.033175124726770824
2022-11-11,398.510009765625,0.3399371525585193,0.2911906640488749,0.2172276943576349,22.520000457763672,0.2252000045776367,0.033175124726770824
2022-11-14,395.1199951171875,0.3327775182840778,0.4034811512348714,0.2145816868197931,23.729999542236328,0.2372999954223632,0.033175124726770824
2022-11-15,398.489990234375,0.3222904774023802,0.3856764828872155,0.2155705898654474,24.540000915527344,0.2454000091552734,0.033175124726770824
2022-11-16,395.4500122070313,0.3227496744601408,0.369615549408493,0.1827193325412287,24.11000061035156,0.2411000061035156,0.033175124726770824
2022-11-17,394.239990234375,0.3218244463039546,0.3536558805160164,0.176270958746673,23.93000030517578,0.2393000030517578,0.033175124726770824
2022-11-18,396.0299987792969,0.3072138824503466,0.3394342035032307,0.171732327307464,23.1200008392334,0.2312000083923339,0.033175124726770824
2022-11-21,394.5899963378906,0.3053478694693806,0.323692813331448,0.1967409962070002,22.36000061035156,0.2236000061035156,0.033175124726770824
2022-11-22,399.8999938964844,0.3046002407942147,0.3090546611230196,0.171732327307464,21.290000915527344,0.2129000091552734,0.033175124726770824
2022-11-23,402.4200134277344,0.3053527860793035,0.2958958660294332,0.1710266846072687,20.350000381469727,0.2035000038146972,0.033175124726770824
2022-11-25,402.3299865722656,0.2970235790720407,0.2911071661580765,0.1677870529544367,20.5,0.205,0.033175124726770824
2022-11-28,395.9100036621094,0.284825636470429,0.2797637925624087,0.1675836914432062,22.209999084472656,0.2220999908447265,0.033175124726770824
2022-11-29,395.2300109863281,0.2828956509098169,0.2679105756273094,0.1746403377902521,21.88999938964844,0.2188999938964843,0.033175124726770824
2022-11-30,407.6799926757813,0.2816465450292886,0.2734401923699242,0.1701524227511896,20.57999992370605,0.2057999992370605,0.033175124726770824
2022-12-01,407.3800048828125,0.2939407504159568,0.2628926840502122,0.1701524227511896,19.84000015258789,0.1984000015258789,0.033175124726770824
2022-12-02,406.9100036621094,0.2917585361891217,0.3032750428569009,0.1701524227511896,19.059999465942383,0.1905999946594238,0.033175124726770824
2022-12-05,399.5899963378906,0.2845536990444935,0.2895543133112364,0.1701524227511896,20.75,0.2075,0.033175124726770824
2022-12-06,393.8299865722656,0.2902980397221296,0.2771763929356895,0.1835344856631769,22.170000076293945,0.2217000007629394,0.033175124726770824
2022-12-07,393.1600036621094,0.2909890513973418,0.2856685412595402,0.1835344856631769,22.68000030517578,0.2268000030517578,0.033175124726770824
2022-12-08,396.239990234375,0.2898570367819417,0.2861303010952659,0.1807899635684504,22.290000915527344,0.2229000091552734,0.033175124726770824
2022-12-09,393.2799987792969,0.2898600522661383,0.2739228997900123,0.1796604507815851,22.82999992370605,0.2282999992370605,0.033175124726770824
2022-12-12,398.9500122070313,0.3097038197915176,0.2928676848872433,0.2109796386683051,25.0,0.25,0.06079930839181591
2022-12-13,401.9700012207031,0.2841880725461932,0.258488442437584,0.1707663029086603,22.549999237060547,0.2254999923706054,0.033175124726770824
2022-12-14,399.3999938964844,0.2842962880819183,0.2593222185003508,0.1671899097812189,21.13999938964844,0.2113999938964843,0.033175124726770824
2022-12-15,389.6300048828125,0.2718881825811324,0.2516315093477137,0.1738126438510431,22.82999992370605,0.2282999992370605,0.033175124726770824
2022-12-16,383.2699890136719,0.2822562743315034,0.2454976916198362,0.1861113708865656,22.6200008392334,0.2262000083923339,0.033175124726770824
2022-12-19,380.0199890136719,0.2847344603397287,0.2762119620129156,0.2076960247409357,22.420000076293945,0.2242000007629394,0.033175124726770824
2022-12-20,380.5400085449219,0.2846151888538755,0.2813756651848069,0.2076960247409357,21.479999542236328,0.2147999954223632,0.033175124726770824
2022-12-21,386.2300109863281,0.2841210561937344,0.2741061007278793,0.2039302128207697,20.06999969482422,0.2006999969482422,0.033175124726770824
2022-12-22,380.7200012207031,0.2796436724121409,0.2625794730775614,0.2039302128207697,21.96999931335449,0.2196999931335449,0.033175124726770824
2022-12-23,382.9100036621094,0.2249159551881022,0.2639011322203318,0.186455284918548,20.8700008392334,0.208700008392334,0.033175124726770824
2022-12-27,381.3999938964844,0.2232645385527676,0.266823844263458,0.1497048347842707,21.649999618530277,0.2164999961853027,0.033175124726770824
2022-12-28,376.6600036621094,0.2221857634891866,0.2571989579913467,0.1470225304019465,22.13999938964844,0.2213999938964843,0.033175124726770824
2022-12-29,383.4400024414063,0.2226108524580178,0.2483262689965557,0.1595714729678644,21.440000534057617,0.2144000053405761,0.033175124726770824
2022-12-30,382.4299926757813,0.2304353484924541,0.2501931365024968,0.1546424358737482,21.670000076293945,0.2167000007629394,0.033175124726770824
2023-01-03,380.8200073242188,0.2304003863425724,0.258651814993694,0.1450291317355646,22.899999618530277,0.2289999961853027,0.033175124726770824
2023-01-04,383.760009765625,0.2298587057806401,0.2488982331295292,0.1470225304019465,22.01000022888184,0.2201000022888183,0.033175124726770824
2023-01-05,379.3800048828125,0.2315000064812951,0.2408140557755628,0.1456801765811457,22.459999084472656,0.2245999908447265,0.033175124726770824
2023-01-06,388.0799865722656,0.2288535046645222,0.2350049598050034,0.1496752899539484,21.1299991607666,0.211299991607666,0.033175124726770824
2023-01-09,387.8599853515625,0.2405703646963272,0.2369653117163661,0.1661744087588801,21.96999931335449,0.2196999931335449,0.033175124726770824
2023-01-10,390.5799865722656,0.2405575292690741,0.2591208417656259,0.1661744087588801,20.57999992370605,0.2057999992370605,0.033175124726770824
2023-01-11,395.5199890136719,0.2368366162565202,0.248726175983845,0.1661744087588801,21.09000015258789,0.2109000015258789,0.033175124726770824
2023-01-12,396.9599914550781,0.2403696992874796,0.2415911746518948,0.1661744087588801,18.82999992370605,0.1882999992370605,0.033175124726770824
2023-01-13,398.5,0.2180358588434618,0.2416645998000417,0.1634504097354426,18.350000381469727,0.1835000038146972,0.033175124726770824
2023-01-17,397.7699890136719,0.2185750000136572,0.2330415118388527,0.1423051327121271,19.36000061035156,0.1936000061035156,0.033175124726770824
2023-01-18,391.489990234375,0.2185988064830035,0.2252211828243401,0.1423051327121271,20.34000015258789,0.2034000015258789,0.033175124726770824
2023-01-19,388.6400146484375,0.2168205684985632,0.2180178950749179,0.1494345348727717,20.520000457763672,0.2052000045776367,0.033175124726770824
2023-01-20,395.8800048828125,0.2131324748288756,0.2309165718010936,0.1632718342196955,19.850000381469727,0.1985000038146972,0.033175124726770824
2023-01-23,400.6300048828125,0.2214931623487669,0.2274029754414766,0.1549253147494806,19.809999465942383,0.1980999946594238,0.033175124726770824
2023-01-24,400.2000122070313,0.2233667043266894,0.2409328210193204,0.1549253147494806,19.200000762939453,0.1920000076293945,0.033175124726770824
2023-01-25,400.3500061035156,0.2219093698959933,0.2401091684083391,0.1549253147494806,19.07999992370605,0.1907999992370605,0.033175124726770824
2023-01-26,404.75,0.2172101842676715,0.2312977114879741,0.1464396351230158,18.729999542236328,0.1872999954223632,0.033175124726770824
2023-01-27,405.6799926757813,0.2187047145745158,0.2230011406842564,0.1421017712008967,18.51000022888184,0.1851000022888183,0.033175124726770824
2023-01-30,400.5899963378906,0.2176681841891225,0.2228132413909032,0.1423051327121271,19.940000534057617,0.1994000053405761,0.033175124726770824
2023-01-31,406.4800109863281,0.2057739433252755,0.2153938385033898,0.1491792839419855,19.399999618530277,0.1939999961853027,0.033175124726770824
2023-02-01,410.7999877929688,0.2018063503571942,0.2218133177219358,0.1450291317355646,17.8700008392334,0.178700008392334,0.033175124726770824
2023-02-02,416.7799987792969,0.2004478692338517,0.2279945252895933,0.1464792793643488,18.729999542236328,0.1872999954223632,0.033175124726770824
2023-02-03,412.3500061035156,0.2039295385957305,0.2268106425874031,0.1464792793643488,18.32999992370605,0.1832999992370605,0.033175124726770824
2023-02-06,409.8299865722656,0.2047598252560167,0.2320276893855531,0.1508846825015558,19.43000030517578,0.1943000030517578,0.033175124726770824
2023-02-07,415.1900024414063,0.1992059210197306,0.2327653241070801,0.1506294315707697,18.65999984741211,0.1865999984741211,0.033175124726770824
2023-02-08,410.6499938964844,0.2018201433946048,0.2277265712919414,0.1464792793643488,19.6299991607666,0.196299991607666,0.033175124726770824
2023-02-09,407.0899963378906,0.2055894026714338,0.2302344901806936,0.1508846825015558,20.709999084472656,0.2070999908447265,0.033175124726770824
2023-02-10,408.0400085449219,0.2029485623788319,0.2317003485384659,0.1605256241214289,20.530000686645508,0.205300006866455,0.033175124726770824
2023-02-13,412.8299865722656,0.1965195137975823,0.2296162850025476,0.1464792793643488,20.34000015258789,0.2034000015258789,0.033175124726770824
2023-02-14,412.6400146484375,0.1981862197719985,0.2216167626396186,0.1506756466281427,18.90999984741211,0.1890999984741211,0.033175124726770824
2023-02-15,413.9800109863281,0.197149734184063,0.222680638465421,0.1506756466281427,18.229999542236328,0.1822999954223632,0.033175124726770824
2023-02-16,408.2799987792969,0.1964708085728431,0.2151465956753377,0.1506756466281427,20.170000076293945,0.2017000007629394,0.033175124726770824
2023-02-17,407.260009765625,0.1984622491208199,0.2086569460540239,0.1548257988345636,20.020000457763672,0.2002000045776367,0.033175124726770824
2023-02-21,399.0899963378906,0.1871270564016595,0.2185135189969366,0.1516288441073908,22.8700008392334,0.2287000083923339,0.033175124726770824
2023-02-22,398.5400085449219,0.2000951084214369,0.212266664557617,0.1653545444858088,22.290000915527344,0.2229000091552734,0.033175124726770824
2023-02-23,400.6600036621094,0.1992066468936311,0.2372656399883316,0.1612043922793879,21.13999938964844,0.2113999938964843,0.033175124726770824
2023-02-24,396.3800048828125,0.1958803991573291,0.2287717897492208,0.1612043922793879,21.670000076293945,0.2167000007629394,0.033175124726770824
2023-02-27,397.7300109863281,0.1988344049215224,0.22214704528799,0.1653545444858088,20.950000762939453,0.2095000076293945,0.033175124726770824
2023-02-28,396.260009765625,0.1987396787719133,0.2241540723227493,0.1600748794925226,20.700000762939453,0.2070000076293945,0.033175124726770824
2023-03-01,394.739990234375,0.1990105981684203,0.2168893244304486,0.1528056019198908,20.57999992370605,0.2057999992370605,0.033175124726770824
2023-03-02,397.80999755859375,0.1923575466591032,0.2112466551193635,0.1528056019198908,19.59000015258789,0.1959000015258789,0.033175124726770824
2023-03-03,404.1900024414063,0.1920814278887318,0.2062301439708695,0.1513082092654719,18.489999771118164,0.1848999977111816,0.033175124726770824
2023-03-06,404.4700012207031,0.189695028830386,0.2039083929423084,0.1472810905826105,18.61000061035156,0.1861000061035156,0.033175124726770824
2023-03-07,398.2699890136719,0.1859120762673741,0.2155555505183034,0.1472810905826105,19.59000015258789,0.1959000015258789,0.033175124726770824
2023-03-08,398.9200134277344,0.1928186382607745,0.2086187671549853,0.1543288486850275,19.11000061035156,0.1911000061035156,0.033175124726770824
2023-03-09,391.55999755859375,0.1928998676282213,0.2219389629092502,0.1501786964786066,22.61000061035156,0.2261000061035156,0.033175124726770824
2023-03-10,385.9100036621094,0.198161652373637,0.214632886223591,0.1653545444858088,24.799999237060547,0.2479999923706054,0.033175124726770824
2023-03-13,385.3599853515625,0.2300865659214643,0.2624802818286226,0.1931845432245796,26.520000457763672,0.2652000045776367,0.06079930839181591
2023-03-14,391.7300109863281,0.1991035542791599,0.2419016223577062,0.1617859619510187,23.729999542236328,0.2372999954223632,0.033175124726770824
2023-03-15,389.2799987792969,0.2284120109495965,0.2609127190144008,0.1888822990381782,26.13999938964844,0.2613999938964844,0.06079930839181591
2023-03-16,396.1099853515625,0.1973404538226134,0.24119703857417,0.1653545444858088,22.989999771118164,0.2298999977111816,0.033175124726770824
2023-03-17,389.989990234375,0.2278512117250051,0.2632953021165387,0.1778566032373969,25.51000022888184,0.2551000022888183,0.06079930839181591
2023-03-20,393.739990234375,0.2031186193710946,0.2454747896207758,0.1632729023349299,24.149999618530277,0.2414999961853027,0.033175124726770824
2023-03-21,398.9100036621094,0.2058982745728051,0.2531556558231245,0.1555054443728937,21.3799991607666,0.213799991607666,0.033175124726770824
2023-03-22,392.1099853515625,0.2059366915507435,0.2481096668560277,0.156392504538299,22.26000022888184,0.2226000022888183,0.033175124726770824
2023-03-23,393.1700134277344,0.2099598378390257,0.2483367498945107,0.1675729721438898,22.61000061035156,0.2261000061035156,0.033175124726770824
2023-03-24,395.75,0.2090243221158352,0.2589138782994581,0.1600748794925226,21.739999771118164,0.2173999977111816,0.033175124726770824
2023-03-27,396.489990234375,0.2102184307281686,0.2486561906042154,0.1594616287601007,20.600000381469727,0.2060000038146972,0.033175124726770824
2023-03-28,395.6000061035156,0.2061908664701842,0.2411010690216874,0.1551194160830988,19.96999931335449,0.1996999931335449,0.033175124726770824
2023-03-29,401.3500061035156,0.2061843925055198,0.2320663239953635,0.1603398960483088,19.1200008392334,0.1912000083923339,0.033175124726770824
2023-03-30,403.7000122070313,0.2119629527176739,0.2244020004200738,0.1475461071383967,19.020000457763672,0.1902000045776367,0.033175124726770824
2023-03-31,409.3900146484375,0.2086761774373728,0.2298220376999495,0.1475461071383967,18.700000762939453,0.1870000076293945,0.033175124726770824
2023-04-03,410.9500122070313,0.213557724609046,0.2234878682230931,0.15303457912326,18.549999237060547,0.1854999923706054,0.033175124726770824
2023-04-04,408.6700134277344,0.2026317569125714,0.2282242498462878,0.15303457912326,19.0,0.19,0.033175124726770824
2023-04-05,407.6000061035156,0.20360849790454,0.2207920226741524,0.1567186230075373,19.07999992370605,0.1907999992370605,0.033175124726770824
2023-04-06,409.1900024414063,0.203351804576379,0.2162859284140885,0.15303457912326,18.399999618530277,0.1839999961853027,0.033175124726770824
2023-04-10,409.6099853515625,0.2000174218695134,0.2100520417053215,0.15303457912326,18.96999931335449,0.1896999931335449,0.033175124726770824
2023-04-11,409.7200012207031,0.1998692094245806,0.2042131387389214,0.15303457912326,19.100000381469727,0.1910000038146972,0.033175124726770824
2023-04-12,408.0499877929688,0.1992678365880309,0.1981161657796288,0.15303457912326,19.09000015258789,0.1909000015258789,0.033175124726770824
2023-04-13,413.4700012207031,0.1993345596129375,0.1925549239244836,0.1508876102817072,17.799999237060547,0.1779999923706054,0.033175124726770824
2023-04-14,412.4599914550781,0.202036550204653,0.1895460558437267,0.15303457912326,17.06999969482422,0.1706999969482422,0.033175124726770824
2023-04-17,413.9400024414063,0.1963488053267515,0.1978153029927581,0.15303457912326,16.950000762939453,0.1695000076293945,0.033175124726770824
2023-04-18,414.2099914550781,0.1965699280103309,0.1931486259026472,0.1501827686679377,16.829999923706055,0.1682999992370605,0.033175124726770824
2023-04-19,414.1400146484375,0.1888774042744876,0.1886962255159467,0.146538407171966,16.459999084472656,0.1645999908447265,0.033175124726770824
2023-04-20,411.8800048828125,0.1889388793574773,0.1839714842155618,0.1450003116977228,17.170000076293945,0.1717000007629394,0.033175124726770824
2023-04-21,412.2000122070313,0.1782703787723222,0.1797296293061074,0.1494316643130793,16.770000457763672,0.1677000045776367,0.033175124726770824
2023-04-24,412.6300048828125,0.1695721384835971,0.1794843166381873,0.1462911098849787,16.889999389648438,0.1688999938964843,0.033175124726770824
2023-04-25,406.0799865722656,0.1691632862134152,0.175617045052095,0.1462911098849787,18.76000022888184,0.1876000022888183,0.033175124726770824
2023-04-26,404.3599853515625,0.1725549874003465,0.1721697767581431,0.1592447822940363,18.84000015258789,0.1884000015258789,0.033175124726770824
2023-04-27,412.4100036621094,0.1716963462325003,0.1944593105091011,0.1593008106601252,17.030000686645508,0.170300006866455,0.033175124726770824
2023-04-28,415.9299926757813,0.1742638990768499,0.1916064103915077,0.1527540081393732,15.779999732971191,0.1577999973297119,0.033175124726770824
2023-05-01,415.510009765625,0.1658126516534296,0.2153796208976951,0.1534725445163264,16.079999923706055,0.1607999992370605,0.033175124726770824
2023-05-02,410.8399963378906,0.1641942145366176,0.2128059046785563,0.1539554375064387,17.780000686645508,0.177800006866455,0.033175124726770824
2023-05-03,408.0199890136719,0.1651351376182852,0.2063067756585063,0.1525402801883234,18.34000015258789,0.1834000015258789,0.033175124726770824
2023-05-04,405.1300048828125,0.1554839406370467,0.2114269881348307,0.1518878525149836,20.09000015258789,0.2009000015258789,0.033175124726770824
2023-05-05,412.6300048828125,0.1579172398830083,0.2092741786583486,0.1518878525149836,17.190000534057617,0.1719000053405761,0.033175124726770824
2023-05-08,412.739990234375,0.1671158895961435,0.2078328651575882,0.1486100738894953,16.979999542236328,0.1697999954223633,0.033175124726770824
2023-05-09,410.9299926757813,0.1671530381603202,0.224482489358323,0.1471599262607111,17.709999084472656,0.1770999908447265,0.033175124726770824
2023-05-10,412.8500061035156,0.1678247351901764,0.216696252839472,0.1487521999728693,16.940000534057617,0.1694000053405761,0.033175124726770824
2023-05-11,412.1300048828125,0.1622235671624255,0.2115685609709914,0.1476428192508234,16.93000030517578,0.1693000030517578,0.033175124726770824
2023-05-12,411.5899963378906,0.1615860295122289,0.2060081760294781,0.1453238552463068,17.030000686645508,0.170300006866455,0.033175124726770824
2023-05-15,413.010009765625,0.1551018219821464,0.200269330069396,0.1453238552463068,17.1200008392334,0.1712000083923339,0.033175124726770824
2023-05-16,410.25,0.1550104913838533,0.1948810529550536,0.1448409622561945,17.989999771118164,0.1798999977111816,0.033175124726770824
2023-05-17,415.2300109863281,0.1555392703364851,0.1901904787988206,0.1492274921786799,16.8700008392334,0.1687000083923339,0.033175124726770824
2023-05-18,419.2300109863281,0.1601348539113818,0.1902080238259994,0.1449824589145197,16.049999237060547,0.1604999923706054,0.033175124726770824
2023-05-19,418.6199951171875,0.1625339461040864,0.196174011732658,0.1449824589145197,16.809999465942383,0.1680999946594238,0.033175124726770824
2023-05-22,418.7900085449219,0.1627078588108091,0.1972181860151955,0.1449824589145197,17.209999084472656,0.1720999908447265,0.033175124726770824
2023-05-23,414.0899963378906,0.1627038924403525,0.192151380132709,0.1449824589145197,18.530000686645508,0.1853000068664551,0.033175124726770824
2023-05-24,411.0899963378906,0.1667989631071375,0.1871377486068599,0.1514049595248713,20.030000686645508,0.200300006866455,0.033175124726770824
2023-05-25,414.6499938964844,0.1628717159699255,0.1950740571668048,0.1520573871982111,19.13999938964844,0.1913999938964843,0.033175124726770824
2023-05-26,420.0199890136719,0.1652277741607741,0.1952283989704283,0.1471599262607111,17.950000762939453,0.1795000076293945,0.033175124726770824
2023-05-30,420.1799926757813,0.1701232515134995,0.1951265441030092,0.1471599262607111,17.459999084472656,0.1745999908447265,0.033175124726770824
2023-05-31,417.8500061035156,0.1701229251253092,0.2018020486165334,0.1471599262607111,17.940000534057617,0.1794000053405761,0.033175124726770824
2023-06-01,421.8200073242188,0.1712746321171903,0.1959175094883772,0.1515912788760676,15.649999618530272,0.1564999961853027,0.033175124726770824
2023-06-02,427.9200134277344,0.1630714573534938,0.1843498742506833,0.1328818987469085,14.600000381469728,0.1460000038146972,0.023692563346742863
2023-06-05,427.1000061035156,0.168662621300811,0.1855586283390249,0.1352567957500823,14.729999542236328,0.1472999954223632,0.023692563346742863
2023-06-06,428.0299987792969,0.1689702646328374,0.1952235596377217,0.1328818987469085,13.960000038146973,0.1396000003814697,0.023692563346742863
2023-06-07,426.5499877929688,0.1591750961566411,0.1896454824526273,0.1328818987469085,13.9399995803833,0.139399995803833,0.023692563346742863
2023-06-08,429.1300048828125,0.1588803153150197,0.18412754487472,0.1376678656200774,13.649999618530272,0.1364999961853027,0.023692563346742863
2023-06-09,429.8999938964844,0.1482104056426017,0.1804815595480925,0.1354231642345794,13.829999923706056,0.1382999992370605,0.023692563346742863
2023-06-12,433.7999877929688,0.1558964082570322,0.1875976387942745,0.1476485412967219,15.010000228881836,0.1501000022888183,0.033175124726770824
2023-06-13,436.6600036621094,0.148282400246291,0.1734542084790045,0.1380643747906096,14.609999656677246,0.1460999965667724,0.023692563346742863
2023-06-14,437.1799926757813,0.1427980468496676,0.1753134697606714,0.1406056212047942,13.880000114440918,0.1388000011444091,0.023692563346742863
2023-06-15,442.6000061035156,0.1396539098424806,0.1739113561978568,0.1406056212047942,14.5,0.145,0.023692563346742863
2023-06-16,439.4599914550781,0.1394901747750971,0.169670841088154,0.1406056212047942,13.539999961853027,0.1353999996185302,0.023692563346742863
2023-06-20,437.1799926757813,0.1334001028373632,0.177753493219628,0.1448698042492278,13.880000114440918,0.1388000011444091,0.023692563346742863
2023-06-21,434.9400024414063,0.1354177898453514,0.1785985283062219,0.1431605337719329,13.199999809265137,0.1319999980926513,0.023692563346742863
2023-06-22,436.510009765625,0.1358191453827213,0.1770384011268407,0.1431605337719329,12.90999984741211,0.1290999984741211,0.023692563346742863
2023-06-23,433.2099914550781,0.1356330118810908,0.1755787429133246,0.1416906069378264,13.4399995803833,0.134399995803833,0.023692563346742863
2023-06-26,431.4400024414063,0.1386365721707448,0.1718617301431503,0.1458132933239349,14.25,0.1425,0.023692563346742863
2023-06-27,436.1700134277344,0.139584664191869,0.174094147918306,0.1406192873577483,13.739999771118164,0.1373999977111816,0.023692563346742863
2023-06-28,436.3900146484375,0.1426796122710235,0.1719829914651924,0.1416906069378264,13.43000030517578,0.1343000030517578,0.023692563346742863
2023-06-29,438.1099853515625,0.1398656239624316,0.1770005110674452,0.1416906069378264,13.539999961853027,0.1353999996185302,0.023692563346742863
2023-06-30,443.2799987792969,0.1360207885529328,0.1724432484603832,0.1416906069378264,13.59000015258789,0.1359000015258789,0.023692563346742863
2023-07-03,443.7900085449219,0.1375161526458423,0.169240693048993,0.1406056212047942,13.56999969482422,0.1356999969482422,0.023692563346742863
2023-07-05,443.1300048828125,0.1370787417562831,0.1761730577342668,0.1406056212047942,14.18000030517578,0.1418000030517578,0.023692563346742863
2023-07-06,439.6600036621094,0.1470409539382678,0.1812750883801066,0.1501897877109064,15.4399995803833,0.154399995803833,0.033175124726770824
2023-07-07,438.5499877929688,0.1342789927071765,0.1680978964093953,0.1453750609020598,14.829999923706056,0.1482999992370605,0.023692563346742863
2023-07-10,439.6600036621094,0.1411122914916752,0.1808064752574485,0.1512747734439387,15.06999969482422,0.1506999969482421,0.033175124726770824
2023-07-11,442.4599914550781,0.1297609688073896,0.1681947474563977,0.1416906069378264,14.84000015258789,0.1484000015258789,0.023692563346742863
2023-07-12,446.0199890136719,0.1254186859531804,0.1647228246040085,0.1416906069378264,13.539999961853027,0.1353999996185302,0.023692563346742863
2023-07-13,449.55999755859375,0.1269385815988951,0.1642411138713672,0.1416906069378264,13.609999656677246,0.1360999965667724,0.023692563346742863
2023-07-14,449.2799987792969,0.1256201627152759,0.1658089322090051,0.1406056212047942,13.34000015258789,0.1334000015258789,0.023692563346742863
2023-07-17,450.8399963378906,0.1237656109929985,0.1670149812342555,0.1406056212047942,13.479999542236328,0.1347999954223633,0.023692563346742863
2023-07-18,454.1900024414063,0.1167473634824329,0.1635516355358057,0.1406056212047942,13.300000190734863,0.1330000019073486,0.023692563346742863
2023-07-19,455.2000122070313,0.1174490932311633,0.1609209409681467,0.1406056212047942,13.760000228881836,0.1376000022888183,0.023692563346742863
2023-07-20,452.1799926757813,0.1174494332405844,0.162084255853827,0.1406056212047942,13.989999771118164,0.1398999977111816,0.023692563346742863
2023-07-21,452.1799926757813,0.119605542054894,0.1591075959739903,0.1448698042492278,13.600000381469728,0.1360000038146972,0.023692563346742863
2023-07-24,454.2000122070313,0.118978071401429,0.1616254842483754,0.1407471178631194,13.90999984741211,0.1390999984741211,0.023692563346742863
2023-07-25,455.4400024414063,0.1192978912673417,0.1585395609658466,0.1407471178631194,13.859999656677246,0.1385999965667724,0.023692563346742863
2023-07-26,455.510009765625,0.1168421532599927,0.1570255709182579,0.1407471178631194,13.1899995803833,0.131899995803833,0.023692563346742863
2023-07-27,452.489990234375,0.115724606516356,0.1546960009122714,0.1407471178631194,14.40999984741211,0.144099998474121,0.023692563346742863
2023-07-28,456.9200134277344,0.1187771551117799,0.1522816384252505,0.137146081791342,13.329999923706056,0.1332999992370605,0.023692563346742863
2023-07-31,457.7900085449219,0.1163359023862049,0.1557933058735897,0.1374015616039641,13.630000114440918,0.1363000011444091,0.023692563346742863
2023-08-01,456.4800109863281,0.1128925318470536,0.1611096124849376,0.1374015616039641,13.93000030517578,0.1393000030517578,0.023692563346742863
2023-08-02,450.1300048828125,0.1211771556307724,0.1676986303517333,0.1448112934482111,16.09000015258789,0.1609000015258789,0.033175124726770824
2023-08-03,448.8399963378906,0.1305683933074288,0.1664650868527282,0.14898277934909,15.920000076293944,0.1592000007629394,0.033175124726770824
2023-08-04,446.80999755859375,0.1309892733531818,0.1842795469814687,0.1493991440188898,17.100000381469727,0.1710000038146972,0.033175124726770824
2023-08-07,450.7099914550781,0.1289808145678084,0.1811032418038217,0.1463300197970881,15.770000457763672,0.1577000045776367,0.033175124726770824
2023-08-08,448.75,0.1301878863286547,0.1796579574659085,0.1445549839389338,15.989999771118164,0.1598999977111816,0.033175124726770824
2023-08-09,445.75,0.1272727366137459,0.1813648479607509,0.1447919052493586,15.960000038146973,0.1596000003814697,0.033175124726770824
2023-08-10,445.9100036621094,0.1299628256953993,0.1796938706687408,0.1474446648013605,15.850000381469728,0.1585000038146972,0.033175124726770824
2023-08-11,445.6499938964844,0.1198870246520538,0.1712331069053401,0.1349708174328215,14.84000015258789,0.1484000015258789,0.023692563346742863
2023-08-14,448.1099853515625,0.1137341681369937,0.1671775999517487,0.1352759264568694,14.81999969482422,0.1481999969482421,0.023692563346742863
2023-08-15,442.8900146484375,0.1246419767519772,0.1732686981886929,0.1479292171847834,16.459999084472656,0.1645999908447265,0.033175124726770824
2023-08-16,439.6400146484375,0.1312068538112183,0.1721636550743602,0.1520519035708918,16.780000686645508,0.167800006866455,0.033175124726770824
2023-08-17,436.2900085449219,0.1308600256675881,0.1833546055337314,0.14898277934909,17.889999389648438,0.1788999938964843,0.033175124726770824
2023-08-18,436.5,0.1331894572118451,0.1849847205605142,0.1528562134158625,17.299999237060547,0.1729999923706054,0.033175124726770824
2023-08-21,439.3399963378906,0.1328727089160767,0.1867328545321365,0.1448600929629816,17.1299991607666,0.171299991607666,0.033175124726770824
2023-08-22,438.1499938964844,0.1329549648746083,0.1821668605470992,0.1479292171847834,16.969999313354492,0.1696999931335449,0.033175124726770824
2023-08-23,443.0299987792969,0.1299312926693724,0.1808934590116965,0.1479292171847834,15.979999542236328,0.1597999954223632,0.033175124726770824
2023-08-24,436.8900146484375,0.1328496645023452,0.1780314767269339,0.1479292171847834,17.200000762939453,0.1720000076293945,0.033175124726770824
2023-08-25,439.9700012207031,0.1404475687999979,0.183964773932465,0.1474446648013605,15.68000030517578,0.1568000030517578,0.033175124726770824
2023-08-28,442.760009765625,0.1422670892538574,0.1980051263329777,0.1433219784152521,15.079999923706056,0.1507999992370605,0.033175124726770824
2023-08-29,449.1600036621094,0.1319918768275558,0.1860207057247776,0.1383450506786712,14.449999809265137,0.1444999980926513,0.023692563346742863
2023-08-30,451.010009765625,0.1406605559872721,0.1833597770348648,0.1383450506786712,13.880000114440918,0.1388000011444091,0.023692563346742863
2023-08-31,450.3500061035156,0.139831802781785,0.1931221077096274,0.1361095808605559,13.56999969482422,0.1356999969482422,0.023692563346742863
2023-09-01,451.1900024414063,0.1399017820010905,0.1879976138860981,0.1351660917858489,13.09000015258789,0.1309000015258789,0.023692563346742863
2023-09-05,449.239990234375,0.1392287751415124,0.1828639003020526,0.1351660917858489,14.010000228881836,0.1401000022888183,0.023692563346742863
2023-09-06,446.2200012207031,0.1394764098169973,0.1778743707256483,0.1366360186199554,14.449999809265137,0.1444999980926513,0.023692563346742863
2023-09-07,444.8500061035156,0.1409156325993328,0.1755160606223026,0.1402322672466643,14.399999618530272,0.1439999961853027,0.023692563346742863
2023-09-08,445.5199890136719,0.1397539157182495,0.176037528899433,0.1375795076946624,13.84000015258789,0.1384000015258789,0.023692563346742863
2023-09-11,448.4500122070313,0.1356277753599826,0.1728774065227424,0.1361095808605559,13.800000190734863,0.1380000019073486,0.023692563346742863
2023-09-12,445.989990234375,0.1374876514277682,0.1687388132514239,0.1361095808605559,14.229999542236328,0.1422999954223632,0.023692563346742863
2023-09-13,446.510009765625,0.1381986510393157,0.167976773015853,0.1397661589245208,13.479999542236328,0.1347999954223633,0.023692563346742863
2023-09-14,450.3599853515625,0.1309654900102188,0.1678765203648732,0.1351660917858489,12.81999969482422,0.1281999969482422,0.023692563346742863
2023-09-15,443.3699951171875,0.133749622008488,0.1641686954829861,0.1351660917858489,13.789999961853027,0.1378999996185302,0.023692563346742863
2023-09-18,443.6300048828125,0.142487073529663,0.1666373444821597,0.141036577091635,14.0,0.14,0.023692563346742863
2023-09-19,442.7099914550781,0.1393523805008445,0.186370184554113,0.1369138907055266,14.109999656677246,0.1410999965667724,0.023692563346742863
2023-09-20,438.6400146484375,0.1484548533613169,0.1905405383624492,0.1456937473666681,15.140000343322754,0.1514000034332275,0.033175124726770824
2023-09-21,431.3900146484375,0.1499174950667524,0.1863701585253457,0.1464272182834162,17.540000915527344,0.1754000091552734,0.033175124726770824
2023-09-22,430.4200134277344,0.1591382160033107,0.1906494117699303,0.1450114506137385,17.200000762939453,0.1720000076293945,0.033175124726770824
2023-09-25,432.2300109863281,0.1591676196238746,0.2099084698425623,0.1399735515964045,16.899999618530273,0.1689999961853027,0.033175124726770824
2023-09-26,425.8800048828125,0.1585990296921739,0.2040090991593972,0.1399735515964045,18.940000534057617,0.1894000053405761,0.033175124726770824
2023-09-27,426.0499877929688,0.1612167757640052,0.199035357567867,0.1442185848605646,18.21999931335449,0.1821999931335449,0.033175124726770824
2023-09-28,428.5199890136719,0.1599743456393504,0.2120831640560916,0.1399735515964045,17.34000015258789,0.1734000015258789,0.033175124726770824
2023-09-29,427.4800109863281,0.1598952520610106,0.2053359226752308,0.1403758972537531,17.520000457763672,0.1752000045776367,0.033175124726770824
2023-10-02,427.30999755859375,0.1599581636266759,0.2010799573806809,0.1403758972537531,17.610000610351562,0.1761000061035156,0.033175124726770824
2023-10-03,421.5899963378906,0.1580476027772175,0.1960722252588521,0.1410269420993342,19.780000686645508,0.197800006866455,0.033175124726770824
2023-10-04,424.6600036621094,0.1633267363719598,0.1908800184364291,0.1451169365298762,18.57999992370605,0.1857999992370605,0.033175124726770824
2023-10-05,424.5,0.160507387936069,0.2024382775422479,0.1410269420993342,18.489999771118164,0.1848999977111816,0.033175124726770824
2023-10-06,429.5400085449219,0.1546748649757491,0.1997964129791368,0.1410269420993342,17.450000762939453,0.1745000076293945,0.033175124726770824
2023-10-09,432.2900085449219,0.1582736516423877,0.1942485174164535,0.1403758972537531,17.700000762939453,0.1770000076293945,0.033175124726770824
2023-10-10,434.5400085449219,0.1583048512863721,0.198872579304892,0.1403758972537531,17.030000686645508,0.170300006866455,0.033175124726770824
2023-10-11,436.3200073242188,0.1510099470810804,0.1957705280056798,0.1388571709048762,16.09000015258789,0.1609000015258789,0.033175124726770824
2023-10-12,433.6600036621094,0.1510009696101867,0.1920078957916693,0.1388571709048762,16.690000534057617,0.1669000053405761,0.033175124726770824
2023-10-13,431.5,0.1519092106342082,0.1878955244002905,0.1429798572909845,19.31999969482422,0.1931999969482422,0.033175124726770824
2023-10-16,436.0400085449219,0.1519842485802,0.1872906338264894,0.1403270977389826,17.209999084472656,0.1720999908447265,0.033175124726770824
2023-10-17,436.0199890136719,0.1567633898742839,0.1855722900650031,0.13965003665805,17.8799991607666,0.178799991607666,0.033175124726770824
2023-10-18,430.2099914550781,0.1555467639199257,0.1891358641453097,0.13965003665805,19.21999931335449,0.1921999931335449,0.033175124726770824
2023-10-19,426.4299926757813,0.1609527890827841,0.1844847980083109,0.1468391579043879,21.399999618530277,0.2139999961853027,0.033175124726770824
2023-10-20,421.1900024414063,0.1626349544587417,0.1970259787354715,0.1495632427585138,21.709999084472656,0.2170999908447265,0.033175124726770824
2023-10-23,420.4599914550781,0.1640318021254274,0.1990582541606264,0.1552308529269709,20.3700008392334,0.203700008392334,0.033175124726770824
2023-10-24,423.6300048828125,0.1636376347343439,0.2068471917754259,0.1531787937533869,18.96999931335449,0.1896999931335449,0.033175124726770824
2023-10-25,417.5499877929688,0.1663493997889877,0.2010359008398105,0.1531787937533869,20.190000534057617,0.2019000053405761,0.033175124726770824
2023-10-26,412.5499877929688,0.1674720270965558,0.1989490841878251,0.1552308529269709,20.68000030517578,0.2068000030517578,0.033175124726770824
2023-10-27,410.6799926757813,0.1647224176183493,0.2112942598646393,0.1552308529269709,21.270000457763672,0.2127000045776367,0.033175124726770824
2023-10-30,415.5899963378906,0.1645137364345957,0.2166656718936195,0.153822457159759,19.75,0.1975,0.033175124726770824
2023-10-31,418.2000122070313,0.1713411102163747,0.2116954573238103,0.1531787937533869,18.13999938964844,0.1813999938964843,0.033175124726770824
2023-11-01,422.6600036621094,0.171769349946406,0.2140856261661538,0.1531787937533869,16.8700008392334,0.1687000083923339,0.033175124726770824
2023-11-02,430.760009765625,0.1684473244237129,0.2094505672465007,0.1447870987308039,15.65999984741211,0.1565999984741211,0.033175124726770824
2023-11-03,434.6900024414063,0.1706433944972766,0.2008217124159309,0.129273004398764,14.90999984741211,0.1490999984741211,0.023692563346742863
2023-11-06,435.6900024414063,0.1725818014537237,0.2179454907196909,0.1300789736370452,14.890000343322754,0.1489000034332275,0.023692563346742863
2023-11-07,436.9299926757813,0.1654506580536586,0.2146653557573844,0.1300789736370452,14.8100004196167,0.1481000041961669,0.023692563346742863
2023-11-08,437.25,0.165573481522551,0.2070671387343264,0.129273004398764,14.449999809265137,0.1444999980926513,0.023692563346742863
2023-11-09,433.8399963378906,0.1743640233891144,0.2098312165214763,0.1388571709048762,15.289999961853027,0.1528999996185302,0.033175124726770824
2023-11-10,440.6099853515625,0.1667383758579075,0.1937001535002647,0.1341704653362639,14.170000076293944,0.1417000007629394,0.023692563346742863
2023-11-13,440.1900024414063,0.1733342656499348,0.1935645211526272,0.1294323538402922,14.760000228881836,0.1476000022888183,0.023692563346742863
2023-11-14,448.7300109863281,0.1668058305264025,0.203893818080249,0.1294323538402922,14.15999984741211,0.141599998474121,0.023692563346742863
2023-11-15,449.6799926757813,0.1752282333375475,0.1974520795770232,0.1335332583050139,14.18000030517578,0.1418000030517578,0.023692563346742863
2023-11-16,450.2300109863281,0.1750692142045045,0.2157168538764788,0.132766485081137,14.31999969482422,0.1431999969482421,0.023692563346742863
2023-11-17,450.7900085449219,0.1720811818918506,0.2080023361893925,0.132766485081137,13.800000190734863,0.1380000019073486,0.023692563346742863
2023-11-20,454.260009765625,0.1713699756597935,0.2008137631548914,0.132766485081137,13.40999984741211,0.1340999984741211,0.023692563346742863
2023-11-21,453.2699890136719,0.1721132943520351,0.1942333043800469,0.132766485081137,13.350000381469728,0.1335000038146972,0.023692563346742863
2023-11-22,455.0199890136719,0.1722914008240829,0.1918814330689835,0.1302252195934661,12.850000381469728,0.1285000038146972,0.023692563346742863
2023-11-24,455.2999877929688,0.1707046128807367,0.1867386350370183,0.1294323538402922,12.460000038146973,0.1246000003814697,0.023692563346742863
2023-11-27,454.4800109863281,0.1693456982749727,0.1821159555479879,0.1318142698864348,12.6899995803833,0.126899995803833,0.023692563346742863
2023-11-28,454.9299926757813,0.1672924634107953,0.1771271319959009,0.1318142698864348,12.6899995803833,0.126899995803833,0.023692563346742863
2023-11-29,454.6099853515625,0.167229286565484,0.1731727686870715,0.129273004398764,12.979999542236328,0.1297999954223632,0.023692563346742863
2023-11-30,456.3999938964844,0.1600919483641895,0.1689977694723627,0.129273004398764,12.920000076293944,0.1292000007629394,0.023692563346742863
2023-12-01,459.1000061035156,0.1561946013499571,0.1654051134274745,0.1318142698864348,12.630000114440918,0.1263000011444091,0.023692563346742863
2023-12-04,456.6900024414063,0.1486844482322538,0.1628539252923748,0.1318142698864348,13.079999923706056,0.1307999992370605,0.023692563346742863
2023-12-05,456.6000061035156,0.1503005807089787,0.1620917782585166,0.1343488310436614,12.850000381469728,0.1285000038146972,0.023692563346742863
2023-12-06,454.760009765625,0.1497852490268912,0.1624324168631287,0.1318142698864348,12.970000267028809,0.129700002670288,0.023692563346742863
2023-12-07,458.2300109863281,0.1405250250083454,0.1593285409315178,0.133406543598593,13.0600004196167,0.130600004196167,0.023692563346742863
2023-12-08,460.2000122070313,0.1318845688297068,0.1586907123304008,0.1318142698864348,12.350000381469728,0.1235000038146972,0.023692563346742863
2023-12-11,461.989990234375,0.1289841990162942,0.1603600198624022,0.1318142698864348,12.630000114440918,0.1263000011444091,0.023692563346742863
2023-12-12,464.1000061035156,0.1261485090728765,0.1585621707808373,0.1318142698864348,12.06999969482422,0.1206999969482421,0.023692563346742863
2023-12-13,470.5,0.1258809163313949,0.156685669233932,0.1318142698864348,12.1899995803833,0.121899995803833,0.023692563346742863
2023-12-14,472.010009765625,0.1281654857362073,0.1555271664634732,0.1326071356396087,12.479999542236328,0.1247999954223632,0.023692563346742863
2023-12-15,469.3299865722656,0.1171810842233775,0.1687550877545146,0.134145240650595,12.279999732971191,0.1227999973297119,0.023692563346742863
2023-12-18,471.9700012207031,0.1188765200100775,0.1655005271731755,0.1367298220257171,12.5600004196167,0.125600004196167,0.023692563346742863
2023-12-19,474.8399963378906,0.1192672797462036,0.1658984684622069,0.1326071356396087,12.529999732971191,0.1252999973297119,0.023692563346742863
2023-12-20,468.260009765625,0.1197621283483329,0.1645233761520905,0.1326071356396087,13.670000076293944,0.1367000007629394,0.023692563346742863
2023-12-21,472.7000122070313,0.1316964077268812,0.1638905194162556,0.1374556826214202,13.649999618530272,0.1364999961853027,0.023692563346742863
2023-12-22,473.6499938964844,0.1289954082107103,0.1798615078219113,0.1333329962353118,13.029999732971191,0.1302999973297119,0.023692563346742863
2023-12-26,475.6499938964844,0.1218278335417337,0.1812911135878004,0.1341258619884856,12.989999771118164,0.1298999977111816,0.023692563346742863
2023-12-27,476.510009765625,0.1213761317054915,0.1764632453503495,0.1341258619884856,12.43000030517578,0.1243000030517578,0.023692563346742863
2023-12-28,476.6900024414063,0.1073345494855562,0.172967370497289,0.1341258619884856,12.470000267028809,0.124700002670288,0.023692563346742863
2023-12-29,475.30999755859375,0.1074827632695299,0.1688691694054176,0.1326071356396087,12.449999809265137,0.1244999980926513,0.023692563346742863
2024-01-02,472.6499938964844,0.1087017775905714,0.1650726417533941,0.1340770624737151,13.199999809265137,0.1319999980926513,0.023692563346742863
2024-01-03,468.7900085449219,0.1115066588941058,0.1628947440910514,0.1359369562725432,14.039999961853027,0.1403999996185302,0.023692563346742863
2024-01-04,467.2799987792969,0.114106900426837,0.1635216159913822,0.1349144171337493,14.130000114440918,0.1413000011444092,0.023692563346742863
2024-01-05,467.9200134277344,0.1144975311148282,0.167653431841535,0.1322616575817473,13.350000381469728,0.1335000038146972,0.023692563346742863
2024-01-08,474.6000061035156,0.1141022833322524,0.165427376331683,0.1307917307476409,13.079999923706056,0.1307999992370605,0.023692563346742863
2024-01-09,473.8800048828125,0.1221001161086132,0.1621018395637965,0.1307917307476409,12.760000228881836,0.1276000022888183,0.023692563346742863
2024-01-10,476.55999755859375,0.1220196704548804,0.1750539748389311,0.1307917307476409,12.6899995803833,0.126899995803833,0.023692563346742863
2024-01-11,476.3500061035156,0.1227786577749555,0.1711440268989536,0.129273004398764,12.4399995803833,0.124399995803833,0.023692563346742863
2024-01-12,476.6799926757813,0.1227266993743875,0.1692085939864809,0.129273004398764,12.699999809265137,0.1269999980926513,0.023692563346742863
2024-01-16,474.9299926757813,0.1225043496673335,0.165497060390606,0.129273004398764,13.84000015258789,0.1384000015258789,0.023692563346742863
2024-01-17,472.2900085449219,0.1226990727696356,0.1619970118649711,0.1307429312328704,14.789999961853027,0.1478999996185303,0.023692563346742863
2024-01-18,476.489990234375,0.1228846661171329,0.1607271550345574,0.1333956907848723,14.130000114440918,0.1413000011444092,0.023692563346742863
2024-01-19,482.4299926757813,0.125325811834993,0.1615559736058207,0.129273004398764,13.300000190734863,0.1330000019073486,0.023692563346742863
2024-01-22,483.4500122070313,0.1287849606785002,0.164621244426172,0.1318142698864348,13.1899995803833,0.131899995803833,0.023692563346742863
2024-01-23,484.8599853515625,0.1274077914016715,0.1732499342807758,0.1318142698864348,12.550000190734863,0.1255000019073486,0.023692563346742863
2024-01-24,485.3900146484375,0.1271954046608129,0.1691743821192721,0.1318142698864348,13.140000343322754,0.1314000034332275,0.023692563346742863
2024-01-25,488.0299987792969,0.1270171385373541,0.1657273323748244,0.1318028257946379,13.449999809265137,0.1344999980926513,0.023692563346742863
2024-01-26,487.4100036621094,0.1272636466784945,0.1622153274197599,0.1318028257946379,13.260000228881836,0.1326000022888183,0.023692563346742863
2024-01-29,491.2699890136719,0.120918237933791,0.1610450877816826,0.1330358313183196,13.600000381469728,0.1360000038146972,0.023692563346742863
2024-01-30,490.8900146484375,0.1227400732732698,0.1583908042153673,0.1304945658306487,13.3100004196167,0.133100004196167,0.023692563346742863
2024-01-31,482.8800048828125,0.1206203705934874,0.1603809758393022,0.1307996748546966,14.350000381469728,0.1435000038146972,0.023692563346742863
2024-02-01,489.2000122070313,0.1332729003195684,0.1578630535102144,0.1349029730419524,13.880000114440918,0.1388000011444091,0.023692563346742863
2024-02-02,494.3500061035156,0.1380775834749926,0.1817346274926433,0.1323184012035735,13.850000381469728,0.1385000038146972,0.023692563346742863
2024-02-05,492.5499877929688,0.1317831275783426,0.1889247876644778,0.1361095808605559,13.670000076293944,0.1367000007629394,0.023692563346742863
2024-02-06,493.9800109863281,0.1304138202837559,0.1906870899782371,0.1363295839886077,13.0600004196167,0.130600004196167,0.023692563346742863
2024-02-07,498.1000061035156,0.1304903280860122,0.1864717546339183,0.1361095808605559,12.829999923706056,0.1282999992370605,0.023692563346742863
2024-02-08,498.3200073242188,0.1321102893991363,0.1814735242666856,0.1377073382000335,12.789999961853027,0.1278999996185302,0.023692563346742863
2024-02-09,501.2000122070313,0.1321603696116752,0.1811818083067535,0.1351660917858489,12.93000030517578,0.1293000030517578,0.023692563346742863
2024-02-12,500.9800109863281,0.1327983928868577,0.1762740361700681,0.1377073382000335,13.93000030517578,0.1393000030517578,0.023692563346742863
2024-02-13,494.0799865722656,0.1416831333525696,0.1834971268204157,0.1472915047061457,15.850000381469728,0.1585000038146972,0.033175124726770824
2024-02-14,498.5700073242188,0.1396478897560246,0.169902159898298,0.1402322672466643,14.380000114440918,0.1438000011444092,0.023692563346742863
2024-02-15,502.010009765625,0.1377566137503766,0.1842880290163217,0.1386508272747405,14.010000228881836,0.1401000022888183,0.023692563346742863
2024-02-16,499.510009765625,0.1373794282981431,0.1846337644752345,0.1386508272747405,14.239999771118164,0.1423999977111816,0.023692563346742863
2024-02-20,496.760009765625,0.149043806390423,0.1920163149687088,0.1497049206149591,15.420000076293944,0.1542000007629394,0.033175124726770824
2024-02-21,497.2099914550781,0.1452917645751026,0.1897655165447531,0.1518915718448176,15.34000015258789,0.1534000015258789,0.033175124726770824
2024-02-22,507.5,0.1353332584450603,0.1786820488216501,0.1351660917858489,14.539999961853027,0.1453999996185302,0.023692563346742863
2024-02-23,507.8500061035156,0.1479452732396503,0.1742555069356738,0.1385116480450042,13.75,0.1375,0.023692563346742863
2024-02-26,505.989990234375,0.1477763903645348,0.2007471583775542,0.1385116480450042,13.739999771118164,0.1373999977111816,0.023692563346742863
2024-02-27,506.9299926757813,0.1489153636361365,0.1941446604288305,0.1401039217571624,13.43000030517578,0.1343000030517578,0.023692563346742863
2024-02-28,506.260009765625,0.1476922212994241,0.1896433204007435,0.1385116480450042,13.84000015258789,0.1384000015258789,0.023692563346742863
2024-02-29,508.0799865722656,0.1459009268000184,0.1840807432998902,0.1385116480450042,13.399999618530272,0.1339999961853027,0.023692563346742863
2024-03-01,512.8499755859375,0.1443746793659276,0.1792907356098705,0.1385116480450042,13.109999656677246,0.1310999965667724,0.023692563346742863
2024-03-04,512.2999877929688,0.1423841238543131,0.1752239151382039,0.1385116480450042,13.489999771118164,0.1348999977111816,0.023692563346742863
2024-03-05,507.1799926757813,0.1427535654384838,0.1770718417960839,0.1385116480450042,14.460000038146973,0.1446000003814697,0.023692563346742863
2024-03-06,509.75,0.147868459519138,0.1728577172353663,0.1437001703838714,14.5,0.145,0.023692563346742863
2024-03-07,514.8099975585938,0.1482845489954566,0.1787139981912938,0.1394551371197112,14.4399995803833,0.144399995803833,0.023692563346742863
2024-03-08,511.7200012207031,0.1501613782739932,0.1755818409861876,0.1394551371197112,14.739999771118164,0.1473999977111816,0.023692563346742863
2024-03-11,511.2799987792969,0.1615573591071643,0.1877426019698902,0.150743090475799,15.220000267028809,0.152200002670288,0.033175124726770824
2024-03-12,516.780029296875,0.1507495861533358,0.1774238412908839,0.1394551371197112,13.84000015258789,0.1384000015258789,0.023692563346742863
2024-03-13,515.969970703125,0.1534711226701302,0.1731124386638368,0.1385116480450042,13.75,0.1375,0.023692563346742863
2024-03-14,514.9500122070312,0.1415433004418885,0.1772986993463101,0.1385116480450042,14.399999618530272,0.1439999961853027,0.023692563346742863
2024-03-15,509.8299865722656,0.1374916247722007,0.1732115364569341,0.1411995028118499,14.40999984741211,0.144099998474121,0.023692563346742863
2024-03-18,512.8599853515625,0.1393770367300912,0.1697194302054227,0.141036577091635,14.329999923706056,0.1432999992370605,0.023692563346742863
2024-03-19,515.7100219726562,0.1393105115962713,0.17592806279081,0.1369138907055266,13.81999969482422,0.1381999969482422,0.023692563346742863
2024-03-20,520.47998046875,0.1398805322239697,0.1737399711536985,0.1382456873516448,13.039999961853027,0.1303999996185302,0.023692563346742863
2024-03-21,522.2000122070312,0.1403851778406395,0.1714654859786742,0.1474128531078704,12.920000076293944,0.1292000007629394,0.023692563346742863
2024-03-22,521.2100219726562,0.1404524258872107,0.1735613422735627,0.1448716066936858,13.0600004196167,0.130600004196167,0.023692563346742863
2024-03-25,519.77001953125,0.1401864141863261,0.1698718818663444,0.1458796499828704,13.1899995803833,0.131899995803833,0.023692563346742863
2024-03-26,518.8099975585938,0.1407083072277613,0.1666262977958803,0.1392537306408294,13.239999771118164,0.1323999977111816,0.023692563346742863
2024-03-27,523.1699829101562,0.1317462323389754,0.1641909343781611,0.1458796499828704,12.779999732971191,0.1277999973297119,0.023692563346742863
2024-03-28,523.0700073242188,0.1313488455762984,0.1614766546374705,0.1484208963970549,13.010000228881836,0.1301000022888183,0.023692563346742863
2024-04-01,522.1599731445312,0.1302795283569791,0.1636819401752464,0.1484208963970549,13.649999618530272,0.1364999961853027,0.023692563346742863
2024-04-02,518.8400268554688,0.1289444475503288,0.1604550387301105,0.1392537306408294,14.609999656677246,0.1460999965667724,0.023692563346742863
2024-04-03,519.4099731445312,0.12948970245023,0.1580476113892925,0.1417560385326751,14.329999923706056,0.1432999992370605,0.023692563346742863
2024-04-04,513.0700073242188,0.1390656732047495,0.1697366589831456,0.1482424229037775,16.350000381469727,0.1635000038146972,0.033175124726770824
2024-04-05,518.4299926757812,0.1298703920551302,0.1668465116456161,0.1506207435977473,16.030000686645508,0.160300006866455,0.033175124726770824
2024-04-08,518.719970703125,0.1342806878162323,0.1798864043148999,0.1475229614627375,15.1899995803833,0.151899995803833,0.033175124726770824
2024-04-09,519.3200073242188,0.1238127582685719,0.1743123897196696,0.1379387949566253,14.979999542236328,0.1497999954223632,0.023692563346742863
2024-04-10,514.1199951171875,0.1333553713146024,0.1795779632715258,0.1475229614627375,15.800000190734863,0.1580000019073486,0.033175124726770824
2024-04-11,518.0,0.1286556821781909,0.1661635397632553,0.141036577091635,14.90999984741211,0.1490999984741211,0.023692563346742863
2024-04-12,510.8500061035156,0.1398939393790991,0.1826002889771174,0.1475229614627375,17.309999465942383,0.1730999946594238,0.033175124726770824
2024-04-15,504.4500122070313,0.1447659149035815,0.1824948977079437,0.1506207435977473,19.229999542236328,0.1922999954223632,0.033175124726770824
2024-04-16,503.5299987792969,0.1506601713404581,0.196323622230159,0.1502183979403986,18.399999618530277,0.1839999961853027,0.033175124726770824
2024-04-17,500.5499877929688,0.1471176792554888,0.2047643731156485,0.1471206158053888,18.209999084472656,0.1820999908447265,0.033175124726770824
2024-04-18,499.5199890136719,0.1471195351473324,0.1991745880447308,0.1502183979403986,18.0,0.18,0.033175124726770824
2024-04-19,495.1600036621094,0.1425586346762818,0.197052833681895,0.1471206158053888,18.709999084472656,0.1870999908447265,0.033175124726770824
2024-04-22,499.7200012207031,0.1439738535360498,0.192281464496942,0.1506207435977473,16.940000534057617,0.1694000053405761,0.033175124726770824
2024-04-23,505.6499938964844,0.148062466767261,0.1946368369349974,0.147829853857757,15.6899995803833,0.156899995803833,0.033175124726770824
2024-04-24,505.4100036621094,0.1490900349074816,0.1950767217507961,0.147829853857757,15.970000267028809,0.159700002670288,0.033175124726770824
2024-04-25,503.489990234375,0.1490654257618165,0.1993010734400939,0.1475229614627375,15.369999885559082,0.1536999988555908,0.033175124726770824
2024-04-26,508.260009765625,0.1493697063476143,0.1937699870402985,0.148461767996551,15.029999732971191,0.1502999973297119,0.033175124726770824
2024-04-29,510.05999755859375,0.1400252845860758,0.1807621830720728,0.1359704016308196,14.670000076293944,0.1467000007629394,0.023692563346742863
2024-04-30,501.9800109863281,0.148705074320061,0.1915632184006939,0.1455545681369318,15.649999618530272,0.1564999961853027,0.033175124726770824
2024-05-01,500.3500061035156,0.1562527072297214,0.1873640123261183,0.150743090475799,15.390000343322754,0.1539000034332275,0.033175124726770824
2024-05-02,505.0299987792969,0.1428552330481518,0.1953579170492865,0.1385061644176848,14.68000030517578,0.1468000030517578,0.023692563346742863
2024-05-03,511.2900085449219,0.1462354060068511,0.1905160600964821,0.1369138907055266,13.489999771118164,0.1348999977111816,0.023692563346742863
2024-05-06,516.5700073242188,0.1524580384176077,0.1904961558925829,0.1369138907055266,13.489999771118164,0.1348999977111816,0.023692563346742863
2024-05-07,517.1400146484375,0.1562188722380403,0.194973246076965,0.1369138907055266,13.229999542236328,0.1322999954223633,0.023692563346742863
2024-05-08,517.1900024414062,0.1561766459259163,0.1956197961118941,0.1359704016308196,13.0,0.13,0.023692563346742863
2024-05-09,520.1699829101562,0.1536340880852507,0.1894697542181795,0.1359704016308196,12.6899995803833,0.126899995803833,0.023692563346742863
2024-05-10,520.8400268554688,0.1548892986509691,0.1838856880747787,0.1359704016308196,12.550000190734863,0.1255000019073486,0.023692563346742863
2024-05-13,520.9099731445312,0.1548711375013972,0.1807380317314492,0.1359704016308196,13.600000381469728,0.1360000038146972,0.023692563346742863
2024-05-14,523.2999877929688,0.1534590131007561,0.1759041320489788,0.1359704016308196,13.420000076293944,0.1342000007629394,0.023692563346742863
2024-05-15,529.780029296875,0.1540939548158644,0.1715157178812371,0.1359704016308196,12.449999809265137,0.1244999980926513,0.023692563346742863
2024-05-16,528.6900024414062,0.1529561826325658,0.1687534132669595,0.1359704016308196,12.420000076293944,0.1242000007629394,0.023692563346742863
2024-05-17,529.4500122070312,0.1500874588482236,0.176371499189081,0.1359704016308196,11.989999771118164,0.1198999977111816,0.023692563346742863
2024-05-20,530.0599975585938,0.1501066088920552,0.1726011471526859,0.1359704016308196,12.149999618530272,0.1214999961853027,0.023692563346742863
2024-05-21,531.3599853515625,0.1501064609002589,0.1685148135350875,0.1359704016308196,11.859999656677246,0.1185999965667724,0.023692563346742863
2024-05-22,529.8300170898438,0.1458266890910888,0.1647802118238413,0.1359704016308196,12.289999961853027,0.1228999996185302,0.023692563346742863
2024-05-23,525.9600219726562,0.1447814397653162,0.1616250616297519,0.1375626753429778,12.770000457763672,0.1277000045776367,0.023692563346742863
2024-05-24,529.4400024414062,0.1390348949333605,0.1597688565229927,0.1402154348949797,11.93000030517578,0.1193000030517578,0.023692563346742863
2024-05-28,529.8099975585938,0.1323434120364552,0.1629686196391896,0.1359704016308196,12.920000076293944,0.1292000007629394,0.023692563346742863
2024-05-29,526.0999755859375,0.1318675586479417,0.1628218734109826,0.1385116480450042,14.279999732971191,0.1427999973297119,0.023692563346742863
2024-05-30,522.6099853515625,0.1326100467149227,0.1595858773501325,0.141036577091635,14.470000267028809,0.1447000026702881,0.023692563346742863
2024-05-31,527.3699951171875,0.1348604104292417,0.1623567348421256,0.141036577091635,12.920000076293944,0.1292000007629394,0.023692563346742863
2024-06-03,527.7999877929688,0.132358878792998,0.1642769306188126,0.1394551371197112,13.109999656677246,0.1310999965667724,0.023692563346742863
2024-06-04,528.3900146484375,0.1302933977519101,0.1670443291463149,0.1394551371197112,13.15999984741211,0.1315999984741211,0.023692563346742863
2024-06-05,534.6699829101562,0.1259219392742109,0.1634124939112828,0.1394551371197112,12.630000114440918,0.1263000011444091,0.023692563346742863
2024-06-06,534.6599731445312,0.1300948172680067,0.1601925248526994,0.1385116480450042,12.579999923706056,0.1257999992370605,0.023692563346742863
2024-06-07,534.010009765625,0.1288338857548895,0.1682001633367257,0.1385116480450042,12.220000267028809,0.122200002670288,0.023692563346742863
2024-06-10,535.6599731445312,0.1267952919778693,0.1645095547624717,0.1385116480450042,12.739999771118164,0.1273999977111816,0.023692563346742863
2024-06-11,536.9500122070312,0.1267319501099823,0.1614795256166125,0.1385116480450042,12.850000381469728,0.1285000038146972,0.023692563346742863
2024-06-12,541.3599853515625,0.1115324972208731,0.1588547307317956,0.1385116480450042,12.039999961853027,0.1203999996185302,0.023692563346742863
2024-06-13,542.4500122070312,0.1114672074176563,0.1562541362570897,0.1385116480450042,11.9399995803833,0.119399995803833,0.023692563346742863
2024-06-14,542.780029296875,0.1091430145889554,0.1588157972068697,0.1385116480450042,12.65999984741211,0.1265999984741211,0.023692563346742863
2024-06-17,547.0999755859375,0.1038044853113291,0.1560881091150907,0.1385116480450042,12.75,0.1275,0.023692563346742863
2024-06-18,548.489990234375,0.1019195958851585,0.1535120598859897,0.1385116480450042,12.300000190734863,0.1230000019073486,0.023692563346742863
2024-06-20,547.0,0.1018891805611709,0.156082936448277,0.1385116480450042,13.279999732971191,0.1327999973297119,0.023692563346742863
2024-06-21,544.510009765625,0.1029474415860818,0.1537673278413726,0.1385116480450042,13.199999809265137,0.1319999980926513,0.023692563346742863
2024-06-24,542.739990234375,0.1042949228115129,0.1526168153877404,0.1399815748791106,13.329999923706056,0.1332999992370605,0.023692563346742863
2024-06-25,544.8300170898438,0.1055424412366733,0.153179306590166,0.1374403284649261,12.84000015258789,0.1284000015258789,0.023692563346742863
2024-06-26,545.510009765625,0.1057476294760156,0.1524704264486305,0.1359704016308196,12.550000190734863,0.1255000019073486,0.023692563346742863
2024-06-27,546.3699951171875,0.1052276299392973,0.1511150498488815,0.1359704016308196,12.239999771118164,0.1223999977111816,0.023692563346742863
2024-06-28,544.219970703125,0.0981939739344222,0.1489885159810047,0.1351660917858489,12.4399995803833,0.124399995803833,0.023692563346742863
2024-07-01,545.3400268554688,0.0991038158159469,0.1471381026083768,0.1374403284649261,12.220000267028809,0.122200002670288,0.023692563346742863
2024-07-02,549.010009765625,0.0991581898373529,0.1476982766097334,0.1351660917858489,12.029999732971191,0.1202999973297119,0.023692563346742863
2024-07-03,551.4600219726562,0.1009963943016991,0.1461176979524827,0.1351660917858489,12.09000015258789,0.1209000015258789,0.023692563346742863
2024-07-05,554.6400146484375,0.1015079807978777,0.1480843526950798,0.1351660917858489,12.479999542236328,0.1247999954223632,0.023692563346742863
2024-07-08,555.280029296875,0.1015120014410003,0.1476429632733159,0.1351660917858489,12.369999885559082,0.1236999988555908,0.023692563346742863
2024-07-09,555.8200073242188,0.0966467821943888,0.1483150923505398,0.1351660917858489,12.510000228881836,0.1251000022888183,0.023692563346742863
2024-07-10,561.3200073242188,0.0952422758994642,0.1464148285714733,0.1377073382000335,12.850000381469728,0.1285000038146972,0.023692563346742863
2024-07-11,556.47998046875,0.0990869663682937,0.144932164675143,0.1403951929668792,12.920000076293944,0.1292000007629394,0.023692563346742863
2024-07-12,559.989990234375,0.1009711308729105,0.1519397304833203,0.1427735136608489,12.460000038146973,0.1246000003814697,0.023692563346742863
2024-07-15,561.530029296875,0.0973621118486863,0.158421527043002,0.1386508272747405,13.119999885559082,0.1311999988555908,0.023692563346742863
2024-07-16,564.8599853515625,0.0945072070499136,0.1583742397493678,0.1386508272747405,13.1899995803833,0.131899995803833,0.023692563346742863
2024-07-17,556.9400024414062,0.0952222631075953,0.1558994910894546,0.1386508272747405,14.479999542236328,0.1447999954223632,0.023692563346742863
2024-07-18,552.6599731445312,0.1196761715032053,0.1657537097970544,0.1523576801669611,15.93000030517578,0.1593000030517578,0.033175124726770824
2024-07-19,548.989990234375,0.1185059742557029,0.1833044987837817,0.1498164337527766,16.520000457763672,0.1652000045776367,0.033175124726770824
2024-07-22,554.6500244140625,0.1119274043705751,0.1756468180600104,0.1398299215893157,14.90999984741211,0.1490999984741211,0.023692563346742863
2024-07-23,553.780029296875,0.1158257483195746,0.1760128103185599,0.1357072352032073,14.720000267028809,0.1472000026702881,0.023692563346742863
2024-07-24,541.22998046875,0.1256229353539379,0.188517777104567,0.1452914017093195,18.040000915527344,0.1804000091552734,0.033175124726770824
2024-07-25,538.4099731445312,0.1495587486064015,0.1848482577990594,0.1502183979403986,18.459999084472656,0.1845999908447265,0.033175124726770824
2024-07-26,544.4400024414062,0.1480623853374125,0.2228647829424308,0.146843582953216,16.389999389648438,0.1638999938964843,0.033175124726770824
2024-07-29,544.760009765625,0.1526893927558666,0.217852799470563,0.1445693462741389,16.600000381469727,0.1660000038146972,0.033175124726770824
2024-07-30,542.0,0.152688661015133,0.2180409824950035,0.1452914017093195,17.690000534057617,0.1769000053405761,0.033175124726770824
2024-07-31,550.8099975585938,0.1511884359275578,0.2108045774152,0.1429701488864435,16.360000610351562,0.1636000061035156,0.033175124726770824
2024-08-01,543.010009765625,0.1605709763635697,0.2069172147350069,0.1447502582919611,18.59000015258789,0.1859000015258789,0.033175124726770824
2024-08-02,532.9000244140625,0.1672719754490711,0.2177219799761277,0.1466468017947687,23.38999938964844,0.2338999938964844,0.033175124726770824
2024-08-05,517.3800048828125,0.2052306371526754,0.2541171760408091,0.1731275611841743,38.56999969482422,0.3856999969482422,0.06079930839181591
2024-08-06,522.1500244140625,0.2283123773816054,0.2718029730916383,0.1790239959681098,27.709999084472656,0.2770999908447266,0.06079930839181591
2024-08-07,518.6599731445312,0.2306088535168235,0.3145777550245717,0.1688167625391547,27.850000381469727,0.2785000038146972,0.06079930839181591
2024-08-08,530.6500244140625,0.2034050650011888,0.2780227334125049,0.145606839026214,23.790000915527344,0.2379000091552734,0.033175124726770824
2024-08-09,532.989990234375,0.2180568710362252,0.2696213752380956,0.1476407974612726,20.3700008392334,0.203700008392334,0.033175124726770824
2024-08-12,533.27001953125,0.2184994442255518,0.2845571159139072,0.1482918423068537,20.709999084472656,0.2070999908447265,0.033175124726770824
2024-08-13,542.0399780273438,0.2183480750643406,0.2728278295754671,0.1419660347354426,18.1200008392334,0.181200008392334,0.033175124726770824
2024-08-14,543.75,0.2239185070335619,0.2614815848176823,0.1431990402591242,16.190000534057617,0.1619000053405761,0.033175124726770824
2024-08-15,553.0700073242188,0.2236562600544744,0.264550882935161,0.1418245380771174,15.229999542236328,0.1522999954223632,0.033175124726770824
2024-08-16,554.3099975585938,0.220170085151734,0.2445600032282324,0.1354161451916106,14.800000190734863,0.1480000019073486,0.023692563346742863
2024-08-19,559.6099853515625,0.2202583346088065,0.2498265937513162,0.1369542406658538,14.649999618530272,0.1464999961853027,0.023692563346742863
2024-08-20,558.7000122070312,0.2318480801717984,0.2490723361491933,0.1501827686679377,15.880000114440918,0.1588000011444091,0.033175124726770824
2024-08-21,560.6199951171875,0.2297201265716002,0.2440198993498493,0.1501827686679377,16.270000457763672,0.1627000045776367,0.033175124726770824
2024-08-22,556.219970703125,0.2282412840746454,0.2350798166600504,0.1501827686679377,17.549999237060547,0.1754999923706054,0.033175124726770824
2024-08-23,562.1300048828125,0.228768052987293,0.2269515597874029,0.1527953785312189,15.859999656677246,0.1585999965667724,0.033175124726770824
2024-08-26,560.7899780273438,0.2311843440862506,0.2241398073699842,0.1494360130679621,16.149999618530273,0.1614999961853027,0.033175124726770824
2024-08-27,561.5599975585938,0.2304781529510298,0.2229378413480424,0.1525051372897639,15.43000030517578,0.1543000030517578,0.033175124726770824
2024-08-28,558.2999877929688,0.225909416459831,0.2160125424129131,0.1525051372897639,17.110000610351562,0.1711000061035156,0.033175124726770824
2024-08-29,558.3499755859375,0.2252824066857885,0.2089787813022718,0.1527953785312189,15.649999618530272,0.1564999961853027,0.033175124726770824
2024-08-30,563.6799926757812,0.2240918003773149,0.2057799201439891,0.1462333076846613,15.0,0.15,0.033175124726770824
2024-09-03,552.0800170898438,0.2237596780670729,0.1996345163021509,0.1501827686679377,20.71999931335449,0.2071999931335449,0.033175124726770824
2024-09-04,550.9500122070312,0.2338455504969783,0.2001051354796219,0.1626915615451349,21.31999969482422,0.2131999969482421,0.033175124726770824
2024-09-05,549.6099853515625,0.2215445711864348,0.2278444992729902,0.157794100607635,19.899999618530277,0.1989999961853027,0.033175124726770824
2024-09-06,540.3599853515625,0.2209453243895452,0.2203742844929359,0.157794100607635,22.3799991607666,0.223799991607666,0.033175124726770824
2024-09-09,546.4099731445312,0.225132561995255,0.2138554393994289,0.1623476475131525,19.450000762939453,0.1945000076293945,0.033175124726770824
2024-09-10,548.7899780273438,0.2280459884150015,0.2288538275478226,0.1577246254336848,19.07999992370605,0.1907999992370605,0.033175124726770824
2024-09-11,554.4199829101562,0.2277701661588943,0.2278650233212703,0.152573620642425,17.690000534057617,0.1769000053405761,0.033175124726770824
2024-09-12,559.0900268554688,0.224225458855918,0.2207341257157922,0.152573620642425,17.06999969482422,0.1706999969482422,0.033175124726770824
2024-09-13,562.010009765625,0.2203972687562533,0.2194552407456333,0.152573620642425,16.559999465942383,0.1655999946594238,0.033175124726770824
2024-09-16,562.8400268554688,0.2106713461926439,0.2161659842327495,0.1450003116977228,17.139999389648438,0.1713999938964844,0.033175124726770824
2024-09-17,563.0700073242188,0.1826479054360974,0.210498613272945,0.146450459326507,17.610000610351562,0.1761000061035156,0.033175124726770824
2024-09-18,561.4000244140625,0.1815672748763065,0.203945943689296,0.146450459326507,18.229999542236328,0.1822999954223632,0.033175124726770824
2024-09-19,570.97998046875,0.1798575369420922,0.1979250654650849,0.1486951607120051,16.329999923706055,0.1632999992370605,0.033175124726770824
2024-09-20,568.25,0.1734356455157627,0.1936394225912125,0.1507522266757502,16.149999618530273,0.1614999961853027,0.033175124726770824
2024-09-23,569.6699829101562,0.1749392812423111,0.2084729378176708,0.1508572739017023,15.890000343322754,0.1589000034332275,0.033175124726770824
2024-09-24,571.2999877929688,0.1748476648846393,0.2043975922115023,0.1508979862582697,15.390000343322754,0.1539000034332275,0.033175124726770824
2024-09-25,570.0399780273438,0.1682522881650749,0.1985507805822285,0.1530858105075373,15.40999984741211,0.1540999984741211,0.033175124726770824
2024-09-26,572.2999877929688,0.1686974634430768,0.1933234940467296,0.1545423382174982,15.369999885559082,0.1536999988555908,0.033175124726770824
2024-09-27,571.469970703125,0.1606033912187223,0.1889684328161014,0.1545423382174982,16.959999084472656,0.1695999908447265,0.033175124726770824
2024-09-30,573.760009765625,0.1607910906562307,0.1850956806152127,0.1530921905887141,16.729999542236328,0.1672999954223633,0.033175124726770824
2024-10-01,568.6199951171875,0.1585146242622493,0.1811818653792195,0.1530921905887141,19.26000022888184,0.1926000022888183,0.033175124726770824
2024-10-02,568.8599853515625,0.1616742136245178,0.1780636219769634,0.1583336418521418,18.899999618530277,0.1889999961853027,0.033175124726770824
2024-10-03,567.8200073242188,0.1613850454716794,0.1827625806603146,0.151766793097259,20.489999771118164,0.2048999977111816,0.033175124726770824
2024-10-04,572.97998046875,0.159045103033791,0.1786357570810679,0.1548359173190607,19.209999084472656,0.1920999908447265,0.033175124726770824
2024-10-07,567.7999877929688,0.1580481756951319,0.1754833327877801,0.1548359173190607,22.63999938964844,0.2263999938964843,0.033175124726770824
2024-10-08,573.1699829101562,0.1610402682687004,0.1780840122233159,0.1583336418521418,21.420000076293945,0.2142000007629394,0.033175124726770824
2024-10-09,577.1400146484375,0.1637417785899166,0.1828977415066494,0.1548359173190607,20.86000061035156,0.2086000061035156,0.033175124726770824
2024-10-10,576.1300048828125,0.1634039222013066,0.1850453751990012,0.1548359173190607,20.93000030517578,0.2093000030517578,0.033175124726770824
2024-10-11,579.5800170898438,0.1636508951193229,0.1838347973591437,0.1548359173190607,20.459999084472656,0.2045999908447265,0.033175124726770824
2024-10-14,584.3200073242188,0.1620058641933424,0.1801458400744408,0.1548359173190607,19.700000762939453,0.1970000076293945,0.033175124726770824
2024-10-15,579.780029296875,0.145180893718417,0.1785740584844772,0.1530921905887141,20.63999938964844,0.2063999938964843,0.033175124726770824
2024-10-16,582.2999877929688,0.1482710600359935,0.179545840649324,0.1564912002933039,19.57999992370605,0.1957999992370605,0.033175124726770824
2024-10-17,582.3499755859375,0.1477805989665239,0.1821169182967008,0.1523685139071955,19.11000061035156,0.1911000061035156,0.033175124726770824
2024-10-18,584.5900268554688,0.1323779490895706,0.1791011060407534,0.1516150635135187,18.030000686645508,0.1803000068664551,0.033175124726770824
2024-10-21,583.6300048828125,0.1289918944616995,0.1753325139692291,0.1516150635135187,18.3700008392334,0.183700008392334,0.033175124726770824
2024-10-22,583.3200073242188,0.1294823132471525,0.1727081719723625,0.1523685139071955,18.200000762939453,0.1820000076293945,0.033175124726770824
2024-10-23,577.989990234375,0.126528213337065,0.170062281156425,0.1514735668551936,19.239999771118164,0.1923999977111816,0.033175124726770824
2024-10-24,579.239990234375,0.1296006256533919,0.1672811592929568,0.1558898323428644,19.07999992370605,0.1907999992370605,0.033175124726770824
2024-10-25,579.0399780273438,0.1288609221524671,0.1738608185235995,0.151767145956756,20.32999992370605,0.2032999992370605,0.033175124726770824
2024-10-28,580.8300170898438,0.1289370185409587,0.1707014884048592,0.151767145956756,19.799999237060547,0.1979999923706054,0.033175124726770824
2024-10-29,581.77001953125,0.1291186987684304,0.1678051059545244,0.1487335270297541,19.34000015258789,0.1934000015258789,0.033175124726770824
2024-10-30,580.010009765625,0.1283299186467391,0.1655647216471497,0.1487335270297541,20.350000381469727,0.2035000038146972,0.033175124726770824
2024-10-31,568.6400146484375,0.1161177559646805,0.1631011216578752,0.1491184681308283,23.15999984741211,0.2315999984741211,0.033175124726770824
2024-11-01,571.0399780273438,0.1345388765029226,0.1626208740894534,0.1505856006991877,21.8799991607666,0.218799991607666,0.033175124726770824
2024-11-04,569.8099975585938,0.135040205975915,0.1972613896377687,0.146768013800384,21.979999542236328,0.2197999954223632,0.033175124726770824
2024-11-05,576.7000122070312,0.1348833190306723,0.1926828973018777,0.1452299087893976,20.489999771118164,0.2048999977111816,0.033175124726770824
2024-11-06,591.0399780273438,0.1406947156862092,0.1884596651871213,0.1452299087893976,16.270000457763672,0.1627000045776367,0.033175124726770824
2024-11-07,595.6099853515625,0.1618854386570129,0.1945388365185409,0.1545072048556818,15.199999809265137,0.1519999980926513,0.033175124726770824
2024-11-08,598.1900024414062,0.1534837366146278,0.2204442502997966,0.1380643747906096,14.9399995803833,0.149399995803833,0.023692563346742863
2024-11-11,598.760009765625,0.1535447804272062,0.2153726859884052,0.1380643747906096,14.970000267028809,0.149700002670288,0.023692563346742863
2024-11-12,596.9000244140625,0.1496048012112281,0.2083946931281221,0.1380643747906096,14.710000038146973,0.1471000003814697,0.023692563346742863
2024-11-13,597.1900024414062,0.1503754726140794,0.2011749272254463,0.1421978949169524,14.020000457763672,0.1402000045776367,0.023692563346742863
2024-11-14,593.3499755859375,0.1499852854529983,0.1956940601739162,0.1406056212047942,14.3100004196167,0.143100004196167,0.023692563346742863
2024-11-15,585.75,0.1597613569276557,0.1991642847097537,0.1520350712192072,16.139999389648438,0.1613999938964843,0.033175124726770824
2024-11-18,588.1500244140625,0.1630028301314585,0.1977474309279732,0.1529785602939142,15.579999923706056,0.1557999992370605,0.033175124726770824
2024-11-19,590.2999877929688,0.1608565190278829,0.2065373506177604,0.1487335270297541,16.350000381469727,0.1635000038146972,0.033175124726770824
2024-11-20,590.5,0.1598340443743932,0.2011069175199531,0.1487335270297541,17.15999984741211,0.1715999984741211,0.033175124726770824
2024-11-21,593.6699829101562,0.1596081869498548,0.1959624720143004,0.1487335270297541,16.8700008392334,0.1687000083923339,0.033175124726770824
2024-11-22,595.510009765625,0.1593964482476961,0.190662577309115,0.1487335270297541,15.239999771118164,0.1523999977111816,0.033175124726770824
2024-11-25,597.530029296875,0.1480437812189168,0.1779337614853811,0.1380643747906096,14.600000381469728,0.1460000038146972,0.023692563346742863
2024-11-26,600.6500244140625,0.1455494429363574,0.1738154269123093,0.1380643747906096,14.100000381469728,0.1410000038146972,0.023692563346742863
2024-11-27,598.8300170898438,0.1457880320830042,0.1702004919201379,0.1380643747906096,14.100000381469728,0.1410000038146972,0.023692563346742863
2024-11-29,602.5499877929688,0.1463588380298361,0.1680484216477785,0.1396566485027678,13.510000228881836,0.1351000022888183,0.023692563346742863
2024-12-02,603.6300048828125,0.1470490437066598,0.1657097485353421,0.1380643747906096,13.34000015258789,0.1334000015258789,0.023692563346742863
2024-12-03,603.9099731445312,0.1467912545477004,0.1649074761322817,0.1380643747906096,13.300000190734863,0.1330000019073486,0.023692563346742863
2024-12-04,607.6599731445312,0.1467031060504477,0.1616577901507446,0.1380643747906096,13.449999809265137,0.1344999980926513,0.023692563346742863
2024-12-05,606.6599731445312,0.1433375825901771,0.158618848030567,0.1380643747906096,13.539999961853027,0.1353999996185302,0.023692563346742863
2024-12-06,607.8099975585938,0.1437384551600977,0.1586225571730855,0.1406056212047942,12.770000457763672,0.1277000045776367,0.023692563346742863
2024-12-09,604.6799926757812,0.1435943084545874,0.1564705425177275,0.1398013113598235,14.1899995803833,0.141899995803833,0.023692563346742863
2024-12-10,602.7999877929688,0.1451720693015167,0.1540354081116842,0.1396566485027678,14.18000030517578,0.1418000030517578,0.023692563346742863
2024-12-11,607.4600219726562,0.1458891433099354,0.1552235989539807,0.1396566485027678,13.579999923706056,0.1357999992370605,0.023692563346742863
2024-12-12,604.3300170898438,0.1466179223806986,0.1543155026986709,0.1380643747906096,13.920000076293944,0.1392000007629394,0.023692563346742863
2024-12-13,604.2100219726562,0.1301912023374974,0.1565877702539773,0.1403034018139251,13.8100004196167,0.138100004196167,0.023692563346742863
2024-12-16,606.7899780273438,0.1301973389951601,0.1574454459540545,0.1404480646709807,14.6899995803833,0.146899995803833,0.023692563346742863
2024-12-17,604.2899780273438,0.1392357517894417,0.1644859608954632,0.1493854778659357,15.869999885559082,0.1586999988555908,0.033175124726770824
2024-12-18,586.280029296875,0.164060164831528,0.1909337887715767,0.1786748081171577,27.6200008392334,0.276200008392334,0.06079930839181591
2024-12-19,586.0999755859375,0.1519913557633645,0.164117144640785,0.1560090988528742,24.09000015258789,0.2409000015258789,0.033175124726770824
2024-12-20,591.1500244140625,0.1494694236366918,0.2357850990181504,0.1513860767734064,18.36000061035156,0.1836000061035156,0.033175124726770824
2024-12-23,594.6900024414062,0.1517303607769587,0.227259705611493,0.1513860767734064,16.780000686645508,0.167800006866455,0.033175124726770824
2024-12-24,601.2999877929688,0.1435780352761609,0.2137740849907988,0.1418019102672942,14.270000457763672,0.1427000045776367,0.023692563346742863
2024-12-26,601.3400268554688,0.1477146511439088,0.2080738264731223,0.1418019102672942,14.729999542236328,0.1472999954223632,0.023692563346742863
2024-12-27,595.010009765625,0.1572979030313898,0.2178037101000113,0.1424660652530207,15.949999809265137,0.1594999980926513,0.033175124726770824
2024-12-30,588.219970703125,0.15987156423322,0.2107618052977587,0.148371321524383,17.399999618530273,0.1739999961853027,0.033175124726770824
2024-12-31,586.0800170898438,0.1586299674591001,0.2136245039458221,0.148371321524383,17.350000381469727,0.1735000038146972,0.033175124726770824
2025-01-02,584.6400146484375,0.1585132302022084,0.2174666460589609,0.1459738129031672,17.93000030517578,0.1793000030517578,0.033175124726770824
2025-01-03,591.9500122070312,0.1581526084513148,0.2117299039966071,0.144381539191009,16.1299991607666,0.161299991607666,0.033175124726770824
2025-01-06,595.3599853515625,0.1636906796430198,0.2059329908292924,0.144381539191009,16.040000915527344,0.1604000091552734,0.033175124726770824
2025-01-07,588.6300048828125,0.1638373512354603,0.2097133050750246,0.1441262882602228,17.81999969482422,0.1781999969482421,0.033175124726770824
2025-01-08,589.489990234375,0.1677477030962196,0.2050917532533371,0.148371321524383,17.700000762939453,0.1770000076293945,0.033175124726770824
2025-01-10,580.489990234375,0.1673792558430037,0.2099236567627685,0.1441262882602228,19.540000915527344,0.1954000091552734,0.033175124726770824
2025-01-13,581.3900146484375,0.1731451214499477,0.2035878005614877,0.1552803200137629,19.190000534057617,0.1919000053405761,0.033175124726770824
2025-01-14,582.1900024414062,0.1732498236983891,0.2166517571489011,0.1503828590762629,18.709999084472656,0.1870999908447265,0.033175124726770824
2025-01-15,592.780029296875,0.1717296355651647,0.2096237230787023,0.1503828590762629,16.1200008392334,0.1612000083923339,0.033175124726770824
2025-01-16,591.6400146484375,0.1826960319743443,0.2033437209467728,0.1459361618411555,16.600000381469727,0.1660000038146972,0.033175124726770824
2025-01-17,597.5800170898438,0.1827052339207333,0.2188017458656222,0.1459361618411555,15.970000267028809,0.159700002670288,0.033175124726770824
2025-01-21,603.0499877929688,0.1846883467517813,0.2121328095413855,0.1436972969424738,15.0600004196167,0.1506000041961669,0.033175124726770824
2025-01-22,606.4400024414062,0.1873003403141777,0.2115442168139056,0.1473416584384455,15.100000381469728,0.1510000038146972,0.033175124726770824
2025-01-23,609.75,0.188141254142524,0.2099061830463309,0.1473416584384455,15.020000457763672,0.1502000045776367,0.033175124726770824
2025-01-24,607.969970703125,0.178578693694884,0.1955275013342666,0.138223724232138,14.850000381469728,0.1485000038146972,0.023692563346742863
2025-01-27,599.3699951171875,0.1881262751137677,0.2006514727392174,0.1500525921237482,17.899999618530273,0.1789999961853027,0.033175124726770824
2025-01-28,604.52001953125,0.1921379401603107,0.1961121584929073,0.1543689793002619,16.40999984741211,0.1640999984741211,0.033175124726770824
2025-01-29,601.8099975585938,0.1936225916586147,0.2080020341589677,0.1494715183627619,16.559999465942383,0.1655999946594238,0.033175124726770824
2025-01-30,605.0399780273438,0.1941713188928565,0.2060977385840081,0.1517162197482599,15.84000015258789,0.1584000015258789,0.033175124726770824
2025-01-31,601.8200073242188,0.1944715671694305,0.2020399725553194,0.1494715183627619,16.43000030517578,0.1643000030517578,0.033175124726770824
2025-02-03,597.77001953125,0.1947819169653446,0.1978034243706952,0.1526585071933283,18.6200008392334,0.1862000083923339,0.033175124726770824
2025-02-04,601.780029296875,0.1680050192317952,0.1953049567606407,0.1543689793002619,17.209999084472656,0.1720999908447265,0.033175124726770824
2025-02-05,604.219970703125,0.1691200435442247,0.1945884266545064,0.1487335270297541,15.770000457763672,0.1577000045776367,0.033175124726770824
2025-02-06,606.3200073242188,0.167465851961143,0.1921727465885765,0.1487335270297541,15.5,0.155,0.033175124726770824
2025-02-07,600.77001953125,0.1667925041381455,0.1880748947720655,0.1487335270297541,16.540000915527344,0.1654000091552734,0.033175124726770824
2025-02-10,604.8499755859375,0.1659578715581802,0.1840681711868763,0.1460662239444269,15.8100004196167,0.158100004196167,0.033175124726770824
2025-02-11,605.3099975585938,0.1674623886214976,0.1881710520223577,0.1453592937839045,16.020000457763672,0.1602000045776367,0.033175124726770824
2025-02-12,603.3599853515625,0.1633670687453135,0.1865105674922179,0.1411687630069269,15.890000343322754,0.1589000034332275,0.033175124726770824
2025-02-13,609.72998046875,0.1586724988214299,0.1820568943376427,0.1427610367190852,15.100000381469728,0.1510000038146972,0.033175124726770824
2025-02-14,609.7000122070312,0.15140800820089,0.1698314831052164,0.1345421217541106,14.770000457763672,0.1477000045776367,0.023692563346742863
2025-02-18,611.489990234375,0.160539960333326,0.183664599930196,0.1411881512057795,15.350000381469728,0.1535000038146972,0.033175124726770824
2025-02-19,612.9299926757812,0.156176547363476,0.1795393312956276,0.13965003665805,15.270000457763672,0.1527000045776367,0.033175124726770824
2025-02-20,610.3800048828125,0.155433371329287,0.1761327367395974,0.1411881512057795,15.65999984741211,0.1565999984741211,0.033175124726770824
2025-02-21,599.9400024414062,0.1506263791200188,0.1728467155127417,0.1412423103702082,18.209999084472656,0.1820999908447265,0.033175124726770824
2025-02-24,597.2100219726562,0.1626578512826489,0.1720645693681541,0.1494749420535578,18.979999542236328,0.1897999954223632,0.033175124726770824
2025-02-25,594.239990234375,0.1542913051523535,0.1963113625928833,0.1473050754916681,19.43000030517578,0.1943000030517578,0.033175124726770824
2025-02-26,594.5399780273438,0.1555394303253932,0.1932470338786007,0.1473050754916681,19.100000381469727,0.1910000038146972,0.033175124726770824
2025-02-27,585.0499877929688,0.1555265660747957,0.190858010151008,0.1407664173495783,21.1299991607666,0.211299991607666,0.033175124726770824
2025-02-28,594.1799926757812,0.1534205511805439,0.186188816578463,0.1442185848605646,19.6299991607666,0.196299991607666,0.033175124726770824
2025-03-03,583.77001953125,0.1621344860992103,0.2043594164028148,0.14571280177951,22.780000686645508,0.227800006866455,0.033175124726770824
2025-03-04,576.8599853515625,0.1687457138975904,0.2143015282466298,0.1506102627170099,23.51000022888184,0.2351000022888183,0.033175124726770824
2025-03-05,583.0599975585938,0.1690649888859959,0.2307479450744447,0.1518219345462336,21.93000030517578,0.2193000030517578,0.033175124726770824
2025-03-06,572.7100219726562,0.1722563550665249,0.2330890015838611,0.1456433266055598,24.8700008392334,0.2487000083923339,0.033175124726770824
2025-03-07,575.9199829101562,0.178860249692222,0.231328612765932,0.1620265644443048,23.3700008392334,0.2337000083923339,0.033175124726770824
2025-03-10,560.5800170898438,0.2082872190988242,0.2727884707226937,0.1830684429133002,27.86000061035156,0.2786000061035156,0.06079930839181591
2025-03-11,555.9199829101562,0.2220643431976467,0.2654773654582121,0.2007079273188178,26.920000076293945,0.2692000007629394,0.06079930839181591
2025-03-12,558.8699951171875,0.191816441538198,0.2741045264662581,0.1730300205600275,24.229999542236328,0.2422999954223632,0.033175124726770824
2025-03-13,551.4199829101562,0.1935391541401771,0.267106515876133,0.1714074390780939,24.65999984741211,0.2465999984741211,0.033175124726770824
2025-03-14,562.8099975585938,0.194753600480437,0.2573575203993486,0.1730300205600275,21.770000457763672,0.2177000045776367,0.033175124726770824
2025-03-17,567.1500244140625,0.2089324003561927,0.2590581340613542,0.1706060856235041,20.51000022888184,0.2051000022888183,0.033175124726770824
2025-03-18,561.02001953125,0.2107896246656221,0.2703392218174685,0.1580935543429865,21.700000762939453,0.2170000076293945,0.033175124726770824
2025-03-19,567.1300048828125,0.2107672818589434,0.2617836286718554,0.1703304165256037,19.899999618530277,0.1989999961853027,0.033175124726770824
2025-03-20,565.489990234375,0.2140849112405618,0.2590125825728052,0.1563666027438654,19.799999237060547,0.1979999923706054,0.033175124726770824
2025-03-21,563.97998046875,0.2132659450952515,0.2544360516667244,0.1542049568545832,19.280000686645508,0.192800006866455,0.033175124726770824
2025-03-24,574.0800170898438,0.2120749215807332,0.2451880083930044,0.1510657280337824,17.479999542236328,0.1747999954223632,0.033175124726770824
2025-03-25,575.4600219726562,0.21977875823067,0.2367594638659144,0.1527472465884699,17.149999618530273,0.1714999961853027,0.033175124726770824
2025-03-26,568.5900268554688,0.2200438023502431,0.2459358141603987,0.1461298244845881,18.32999992370605,0.1832999992370605,0.033175124726770824
2025-03-27,567.0800170898438,0.2224486799180496,0.2367670663277591,0.1595942848575129,18.690000534057617,0.1869000053405761,0.033175124726770824
2025-03-28,555.6599731445312,0.2185321965891289,0.2384781944150617,0.1510398453128351,21.649999618530277,0.2164999961853027,0.033175124726770824
2025-03-31,559.3900146484375,0.2256329952548386,0.2306830920762751,0.1691312473666681,22.280000686645508,0.222800006866455,0.033175124726770824
2025-04-01,560.969970703125,0.2270243904282448,0.2504071038833685,0.1657647293460382,21.770000457763672,0.2177000045776367,0.033175124726770824
2025-04-02,564.52001953125,0.2271471398321116,0.2427588796889327,0.1653662079226984,21.51000022888184,0.2151000022888183,0.033175124726770824
2025-04-03,536.7000122070312,0.256732319294895,0.2615520120309321,0.1934426361048286,30.020000457763672,0.3002000045776367,0.06079930839181591
2025-04-04,505.2799987792969,0.2989989918150099,0.2563546869049684,0.3121960979425972,45.310001373291016,0.4531000137329101,0.06079930839181591
2025-04-07,504.3800048828125,0.3514620724455304,0.3837998841497179,0.3215379291498725,46.97999954223633,0.4697999954223633,0.06079930839181591
2025-04-08,496.4800109863281,0.3516925151051148,0.4973696537317305,0.3141886287653511,52.33000183105469,0.5233000183105468,0.06079930839181591
2025-04-09,548.6199951171875,0.3525514338639048,0.472673400630817,0.321196857067353,33.619998931884766,0.3361999893188476,0.06079930839181591
2025-04-10,524.5800170898438,0.4866421144473941,0.4622255861989535,0.3656749683344428,40.720001220703125,0.4072000122070312,0.06079930839181591
2025-04-11,533.9400024414062,0.5009353215451569,0.6969880307587565,0.4325234371149604,37.560001373291016,0.3756000137329101,0.06079930839181591
2025-04-14,539.1199951171875,0.5035964657229892,0.703347648302173,0.3937675243341987,30.88999938964844,0.3088999938964843,0.06079930839181591
2025-04-15,537.6099853515625,0.5042877177935758,0.6709967654952718,0.3841575771296088,30.1200008392334,0.3012000083923339,0.06079930839181591
2025-04-16,525.6599731445312,0.5025015916485174,0.6363966564435866,0.3278838306391303,32.63999938964844,0.3263999938964844,0.06079930839181591
2025-04-17,526.4099731445312,0.5041105806137653,0.6028929464013668,0.3640085750544136,29.649999618530277,0.2964999961853027,0.06079930839181591
2025-04-21,513.8800048828125,0.5035578366606976,0.5847582804873347,0.2856637721979682,33.81999969482422,0.3381999969482422,0.06079930839181591
2025-04-22,527.25,0.5022270034758074,0.554351668243485,0.3039116245234077,30.56999969482422,0.3056999969482422,0.06079930839181591
2025-04-23,535.4199829101562,0.5098501887546156,0.54307474022784,0.3031742626154487,28.450000762939453,0.2845000076293945,0.06079930839181591
2025-04-24,546.6900024414062,0.5122662765578718,0.5326872927118811,0.305983405681855,26.46999931335449,0.2646999931335449,0.06079930839181591
2025-04-25,550.6400146484375,0.4877134223370039,0.4840725197836057,0.2600344532382502,24.84000015258789,0.2484000015258789,0.033175124726770824
2025-04-28,550.8499755859375,0.5116130050065278,0.497921847249004,0.2865188938105171,25.149999618530277,0.2514999961853027,0.06079930839181591
2025-04-29,554.3200073242188,0.4832187356838202,0.4463702492495895,0.25030358013034,24.170000076293945,0.2417000007629394,0.033175124726770824
2025-04-30,554.5399780273438,0.4826753514372559,0.4227408574234682,0.25030358013034,24.700000762939453,0.2470000076293945,0.033175124726770824
2025-05-01,558.469970703125,0.4813764330937992,0.4016401415399529,0.25030358013034,24.600000381469727,0.2460000038146972,0.033175124726770824
2025-05-02,566.760009765625,0.4819130191763986,0.3808721112560035,0.2495962971103205,22.68000030517578,0.2268000030517578,0.033175124726770824
2025-05-05,563.510009765625,0.4840588737820816,0.3632415162718022,0.2358662861239924,23.63999938964844,0.2363999938964843,0.033175124726770824
2025-05-06,558.7999877929688,0.4811247569776295,0.3530173341671328,0.2514836948764338,24.76000022888184,0.2476000022888183,0.033175124726770824
2025-05-07,561.1500244140625,0.4815949329895513,0.3373914151781052,0.2519068592441096,23.549999237060547,0.2354999923706054,0.033175124726770824
2025-05-08,565.0599975585938,0.4805617289428095,0.3246202616952954,0.2232402103793634,22.479999542236328,0.2247999954223632,0.033175124726770824
2025-05-09,564.3400268554688,0.481031008176497,0.3095206308414919,0.2219863575351252,21.899999618530277,0.2189999961853027,0.033175124726770824
2025-05-12,582.989990234375,0.4767903953117695,0.2966550850474334,0.2219863575351252,18.38999938964844,0.1838999938964843,0.033175124726770824
2025-05-13,586.8400268554688,0.4864400955883378,0.2853770859803003,0.184044625128509,18.21999931335449,0.1821999931335449,0.033175124726770824
2025-05-14,587.5900268554688,0.4866798870314424,0.3223032487310646,0.1818342083346857,18.6200008392334,0.1862000083923339,0.033175124726770824
2025-05-15,590.4600219726562,0.4864477159262901,0.308571949878506,0.1818342083346857,17.829999923706055,0.1782999992370605,0.033175124726770824
2025-05-16,594.2000122070312,0.4578596854045183,0.2942400498244958,0.1818342083346857,17.239999771118164,0.1723999977111816,0.033175124726770824
2025-05-19,594.8499755859375,0.4108526397653456,0.2818065758093033,0.1818342083346857,18.13999938964844,0.1813999938964843,0.033175124726770824
2025-05-20,592.8499755859375,0.4104423539719404,0.2709986239654707,0.1818342083346857,18.09000015258789,0.1809000015258789,0.033175124726770824
2025-05-21,582.8599853515625,0.4058285574306219,0.259365274140969,0.1832216804873957,20.8700008392334,0.208700008392334,0.033175124726770824
2025-05-22,583.0900268554688,0.2788566165575796,0.2504175963275107,0.1932852238070978,20.280000686645508,0.202800006866455,0.033175124726770824
2025-05-23,579.1099853515625,0.2330829896445523,0.259450636512364,0.1892449921023859,22.290000915527344,0.2229000091552734,0.033175124726770824
2025-05-27,591.1500244140625,0.2306444153997411,0.2488865748740721,0.1705659263980402,18.959999084472656,0.1895999908447265,0.033175124726770824
2025-05-28,587.72998046875,0.2365905684076669,0.2433597948005646,0.1664157741916193,19.309999465942383,0.1930999946594238,0.033175124726770824
2025-05-29,590.0499877929688,0.2375731278830319,0.2579451714639267,0.169436413611175,19.18000030517578,0.1918000030517578,0.033175124726770824
2025-05-30,589.3900146484375,0.2221037691153249,0.2501169488076497,0.1588833397281183,18.56999969482422,0.1856999969482421,0.033175124726770824
2025-06-02,592.7100219726562,0.2225622308337327,0.2408657377886802,0.1588833397281183,18.36000061035156,0.1836000061035156,0.033175124726770824
2025-06-03,596.0900268554688,0.2022099519472124,0.2319981195120008,0.1574115627658381,17.690000534057617,0.1769000053405761,0.033175124726770824
2025-06-04,595.9299926757812,0.1899393360176414,0.2251817673083991,0.1574115627658381,17.610000610351562,0.1761000061035156,0.033175124726770824
2025-06-05,593.0499877929688,0.1866800508485699,0.2189988533543932,0.1574115627658381,18.479999542236328,0.1847999954223632,0.033175124726770824
2025-06-06,599.1400146484375,0.1793679143075148,0.2118058384369641,0.158908955420257,16.770000457763672,0.1677000045776367,0.033175124726770824
2025-06-09,599.6799926757812,0.1804500053429486,0.2076424158006462,0.1572522133243097,17.15999984741211,0.1715999984741211,0.033175124726770824
2025-06-10,603.0800170898438,0.1803776545898522,0.2080457327288831,0.1572522133243097,16.950000762939453,0.1695000076293945,0.033175124726770824
2025-06-11,601.3599853515625,0.1802609762788124,0.201734959922438,0.1572522133243097,17.260000228881836,0.1726000022888183,0.033175124726770824
2025-06-12,603.75,0.1810706950814312,0.1978541308743815,0.1587496059787287,18.020000457763672,0.1802000045776367,0.033175124726770824
2025-06-13,597.0,0.1805476847055965,0.1935655520995641,0.1572522133243097,20.81999969482422,0.2081999969482421,0.033175124726770824
2025-06-16,602.6799926757812,0.1813296001415857,0.189525791797411,0.1630334919345392,19.11000061035156,0.1911000061035156,0.033175124726770824
2025-06-17,597.530029296875,0.1811486411121598,0.1969331881927624,0.1588833397281183,21.600000381469727,0.2160000038146972,0.033175124726770824
2025-06-18,597.4400024414062,0.1812722742201349,0.1976981136406917,0.1630334919345392,20.13999938964844,0.2013999938964843,0.033175124726770824
2025-06-20,594.280029296875,0.181328471636083,0.1994005113314568,0.1588833397281183,20.6200008392334,0.206200008392334,0.033175124726770824
2025-06-23,600.1500244140625,0.1821661368993879,0.1939690717684828,0.1613230198276057,19.82999992370605,0.1982999992370605,0.033175124726770824
2025-06-24,606.780029296875,0.1837316063213861,0.192055474945207,0.1588833397281183,17.479999542236328,0.1747999954223632,0.033175124726770824
2025-06-25,607.1199951171875,0.1553266042863288,0.1939472456913999,0.1588833397281183,16.760000228881836,0.1676000022888183,0.033175124726770824
2025-06-26,611.8699951171875,0.154304107783528,0.1973482922678842,0.1558020656955256,16.59000015258789,0.1659000015258789,0.033175124726770824
2025-06-27,614.9099731445312,0.1558675247896324,0.1920361067202331,0.1558020656955256,16.31999969482422,0.1631999969482422,0.033175124726770824
2025-06-30,617.8499755859375,0.1558890730562733,0.1912661554376059,0.1558020656955256,16.729999542236328,0.1672999954223633,0.033175124726770824
2025-07-01,617.6500244140625,0.1554161470291307,0.187965445817123,0.1558020656955256,16.829999923706055,0.1682999992370605,0.033175124726770824
2025-07-02,620.4500122070312,0.1555137760382569,0.1848880371041747,0.1549803799045099,16.639999389648438,0.1663999938964843,0.033175124726770824
2025-07-03,625.3400268554688,0.1550163926609752,0.1808690908924891,0.144045092428924,16.3799991607666,0.163799991607666,0.033175124726770824
2025-07-07,620.6799926757812,0.1423024704596848,0.1783401764779378,0.1454952400577082,17.790000915527344,0.1779000091552734,0.033175124726770824
2025-07-08,620.3400268554688,0.1460250715936553,0.1792907518556389,0.1490121143710627,16.809999465942383,0.1680999946594238,0.033175124726770824
2025-07-09,624.0599975585938,0.1429898283714211,0.1818298505702627,0.1437374275577082,15.9399995803833,0.159399995803833,0.033175124726770824
2025-07-10,625.8200073242188,0.1287193039767943,0.1781458030156099,0.1445532577884211,15.779999732971191,0.1577999973297119,0.033175124726770824
2025-07-11,623.6199951171875,0.1258278543696029,0.1770965250403032,0.1445532577884211,16.399999618530273,0.1639999961853027,0.033175124726770824
2025-07-14,624.8099975585938,0.1271424076492683,0.1740854544289287,0.1474131649386896,17.200000762939453,0.1720000076293945,0.033175124726770824
2025-07-15,622.1400146484375,0.1266875999837833,0.172785605221085,0.1444117611300959,17.3799991607666,0.173799991607666,0.033175124726770824
2025-07-16,624.219970703125,0.1277992459590025,0.1699445259772516,0.1458816879642023,17.15999984741211,0.1715999984741211,0.033175124726770824
2025-07-17,628.0399780273438,0.1271536827295301,0.1697935981507491,0.1444117611300959,16.520000457763672,0.1652000045776367,0.033175124726770824
2025-07-18,627.5800170898438,0.1278923370016521,0.1677665376861724,0.1431279819858088,16.40999984741211,0.1640999984741211,0.033175124726770824
2025-07-21,628.77001953125,0.1260512150666198,0.1680637055617351,0.1431279819858088,16.649999618530273,0.1664999961853027,0.033175124726770824
2025-07-22,628.8599853515625,0.1225622711864538,0.1658441333482337,0.1431279819858088,16.5,0.165,0.033175124726770824
2025-07-23,634.2100219726562,0.122648353127356,0.1637385436818773,0.1431279819858088,15.369999885559082,0.1536999988555908,0.033175124726770824
2025-07-24,634.4199829101562,0.1241583884171441,0.1617947289302048,0.1431279819858088,15.390000343322754,0.1539000034332275,0.033175124726770824
2025-07-25,637.0999755859375,0.1136071128170539,0.1562783261417589,0.1335438154796965,14.93000030517578,0.1493000030517578,0.023692563346742863
2025-07-28,636.9400024414062,0.123247014030363,0.1636434211821302,0.1431279819858088,15.029999732971191,0.1502999973297119,0.033175124726770824
2025-07-29,635.260009765625,0.1142460358678987,0.1627947698562118,0.1431279819858088,15.979999542236328,0.1597999954223632,0.033175124726770824
2025-07-30,634.4600219726562,0.1123567572716414,0.1609846863187068,0.1415847557437433,15.479999542236328,0.1547999954223632,0.033175124726770824
2025-07-31,632.0800170898438,0.1064276528157096,0.1604726442695095,0.1412286728274836,16.719999313354492,0.1671999931335449,0.033175124726770824
2025-08-01,621.719970703125,0.1081611891392986,0.1592476420057933,0.14269859966159,20.3799991607666,0.203799991607666,0.033175124726770824
2025-08-04,631.1699829101562,0.1236168238750534,0.1603270016596607,0.1442360275638117,17.520000457763672,0.1752000045776367,0.033175124726770824
2025-08-05,627.969970703125,0.1291017104266703,0.1870819913627094,0.1426546066653742,17.850000381469727,0.1785000038146972,0.033175124726770824
2025-08-06,632.780029296875,0.1268278131611254,0.1995346799381603,0.1465208691012873,16.770000457763672,0.1677000045776367,0.033175124726770824
2025-08-07,632.25,0.1287034888221162,0.1968192311935682,0.1450509422671808,16.56999969482422,0.1656999969482422,0.033175124726770824
2025-08-08,637.1799926757812,0.1268992269731271,0.1952666342023905,0.1450509422671808,15.149999618530272,0.1514999961853027,0.033175124726770824
2025-08-11,635.9199829101562,0.1282874264639917,0.1903808784455374,0.1386874073398127,16.25,0.1625,0.033175124726770824
2025-08-12,642.6900024414062,0.1185213164576157,0.1801680798176893,0.1291032408337005,14.729999542236328,0.1472999954223632,0.023692563346742863
2025-08-13,644.8900146484375,0.1225225144069962,0.1762863902627502,0.1291032408337005,14.489999771118164,0.1448999977111816,0.023692563346742863
2025-08-14,644.9500122070312,0.1222588654687791,0.1801749341336495,0.1291032408337005,14.829999923706056,0.1482999992370605,0.023692563346742863
2025-08-15,643.4400024414062,0.1298618485491829,0.1857084703731777,0.1386874073398127,15.09000015258789,0.1509000015258789,0.033175124726770824
2025-08-18,643.2999877929688,0.1173349280024399,0.1719406250316295,0.1291032408337005,14.989999771118164,0.1498999977111816,0.023692563346742863
2025-08-19,639.8099975585938,0.1268674194517031,0.1786049473116292,0.137883097494842,15.56999969482422,0.1556999969482422,0.033175124726770824
2025-08-20,638.1099853515625,0.1277261408421187,0.175173783082063,0.1415396755588068,15.6899995803833,0.156899995803833,0.033175124726770824
2025-08-21,635.5499877929688,0.1280835167990213,0.175604327161463,0.1391161030185236,16.600000381469727,0.1660000038146972,0.033175124726770824
2025-08-22,645.3099975585938,0.1187084684703199,0.1639104125353113,0.1299103544811614,14.220000267028809,0.1422000026702881,0.023692563346742863
2025-08-25,642.469970703125,0.1279555732474467,0.1632404614151565,0.1336229036907561,14.789999961853027,0.1478999996185303,0.023692563346742863
2025-08-26,645.1599731445312,0.1280159136284815,0.1787959567859234,0.1352488325695403,14.619999885559082,0.1461999988555908,0.023692563346742863
2025-08-27,646.6300048828125,0.1282065126052376,0.1766351042269474,0.1334814070324309,14.850000381469728,0.1485000038146972,0.023692563346742863
2025-08-28,648.9199829101562,0.1271763870486951,0.1733280560203208,0.1334814070324309,14.43000030517578,0.1443000030517578,0.023692563346742863
2025-08-29,645.0499877929688,0.1368797457015114,0.1791422271394357,0.1430655735385431,15.359999656677246,0.1535999965667724,0.033175124726770824
2025-09-02,640.27001953125,0.1389501551340612,0.176234406869742,0.1473297565829767,17.170000076293945,0.1717000007629394,0.033175124726770824
2025-09-03,643.739990234375,0.1417486366501393,0.177180365341837,0.1474857586276545,16.350000381469727,0.1635000038146972,0.033175124726770824
2025-09-04,649.1199951171875,0.1401176613306285,0.1799320151887393,0.1433630722415461,15.300000190734863,0.1530000019073486,0.033175124726770824
2025-09-05,647.239990234375,0.1425600360486763,0.1781846435964279,0.1433630722415461,15.18000030517578,0.1518000030517578,0.033175124726770824
2025-09-08,648.8300170898438,0.1425657108857365,0.1797423465181564,0.1448329990756525,15.109999656677246,0.1510999965667724,0.033175124726770824
2025-09-09,650.3300170898438,0.1426791105864955,0.1773380200255561,0.1430984466922297,15.039999961853027,0.1503999996185302,0.033175124726770824
2025-09-10,652.2100219726562,0.1423169662016207,0.1741734981510097,0.1430655735385431,15.350000381469728,0.1535000038146972,0.033175124726770824
2025-09-11,657.6300048828125,0.1327100085872963,0.1617076393080285,0.1334814070324309,14.710000038146973,0.1471000003814697,0.023692563346742863
2025-09-12,657.4099731445312,0.1337957229006464,0.1593344777806215,0.1334814070324309,14.760000228881836,0.1476000022888183,0.023692563346742863
2025-09-15,660.9099731445312,0.1291437681990113,0.1716564141776241,0.1430655735385431,15.6899995803833,0.156899995803833,0.033175124726770824
2025-09-16,660.0,0.1210698811054044,0.1689457471057351,0.1456068199527277,16.360000610351562,0.1636000061035156,0.033175124726770824
2025-09-17,659.1799926757812,0.1191990204802955,0.168322579821856,0.1430655735385431,15.720000267028809,0.157200002670288,0.033175124726770824
2025-09-18,662.260009765625,0.1176720229108573,0.1662900715847126,0.1456068199527277,15.699999809265137,0.1569999980926513,0.033175124726770824
2025-09-19,663.7000122070312,0.117910275349706,0.1644228490878607,0.1427098434817804,15.449999809265137,0.1544999980926513,0.033175124726770824
2025-09-22,666.8400268554688,0.115825511829973,0.1637950589163361,0.1479389446628107,16.100000381469727,0.1610000038146972,0.033175124726770824
2025-09-23,663.2100219726562,0.1157150581022655,0.161948935186388,0.1453976982486262,16.639999389648438,0.1663999938964843,0.033175124726770824
2025-09-24,661.0999755859375,0.113579915072804,0.1616876112642561,0.1462113827121271,16.18000030517578,0.1618000030517578,0.033175124726770824
2025-09-25,658.0499877929688,0.11420874355974,0.1638525225426332,0.1445355003726496,16.739999771118164,0.1673999977111816,0.033175124726770824
2025-09-26,661.8200073242188,0.1157852221624198,0.1634292057630603,0.1575687664401545,15.289999961853027,0.1528999996185302,0.033175124726770824
2025-09-29,663.6799926757812,0.1165292802781398,0.1644134298378293,0.1568949764621271,16.1200008392334,0.1612000083923339,0.033175124726770824
2025-09-30,666.1799926757812,0.1166176894662558,0.1646665385119689,0.1568949764621271,16.280000686645508,0.162800006866455,0.033175124726770824
2025-10-01,668.4500122070312,0.1145349257489635,0.1629130691408579,0.1562083881747736,16.290000915527344,0.1629000091552734,0.033175124726770824
2025-10-02,669.219970703125,0.1137763320392241,0.1618165059587671,0.1562083881747736,16.6299991607666,0.166299991607666,0.033175124726770824
2025-10-03,669.2100219726562,0.1119523446715332,0.1606213516497139,0.1587496345889582,16.649999618530273,0.1664999961853027,0.033175124726770824
2025-10-06,671.6099853515625,0.1005049907289728,0.1588725551157895,0.1587496345889582,16.3700008392334,0.1637000083923339,0.033175124726770824
2025-10-07,669.1199951171875,0.0985477702519309,0.1573914476725645,0.1562083881747736,17.239999771118164,0.1723999977111816,0.033175124726770824
2025-10-08,673.1099853515625,0.0997969680124726,0.1568366094142107,0.1569921558749689,16.299999237060547,0.1629999923706054,0.033175124726770824
2025-10-09,671.1599731445312,0.1011648043293886,0.1577440117285094,0.1541144150149836,16.43000030517578,0.1643000030517578,0.033175124726770824
2025-10-10,653.02001953125,0.1019738760923098,0.1590646964606787,0.1548981827151789,21.65999984741211,0.2165999984741211,0.033175124726770824
2025-10-13,663.0399780273438,0.1402706972318628,0.1599653722896055,0.1515555637729181,19.030000686645508,0.190300006866455,0.033175124726770824
2025-10-14,662.22998046875,0.145983202920083,0.2245059966752013,0.1495365303409113,20.809999465942383,0.2080999946594238,0.033175124726770824
2025-10-15,665.1699829101562,0.1454532025094479,0.2308739124913855,0.1495365303409113,20.63999938964844,0.2063999938964843,0.033175124726770824
2025-10-16,660.6400146484375,0.1714128393379611,0.2504839711481205,0.176284633251435,25.309999465942383,0.2530999946594238,0.06079930839181591
2025-10-17,664.3900146484375,0.1455257689640406,0.2161517957727856,0.1514300697696222,20.780000686645508,0.207800006866455,0.033175124726770824
2025-10-20,671.2999877929688,0.1463686098486757,0.2134033495052337,0.1482424229037775,18.229999542236328,0.1822999954223632,0.033175124726770824
2025-10-21,671.2899780273438,0.1497497057720089,0.2084328667091639,0.1488378971469416,17.8700008392334,0.178700008392334,0.033175124726770824
2025-10-22,667.7999877929688,0.1496619984335071,0.2089221359003634,0.1488378971469416,18.600000381469727,0.1860000038146972,0.033175124726770824
2025-10-23,671.760009765625,0.1488572124554031,0.2026039732214575,0.148461767996551,17.299999237060547,0.1729999923706054,0.033175124726770824
2025-10-24,677.25,0.1498979660184047,0.1996707070410393,0.1455545681369318,16.3700008392334,0.1637000083923339,0.033175124726770824
2025-10-27,685.239990234375,0.1511843108369092,0.1962269562130834,0.1482424229037775,15.789999961853027,0.1578999996185302,0.033175124726770824
2025-10-28,687.0599975585938,0.1552190042538016,0.1953991616559535,0.1554638164889826,16.420000076293945,0.1642000007629394,0.033175124726770824
2025-10-29,687.3900146484375,0.1550302995429322,0.199790897878642,0.1546595066440119,16.920000076293945,0.1692000007629394,0.033175124726770824
2025-10-30,679.8300170898438,0.1546547930136341,0.1945141856814716,0.1480335873019709,16.90999984741211,0.1690999984741211,0.033175124726770824
2025-10-31,682.0599975585938,0.1599289654224419,0.1895091575517197,0.1499387806308283,17.440000534057617,0.1744000053405761,0.033175124726770824
2025-11-03,683.3400268554688,0.1596009270511828,0.196547365694365,0.1456937473666681,17.170000076293945,0.1717000007629394,0.033175124726770824
2025-11-04,675.239990234375,0.1581859614285001,0.1917956699250211,0.1456937473666681,19.0,0.19,0.033175124726770824
2025-11-05,677.5800170898438,0.1633824757707414,0.1871355669075173,0.150743090475799,18.010000228881836,0.1801000022888183,0.033175124726770824
2025-11-06,670.3099975585938,0.1625692598016944,0.1962437231635084,0.1456937473666681,19.5,0.195,0.033175124726770824
2025-11-07,670.969970703125,0.1662580681457109,0.1916404121713268,0.150743090475799,19.07999992370605,0.1907999992370605,0.033175124726770824
2025-11-10,681.4400024414062,0.1660747356764201,0.197809713778336,0.1464980572116389,17.600000381469727,0.1760000038146972,0.033175124726770824
2025-11-11,683.0,0.1730676436685328,0.1925691922055815,0.1464980572116389,17.280000686645508,0.172800006866455,0.033175124726770824
2025-11-12,683.3800048828125,0.1729182305382151,0.2047525597619583,0.1464980572116389,17.510000228881836,0.1751000022888183,0.033175124726770824
2025-11-13,672.0399780273438,0.1729135788443615,0.1989147127247387,0.1464980572116389,20.0,0.2,0.033175124726770824
2025-11-14,671.9299926757812,0.1820925338546228,0.1936314381789686,0.1521335094821467,19.82999992370605,0.1982999992370605,0.033175124726770824
2025-11-17,665.6699829101562,0.1817240851333195,0.2124870454101065,0.1472360485446467,22.3799991607666,0.223799991607666,0.033175124726770824
2025-11-18,660.0800170898438,0.1839155440620088,0.2059239874355098,0.151731163824798,24.690000534057617,0.2469000053405761,0.033175124726770824
2025-11-19,662.6300048828125,0.1846155956964559,0.2077214874220027,0.151731163824798,23.65999984741211,0.236599998474121,0.033175124726770824
2025-11-20,652.530029296875,0.2127083213165896,0.2355907907493706,0.1745116096460883,26.420000076293945,0.2642000007629395,0.06079930839181591
2025-11-21,659.030029296875,0.1691122033077337,0.2024901065655199,0.1510091083896174,23.43000030517578,0.2343000030517578,0.033175124726770824
2025-11-24,668.72998046875,0.1645732218920337,0.216314522661333,0.1460957115542902,20.520000457763672,0.2052000045776367,0.033175124726770824
2025-11-25,675.02001953125,0.1715748077964162,0.2154063005386673,0.1460957115542902,18.559999465942383,0.1855999946594238,0.033175124726770824
2025-11-26,679.6799926757812,0.1736351477753518,0.2220437113137263,0.1464980572116389,17.190000534057617,0.1719000053405761,0.033175124726770824
2025-11-28,683.3900146484375,0.173001114396528,0.2196709862589994,0.1464980572116389,16.350000381469727,0.1635000038146972,0.033175124726770824
