symbol,quantity,price,trade_type,timestamp,strike,expiry,option_type,implied_vol,delta
SPY,2.0,0.155,option,2024-01-19,486.0,2024-01-22,call,0.12868448414973205,0.27025541576994433
SPY,-54.05108315398886,482.42999267578125,stock,2024-01-19,,,,,
SPY,2.0,0.195,option,2024-01-19,506.0,2024-02-09,call,0.1638041145430155,0.12198471067763461
SPY,-24.39694213552692,482.42999267578125,stock,2024-01-19,,,,,
SPY,2.0,0.225,option,2024-01-19,505.0,2024-02-09,call,0.1638041145430155,0.1324737560926167
SPY,-26.494751218523337,482.42999267578125,stock,2024-01-19,,,,,
SPY,2.0,0.385,option,2024-01-19,506.0,2024-02-16,call,0.1720159771649124,0.17228231733801735
SPY,-34.45646346760347,482.42999267578125,stock,2024-01-19,,,,,
SPY,2.0,0.14500000000000002,option,2024-01-19,488.0,2024-01-23,call,0.13145737097334723,0.2085770009309908
SPY,-41.71540018619816,482.42999267578125,stock,2024-01-19,,,,,
SPY,2.0,0.125,option,2024-01-19,490.0,2024-01-24,call,0.13409641262737756,0.16684260704452064
SPY,-33.36852140890413,482.42999267578125,stock,2024-01-19,,,,,
SPY,2.0,0.265,option,2024-01-19,504.0,2024-02-09,call,0.1638041145430155,0.14359082807328283
SPY,-28.718165614656566,482.42999267578125,stock,2024-01-19,,,,,
SPY,2.0,0.11499999999999999,option,2024-01-19,492.0,2024-01-25,call,0.13661150615944503,0.1369893758172135
SPY,-27.3978751634427,482.42999267578125,stock,2024-01-19,,,,,
SPY,2.0,0.445,option,2024-01-19,505.0,2024-02-16,call,0.1720159771649124,0.18308714873828774
SPY,-36.617429747657546,482.42999267578125,stock,2024-01-19,,,,,
SPY,2.0,0.10500000000000001,option,2024-01-19,501.0,2024-01-31,call,0.14953111249681797,0.08766628242447899
SPY,-17.533256484895798,482.42999267578125,stock,2024-01-19,,,,,
SPY,2.0,0.125,option,2024-01-19,500.0,2024-01-31,call,0.14953111249681797,0.09999591929408358
SPY,-19.999183858816714,482.42999267578125,stock,2024-01-19,,,,,
SPY,2.0,0.135,option,2024-01-19,493.0,2024-01-26,call,0.13901142258893548,0.13647791285473104
SPY,-27.29558257094621,482.42999267578125,stock,2024-01-19,,,,,
SPY,2.0,0.515,option,2024-01-19,504.0,2024-02-16,call,0.1720159771649124,0.1943276819769827
SPY,-38.86553639539654,482.42999267578125,stock,2024-01-19,,,,,
SPY,2.0,0.14500000000000002,option,2024-01-19,478.0,2024-01-22,put,0.12868448414973205,-0.20878142223061547
SPY,41.75628444612309,482.42999267578125,stock,2024-01-19,,,,,
SPY,2.0,0.365,option,2024-01-19,502.0,2024-02-09,call,0.1638041145430155,0.16774213910423036
SPY,-33.54842782084607,482.42999267578125,stock,2024-01-19,,,,,
SPY,2.0,0.185,option,2024-01-19,498.0,2024-01-31,call,0.14953111249681797,0.1284502092546047
SPY,-25.69004185092094,482.42999267578125,stock,2024-01-19,,,,,
SPY,2.0,0.165,option,2024-01-19,491.0,2024-01-25,call,0.13661150615944503,0.16409037367509455
SPY,-32.81807473501891,482.42999267578125,stock,2024-01-19,,,,,
SPY,2.0,0.11499999999999999,option,2024-01-19,504.0,2024-02-02,call,0.15315405922479067,0.07813995065224753
SPY,-15.627990130449506,482.42999267578125,stock,2024-01-19,,,,,
SPY,2.0,0.195,option,2024-01-19,489.0,2024-01-24,call,0.13409641262737756,0.20142183197287145
SPY,-40.28436639457429,482.42999267578125,stock,2024-01-19,,,,,
SPY,2.0,0.175,option,2024-01-19,500.0,2024-02-01,call,0.1513795808125344,0.11257919461504584
SPY,-22.51583892300917,482.42999267578125,stock,2024-01-19,,,,,
SPY,2.0,0.245,option,2024-01-19,487.0,2024-01-23,call,0.13145737097334723,0.2538862701027988
SPY,-50.77725402055976,482.42999267578125,stock,2024-01-19,,,,,
SPY,-37.253645017562455,482.42999267578125,stock,2024-01-19,,,,,
SPY,156.44425011207312,483.45001220703125,stock,2024-01-22,,,,,
SPY,2.0,0.10500000000000001,option,2024-01-22,495.0,2024-01-29,call,0.14506265883615996,0.12587176959524082
SPY,-25.174353919048166,483.45001220703125,stock,2024-01-22,,,,,
SPY,-1.2860236179287696,483.45001220703125,stock,2024-01-22,,,,,
SPY,30.556648222503867,484.8599853515625,stock,2024-01-23,,,,,
SPY,2.0,0.11499999999999999,option,2024-01-23,494.0,2024-01-29,call,0.15857635710766202,0.18613999711593837
SPY,-37.227999423187676,484.8599853515625,stock,2024-01-23,,,,,
SPY,2.0,0.11499999999999999,option,2024-01-23,496.0,2024-01-30,call,0.16007530098463293,0.1595467635087482
SPY,-31.90935270174964,484.8599853515625,stock,2024-01-23,,,,,
SPY,-2.774439470665122,484.8599853515625,stock,2024-01-23,,,,,
SPY,76.95066602187961,485.3900146484375,stock,2024-01-24,,,,,
SPY,2.0,0.11499999999999999,option,2024-01-24,493.0,2024-01-29,call,0.14816079684702776,0.191433520372697
SPY,-38.2867040745394,485.3900146484375,stock,2024-01-24,,,,,
SPY,2.0,0.11499999999999999,option,2024-01-24,495.0,2024-01-30,call,0.15006172298020282,0.1605306785320304
SPY,-32.10613570640608,485.3900146484375,stock,2024-01-24,,,,,
SPY,-2.753569982373122,485.3900146484375,stock,2024-01-24,,,,,
SPY,-116.5315368023796,488.0299987792969,stock,2024-01-25,,,,,
SPY,2.0,0.41000000000000003,option,2024-01-25,512.0,2024-02-23,call,0.1756956672328457,0.18106120566822026
SPY,-36.21224113364405,488.0299987792969,stock,2024-01-25,,,,,
SPY,2.0,0.10500000000000001,option,2024-01-25,497.0,2024-01-30,call,0.14117078913367914,0.14063701663148442
SPY,-28.127403326296886,488.0299987792969,stock,2024-01-25,,,,,
SPY,-3.9624969042261675,488.0299987792969,stock,2024-01-25,,,,,
SPY,141.4862496215134,487.4100036621094,stock,2024-01-26,,,,,
SPY,2.0,0.11499999999999999,option,2024-01-26,491.0,2024-01-29,call,0.129173878553792,0.27201010294519434
SPY,-54.40202058903887,487.4100036621094,stock,2024-01-26,,,,,
SPY,-1.500772334078846,487.4100036621094,stock,2024-01-26,,,,,
SPY,125.13679415814734,491.2699890136719,stock,2024-01-29,,,,,
SPY,2.0,0.345,option,2024-01-29,515.0,2024-02-23,call,0.16809299742690526,0.15405969943967462
SPY,-30.811939887934926,491.2699890136719,stock,2024-01-29,,,,,
SPY,2.0,0.405,option,2024-01-29,514.0,2024-02-23,call,0.16809299742690526,0.16478151181414907
SPY,-32.95630236282982,491.2699890136719,stock,2024-01-29,,,,,
SPY,2.0,0.185,option,2024-01-29,515.0,2024-02-16,call,0.1588320216003702,0.0982104698479197
SPY,-19.64209396958394,491.2699890136719,stock,2024-01-29,,,,,
SPY,2.0,0.195,option,2024-01-29,510.0,2024-02-12,call,0.15232003346936374,0.11244178001355226
SPY,-22.488356002710454,491.2699890136719,stock,2024-01-29,,,,,
SPY,-8.162449508732166,491.2699890136719,stock,2024-01-29,,,,,
SPY,158.98606036696415,490.8900146484375,stock,2024-01-30,,,,,
SPY,2.0,0.28,option,2024-01-30,515.0,2024-02-23,call,0.16488711481311266,0.1396799903291408
SPY,-27.93599806582816,490.8900146484375,stock,2024-01-30,,,,,
SPY,2.0,0.45,option,2024-01-30,515.0,2024-02-29,call,0.17178271821771798,0.1799476394946366
SPY,-35.98952789892732,490.8900146484375,stock,2024-01-30,,,,,
SPY,2.0,0.33,option,2024-01-30,514.0,2024-02-23,call,0.16488711481311266,0.15015034015119155
SPY,-30.03006803023831,490.8900146484375,stock,2024-01-30,,,,,
SPY,-9.473686231758176,490.8900146484375,stock,2024-01-30,,,,,
SPY,330.98302988792716,482.8800048828125,stock,2024-01-31,,,,,
SPY,-2.0,0.10500000000000001,option,2024-01-31,472.0,2024-02-02,put,0.125230721518582,-0.0066647861337714165
SPY,-1.3329572267542833,482.8800048828125,stock,2024-01-31,,,,,
SPY,-2.0,0.11499999999999999,option,2024-01-31,459.0,2024-02-07,put,0.13852475354786,-0.0037542616106136517
SPY,-0.7508523221227303,482.8800048828125,stock,2024-01-31,,,,,
SPY,-2.0,0.11499999999999999,option,2024-01-31,472.5,2024-02-02,put,0.125230721518582,-0.00912204496114899
SPY,-1.824408992229798,482.8800048828125,stock,2024-01-31,,,,,
SPY,-2.0,0.125,option,2024-01-31,460.0,2024-02-07,put,0.13852475354786,-0.005234187218544739
SPY,-1.0468374437089478,482.8800048828125,stock,2024-01-31,,,,,
SPY,-2.0,0.135,option,2024-01-31,473.0,2024-02-02,put,0.125230721518582,-0.012334925401207064
SPY,-2.466985080241413,482.8800048828125,stock,2024-01-31,,,,,
SPY,0.907456254207581,482.8800048828125,stock,2024-01-31,,,,,
SPY,-170.55279011502574,489.20001220703125,stock,2024-02-01,,,,,
SPY,2.0,0.33,option,2024-02-01,512.0,2024-02-23,call,0.16260018452506292,0.13764376712677812
SPY,-27.528753425355625,489.20001220703125,stock,2024-02-01,,,,,
SPY,2.0,0.56,option,2024-02-01,512.0,2024-02-29,call,0.1699881640286059,0.18103989153267475
SPY,-36.20797830653495,489.20001220703125,stock,2024-02-01,,,,,
SPY,-8.89535837046406,489.20001220703125,stock,2024-02-01,,,,,
SPY,-235.12630075981485,494.3500061035156,stock,2024-02-02,,,,,
SPY,2.0,0.11499999999999999,option,2024-02-02,499.0,2024-02-05,call,0.17163482651210143,0.2798346133664059
SPY,-55.96692267328118,494.3500061035156,stock,2024-02-02,,,,,
SPY,2.0,0.125,option,2024-02-02,505.0,2024-02-08,call,0.1746342810498237,0.17720139947927294
SPY,-35.44027989585459,494.3500061035156,stock,2024-02-02,,,,,
SPY,2.0,0.125,option,2024-02-02,516.0,2024-02-16,call,0.18128048073009603,0.1214160279846247
SPY,-24.28320559692494,494.3500061035156,stock,2024-02-02,,,,,
SPY,2.0,0.10500000000000001,option,2024-02-02,488.0,2024-02-05,put,0.17163482651210143,-0.1978856505131621
SPY,39.57713010263242,494.3500061035156,stock,2024-02-02,,,,,
SPY,-4.748722708692938,494.3500061035156,stock,2024-02-02,,,,,
SPY,277.5431285742766,492.54998779296875,stock,2024-02-05,,,,,
SPY,2.0,0.10500000000000001,option,2024-02-05,505.0,2024-02-12,call,0.1847816284754131,0.1716375392168571
SPY,-34.32750784337142,492.54998779296875,stock,2024-02-05,,,,,
SPY,2.0,0.165,option,2024-02-05,515.0,2024-02-23,call,0.19044005125415894,0.1563810468200879
SPY,-31.276209364017582,492.54998779296875,stock,2024-02-05,,,,,
SPY,3.170084104423964,492.54998779296875,stock,2024-02-05,,,,,
SPY,-29.039740261786864,493.9800109863281,stock,2024-02-06,,,,,
SPY,2.0,0.14500000000000002,option,2024-02-06,515.0,2024-02-23,call,0.18998602670988207,0.1652443765186799
SPY,-33.04887530373598,493.9800109863281,stock,2024-02-06,,,,,
SPY,4.294547141612163,493.9800109863281,stock,2024-02-06,,,,,
SPY,-265.7166877654088,498.1000061035156,stock,2024-02-07,,,,,
SPY,2.0,0.11499999999999999,option,2024-02-07,516.0,2024-02-20,call,0.18026130799087897,0.15868787142972623
SPY,-31.737574285945247,498.1000061035156,stock,2024-02-07,,,,,
SPY,2.0,0.11499999999999999,option,2024-02-07,520.0,2024-02-23,call,0.18238008400632916,0.1390093460845171
SPY,-27.80186921690342,498.1000061035156,stock,2024-02-07,,,,,
SPY,1.0,0.14500000000000002,option,2024-02-07,485.0,2024-02-13,put,0.17440513729850837,-0.11165254652637846
SPY,11.165254652637845,498.1000061035156,stock,2024-02-07,,,,,
SPY,-3.776624092564397,498.1000061035156,stock,2024-02-07,,,,,
SPY,96.47384387076909,498.32000732421875,stock,2024-02-08,,,,,
SPY,2.0,0.155,option,2024-02-08,522.0,2024-02-29,call,0.1792242968311983,0.15111519226599368
SPY,-30.223038453198736,498.32000732421875,stock,2024-02-08,,,,,
SPY,-2.0631219979740933,498.32000732421875,stock,2024-02-08,,,,,
SPY,-105.60821901252211,501.20001220703125,stock,2024-02-09,,,,,
SPY,234.63335496121346,500.9800109863281,stock,2024-02-12,,,,,
SPY,2.0,0.11499999999999999,option,2024-02-12,520.0,2024-02-26,call,0.16530126164382017,0.13325654370088802
SPY,-26.651308740177605,500.9800109863281,stock,2024-02-12,,,,,
SPY,2.0,0.10500000000000001,option,2024-02-12,526.0,2024-03-01,call,0.1699740685024085,0.1063596364877733
SPY,-21.27192729755466,500.9800109863281,stock,2024-02-12,,,,,
SPY,2.0,0.11499999999999999,option,2024-02-12,524.0,2024-02-29,call,0.16886837396603496,0.11723092972063609
SPY,-23.44618594412722,500.9800109863281,stock,2024-02-12,,,,,
SPY,2.0,0.125,option,2024-02-12,525.0,2024-03-01,call,0.1699740685024085,0.11590517068123435
SPY,-23.18103413624687,500.9800109863281,stock,2024-02-12,,,,,
SPY,2.0,0.14500000000000002,option,2024-02-12,524.0,2024-03-01,call,0.1699740685024085,0.1260635892675812
SPY,-25.212717853516242,500.9800109863281,stock,2024-02-12,,,,,
SPY,2.0,0.165,option,2024-02-12,522.0,2024-02-29,call,0.16886837396603496,0.13917953391123122
SPY,-27.835906782246244,500.9800109863281,stock,2024-02-12,,,,,
SPY,-13.266613326247633,500.9800109863281,stock,2024-02-12,,,,,
SPY,556.2113104399169,494.0799865722656,stock,2024-02-13,,,,,
SPY,-1.0,0.11499999999999999,option,2024-02-13,470.0,2024-02-16,put,0.14364266564573383,-5.76511233246757e-05
SPY,-0.00576511233246757,494.0799865722656,stock,2024-02-13,,,,,
SPY,2.0,0.125,option,2024-02-13,518.0,2024-03-01,call,0.16624524166730373,0.10136019360271009
SPY,-20.272038720542017,494.0799865722656,stock,2024-02-13,,,,,
SPY,-1.5272750848061314,494.0799865722656,stock,2024-02-13,,,,,
SPY,-214.56095306534232,498.57000732421875,stock,2024-02-14,,,,,
SPY,-218.50713949885284,502.010009765625,stock,2024-02-15,,,,,
SPY,369.8154475092451,499.510009765625,stock,2024-02-16,,,,,
SPY,2.0,0.11499999999999999,option,2024-02-16,504.0,2024-02-20,call,0.1671072689779813,0.31197429587472203
SPY,-62.39485917494441,499.510009765625,stock,2024-02-16,,,,,
SPY,2.0,0.135,option,2024-02-16,518.0,2024-03-01,call,0.17710009325180331,0.1566101634930112
SPY,-31.322032698602243,499.510009765625,stock,2024-02-16,,,,,
SPY,2.0,0.20500000000000002,option,2024-02-16,503.0,2024-02-20,call,0.1671072689779813,0.35318751181010627
SPY,-70.63750236202125,499.510009765625,stock,2024-02-16,,,,,
SPY,2.0,0.165,option,2024-02-16,524.0,2024-03-08,call,0.1823172321245801,0.14770468163563855
SPY,-29.54093632712771,499.510009765625,stock,2024-02-16,,,,,
SPY,2.0,0.11499999999999999,option,2024-02-16,511.0,2024-02-23,call,0.17048186690762554,0.17483830152258184
SPY,-34.96766030451637,499.510009765625,stock,2024-02-16,,,,,
SPY,2.0,0.165,option,2024-02-16,516.0,2024-02-29,call,0.1762495180702938,0.17401790454471405
SPY,-34.80358090894281,499.510009765625,stock,2024-02-16,,,,,
SPY,-6.688069915084483,499.510009765625,stock,2024-02-16,,,,,
SPY,535.4947818584561,496.760009765625,stock,2024-02-20,,,,,
SPY,-2.0,0.10500000000000001,option,2024-02-20,481.0,2024-02-23,put,0.16047623712316414,-0.01272317095344977
SPY,-2.544634190689954,496.760009765625,stock,2024-02-20,,,,,
SPY,-2.0,0.125,option,2024-02-20,482.0,2024-02-23,put,0.16047623712316414,-0.01822786222994066
SPY,-3.6455724459881322,496.760009765625,stock,2024-02-20,,,,,
SPY,-2.0,0.10500000000000001,option,2024-02-20,489.0,2024-02-21,put,0.1575046392027916,-0.02739438490661439
SPY,-5.478876981322878,496.760009765625,stock,2024-02-20,,,,,
SPY,-2.0,0.10500000000000001,option,2024-02-20,485.0,2024-02-22,put,0.15901909355317012,-0.020156486004923257
SPY,-4.0312972009846515,496.760009765625,stock,2024-02-20,,,,,
SPY,0.553207344264238,496.760009765625,stock,2024-02-20,,,,,
SPY,51.14044254549137,497.2099914550781,stock,2024-02-21,,,,,
SPY,-2.0,0.10500000000000001,option,2024-02-21,487.0,2024-02-22,put,0.15198528261324473,-0.004409545589504682
SPY,-0.8819091179009364,497.2099914550781,stock,2024-02-21,,,,,
SPY,0.02838585976641461,497.2099914550781,stock,2024-02-21,,,,,
SPY,-494.894695613103,507.5,stock,2024-02-22,,,,,
SPY,2.0,0.11499999999999999,option,2024-02-22,525.0,2024-03-04,call,0.16421101300616173,0.12428347434404896
SPY,-24.856694868809793,507.5,stock,2024-02-22,,,,,
SPY,2.0,0.11499999999999999,option,2024-02-22,530.0,2024-03-07,call,0.1678487379985292,0.10029514207366613
SPY,-20.059028414733227,507.5,stock,2024-02-22,,,,,
SPY,-2.7883731414744766,507.5,stock,2024-02-22,,,,,
SPY,216.93373190908972,507.8500061035156,stock,2024-02-23,,,,,
SPY,2.0,0.11499999999999999,option,2024-02-23,503.0,2024-02-26,put,0.1428234240072303,-0.223547542197841
SPY,44.709508439568204,507.8500061035156,stock,2024-02-23,,,,,
SPY,2.0,0.135,option,2024-02-23,525.0,2024-03-06,call,0.1590582524396753,0.13256103183146722
SPY,-26.512206366293444,507.8500061035156,stock,2024-02-23,,,,,
SPY,2.0,0.10500000000000001,option,2024-02-23,530.0,2024-03-08,call,0.16194295455092425,0.0957785632445578
SPY,-19.15571264891156,507.8500061035156,stock,2024-02-23,,,,,
SPY,2.0,0.20500000000000002,option,2024-02-23,520.0,2024-03-04,call,0.1559430046485541,0.1889352265371449
SPY,-37.78704530742898,507.8500061035156,stock,2024-02-23,,,,,
SPY,2.0,0.225,option,2024-02-23,532.0,2024-03-15,call,0.17051203155736547,0.13845089798239912
SPY,-27.690179596479826,507.8500061035156,stock,2024-02-23,,,,,
SPY,2.0,0.125,option,2024-02-23,518.0,2024-02-29,call,0.14891692420337407,0.15632073847601163
SPY,-31.264147695202325,507.8500061035156,stock,2024-02-23,,,,,
SPY,2.0,0.11499999999999999,option,2024-02-23,520.0,2024-03-01,call,0.1507821764359044,0.13491702336385109
SPY,-26.983404672770217,507.8500061035156,stock,2024-02-23,,,,,
SPY,-10.823168180817863,507.8500061035156,stock,2024-02-23,,,,,
SPY,315.59637282610646,505.989990234375,stock,2024-02-26,,,,,
SPY,2.0,0.10500000000000001,option,2024-02-26,520.0,2024-03-05,call,0.19668988988924818,0.18185477116342985
SPY,-36.37095423268597,505.989990234375,stock,2024-02-26,,,,,
SPY,2.0,0.165,option,2024-02-26,530.0,2024-03-15,call,0.19853177994356025,0.15693804568849207
SPY,-31.387609137698412,505.989990234375,stock,2024-02-26,,,,,
SPY,-3.085123334424239,505.989990234375,stock,2024-02-26,,,,,
SPY,37.85406670784096,506.92999267578125,stock,2024-02-27,,,,,
SPY,134.7722361309519,506.260009765625,stock,2024-02-28,,,,,
SPY,30.22225493035083,508.0799865722656,stock,2024-02-29,,,,,
SPY,2.0,0.11499999999999999,option,2024-02-29,524.0,2024-03-11,call,0.16828171285799948,0.15365861344069376
SPY,-30.731722688138753,508.0799865722656,stock,2024-02-29,,,,,
SPY,2.0,0.10500000000000001,option,2024-02-29,530.0,2024-03-15,call,0.17247978618882204,0.12160290619438469
SPY,-24.320581238876937,508.0799865722656,stock,2024-02-29,,,,,
SPY,2.0,0.125,option,2024-02-29,529.0,2024-03-15,call,0.17247978618882204,0.1328545420470903
SPY,-26.57090840941806,508.0799865722656,stock,2024-02-29,,,,,
SPY,2.0,0.185,option,2024-02-29,533.0,2024-03-22,call,0.1785579629302465,0.14850657959927666
SPY,-29.701315919855332,508.0799865722656,stock,2024-02-29,,,,,
SPY,2.0,0.11499999999999999,option,2024-02-29,515.0,2024-03-04,call,0.1592937422257691,0.21483311741920136
SPY,-42.96662348384027,508.0799865722656,stock,2024-02-29,,,,,
SPY,2.0,0.125,option,2024-02-29,526.0,2024-03-12,call,0.16938779155025016,0.13745786289315703
SPY,-27.491572578631406,508.0799865722656,stock,2024-02-29,,,,,
SPY,-16.741090772538065,508.0799865722656,stock,2024-02-29,,,,,
SPY,-194.0532015155627,512.8499755859375,stock,2024-03-01,,,,,
SPY,2.0,0.125,option,2024-03-01,516.0,2024-03-04,call,0.14821221527722475,0.33114104277565504
SPY,-66.228208555131,512.8499755859375,stock,2024-03-01,,,,,
SPY,2.0,0.11499999999999999,option,2024-03-01,526.0,2024-03-11,call,0.15980527455251767,0.1779478488498057
SPY,-35.58956976996114,512.8499755859375,stock,2024-03-01,,,,,
SPY,2.0,0.10500000000000001,option,2024-03-01,530.0,2024-03-13,call,0.1625742321781339,0.14033140336941946
SPY,-28.06628067388389,512.8499755859375,stock,2024-03-01,,,,,
SPY,2.0,0.11499999999999999,option,2024-03-01,532.0,2024-03-15,call,0.16514290276459456,0.13706587474005616
SPY,-27.413174948011232,512.8499755859375,stock,2024-03-01,,,,,
SPY,2.0,0.135,option,2024-03-01,518.0,2024-03-05,call,0.15007647281859177,0.2695464774774414
SPY,-53.90929549548829,512.8499755859375,stock,2024-03-01,,,,,
SPY,2.0,0.155,option,2024-03-01,525.0,2024-03-11,call,0.15980527455251767,0.1973091496738617
SPY,-39.46182993477234,512.8499755859375,stock,2024-03-01,,,,,
SPY,-11.493951557201896,512.8499755859375,stock,2024-03-01,,,,,
SPY,430.8194380208767,512.2999877929688,stock,2024-03-04,,,,,
SPY,2.0,0.155,option,2024-03-04,530.0,2024-03-18,call,0.16032808552950575,0.1487949900655245
SPY,-29.758998013104897,512.2999877929688,stock,2024-03-04,,,,,
SPY,2.0,0.28500000000000003,option,2024-03-04,536.0,2024-03-28,call,0.17219030956402084,0.16543249167192275
SPY,-33.08649833438455,512.2999877929688,stock,2024-03-04,,,,,
SPY,2.0,0.175,option,2024-03-04,535.0,2024-03-22,call,0.16559798132994388,0.12844402601501737
SPY,-25.688805203003472,512.2999877929688,stock,2024-03-04,,,,,
SPY,2.0,0.11499999999999999,option,2024-03-04,524.0,2024-03-11,call,0.14889390243523556,0.14316013277189465
SPY,-28.632026554378932,512.2999877929688,stock,2024-03-04,,,,,
SPY,2.0,0.20500000000000002,option,2024-03-04,534.0,2024-03-22,call,0.16559798132994388,0.13942601763605833
SPY,-27.885203527211665,512.2999877929688,stock,2024-03-04,,,,,
SPY,-15.549779555866369,512.2999877929688,stock,2024-03-04,,,,,
SPY,309.8253358111138,507.17999267578125,stock,2024-03-05,,,,,
SPY,-2.0,0.14500000000000002,option,2024-03-05,482.0,2024-03-12,put,0.15367058955454796,-0.007728552498285968
SPY,-1.5457104996571935,507.17999267578125,stock,2024-03-05,,,,,
SPY,-2.0,0.10500000000000001,option,2024-03-05,492.0,2024-03-08,put,0.146382503880112,-0.010478141028430699
SPY,-2.0956282056861397,507.17999267578125,stock,2024-03-05,,,,,
SPY,-2.0,0.155,option,2024-03-05,483.0,2024-03-12,put,0.15367058955454796,-0.010060087818856145
SPY,-2.012017563771229,507.17999267578125,stock,2024-03-05,,,,,
SPY,0.37826952787955204,507.17999267578125,stock,2024-03-05,,,,,
SPY,-41.647771700864574,509.75,stock,2024-03-06,,,,,
SPY,2.0,0.125,option,2024-03-06,530.0,2024-03-19,call,0.15733898523361844,0.10148767145557297
SPY,-20.297534291114594,509.75,stock,2024-03-06,,,,,
SPY,-1.4086925955072402,509.75,stock,2024-03-06,,,,,
SPY,-199.72342371185584,514.8099975585938,stock,2024-03-07,,,,,
SPY,2.0,0.255,option,2024-03-07,540.0,2024-03-28,call,0.1748055263727294,0.13765440782135718
SPY,-27.530881564271436,514.8099975585938,stock,2024-03-07,,,,,
SPY,-1.9963899942785517,514.8099975585938,stock,2024-03-07,,,,,
SPY,237.07279637502486,511.7200012207031,stock,2024-03-08,,,,,
SPY,-1.0,0.14500000000000002,option,2024-03-08,487.0,2024-03-14,put,0.15161471096336673,-0.005029814098972851
SPY,-0.5029814098972851,511.7200012207031,stock,2024-03-08,,,,,
SPY,2.0,0.11499999999999999,option,2024-03-08,530.0,2024-03-19,call,0.15959168269363758,0.10910835999663987
SPY,-21.821671999327975,511.7200012207031,stock,2024-03-08,,,,,
SPY,2.0,0.155,option,2024-03-08,517.0,2024-03-11,call,0.1459903025123858,0.22465903394600512
SPY,-44.931806789201026,511.7200012207031,stock,2024-03-08,,,,,
SPY,-1.8370488406757488,511.7200012207031,stock,2024-03-08,,,,,
SPY,218.17830009045312,511.2799987792969,stock,2024-03-11,,,,,
SPY,-2.0,0.14500000000000002,option,2024-03-11,486.0,2024-03-15,put,0.15379627187942013,-0.0007589209242435668
SPY,-0.15178418484871337,511.2799987792969,stock,2024-03-11,,,,,
SPY,-2.0,0.155,option,2024-03-11,487.0,2024-03-15,put,0.15379627187942013,-0.0011689033142193717
SPY,-0.23378066284387433,511.2799987792969,stock,2024-03-11,,,,,
SPY,-2.0,0.10500000000000001,option,2024-03-11,490.0,2024-03-14,put,0.15209232811077458,-0.0009613086544391081
SPY,-0.1922617308878216,511.2799987792969,stock,2024-03-11,,,,,
SPY,-2.0,0.165,option,2024-03-11,488.0,2024-03-15,put,0.15379627187942013,-0.0017717701021189303
SPY,-0.35435402042378605,511.2799987792969,stock,2024-03-11,,,,,
SPY,-2.0,0.11499999999999999,option,2024-03-11,491.0,2024-03-14,put,0.15209232811077458,-0.001568031978798401
SPY,-0.3136063957596802,511.2799987792969,stock,2024-03-11,,,,,
SPY,0.08320998427559845,511.2799987792969,stock,2024-03-11,,,,,
SPY,-122.49586696883884,516.780029296875,stock,2024-03-12,,,,,
SPY,2.0,0.10500000000000001,option,2024-03-12,542.0,2024-03-28,call,0.16893837234948603,0.09600482910040908
SPY,-19.200965820081816,516.780029296875,stock,2024-03-12,,,,,
SPY,2.0,0.14500000000000002,option,2024-03-12,540.0,2024-03-28,call,0.16893837234948603,0.11504268667896772
SPY,-23.008537335793545,516.780029296875,stock,2024-03-12,,,,,
SPY,2.0,0.185,option,2024-03-12,535.0,2024-03-25,call,0.16548409883368748,0.14207486963928034
SPY,-28.414973927856067,516.780029296875,stock,2024-03-12,,,,,
SPY,-6.367759057474132,516.780029296875,stock,2024-03-12,,,,,
SPY,93.5644825622008,515.969970703125,stock,2024-03-13,,,,,
SPY,2.0,0.11499999999999999,option,2024-03-13,538.0,2024-03-28,call,0.16238514836281168,0.10959911840659148
SPY,-21.919823681318295,515.969970703125,stock,2024-03-13,,,,,
SPY,2.0,0.125,option,2024-03-13,535.0,2024-03-26,call,0.15961263071019532,0.1222829537634772
SPY,-24.45659075269544,515.969970703125,stock,2024-03-13,,,,,
SPY,-3.140947850212033,515.969970703125,stock,2024-03-13,,,,,
SPY,88.750836280997,514.9500122070312,stock,2024-03-14,,,,,
SPY,-2.0,0.10500000000000001,option,2024-03-14,502.0,2024-03-15,put,0.1479449900675019,-0.00048343131303152376
SPY,-0.09668626260630475,514.9500122070312,stock,2024-03-14,,,,,
SPY,-2.0,0.11499999999999999,option,2024-03-14,503.0,2024-03-15,put,0.1479449900675019,-0.0011711251813040224
SPY,-0.2342250362608045,514.9500122070312,stock,2024-03-14,,,,,
SPY,2.0,0.175,option,2024-03-14,540.0,2024-04-05,call,0.1752540492819942,0.14584258271071254
SPY,-29.16851654214251,514.9500122070312,stock,2024-03-14,,,,,
SPY,-2.1128598753645242,514.9500122070312,stock,2024-03-14,,,,,
SPY,148.7846714996747,509.8299865722656,stock,2024-03-15,,,,,
SPY,-2.0,0.11499999999999999,option,2024-03-15,485.0,2024-03-22,put,0.15087619710232333,-0.007794452487692283
SPY,-1.5588904975384565,509.8299865722656,stock,2024-03-15,,,,,
SPY,-2.0,0.125,option,2024-03-15,486.0,2024-03-22,put,0.15087619710232333,-0.010175285263610667
SPY,-2.0350570527221334,509.8299865722656,stock,2024-03-15,,,,,
SPY,-2.0,0.10500000000000001,option,2024-03-15,488.0,2024-03-21,put,0.149061595119099,-0.010263368945888529
SPY,-2.052673789177706,509.8299865722656,stock,2024-03-15,,,,,
SPY,-2.0,0.135,option,2024-03-15,487.0,2024-03-22,put,0.15087619710232333,-0.013160460005188446
SPY,-2.632092001037689,509.8299865722656,stock,2024-03-15,,,,,
SPY,-2.0,0.14500000000000002,option,2024-03-15,487.5,2024-03-22,put,0.15087619710232333,-0.014915355039215816
SPY,-2.9830710078431633,509.8299865722656,stock,2024-03-15,,,,,
SPY,-2.0,0.11499999999999999,option,2024-03-15,489.0,2024-03-21,put,0.149061595119099,-0.013571148215585804
SPY,-2.714229643117161,509.8299865722656,stock,2024-03-15,,,,,
SPY,-2.0,0.155,option,2024-03-15,488.0,2024-03-22,put,0.15087619710232333,-0.016865680897020563
SPY,-3.3731361794041126,509.8299865722656,stock,2024-03-15,,,,,
SPY,-2.0,0.135,option,2024-03-15,490.0,2024-03-21,put,0.149061595119099,-0.017751623411750073
SPY,-3.5503246823500145,509.8299865722656,stock,2024-03-15,,,,,
SPY,1.868073922794978,509.8299865722656,stock,2024-03-15,,,,,
SPY,37.79872008666387,512.8599853515625,stock,2024-03-18,,,,,
SPY,-2.0,0.11499999999999999,option,2024-03-18,494.0,2024-03-22,put,0.1387816631417393,-0.004643996989135313
SPY,-0.9287993978270626,512.8599853515625,stock,2024-03-18,,,,,
SPY,-2.0,0.135,option,2024-03-18,495.0,2024-03-22,put,0.1387816631417393,-0.006906799265446684
SPY,-1.3813598530893367,512.8599853515625,stock,2024-03-18,,,,,
SPY,0.1553610085980921,512.8599853515625,stock,2024-03-18,,,,,
SPY,-17.44447954392562,515.7100219726562,stock,2024-03-19,,,,,
SPY,2.0,0.135,option,2024-03-19,540.0,2024-04-05,call,0.1698909134775971,0.1128437727776142
SPY,-22.56875455552284,515.7100219726562,stock,2024-03-19,,,,,
SPY,-3.1336364599636584,515.7100219726562,stock,2024-03-19,,,,,
SPY,-77.9263559151185,520.47998046875,stock,2024-03-20,,,,,
SPY,2.0,0.125,option,2024-03-20,540.0,2024-04-03,call,0.16356079417770739,0.13362753116169962
SPY,-26.725506232339924,520.47998046875,stock,2024-03-20,,,,,
SPY,-1.7024977597876294,520.47998046875,stock,2024-03-20,,,,,
SPY,-8.379652278642606,522.2000122070312,stock,2024-03-21,,,,,
SPY,2.0,0.10500000000000001,option,2024-03-21,540.0,2024-04-03,call,0.15931336742103572,0.1409413578390601
SPY,-28.188271567812016,522.2000122070312,stock,2024-03-21,,,,,
SPY,2.0,0.185,option,2024-03-21,535.0,2024-04-01,call,0.1563181562119693,0.19583601800655137
SPY,-39.16720360131028,522.2000122070312,stock,2024-03-21,,,,,
SPY,2.0,0.27,option,2024-03-21,535.0,2024-04-02,call,0.15784488675018987,0.2093066105392541
SPY,-41.86132210785082,522.2000122070312,stock,2024-03-21,,,,,
SPY,-7.232829990981358,522.2000122070312,stock,2024-03-21,,,,,
SPY,83.84679183799247,521.2100219726562,stock,2024-03-22,,,,,
SPY,2.0,0.10500000000000001,option,2024-03-22,535.0,2024-04-02,call,0.159899861669063,0.182693530783353
SPY,-36.5387061566706,521.2100219726562,stock,2024-03-22,,,,,
SPY,2.0,0.10500000000000001,option,2024-03-22,527.0,2024-03-26,call,0.1485106307849216,0.24549871615673852
SPY,-49.0997432313477,521.2100219726562,stock,2024-03-22,,,,,
SPY,2.0,0.11499999999999999,option,2024-03-22,540.0,2024-04-05,call,0.1639066569495319,0.14381542775613249
SPY,-28.763085551226496,521.2100219726562,stock,2024-03-22,,,,,
SPY,2.0,0.165,option,2024-03-22,535.0,2024-04-03,call,0.16128619180803283,0.1960424447521037
SPY,-39.20848895042074,521.2100219726562,stock,2024-03-22,,,,,
SPY,2.0,0.14500000000000002,option,2024-03-22,539.0,2024-04-05,call,0.1639066569495319,0.1573062049882254
SPY,-31.461240997645078,521.2100219726562,stock,2024-03-22,,,,,
SPY,2.0,0.11499999999999999,option,2024-03-22,529.0,2024-03-27,call,0.15034158854097443,0.2064690101373055
SPY,-41.293802027461105,521.2100219726562,stock,2024-03-22,,,,,
SPY,2.0,0.185,option,2024-03-22,524.0,2024-03-25,call,0.14660106006224113,0.3509846935782718
SPY,-70.19693871565435,521.2100219726562,stock,2024-03-22,,,,,
SPY,2.0,0.11499999999999999,option,2024-03-22,531.0,2024-03-28,call,0.15209833198783726,0.17679363212977117
SPY,-35.35872642595423,521.2100219726562,stock,2024-03-22,,,,,
SPY,2.0,0.185,option,2024-03-22,538.0,2024-04-05,call,0.1639066569495319,0.17163058462254588
SPY,-34.32611692450918,521.2100219726562,stock,2024-03-22,,,,,
SPY,2.0,0.20500000000000002,option,2024-03-22,545.0,2024-04-12,call,0.17170343212958042,0.15029397597020788
SPY,-30.058795194041576,521.2100219726562,stock,2024-03-22,,,,,
SPY,-20.230229166328023,521.2100219726562,stock,2024-03-22,,,,,
SPY,385.17186412650585,519.77001953125,stock,2024-03-25,,,,,
SPY,2.0,0.11499999999999999,option,2024-03-25,530.0,2024-04-01,call,0.14739483203231565,0.17725868414922247
SPY,-35.45173682984449,519.77001953125,stock,2024-03-25,,,,,
SPY,2.0,0.10500000000000001,option,2024-03-25,535.0,2024-04-04,call,0.1527886910499272,0.13400338433660486
SPY,-26.800676867320973,519.77001953125,stock,2024-03-25,,,,,
SPY,2.0,0.125,option,2024-03-25,545.0,2024-04-12,call,0.1643877675944601,0.10507682530366053
SPY,-21.015365060732105,519.77001953125,stock,2024-03-25,,,,,
SPY,2.0,0.165,option,2024-03-25,529.0,2024-04-01,call,0.14739483203231565,0.20232657953027233
SPY,-40.465315906054464,519.77001953125,stock,2024-03-25,,,,,
SPY,-8.585395068184454,519.77001953125,stock,2024-03-25,,,,,
SPY,125.42545968935039,518.8099975585938,stock,2024-03-26,,,,,
SPY,-2.0,0.125,option,2024-03-26,493.0,2024-04-04,put,0.14630375632912274,-0.012094043620514472
SPY,-2.4188087241028944,518.8099975585938,stock,2024-03-26,,,,,
SPY,-1.0,0.175,option,2024-03-26,493.0,2024-04-05,put,0.1482198317287829,-0.017234013915747082
SPY,-1.7234013915747082,518.8099975585938,stock,2024-03-26,,,,,
SPY,2.0,0.125,option,2024-03-26,529.0,2024-04-02,call,0.14221448259340363,0.16895694318343968
SPY,-33.791388636687934,518.8099975585938,stock,2024-03-26,,,,,
SPY,-1.2468689226516716,518.8099975585938,stock,2024-03-26,,,,,
SPY,-196.1264521894049,523.1699829101562,stock,2024-03-27,,,,,
SPY,2.0,0.11499999999999999,option,2024-03-27,534.0,2024-04-04,call,0.1410412632044823,0.17109988593070735
SPY,-34.21997718614147,523.1699829101562,stock,2024-03-27,,,,,
SPY,-1.7424686607108058,523.1699829101562,stock,2024-03-27,,,,,
SPY,82.98753932806855,523.0700073242188,stock,2024-03-28,,,,,
SPY,2.0,0.10500000000000001,option,2024-03-28,529.0,2024-04-02,call,0.12991691656328258,0.23707052292621705
SPY,-47.41410458524341,523.0700073242188,stock,2024-03-28,,,,,
SPY,2.0,0.125,option,2024-03-28,527.0,2024-04-01,call,0.1271293809852375,0.2948342464694153
SPY,-58.96684929388306,523.0700073242188,stock,2024-03-28,,,,,
SPY,2.0,0.10500000000000001,option,2024-03-28,518.0,2024-04-01,put,0.1271293809852375,-0.22512719756887045
SPY,45.02543951377409,523.0700073242188,stock,2024-03-28,,,,,
SPY,2.0,0.14500000000000002,option,2024-03-28,530.0,2024-04-03,call,0.1325673583067958,0.22767541132676417
SPY,-45.535082265352834,523.0700073242188,stock,2024-03-28,,,,,
SPY,2.0,0.125,option,2024-03-28,540.0,2024-04-10,call,0.14801876329632643,0.13548443884979922
SPY,-27.096887769959842,523.0700073242188,stock,2024-03-28,,,,,
SPY,-12.817970741149292,523.0700073242188,stock,2024-03-28,,,,,
SPY,513.853456020406,522.1599731445312,stock,2024-04-01,,,,,
SPY,-2.0,0.11499999999999999,option,2024-04-01,507.0,2024-04-05,put,0.13333531007344807,-0.01644239550165405
SPY,-3.28847910033081,522.1599731445312,stock,2024-04-01,,,,,
SPY,-2.0,0.125,option,2024-04-01,507.5,2024-04-05,put,0.13333531007344807,-0.019562564219498313
SPY,-3.9125128438996626,522.1599731445312,stock,2024-04-01,,,,,
SPY,-2.0,0.135,option,2024-04-01,508.0,2024-04-05,put,0.13333531007344807,-0.023168014015304106
SPY,-4.633602803060821,522.1599731445312,stock,2024-04-01,,,,,
SPY,-2.0,0.265,option,2024-04-01,497.0,2024-04-12,put,0.14855472950303034,-0.025517690548171768
SPY,-5.1035381096343535,522.1599731445312,stock,2024-04-01,,,,,
SPY,-2.0,0.275,option,2024-04-01,497.5,2024-04-12,put,0.14855472950303034,-0.02792580839541925
SPY,-5.58516167908385,522.1599731445312,stock,2024-04-01,,,,,
SPY,2.0,0.165,option,2024-04-01,545.0,2024-04-19,call,0.15986935893580032,0.12295127438664516
SPY,-24.59025487732903,522.1599731445312,stock,2024-04-01,,,,,
SPY,0.42014487269966594,522.1599731445312,stock,2024-04-01,,,,,
SPY,104.84409369367819,518.8400268554688,stock,2024-04-02,,,,,
SPY,-2.0,0.11499999999999999,option,2024-04-02,504.0,2024-04-05,put,0.12458227286969865,-0.0048055703182838805
SPY,-0.9611140636567761,518.8400268554688,stock,2024-04-02,,,,,
SPY,-2.0,0.135,option,2024-04-02,505.0,2024-04-05,put,0.12458227286969865,-0.007888844459495448
SPY,-1.5777688918990895,518.8400268554688,stock,2024-04-02,,,,,
SPY,-2.0,0.155,option,2024-04-02,506.0,2024-04-05,put,0.12458227286969865,-0.012582236542545533
SPY,-2.5164473085091066,518.8400268554688,stock,2024-04-02,,,,,
SPY,0.3100119515429762,518.8400268554688,stock,2024-04-02,,,,,
SPY,31.08279906862826,519.4099731445312,stock,2024-04-03,,,,,
SPY,-2.0,0.125,option,2024-04-03,494.0,2024-04-11,put,0.1347001455922811,-0.005430213859798472
SPY,-1.0860427719596943,519.4099731445312,stock,2024-04-03,,,,,
SPY,2.0,0.38,option,2024-04-03,545.0,2024-04-30,call,0.1668630992267636,0.1575925612932767
SPY,-31.518512258655342,519.4099731445312,stock,2024-04-03,,,,,
SPY,2.0,0.10500000000000001,option,2024-04-03,545.0,2024-04-19,call,0.15131509826943415,0.07017163781681633
SPY,-14.034327563363266,519.4099731445312,stock,2024-04-03,,,,,
SPY,-6.090658464648801,519.4099731445312,stock,2024-04-03,,,,,
SPY,3.5534582130434984,513.0700073242188,stock,2024-04-04,,,,,
SPY,2.0,0.5700000000000001,option,2024-04-04,538.0,2024-04-30,call,0.1679542045255879,0.15762754961405007
SPY,-31.525509922810013,513.0700073242188,stock,2024-04-04,,,,,
SPY,2.0,0.66,option,2024-04-04,537.0,2024-04-30,call,0.1679542045255879,0.16783593979247058
SPY,-33.56718795849412,513.0700073242188,stock,2024-04-04,,,,,
SPY,2.0,0.445,option,2024-04-04,538.0,2024-04-26,call,0.16322733771756454,0.12842643238446366
SPY,-25.68528647689273,513.0700073242188,stock,2024-04-04,,,,,
SPY,2.0,0.765,option,2024-04-04,536.0,2024-04-30,call,0.1679542045255879,0.17848062722280278
SPY,-35.69612544456056,513.0700073242188,stock,2024-04-04,,,,,
SPY,-9.92835979181634,513.0700073242188,stock,2024-04-04,,,,,
SPY,-14.54570663117682,518.4299926757812,stock,2024-04-05,,,,,
SPY,-2.0,0.10500000000000001,option,2024-04-05,493.0,2024-04-10,put,0.1272497685337918,-0.0003333935096031526
SPY,-0.06667870192063052,518.4299926757812,stock,2024-04-05,,,,,
SPY,2.0,0.345,option,2024-04-05,544.0,2024-04-30,call,0.16479020028149338,0.14389209274565756
SPY,-28.778418549131512,518.4299926757812,stock,2024-04-05,,,,,
SPY,2.0,0.11499999999999999,option,2024-04-05,535.0,2024-04-15,call,0.13988564745195,0.09282468026296992
SPY,-18.564936052593982,518.4299926757812,stock,2024-04-05,,,,,
SPY,2.0,0.405,option,2024-04-05,543.0,2024-04-30,call,0.16479020028149338,0.1537853640989414
SPY,-30.757072819788277,518.4299926757812,stock,2024-04-05,,,,,
SPY,2.0,0.11499999999999999,option,2024-04-05,526.0,2024-04-09,call,0.12431968412797373,0.13774364622731078
SPY,-27.548729245462155,518.4299926757812,stock,2024-04-05,,,,,
SPY,2.0,0.175,option,2024-04-05,523.0,2024-04-08,call,0.12122758539725789,0.21825467587790787
SPY,-43.65093517558157,518.4299926757812,stock,2024-04-05,,,,,
SPY,2.0,0.475,option,2024-04-05,542.0,2024-04-30,call,0.16479020028149338,0.1641381849845115
SPY,-32.8276369969023,518.4299926757812,stock,2024-04-05,,,,,
SPY,2.0,0.155,option,2024-04-05,540.0,2024-04-19,call,0.14809105390374577,0.08619693099989206
SPY,-17.239386199978412,518.4299926757812,stock,2024-04-05,,,,,
SPY,2.0,0.565,option,2024-04-05,541.0,2024-04-30,call,0.16479020028149338,0.1749530190017286
SPY,-34.990603800345724,518.4299926757812,stock,2024-04-05,,,,,
SPY,-15.45171027570187,518.4299926757812,stock,2024-04-05,,,,,
SPY,134.07684482253933,518.719970703125,stock,2024-04-08,,,,,
SPY,2.0,0.125,option,2024-04-08,540.0,2024-04-22,call,0.16573849557153505,0.11531092514273883
SPY,-23.062185028547766,518.719970703125,stock,2024-04-08,,,,,
SPY,-1.515285776166646,518.719970703125,stock,2024-04-08,,,,,
SPY,8.52074698199906,519.3200073242188,stock,2024-04-09,,,,,
SPY,2.0,0.22,option,2024-04-09,545.0,2024-04-30,call,0.17646213898844584,0.1374255702222198
SPY,-27.48511404444396,519.3200073242188,stock,2024-04-09,,,,,
SPY,0.8221310916274902,519.3200073242188,stock,2024-04-09,,,,,
SPY,170.02634144218254,514.1199951171875,stock,2024-04-10,,,,,
SPY,-2.0,0.11499999999999999,option,2024-04-10,499.0,2024-04-12,put,0.14414175900310855,-0.0024520697576860817
SPY,-0.49041395153721634,514.1199951171875,stock,2024-04-10,,,,,
SPY,-1.0,0.11499999999999999,option,2024-04-10,504.0,2024-04-11,put,0.14205863344753264,-0.003629353286427661
SPY,-0.3629353286427661,514.1199951171875,stock,2024-04-10,,,,,
SPY,2.0,0.11499999999999999,option,2024-04-10,535.0,2024-04-22,call,0.16081196863959585,0.09205981183079043
SPY,-18.411962366158086,514.1199951171875,stock,2024-04-10,,,,,
SPY,-1.1996285170010452,514.1199951171875,stock,2024-04-10,,,,,
SPY,-86.39530667869465,518.0,stock,2024-04-11,,,,,
SPY,2.0,0.20500000000000002,option,2024-04-11,542.0,2024-04-30,call,0.1647163128779656,0.12329720558942275
SPY,-24.65944111788455,518.0,stock,2024-04-11,,,,,
SPY,2.0,0.10500000000000001,option,2024-04-11,540.0,2024-04-24,call,0.15652135564247452,0.08546731055039619
SPY,-17.093462110079237,518.0,stock,2024-04-11,,,,,
SPY,-3.151706211952966,518.0,stock,2024-04-11,,,,,
SPY,220.8321178350918,510.8500061035156,stock,2024-04-12,,,,,
SPY,-2.0,0.11499999999999999,option,2024-04-12,486.0,2024-04-16,put,0.15331128910367015,-0.0008775850584792355
SPY,-0.1755170116958471,510.8500061035156,stock,2024-04-12,,,,,
SPY,-2.0,0.11499999999999999,option,2024-04-12,487.0,2024-04-16,put,0.15331128910367015,-0.0013466472758600911
SPY,-0.26932945517201823,510.8500061035156,stock,2024-04-12,,,,,
SPY,-2.0,0.125,option,2024-04-12,488.0,2024-04-16,put,0.15331128910367015,-0.002033463398404489
SPY,-0.40669267968089784,510.8500061035156,stock,2024-04-12,,,,,
SPY,-2.0,0.165,option,2024-04-12,486.0,2024-04-17,put,0.15493471467772654,-0.002767271930999793
SPY,-0.5534543861999586,510.8500061035156,stock,2024-04-12,,,,,
SPY,-2.0,0.135,option,2024-04-12,489.0,2024-04-16,put,0.15331128910367015,-0.003022096943531838
SPY,-0.6044193887063676,510.8500061035156,stock,2024-04-12,,,,,
SPY,0.13866145743819214,510.8500061035156,stock,2024-04-12,,,,,
SPY,127.6469383045764,504.45001220703125,stock,2024-04-15,,,,,
SPY,-2.0,0.10500000000000001,option,2024-04-15,483.0,2024-04-17,put,0.1484230417415413,-3.587352025335999e-05
SPY,-0.007174704050671998,504.45001220703125,stock,2024-04-15,,,,,
SPY,15.006681148473579,503.5299987792969,stock,2024-04-16,,,,,
SPY,-2.0,0.125,option,2024-04-16,479.0,2024-04-19,put,0.17605526231823715,-0.0008239217744314686
SPY,-0.16478435488629373,503.5299987792969,stock,2024-04-16,,,,,
SPY,-2.0,0.135,option,2024-04-16,480.0,2024-04-19,put,0.17605526231823715,-0.0012779622404887059
SPY,-0.2555924480977412,503.5299987792969,stock,2024-04-16,,,,,
SPY,-2.0,0.14500000000000002,option,2024-04-16,481.0,2024-04-19,put,0.17605526231823715,-0.0019493051204031442
SPY,-0.38986102408062884,503.5299987792969,stock,2024-04-16,,,,,
SPY,-2.0,0.10500000000000001,option,2024-04-16,485.0,2024-04-18,put,0.1752038746787514,-0.0018305547645817155
SPY,-0.3661109529163431,503.5299987792969,stock,2024-04-16,,,,,
SPY,0.05863414864067584,503.5299987792969,stock,2024-04-16,,,,,
SPY,20.01355819451141,500.54998779296875,stock,2024-04-17,,,,,
SPY,-2.0,0.10500000000000001,option,2024-04-17,485.0,2024-04-19,put,0.1888561519363156,-0.01153489620278969
SPY,-2.306979240557938,500.54998779296875,stock,2024-04-17,,,,,
SPY,-2.0,0.125,option,2024-04-17,486.0,2024-04-19,put,0.1888561519363156,-0.016795806359206633
SPY,-3.3591612718413266,500.54998779296875,stock,2024-04-17,,,,,
SPY,0.1801168597369891,500.54998779296875,stock,2024-04-17,,,,,
SPY,12.053828763108086,499.5199890136719,stock,2024-04-18,,,,,
SPY,-2.0,0.10500000000000001,option,2024-04-18,477.0,2024-04-23,put,0.17724609154884444,-0.012310669314917533
SPY,-2.4621338629835066,499.5199890136719,stock,2024-04-18,,,,,
SPY,0.13351929329268764,499.5199890136719,stock,2024-04-18,,,,,
SPY,7.286741351139151,495.1600036621094,stock,2024-04-19,,,,,
SPY,-2.0,0.365,option,2024-04-19,475.0,2024-04-26,put,0.17362323510275635,-0.039483366285476995
SPY,-7.896673257095399,495.1600036621094,stock,2024-04-19,,,,,
SPY,2.0,0.11499999999999999,option,2024-04-19,504.0,2024-04-22,call,0.16976073498384786,0.1289469213670657
SPY,-25.78938427341314,495.1600036621094,stock,2024-04-19,,,,,
SPY,2.0,0.11499999999999999,option,2024-04-19,519.0,2024-04-30,call,0.1769831951149203,0.06739192606788919
SPY,-13.478385213577837,495.1600036621094,stock,2024-04-19,,,,,
SPY,2.0,0.165,option,2024-04-19,503.0,2024-04-22,call,0.16976073498384786,0.15809071833740124
SPY,-31.618143667480247,495.1600036621094,stock,2024-04-19,,,,,
SPY,-2.0,0.53,option,2024-04-19,471.0,2024-04-30,put,0.1769831951149203,-0.0481461769124083
SPY,-9.62923538248166,495.1600036621094,stock,2024-04-19,,,,,
SPY,2.0,0.215,option,2024-04-19,514.0,2024-04-29,call,0.17618600437352722,0.10617682309971915
SPY,-21.23536461994383,495.1600036621094,stock,2024-04-19,,,,,
SPY,2.0,0.20500000000000002,option,2024-04-19,516.0,2024-04-30,call,0.1769831951149203,0.09563714713816918
SPY,-19.127429427633835,495.1600036621094,stock,2024-04-19,,,,,
SPY,-3.62125977322523,495.1600036621094,stock,2024-04-19,,,,,
SPY,67.15812059533363,499.7200012207031,stock,2024-04-22,,,,,
SPY,-2.0,0.14500000000000002,option,2024-04-22,480.0,2024-04-26,put,0.16050166783049866,-0.007809757183724453
SPY,-1.5619514367448906,499.7200012207031,stock,2024-04-22,,,,,
SPY,-2.0,0.11499999999999999,option,2024-04-22,483.0,2024-04-25,put,0.1590960439102195,-0.008702790117320114
SPY,-1.7405580234640228,499.7200012207031,stock,2024-04-22,,,,,
SPY,-2.0,0.165,option,2024-04-22,481.0,2024-04-26,put,0.16050166783049866,-0.010900327612477723
SPY,-2.1800655224955445,499.7200012207031,stock,2024-04-22,,,,,
SPY,-2.0,0.135,option,2024-04-22,484.0,2024-04-25,put,0.1590960439102195,-0.012720736792084408
SPY,-2.5441473584168817,499.7200012207031,stock,2024-04-22,,,,,
SPY,0.41166213066207646,499.7200012207031,stock,2024-04-22,,,,,
SPY,-50.5286189074295,505.6499938964844,stock,2024-04-23,,,,,
SPY,-2.0,0.10500000000000001,option,2024-04-23,488.0,2024-04-26,put,0.16357664300545388,-0.00788265671028876
SPY,-1.576531342057752,505.6499938964844,stock,2024-04-23,,,,,
SPY,0.07615675625611296,505.6499938964844,stock,2024-04-23,,,,,
SPY,20.21270811593285,505.4100036621094,stock,2024-04-24,,,,,
SPY,-2.0,0.11499999999999999,option,2024-04-24,491.0,2024-04-26,put,0.1626455419130107,-0.0078096999430018466
SPY,-1.5619399886003693,505.4100036621094,stock,2024-04-24,,,,,
SPY,0.062455928282012074,505.4100036621094,stock,2024-04-24,,,,,
SPY,43.46137416317162,503.489990234375,stock,2024-04-25,,,,,
SPY,-2.0,0.135,option,2024-04-25,514.0,2024-04-26,call,0.1699143252953331,0.010380156678828316
SPY,2.0760313357656632,503.489990234375,stock,2024-04-25,,,,,
SPY,-2.0,0.22999999999999998,option,2024-04-25,513.0,2024-04-26,call,0.1699143252953331,0.018158979176671614
SPY,3.631795835334323,503.489990234375,stock,2024-04-25,,,,,
SPY,0.1457945187123193,503.489990234375,stock,2024-04-25,,,,,
SPY,-58.527847281419206,508.260009765625,stock,2024-04-26,,,,,
SPY,-2.0,0.135,option,2024-04-26,483.0,2024-05-03,put,0.16505483732981727,-0.011960828909376997
SPY,-2.3921657818753994,508.260009765625,stock,2024-04-26,,,,,
SPY,-2.0,0.14500000000000002,option,2024-04-26,484.0,2024-05-03,put,0.16505483732981727,-0.015083112477800142
SPY,-3.0166224955600285,508.260009765625,stock,2024-04-26,,,,,
SPY,-2.0,0.155,option,2024-04-26,485.0,2024-05-03,put,0.16505483732981727,-0.01887294802096262
SPY,-3.774589604192524,508.260009765625,stock,2024-04-26,,,,,
SPY,2.0,0.185,option,2024-04-26,512.0,2024-04-29,call,0.15987582450041918,0.31304770599172127
SPY,-62.60954119834425,508.260009765625,stock,2024-04-26,,,,,
SPY,2.0,0.14500000000000002,option,2024-04-26,515.0,2024-04-30,call,0.16124488351797361,0.22392136955952963
SPY,-44.78427391190593,508.260009765625,stock,2024-04-26,,,,,
SPY,2.0,0.10500000000000001,option,2024-04-26,532.0,2024-05-10,call,0.1724736364101551,0.09478334675217742
SPY,-18.956669350435483,508.260009765625,stock,2024-04-26,,,,,
SPY,2.0,0.11499999999999999,option,2024-04-26,502.0,2024-04-29,put,0.15987582450041918,-0.1911635544700403
SPY,38.23271089400806,508.260009765625,stock,2024-04-26,,,,,
SPY,2.0,0.125,option,2024-04-26,530.0,2024-05-09,call,0.17152408262330124,0.10461305740353127
SPY,-20.922611480706255,508.260009765625,stock,2024-04-26,,,,,
SPY,-5.550415883141994,508.260009765625,stock,2024-04-26,,,,,
SPY,153.3437250277696,510.05999755859375,stock,2024-04-29,,,,,
SPY,-2.0,0.11499999999999999,option,2024-04-29,489.0,2024-05-03,put,0.15449751806702947,-0.004285239770928095
SPY,-0.8570479541856191,510.05999755859375,stock,2024-04-29,,,,,
SPY,-2.0,0.125,option,2024-04-29,490.0,2024-05-03,put,0.15449751806702947,-0.006167427395514902
SPY,-1.2334854791029803,510.05999755859375,stock,2024-04-29,,,,,
SPY,-2.0,0.14500000000000002,option,2024-04-29,491.0,2024-05-03,put,0.15449751806702947,-0.008742122776805639
SPY,-1.7484245553611277,510.05999755859375,stock,2024-04-29,,,,,
SPY,0.2297527168792568,510.05999755859375,stock,2024-04-29,,,,,
SPY,58.48788103887533,501.9800109863281,stock,2024-04-30,,,,,
SPY,-2.0,0.11499999999999999,option,2024-04-30,483.0,2024-05-03,put,0.15604334422625668,-0.003041863232618347
SPY,-0.6083726465236694,501.9800109863281,stock,2024-04-30,,,,,
SPY,-2.0,0.135,option,2024-04-30,511.0,2024-05-01,call,0.15283340627598824,0.013366148109198095
SPY,2.673229621839619,501.9800109863281,stock,2024-04-30,,,,,
SPY,-2.0,0.185,option,2024-04-30,510.0,2024-05-01,call,0.15283340627598824,0.024388460319700545
SPY,4.877692063940109,501.9800109863281,stock,2024-04-30,,,,,
SPY,-2.0,0.155,option,2024-04-30,494.0,2024-05-01,put,0.15283340627598824,-0.022003144109030592
SPY,-4.4006288218061185,501.9800109863281,stock,2024-04-30,,,,,
SPY,-2.0,0.225,option,2024-04-30,495.0,2024-05-01,put,0.15283340627598824,-0.039098921661432806
SPY,-7.819784332286561,501.9800109863281,stock,2024-04-30,,,,,
SPY,-1.0,0.3,option,2024-04-30,489.0,2024-05-03,put,0.15604334422625668,-0.030704284236704904
SPY,-3.0704284236704904,501.9800109863281,stock,2024-04-30,,,,,
SPY,2.0,0.26,option,2024-04-30,527.0,2024-05-17,call,0.17279651429431256,0.1037100811193774
SPY,-20.74201622387548,501.9800109863281,stock,2024-04-30,,,,,
SPY,2.0,0.305,option,2024-04-30,526.0,2024-05-17,call,0.17279651429431256,0.11318562795458192
SPY,-22.637125590916384,501.9800109863281,stock,2024-04-30,,,,,
SPY,2.0,0.64,option,2024-04-30,526.0,2024-05-24,call,0.17850277321006133,0.16613756436546728
SPY,-33.22751287309346,501.9800109863281,stock,2024-04-30,,,,,
SPY,2.0,0.365,option,2024-04-30,525.0,2024-05-17,call,0.17279651429431256,0.12328299813951454
SPY,-24.65659962790291,501.9800109863281,stock,2024-04-30,,,,,
SPY,2.0,0.435,option,2024-04-30,524.0,2024-05-17,call,0.17279651429431256,0.1340162940984604
SPY,-26.803258819692076,501.9800109863281,stock,2024-04-30,,,,,
SPY,2.0,0.405,option,2024-04-30,520.0,2024-05-13,call,0.16885240676200813,0.14265288273261856
SPY,-28.53057654652371,501.9800109863281,stock,2024-04-30,,,,,
SPY,-10.150443894481064,501.9800109863281,stock,2024-04-30,,,,,
SPY,47.90251837485576,500.3500061035156,stock,2024-05-01,,,,,
SPY,2.0,0.10500000000000001,option,2024-05-01,523.0,2024-05-13,call,0.16179948945144712,0.07050538269157454
SPY,-14.101076538314908,500.3500061035156,stock,2024-05-01,,,,,
SPY,2.0,0.11499999999999999,option,2024-05-01,524.0,2024-05-14,call,0.16310594583778626,0.07189451001996353
SPY,-14.378902003992705,500.3500061035156,stock,2024-05-01,,,,,
SPY,2.0,0.135,option,2024-05-01,522.0,2024-05-13,call,0.16179948945144712,0.07974325185894637
SPY,-15.948650371789274,500.3500061035156,stock,2024-05-01,,,,,
SPY,2.0,0.22,option,2024-05-01,520.0,2024-05-13,call,0.16179948945144712,0.10098635844460868
SPY,-20.197271688921738,500.3500061035156,stock,2024-05-01,,,,,
SPY,2.0,0.24,option,2024-05-01,525.0,2024-05-17,call,0.1667461370075465,0.09095067037442423
SPY,-18.190134074884845,500.3500061035156,stock,2024-05-01,,,,,
SPY,2.0,0.895,option,2024-05-01,525.0,2024-05-31,call,0.17942468741869003,0.19018447520882859
SPY,-38.03689504176572,500.3500061035156,stock,2024-05-01,,,,,
SPY,-12.435790609967054,500.3500061035156,stock,2024-05-01,,,,,
SPY,-95.26102331305887,505.0299987792969,stock,2024-05-02,,,,,
SPY,2.0,0.125,option,2024-05-02,525.0,2024-05-14,call,0.1876293901402327,0.1348910808115184
SPY,-26.97821616230368,505.0299987792969,stock,2024-05-02,,,,,
SPY,2.0,0.14500000000000002,option,2024-05-02,523.0,2024-05-13,call,0.18719284632633024,0.1489105039118203
SPY,-29.78210078236406,505.0299987792969,stock,2024-05-02,,,,,
SPY,4.382172908139577,505.0299987792969,stock,2024-05-02,,,,,
SPY,-274.3722271249654,511.2900085449219,stock,2024-05-03,,,,,
SPY,2.0,0.10500000000000001,option,2024-05-03,526.0,2024-05-13,call,0.17780079871773327,0.17606647437545392
SPY,-35.21329487509078,511.2900085449219,stock,2024-05-03,,,,,
SPY,2.0,0.125,option,2024-05-03,516.0,2024-05-06,call,0.1718566785408037,0.2842697083771644
SPY,-56.853941675432885,511.2900085449219,stock,2024-05-03,,,,,
SPY,2.0,0.10500000000000001,option,2024-05-03,506.0,2024-05-06,put,0.1718566785408037,-0.24640013246824144
SPY,49.280026493648286,511.2900085449219,stock,2024-05-03,,,,,
SPY,2.0,0.14500000000000002,option,2024-05-03,525.0,2024-05-13,call,0.17780079871773327,0.19330009690051003
SPY,-38.66001938010201,511.2900085449219,stock,2024-05-03,,,,,
SPY,2.0,0.135,option,2024-05-03,527.0,2024-05-14,call,0.17853969175611728,0.17323101276738284
SPY,-34.64620255347657,511.2900085449219,stock,2024-05-03,,,,,
SPY,1.0,0.11499999999999999,option,2024-05-03,534.0,2024-05-17,call,0.1806131874080194,0.11717468846314599
SPY,-11.717468846314599,511.2900085449219,stock,2024-05-03,,,,,
SPY,-7.826040840108583,511.2900085449219,stock,2024-05-03,,,,,
SPY,-270.93159764854914,516.5700073242188,stock,2024-05-06,,,,,
SPY,0.7304747767356083,517.1400146484375,stock,2024-05-07,,,,,
SPY,55.29512032472381,517.1900024414062,stock,2024-05-08,,,,,
SPY,-265.7813375097565,520.1699829101562,stock,2024-05-09,,,,,
SPY,-33.1458555221687,520.8400268554688,stock,2024-05-10,,,,,
SPY,-2.0,0.995,option,2024-05-13,527.0,2024-05-17,call,0.15080775036036456,0.24447549052480388
SPY,48.89509810496078,520.9099731445312,stock,2024-05-13,,,,,
SPY,-2.0,1.27,option,2024-05-13,526.0,2024-05-17,call,0.15080775036036456,0.28377269488360957
SPY,56.75453897672191,520.9099731445312,stock,2024-05-13,,,,,
SPY,-4.0,1.59,option,2024-05-13,525.0,2024-05-17,call,0.15080775036036456,0.32594673641326916
SPY,130.37869456530765,520.9099731445312,stock,2024-05-13,,,,,
SPY,-2.0,1.9649999999999999,option,2024-05-13,524.0,2024-05-17,call,0.15080775036036456,0.37056150722028824
SPY,74.11230144405765,520.9099731445312,stock,2024-05-13,,,,,
SPY,762.2326207764096,520.9099731445312,stock,2024-05-13,,,,,
SPY,-2.0,0.135,option,2024-05-13,510.0,2024-05-15,put,0.14716952588254426,-0.025087949768876072
SPY,-5.017589953775214,520.9099731445312,stock,2024-05-13,,,,,
SPY,-2.0,0.20500000000000002,option,2024-05-13,511.0,2024-05-15,put,0.14716952588254426,-0.03764860726455632
SPY,-7.529721452911264,520.9099731445312,stock,2024-05-13,,,,,
SPY,2.0,0.10500000000000001,option,2024-05-13,546.0,2024-05-31,call,0.16959748908999642,0.11429195807654474
SPY,-22.85839161530895,520.9099731445312,stock,2024-05-13,,,,,
SPY,2.0,0.125,option,2024-05-13,545.0,2024-05-31,call,0.16959748908999642,0.12397545694629986
SPY,-24.795091389259973,520.9099731445312,stock,2024-05-13,,,,,
SPY,2.0,0.155,option,2024-05-13,544.0,2024-05-31,call,0.16959748908999642,0.13423832801651514
SPY,-26.847665603303028,520.9099731445312,stock,2024-05-13,,,,,
SPY,2.0,0.185,option,2024-05-13,543.0,2024-05-31,call,0.16959748908999642,0.14509054223892393
SPY,-29.018108447784783,520.9099731445312,stock,2024-05-13,,,,,
SPY,2.0,0.225,option,2024-05-13,542.0,2024-05-31,call,0.16959748908999642,0.15653974437622115
SPY,-31.30794887524423,520.9099731445312,stock,2024-05-13,,,,,
SPY,2.0,0.33,option,2024-05-13,545.0,2024-06-07,call,0.17593208298206184,0.17642058171594088
SPY,-35.284116343188174,520.9099731445312,stock,2024-05-13,,,,,
SPY,2.0,0.275,option,2024-05-13,541.0,2024-05-31,call,0.16959748908999642,0.16859104419612497
SPY,-33.71820883922499,520.9099731445312,stock,2024-05-13,,,,,
SPY,2.0,0.11499999999999999,option,2024-05-13,536.0,2024-05-21,call,0.15724654554866752,0.11580695652336653
SPY,-23.161391304673305,520.9099731445312,stock,2024-05-13,,,,,
SPY,2.0,0.10500000000000001,option,2024-05-13,535.0,2024-05-20,call,0.15573234504065978,0.11333683086779078
SPY,-22.667366173558158,520.9099731445312,stock,2024-05-13,,,,,
SPY,2.0,0.33999999999999997,option,2024-05-13,540.0,2024-05-31,call,0.16959748908999642,0.18124681929964848
SPY,-36.249363859929694,520.9099731445312,stock,2024-05-13,,,,,
SPY,2.0,0.11499999999999999,option,2024-05-13,541.0,2024-05-24,call,0.1614505301659585,0.09431527891403307
SPY,-18.863055782806615,520.9099731445312,stock,2024-05-13,,,,,
SPY,2.0,0.11499999999999999,option,2024-05-13,540.0,2024-05-23,call,0.1601028668867907,0.09271218796483371
SPY,-18.542437592966742,520.9099731445312,stock,2024-05-13,,,,,
SPY,-20.629766306288484,520.9099731445312,stock,2024-05-13,,,,,
SPY,-2.0,3.385,option,2024-05-14,526.0,2024-05-24,call,0.15335076505761794,0.4468782775856984
SPY,89.37565551713969,523.2999877929688,stock,2024-05-14,,,,,
SPY,54.349714411418844,523.2999877929688,stock,2024-05-14,,,,,
SPY,2.0,0.11499999999999999,option,2024-05-14,547.0,2024-05-31,call,0.16337428903327234,0.11271420970205931
SPY,-22.54284194041186,523.2999877929688,stock,2024-05-14,,,,,
SPY,2.0,0.135,option,2024-05-14,546.0,2024-05-31,call,0.16337428903327234,0.12295893537523472
SPY,-24.591787075046945,523.2999877929688,stock,2024-05-14,,,,,
SPY,2.0,0.165,option,2024-05-14,545.0,2024-05-31,call,0.16337428903327234,0.1338599198031165
SPY,-26.771983960623302,523.2999877929688,stock,2024-05-14,,,,,
SPY,2.0,0.20500000000000002,option,2024-05-14,544.0,2024-05-31,call,0.16337428903327234,0.14542918338894922
SPY,-29.085836677789846,523.2999877929688,stock,2024-05-14,,,,,
SPY,-12.938224322941917,523.2999877929688,stock,2024-05-14,,,,,
SPY,-360.4872150410733,529.780029296875,stock,2024-05-15,,,,,
SPY,122.0365632734982,528.6900024414062,stock,2024-05-16,,,,,
SPY,2.0,0.11499999999999999,option,2024-05-16,555.0,2024-06-07,call,0.16394445262191557,0.12372973667239406
SPY,-24.745947334478814,528.6900024414062,stock,2024-05-16,,,,,
SPY,-2.0411816518104544,528.6900024414062,stock,2024-05-16,,,,,
SPY,4.68079293192373,529.4500122070312,stock,2024-05-17,,,,,
SPY,-2.0,7.245,option,2024-05-20,525.0,2024-05-31,call,0.15520331998979686,0.6657062376690819
SPY,133.14124753381637,530.0599975585938,stock,2024-05-20,,,,,
SPY,148.76355305787592,530.0599975585938,stock,2024-05-20,,,,,
SPY,2.0,0.165,option,2024-05-20,550.0,2024-06-07,call,0.16474053304860237,0.16748405118887422
SPY,-33.496810237774845,530.0599975585938,stock,2024-05-20,,,,,
SPY,2.0,0.11499999999999999,option,2024-05-20,545.0,2024-05-31,call,0.15520331998979686,0.15967605759410314
SPY,-31.935211518820626,530.0599975585938,stock,2024-05-20,,,,,
SPY,2.0,0.135,option,2024-05-20,543.0,2024-05-30,call,0.15361517844283376,0.18027540143499315
SPY,-36.05508028699863,530.0599975585938,stock,2024-05-20,,,,,
SPY,2.0,0.125,option,2024-05-20,541.0,2024-05-28,call,0.1502384483644136,0.18736471731449
SPY,-37.472943462898,530.0599975585938,stock,2024-05-20,,,,,
SPY,2.0,0.195,option,2024-05-20,549.0,2024-06-07,call,0.16474053304860237,0.18025044260468942
SPY,-36.050088520937884,530.0599975585938,stock,2024-05-20,,,,,
SPY,2.0,0.135,option,2024-05-20,542.0,2024-05-29,call,0.15196144502972633,0.183814022304496
SPY,-36.762804460899204,530.0599975585938,stock,2024-05-20,,,,,
SPY,2.0,0.235,option,2024-05-20,555.0,2024-06-14,call,0.1720879492928792,0.16653557490829934
SPY,-33.30711498165987,530.0599975585938,stock,2024-05-20,,,,,
SPY,-18.69018657234409,530.0599975585938,stock,2024-05-20,,,,,
SPY,-24.656538287507153,531.3599853515625,stock,2024-05-21,,,,,
SPY,194.24130734143887,529.8300170898438,stock,2024-05-22,,,,,
SPY,2.0,0.245,option,2024-05-22,555.0,2024-06-21,call,0.1713901904007397,0.187664373555615
SPY,-37.532874711123,529.8300170898438,stock,2024-05-22,,,,,
SPY,2.0,0.165,option,2024-05-22,555.0,2024-06-14,call,0.16386505919184702,0.14071852694451153
SPY,-28.14370538890231,529.8300170898438,stock,2024-05-22,,,,,
SPY,-7.742459783307311,529.8300170898438,stock,2024-05-22,,,,,
SPY,316.93390297730497,525.9600219726562,stock,2024-05-23,,,,,
SPY,2.0,0.175,option,2024-05-23,552.0,2024-06-21,call,0.16875277114946824,0.16885358248731241
SPY,-33.77071649746248,525.9600219726562,stock,2024-05-23,,,,,
SPY,2.0,0.20500000000000002,option,2024-05-23,551.0,2024-06-21,call,0.16875277114946824,0.17863341683492145
SPY,-35.72668336698429,525.9600219726562,stock,2024-05-23,,,,,
SPY,-5.703450446969796,525.9600219726562,stock,2024-05-23,,,,,
SPY,-163.88062649260982,529.4400024414062,stock,2024-05-24,,,,,
SPY,2.0,0.11499999999999999,option,2024-05-24,555.0,2024-06-21,call,0.167075094080709,0.16787824696958248
SPY,-33.57564939391649,529.4400024414062,stock,2024-05-24,,,,,
SPY,-4.054646085689946,529.4400024414062,stock,2024-05-24,,,,,
SPY,320.919567642359,529.8099975585938,stock,2024-05-28,,,,,
SPY,2.0,0.11499999999999999,option,2024-05-28,555.0,2024-06-21,call,0.16609143080934802,0.14952927123859222
SPY,-29.905854247718445,529.8099975585938,stock,2024-05-28,,,,,
SPY,2.0,0.195,option,2024-05-28,552.0,2024-06-21,call,0.16609143080934802,0.18109696116621665
SPY,-36.21939223324333,529.8099975585938,stock,2024-05-28,,,,,
SPY,-7.472078704748036,529.8099975585938,stock,2024-05-28,,,,,
SPY,222.9784241225698,526.0999755859375,stock,2024-05-29,,,,,
SPY,-2.0,0.14500000000000002,option,2024-05-29,500.0,2024-06-06,put,0.14150762520727406,-0.006942571386288399
SPY,-1.3885142772576797,526.0999755859375,stock,2024-05-29,,,,,
SPY,-2.0,0.225,option,2024-05-29,500.0,2024-06-07,put,0.1435892238507195,-0.011014595708798258
SPY,-2.2029191417596516,526.0999755859375,stock,2024-05-29,,,,,
SPY,-2.0,0.245,option,2024-05-29,501.0,2024-06-07,put,0.1435892238507195,-0.013859137639486985
SPY,-2.771827527897397,526.0999755859375,stock,2024-05-29,,,,,
SPY,0.5659095064623472,526.0999755859375,stock,2024-05-29,,,,,
SPY,93.07546278362007,522.6099853515625,stock,2024-05-30,,,,,
SPY,-2.0,0.10500000000000001,option,2024-05-30,498.0,2024-06-06,put,0.1343519163926033,-0.004365373103084269
SPY,-0.8730746206168538,522.6099853515625,stock,2024-05-30,,,,,
SPY,0.08210478225112183,522.6099853515625,stock,2024-05-30,,,,,
SPY,-62.57289812201009,527.3699951171875,stock,2024-05-31,,,,,
SPY,2.0,0.165,option,2024-05-31,553.0,2024-06-28,call,0.1710320105495274,0.17214600562849053
SPY,-34.42920112569811,527.3699951171875,stock,2024-05-31,,,,,
SPY,2.0,0.195,option,2024-05-31,552.0,2024-06-28,call,0.1710320105495274,0.18206844270413142
SPY,-36.413688540826286,527.3699951171875,stock,2024-05-31,,,,,
SPY,2.0,0.235,option,2024-05-31,551.0,2024-06-28,call,0.1710320105495274,0.19235986859599086
SPY,-38.471973719198175,527.3699951171875,stock,2024-05-31,,,,,
SPY,2.0,0.155,option,2024-05-31,550.0,2024-06-21,call,0.1634356494601802,0.15319615419626748
SPY,-30.639230839253496,527.3699951171875,stock,2024-05-31,,,,,
SPY,2.0,0.135,option,2024-05-31,539.0,2024-06-10,call,0.1465193096315127,0.19359700297891347
SPY,-38.719400595782695,527.3699951171875,stock,2024-05-31,,,,,
SPY,2.0,0.28,option,2024-05-31,550.0,2024-06-28,call,0.1710320105495274,0.20301907068769065
SPY,-40.60381413753813,527.3699951171875,stock,2024-05-31,,,,,
SPY,2.0,0.14500000000000002,option,2024-05-31,540.0,2024-06-11,call,0.14838859906548948,0.18876600083904577
SPY,-37.753200167809155,527.3699951171875,stock,2024-05-31,,,,,
SPY,2.0,0.185,option,2024-05-31,549.0,2024-06-21,call,0.1634356494601802,0.1644332569404245
SPY,-32.8866513880849,527.3699951171875,stock,2024-05-31,,,,,
SPY,-20.414958804029744,527.3699951171875,stock,2024-05-31,,,,,
SPY,86.53262534781099,527.7999877929688,stock,2024-06-03,,,,,
SPY,11.916010544236219,528.3900146484375,stock,2024-06-04,,,,,
SPY,-275.76013867890913,534.6699829101562,stock,2024-06-05,,,,,
SPY,49.93215554555902,534.6599731445312,stock,2024-06-06,,,,,
SPY,2.0,0.10500000000000001,option,2024-06-06,561.0,2024-06-28,call,0.16283675501784992,0.12450088999803521
SPY,-24.900177999607042,534.6599731445312,stock,2024-06-06,,,,,
SPY,2.0,0.14500000000000002,option,2024-06-06,559.0,2024-06-28,call,0.16283675501784992,0.1437908565174713
SPY,-28.75817130349426,534.6599731445312,stock,2024-06-06,,,,,
SPY,-4.324484047796851,534.6599731445312,stock,2024-06-06,,,,,
SPY,83.29924196445275,534.010009765625,stock,2024-06-07,,,,,
SPY,2.0,0.10500000000000001,option,2024-06-07,558.0,2024-06-28,call,0.16987500788499427,0.15153715012183383
SPY,-30.307430024366766,534.010009765625,stock,2024-06-07,,,,,
SPY,2.0,0.125,option,2024-06-07,557.0,2024-06-28,call,0.16987500788499427,0.1621053803811499
SPY,-32.42107607622998,534.010009765625,stock,2024-06-07,,,,,
SPY,2.0,0.175,option,2024-06-07,560.0,2024-07-05,call,0.17599502707540088,0.17903198393430086
SPY,-35.80639678686018,534.010009765625,stock,2024-06-07,,,,,
SPY,2.0,0.155,option,2024-06-07,556.0,2024-06-28,call,0.16987500788499427,0.1731625248726641
SPY,-34.63250497453282,534.010009765625,stock,2024-06-07,,,,,
SPY,2.0,0.185,option,2024-06-07,555.0,2024-06-28,call,0.16987500788499427,0.18470964668122175
SPY,-36.94192933624435,534.010009765625,stock,2024-06-07,,,,,
SPY,2.0,0.215,option,2024-06-07,554.0,2024-06-28,call,0.16987500788499427,0.1967458665381827
SPY,-39.34917330763654,534.010009765625,stock,2024-06-07,,,,,
SPY,-14.682889230483035,534.010009765625,stock,2024-06-07,,,,,
SPY,95.61683506116118,535.6599731445312,stock,2024-06-10,,,,,
SPY,2.0,0.10500000000000001,option,2024-06-10,558.0,2024-06-28,call,0.162200763245715,0.13808507022891686
SPY,-27.61701404578337,535.6599731445312,stock,2024-06-10,,,,,
SPY,-4.315821403349162,535.6599731445312,stock,2024-06-10,,,,,
SPY,-4.680071522458391,536.9500122070312,stock,2024-06-11,,,,,
SPY,2.0,0.11499999999999999,option,2024-06-11,559.0,2024-06-28,call,0.15738934250937842,0.12705696065858046
SPY,-25.41139213171609,536.9500122070312,stock,2024-06-11,,,,,
SPY,1.0,0.22,option,2024-06-11,560.0,2024-07-05,call,0.16627265911174852,0.1752400921315751
SPY,-17.52400921315751,536.9500122070312,stock,2024-06-11,,,,,
SPY,-6.32537689740694,536.9500122070312,stock,2024-06-11,,,,,
SPY,-287.7049735746133,541.3599853515625,stock,2024-06-12,,,,,
SPY,-37.49363319837354,542.4500122070312,stock,2024-06-13,,,,,
SPY,23.202378197291118,542.780029296875,stock,2024-06-14,,,,,
SPY,-272.5474397384957,547.0999755859375,stock,2024-06-17,,,,,
SPY,-108.55047149767113,548.489990234375,stock,2024-06-18,,,,,
SPY,450.50278430694595,547.0,stock,2024-06-20,,,,,
SPY,466.7486878722287,544.510009765625,stock,2024-06-21,,,,,
SPY,2.0,0.175,option,2024-06-21,570.0,2024-07-12,call,0.15770435186551868,0.12300251034967041
SPY,-24.600502069934084,544.510009765625,stock,2024-06-21,,,,,
SPY,2.0,0.10500000000000001,option,2024-06-21,554.0,2024-06-27,call,0.12792194439304203,0.152625233712047
SPY,-30.5250467424094,544.510009765625,stock,2024-06-21,,,,,
SPY,2.0,0.185,option,2024-06-21,562.0,2024-07-05,call,0.1461925190532267,0.14386457834385524
SPY,-28.77291566877105,544.510009765625,stock,2024-06-21,,,,,
SPY,2.0,0.385,option,2024-06-21,570.0,2024-07-19,call,0.16645498074089426,0.17463314664372448
SPY,-34.926629328744895,544.510009765625,stock,2024-06-21,,,,,
SPY,2.0,0.175,option,2024-06-21,548.0,2024-06-24,call,0.11897094742953816,0.28375855395984617
SPY,-56.75171079196923,544.510009765625,stock,2024-06-21,,,,,
SPY,1.0,0.135,option,2024-06-21,552.0,2024-06-26,call,0.12509729288972357,0.18219089259329596
SPY,-18.219089259329596,544.510009765625,stock,2024-06-21,,,,,
SPY,1.0,0.24,option,2024-06-21,561.0,2024-07-05,call,0.1461925190532267,0.15843420423594184
SPY,-15.843420423594184,544.510009765625,stock,2024-06-21,,,,,
SPY,-11.954620844495825,544.510009765625,stock,2024-06-21,,,,,
SPY,-2.0,0.445,option,2024-06-24,550.0,2024-06-28,call,0.12049911343397281,0.15821508428098197
SPY,31.643016856196393,542.739990234375,stock,2024-06-24,,,,,
SPY,434.49631095307814,542.739990234375,stock,2024-06-24,,,,,
SPY,2.0,0.185,option,2024-06-24,560.0,2024-07-08,call,0.1451838215023848,0.14461101048460073
SPY,-28.922202096920145,542.739990234375,stock,2024-06-24,,,,,
SPY,2.0,0.125,option,2024-06-24,560.0,2024-07-05,call,0.1389700533826234,0.10372333781802556
SPY,-20.744667563605113,542.739990234375,stock,2024-06-24,,,,,
SPY,2.0,0.235,option,2024-06-24,565.0,2024-07-12,call,0.15231157301899664,0.12666416362633887
SPY,-25.332832725267775,542.739990234375,stock,2024-06-24,,,,,
SPY,-17.07408200473933,542.739990234375,stock,2024-06-24,,,,,
SPY,-50.03155793131367,544.8300170898438,stock,2024-06-25,,,,,
SPY,2.0,0.11499999999999999,option,2024-06-25,562.0,2024-07-08,call,0.1444658678129978,0.13603762700636784
SPY,-27.207525401273568,544.8300170898438,stock,2024-06-25,,,,,
SPY,-1.8805111650513808,544.8300170898438,stock,2024-06-25,,,,,
SPY,73.5040501901065,545.510009765625,stock,2024-06-26,,,,,
SPY,2.0,0.10500000000000001,option,2024-06-26,561.0,2024-07-08,call,0.1418212521504441,0.14676162737530896
SPY,-29.35232547506179,545.510009765625,stock,2024-06-26,,,,,
SPY,-1.9389918762603067,545.510009765625,stock,2024-06-26,,,,,
SPY,87.4310438404332,546.3699951171875,stock,2024-06-27,,,,,
SPY,2.0,0.10500000000000001,option,2024-06-27,564.0,2024-07-10,call,0.14239986607603503,0.1267723796229578
SPY,-25.354475924591558,546.3699951171875,stock,2024-06-27,,,,,
SPY,-1.8194011806910169,546.3699951171875,stock,2024-06-27,,,,,
SPY,212.73966684686533,544.219970703125,stock,2024-06-28,,,,,
SPY,2.0,0.125,option,2024-06-28,570.0,2024-07-19,call,0.15457403731009756,0.11531648827345048
SPY,-23.063297654690096,544.219970703125,stock,2024-06-28,,,,,
SPY,2.0,0.14500000000000002,option,2024-06-28,569.0,2024-07-19,call,0.15457403731009756,0.12478992595686739
SPY,-24.957985191373478,544.219970703125,stock,2024-06-28,,,,,
SPY,2.0,0.175,option,2024-06-28,568.0,2024-07-19,call,0.15457403731009756,0.13481224438736272
SPY,-26.962448877472546,544.219970703125,stock,2024-06-28,,,,,
SPY,2.0,0.28500000000000003,option,2024-06-28,570.0,2024-07-26,call,0.16400816397798945,0.16792696771313137
SPY,-33.58539354262627,544.219970703125,stock,2024-06-28,,,,,
SPY,2.0,0.11499999999999999,option,2024-06-28,559.0,2024-07-09,call,0.13547205975117976,0.13523202409047624
SPY,-27.046404818095247,544.219970703125,stock,2024-06-28,,,,,
SPY,2.0,0.125,option,2024-06-28,560.0,2024-07-10,call,0.13778186951015728,0.13451062499369698
SPY,-26.902124998739396,544.219970703125,stock,2024-06-28,,,,,
SPY,2.0,0.135,option,2024-06-28,557.0,2024-07-08,call,0.13305052006874227,0.15431539857669102
SPY,-30.863079715338205,544.219970703125,stock,2024-06-28,,,,,
SPY,2.0,0.215,option,2024-06-28,567.0,2024-07-19,call,0.15457403731009756,0.1453924383559866
SPY,-29.078487671197315,544.219970703125,stock,2024-06-28,,,,,
SPY,2.0,0.10500000000000001,option,2024-06-28,565.0,2024-07-12,call,0.1420956502013006,0.09594062682977766
SPY,-19.188125365955532,544.219970703125,stock,2024-06-28,,,,,
SPY,2.0,0.255,option,2024-06-28,566.0,2024-07-19,call,0.15457403731009756,0.156537407670295
SPY,-31.307481534059,544.219970703125,stock,2024-06-28,,,,,
SPY,-28.064734245126242,544.219970703125,stock,2024-06-28,,,,,
SPY,92.71033687789036,545.3400268554688,stock,2024-07-01,,,,,
SPY,2.0,0.10500000000000001,option,2024-07-01,567.0,2024-07-19,call,0.14814814750703265,0.12766835605033783
SPY,-25.533671210067567,545.3400268554688,stock,2024-07-01,,,,,
SPY,2.0,0.175,option,2024-07-01,570.0,2024-07-26,call,0.15911617284080018,0.15664542052906516
SPY,-31.32908410581303,545.3400268554688,stock,2024-07-01,,,,,
SPY,-8.314809128843791,545.3400268554688,stock,2024-07-01,,,,,
SPY,-186.39099307477312,549.010009765625,stock,2024-07-02,,,,,
SPY,2.0,0.10500000000000001,option,2024-07-02,575.0,2024-07-26,call,0.1585941201931115,0.13903018734269834
SPY,-27.806037468539667,549.010009765625,stock,2024-07-02,,,,,
SPY,2.0,0.20500000000000002,option,2024-07-02,575.0,2024-07-31,call,0.16487894565922312,0.17417205484320958
SPY,-34.83441096864192,549.010009765625,stock,2024-07-02,,,,,
SPY,-5.287703332204458,549.010009765625,stock,2024-07-02,,,,,
SPY,-137.04457061185093,551.4600219726562,stock,2024-07-03,,,,,
SPY,-88.61566967818088,554.6400146484375,stock,2024-07-05,,,,,
SPY,329.66300661003163,555.280029296875,stock,2024-07-08,,,,,
SPY,2.0,0.20500000000000002,option,2024-07-08,580.0,2024-07-31,call,0.1579461293271738,0.14756530104099302
SPY,-29.513060208198606,555.280029296875,stock,2024-07-08,,,,,
SPY,2.0,0.305,option,2024-07-08,580.0,2024-08-02,call,0.16064931539144287,0.16296325241018328
SPY,-32.59265048203665,555.280029296875,stock,2024-07-08,,,,,
SPY,2.0,0.235,option,2024-07-08,575.0,2024-07-26,call,0.15018896069592644,0.15863678721267455
SPY,-31.72735744253491,555.280029296875,stock,2024-07-08,,,,,
SPY,2.0,0.27,option,2024-07-08,570.0,2024-07-22,call,0.1427318767795754,0.1855133614349606
SPY,-37.102672286992124,555.280029296875,stock,2024-07-08,,,,,
SPY,1.0,0.225,option,2024-07-08,543.0,2024-07-15,put,0.12596632583320988,-0.09464567682954128
SPY,9.464567682954128,555.280029296875,stock,2024-07-08,,,,,
SPY,-13.134919898313775,555.280029296875,stock,2024-07-08,,,,,
SPY,70.09070918918758,555.8200073242188,stock,2024-07-09,,,,,
SPY,2.0,0.195,option,2024-07-09,580.0,2024-07-31,call,0.15725398141122646,0.14629137894785665
SPY,-29.258275789571332,555.8200073242188,stock,2024-07-09,,,,,
SPY,2.0,0.225,option,2024-07-09,575.0,2024-07-26,call,0.14936656353376004,0.15686649379932927
SPY,-31.373298759865854,555.8200073242188,stock,2024-07-09,,,,,
SPY,1.0,0.11499999999999999,option,2024-07-09,569.0,2024-07-17,call,0.1301734350301302,0.11826689128950718
SPY,-11.826689128950719,555.8200073242188,stock,2024-07-09,,,,,
SPY,-8.612967680562349,555.8200073242188,stock,2024-07-09,,,,,
SPY,-379.29655019103404,561.3200073242188,stock,2024-07-10,,,,,
SPY,496.6921564310528,556.47998046875,stock,2024-07-11,,,,,
SPY,2.0,0.125,option,2024-07-11,575.0,2024-07-24,call,0.13765539279778813,0.11126909296446191
SPY,-22.253818592892383,556.47998046875,stock,2024-07-11,,,,,
SPY,2.0,0.225,option,2024-07-11,580.0,2024-07-31,call,0.15123879027152703,0.13121397695011777
SPY,-26.242795390023556,556.47998046875,stock,2024-07-11,,,,,
SPY,2.0,0.155,option,2024-07-11,573.0,2024-07-23,call,0.13534716276318942,0.12445510507049035
SPY,-24.89102101409807,556.47998046875,stock,2024-07-11,,,,,
SPY,2.0,0.165,option,2024-07-11,574.0,2024-07-24,call,0.13765539279778813,0.12449541244532092
SPY,-24.899082489064185,556.47998046875,stock,2024-07-11,,,,,
SPY,1.0,0.245,option,2024-07-11,575.0,2024-07-26,call,0.14196677414242623,0.1368417098519687
SPY,-13.68417098519687,556.47998046875,stock,2024-07-11,,,,,
SPY,-13.473650528307918,556.47998046875,stock,2024-07-11,,,,,
SPY,-226.56556328717647,559.989990234375,stock,2024-07-12,,,,,
SPY,43.4755826735237,561.530029296875,stock,2024-07-15,,,,,
SPY,-319.00761285736553,564.8599853515625,stock,2024-07-16,,,,,
SPY,911.9943831787017,556.9400024414062,stock,2024-07-17,,,,,
SPY,2.0,0.10500000000000001,option,2024-07-17,580.0,2024-07-30,call,0.15012261622324044,0.0818580813496908
SPY,-16.371616269938162,556.9400024414062,stock,2024-07-17,,,,,
SPY,2.0,0.11499999999999999,option,2024-07-17,578.0,2024-07-29,call,0.14837799533954718,0.08984619312758779
SPY,-17.96923862551756,556.9400024414062,stock,2024-07-17,,,,,
SPY,2.0,0.14500000000000002,option,2024-07-17,577.0,2024-07-29,call,0.14837799533954718,0.10074110977323364
SPY,-20.14822195464673,556.9400024414062,stock,2024-07-17,,,,,
SPY,2.0,0.175,option,2024-07-17,576.0,2024-07-29,call,0.14837799533954718,0.11259058931671073
SPY,-22.518117863342148,556.9400024414062,stock,2024-07-17,,,,,
SPY,2.0,0.195,option,2024-07-17,577.0,2024-07-30,call,0.15012261622324044,0.11320838739606709
SPY,-22.641677479213417,556.9400024414062,stock,2024-07-17,,,,,
SPY,2.0,0.22,option,2024-07-17,575.0,2024-07-29,call,0.14837799533954718,0.12542664515601243
SPY,-25.085329031202484,556.9400024414062,stock,2024-07-17,,,,,
SPY,-8.717185946792693,556.9400024414062,stock,2024-07-17,,,,,
SPY,302.1929018196182,552.6599731445312,stock,2024-07-18,,,,,
SPY,127.12094783306188,548.989990234375,stock,2024-07-19,,,,,
SPY,-2.0,0.165,option,2024-07-19,522.0,2024-07-26,put,0.16680288270100166,-0.013533564411784438
SPY,-2.7067128823568876,548.989990234375,stock,2024-07-19,,,,,
SPY,-2.0,0.165,option,2024-07-19,522.5,2024-07-26,put,0.16680288270100166,-0.01503746740257983
SPY,-3.007493480515966,548.989990234375,stock,2024-07-19,,,,,
SPY,-2.0,0.175,option,2024-07-19,523.0,2024-07-26,put,0.16680288270100166,-0.016681171079741652
SPY,-3.3362342159483305,548.989990234375,stock,2024-07-19,,,,,
SPY,-2.0,0.135,option,2024-07-19,525.0,2024-07-25,put,0.16569884029428672,-0.016614252545714914
SPY,-3.3228505091429827,548.989990234375,stock,2024-07-19,,,,,
SPY,-2.0,0.185,option,2024-07-19,524.0,2024-07-26,put,0.16680288270100166,-0.020427388461306206
SPY,-4.085477692261241,548.989990234375,stock,2024-07-19,,,,,
SPY,1.3248489625890691,548.989990234375,stock,2024-07-19,,,,,
SPY,-4.489208374702297,554.6500244140625,stock,2024-07-22,,,,,
SPY,2.0,0.10500000000000001,option,2024-07-22,569.0,2024-07-29,call,0.16747060586752618,0.14158314102950886
SPY,-28.31662820590177,554.6500244140625,stock,2024-07-22,,,,,
SPY,2.0,0.10500000000000001,option,2024-07-22,580.0,2024-08-05,call,0.17402111370023834,0.10173282965513242
SPY,-20.346565931026483,554.6500244140625,stock,2024-07-22,,,,,
SPY,-2.5053123663797514,554.6500244140625,stock,2024-07-22,,,,,
SPY,64.71689027166667,553.780029296875,stock,2024-07-23,,,,,
SPY,2.0,0.11499999999999999,option,2024-07-23,568.0,2024-07-30,call,0.16579866850823205,0.14095305991480406
SPY,-28.19061198296081,553.780029296875,stock,2024-07-23,,,,,
SPY,-1.2021478636642406,553.780029296875,stock,2024-07-23,,,,,
SPY,137.7363406072998,541.22998046875,stock,2024-07-24,,,,,
SPY,-2.0,0.10500000000000001,option,2024-07-24,515.0,2024-07-26,put,0.1634498408580215,-1.8863044826344932e-05
SPY,-0.0037726089652689865,541.22998046875,stock,2024-07-24,,,,,
SPY,-2.0,0.10500000000000001,option,2024-07-24,516.0,2024-07-26,put,0.1634498408580215,-3.737290587957354e-05
SPY,-0.007474581175914707,541.22998046875,stock,2024-07-24,,,,,
SPY,8.373650793831356,538.4099731445312,stock,2024-07-25,,,,,
SPY,-2.0,0.10500000000000001,option,2024-07-25,551.0,2024-07-26,call,0.15129174959160321,0.0018187513323431187
SPY,0.36375026646862374,538.4099731445312,stock,2024-07-25,,,,,
SPY,0.012920605178929623,538.4099731445312,stock,2024-07-25,,,,,
SPY,-3.6659906115879033,544.4400024414062,stock,2024-07-26,,,,,
SPY,2.0,0.10500000000000001,option,2024-07-26,552.0,2024-07-29,call,0.22294425779953095,0.25333175807296326
SPY,-50.66635161459266,544.4400024414062,stock,2024-07-26,,,,,
SPY,2.0,0.11499999999999999,option,2024-07-26,570.0,2024-08-07,call,0.21801257204927288,0.13046271544846583
SPY,-26.092543089693166,544.4400024414062,stock,2024-07-26,,,,,
SPY,2.0,0.165,option,2024-07-26,551.0,2024-07-29,call,0.22294425779953095,0.2828718525767461
SPY,-56.574370515349216,544.4400024414062,stock,2024-07-26,,,,,
SPY,2.0,0.135,option,2024-07-26,555.0,2024-07-30,call,0.22233526882146962,0.21061009095883615
SPY,-42.12201819176723,544.4400024414062,stock,2024-07-26,,,,,
SPY,2.0,0.14500000000000002,option,2024-07-26,570.0,2024-08-08,call,0.2175354260794518,0.1401509698167241
SPY,-28.030193963344818,544.4400024414062,stock,2024-07-26,,,,,
SPY,2.0,0.165,option,2024-07-26,571.0,2024-08-09,call,0.21707117648698407,0.13982591237416098
SPY,-27.965182474832197,544.4400024414062,stock,2024-07-26,,,,,
SPY,2.0,0.195,option,2024-07-26,570.0,2024-08-09,call,0.21707117648698407,0.14919997961845183
SPY,-29.839995923690367,544.4400024414062,stock,2024-07-26,,,,,
SPY,2.0,0.195,option,2024-07-26,565.0,2024-08-05,call,0.21900688500208496,0.16125416365952322
SPY,-32.250832731904644,544.4400024414062,stock,2024-07-26,,,,,
SPY,-8.733217095494236,544.4400024414062,stock,2024-07-26,,,,,
SPY,179.42246453738906,544.760009765625,stock,2024-07-29,,,,,
SPY,2.0,0.10500000000000001,option,2024-07-29,570.0,2024-08-08,call,0.20718671810152675,0.09895099073231339
SPY,-19.79019814646268,544.760009765625,stock,2024-07-29,,,,,
SPY,2.0,0.11499999999999999,option,2024-07-29,571.0,2024-08-09,call,0.20700693256173977,0.1012705279057099
SPY,-20.254105581141978,544.760009765625,stock,2024-07-29,,,,,
SPY,2.0,0.195,option,2024-07-29,570.0,2024-08-12,call,0.20649756013912102,0.13991279508009158
SPY,-27.982559016018314,544.760009765625,stock,2024-07-29,,,,,
SPY,2.0,0.14500000000000002,option,2024-07-29,570.0,2024-08-09,call,0.20700693256173977,0.11018046497303935
SPY,-22.03609299460787,544.760009765625,stock,2024-07-29,,,,,
SPY,2.0,0.125,option,2024-07-29,565.0,2024-08-05,call,0.20775807330489043,0.1074463718346067
SPY,-21.48927436692134,544.760009765625,stock,2024-07-29,,,,,
SPY,2.0,0.185,option,2024-07-29,569.0,2024-08-09,call,0.20700693256173977,0.11965625500012544
SPY,-23.93125100002509,544.760009765625,stock,2024-07-29,,,,,
SPY,2.0,0.155,option,2024-07-29,564.0,2024-08-05,call,0.20775807330489043,0.11926827613345031
SPY,-23.853655226690062,544.760009765625,stock,2024-07-29,,,,,
SPY,-16.306965114788294,544.760009765625,stock,2024-07-29,,,,,
SPY,107.92964454351252,542.0,stock,2024-07-30,,,,,
SPY,-2.0,0.24,option,2024-07-30,529.0,2024-07-31,put,0.20553401383544956,-0.011690783675976202
SPY,-2.3381567351952404,542.0,stock,2024-07-30,,,,,
SPY,-2.0,0.45,option,2024-07-30,531.0,2024-07-31,put,0.20553401383544956,-0.0276586359158828
SPY,-5.53172718317656,542.0,stock,2024-07-30,,,,,
SPY,-2.0,0.8,option,2024-07-30,533.0,2024-07-31,put,0.20553401383544956,-0.05856568804425155
SPY,-11.71313760885031,542.0,stock,2024-07-30,,,,,
SPY,-2.0,1.045,option,2024-07-30,534.0,2024-07-31,put,0.20553401383544956,-0.08185580589377262
SPY,-16.371161178754523,542.0,stock,2024-07-30,,,,,
SPY,-1.0,1.315,option,2024-07-30,535.0,2024-07-31,put,0.20553401383544956,-0.1114619184032768
SPY,-11.14619184032768,542.0,stock,2024-07-30,,,,,
SPY,2.0,0.175,option,2024-07-30,565.0,2024-08-09,call,0.20438170223813876,0.11596664768184356
SPY,-23.19332953636871,542.0,stock,2024-07-30,,,,,
SPY,2.0,0.305,option,2024-07-30,569.0,2024-08-16,call,0.20367238114181246,0.143929520686497
SPY,-28.7859041372994,542.0,stock,2024-07-30,,,,,
SPY,2.0,0.185,option,2024-07-30,560.0,2024-08-06,call,0.20473286538494512,0.1303781068271862
SPY,-26.07562136543724,542.0,stock,2024-07-30,,,,,
SPY,-2.724110655775018,542.0,stock,2024-07-30,,,,,
SPY,-226.2399070297096,550.8099975585938,stock,2024-07-31,,,,,
SPY,2.0,0.10500000000000001,option,2024-07-31,575.0,2024-08-12,call,0.19143661575817475,0.11469663686774095
SPY,-22.939327373548192,550.8099975585938,stock,2024-07-31,,,,,
SPY,2.0,0.11499999999999999,option,2024-07-31,573.0,2024-08-09,call,0.19058359115890222,0.09881995716277708
SPY,-19.763991432555418,550.8099975585938,stock,2024-07-31,,,,,
SPY,2.0,0.10500000000000001,option,2024-07-31,570.0,2024-08-07,call,0.18996879484645363,0.10132720443425158
SPY,-20.265440886850318,550.8099975585938,stock,2024-07-31,,,,,
SPY,2.0,0.14500000000000002,option,2024-07-31,572.0,2024-08-09,call,0.19058359115890222,0.10936013829529834
SPY,-21.87202765905967,550.8099975585938,stock,2024-07-31,,,,,
SPY,2.0,0.28,option,2024-07-31,577.0,2024-08-16,call,0.19245687648062415,0.1333029057471693
SPY,-26.66058114943386,550.8099975585938,stock,2024-07-31,,,,,
SPY,2.0,0.33,option,2024-07-31,570.0,2024-08-12,call,0.19143661575817475,0.1709765856160252
SPY,-34.19531712320504,550.8099975585938,stock,2024-07-31,,,,,
SPY,2.0,0.335,option,2024-07-31,576.0,2024-08-16,call,0.19245687648062415,0.14279073111288665
SPY,-28.558146222577328,550.8099975585938,stock,2024-07-31,,,,,
SPY,-18.876920065750095,550.8099975585938,stock,2024-07-31,,,,,
SPY,444.3008252339737,543.010009765625,stock,2024-08-01,,,,,
SPY,-2.0,0.11499999999999999,option,2024-08-01,526.0,2024-08-02,put,0.17782229505679378,-0.0003018585247022143
SPY,-0.06037170494044286,543.010009765625,stock,2024-08-01,,,,,
SPY,2.0,0.10500000000000001,option,2024-08-01,570.0,2024-08-12,call,0.18397767292095873,0.06890844030698741
SPY,-13.781688061397482,543.010009765625,stock,2024-08-01,,,,,
SPY,-5.843368496178029,543.010009765625,stock,2024-08-01,,,,,
SPY,253.18909603919147,532.9000244140625,stock,2024-08-02,,,,,
SPY,-2.0,0.385,option,2024-08-02,510.0,2024-08-07,put,0.1990873420727791,-0.02816936022819716
SPY,-5.633872045639432,532.9000244140625,stock,2024-08-02,,,,,
SPY,-2.0,0.615,option,2024-08-02,510.0,2024-08-08,put,0.19914558061814017,-0.040414236265677306
SPY,-8.082847253135462,532.9000244140625,stock,2024-08-02,,,,,
SPY,-2.0,0.845,option,2024-08-02,510.0,2024-08-09,put,0.1992021097661356,-0.05262759851687604
SPY,-10.525519703375208,532.9000244140625,stock,2024-08-02,,,,,
SPY,1.0043781834150955,532.9000244140625,stock,2024-08-02,,,,,
SPY,-30.747652605321065,517.3800048828125,stock,2024-08-05,,,,,
SPY,-2.0,0.395,option,2024-08-05,492.0,2024-08-06,put,0.21328665167316285,-3.1513404595839845e-06
SPY,-0.0006302680919167969,517.3800048828125,stock,2024-08-05,,,,,
SPY,-2.0,0.425,option,2024-08-05,493.0,2024-08-06,put,0.21328665167316285,-7.3180122723837115e-06
SPY,-0.0014636024544767423,517.3800048828125,stock,2024-08-05,,,,,
SPY,-2.0,0.45,option,2024-08-05,494.0,2024-08-06,put,0.21328665167316285,-1.6436807144915022e-05
SPY,-0.0032873614289830044,517.3800048828125,stock,2024-08-05,,,,,
SPY,87.7175894319342,522.1500244140625,stock,2024-08-06,,,,,
SPY,-2.0,0.11499999999999999,option,2024-08-06,502.0,2024-08-07,put,0.2430444433768656,-0.0009538759450787859
SPY,-0.19077518901575719,522.1500244140625,stock,2024-08-06,,,,,
SPY,-2.0,0.28,option,2024-08-06,497.0,2024-08-08,put,0.24200320817628446,-0.0027963291053040296
SPY,-0.5592658210608059,522.1500244140625,stock,2024-08-06,,,,,
SPY,-2.0,0.31,option,2024-08-06,498.0,2024-08-08,put,0.24200320817628446,-0.003923907026052831
SPY,-0.7847814052105662,522.1500244140625,stock,2024-08-06,,,,,
SPY,-2.0,0.345,option,2024-08-06,499.0,2024-08-08,put,0.24200320817628446,-0.005439418095791293
SPY,-1.0878836191582586,522.1500244140625,stock,2024-08-06,,,,,
SPY,0.07088851414505726,522.1500244140625,stock,2024-08-06,,,,,
SPY,-2.0,0.10500000000000001,option,2024-08-07,496.0,2024-08-08,put,0.3148885762309809,-0.0032449165232139032
SPY,-0.6489833046427806,518.6599731445312,stock,2024-08-07,,,,,
SPY,-2.0,0.135,option,2024-08-07,498.0,2024-08-08,put,0.3148885762309809,-0.006609868842560762
SPY,-1.3219737685121524,518.6599731445312,stock,2024-08-07,,,,,
SPY,-2.0,0.155,option,2024-08-07,499.0,2024-08-08,put,0.3148885762309809,-0.009234353569222198
SPY,-1.8468707138444396,518.6599731445312,stock,2024-08-07,,,,,
SPY,2.8371005328537064,518.6599731445312,stock,2024-08-07,,,,,
SPY,32.92189326517708,530.6500244140625,stock,2024-08-08,,,,,
SPY,-2.0,0.10500000000000001,option,2024-08-08,514.0,2024-08-09,put,0.2909981730948327,-0.017680394576548464
SPY,-3.5360789153096928,530.6500244140625,stock,2024-08-08,,,,,
SPY,2.0,0.10500000000000001,option,2024-08-08,546.0,2024-08-12,call,0.28466594712448434,0.17498171318288042
SPY,-34.99634263657608,530.6500244140625,stock,2024-08-08,,,,,
SPY,2.0,0.10500000000000001,option,2024-08-08,556.0,2024-08-15,call,0.2787369563348233,0.11906208962826237
SPY,-23.812417925652476,530.6500244140625,stock,2024-08-08,,,,,
SPY,2.0,0.2,option,2024-08-08,544.0,2024-08-12,call,0.28466594712448434,0.2085347705917348
SPY,-41.706954118346964,530.6500244140625,stock,2024-08-08,,,,,
SPY,2.0,0.14500000000000002,option,2024-08-08,557.0,2024-08-16,call,0.27684669137267937,0.12482050511428155
SPY,-24.964101022856312,530.6500244140625,stock,2024-08-08,,,,,
SPY,2.0,0.27,option,2024-08-08,555.0,2024-08-19,call,0.2714237184542085,0.17988141484184228
SPY,-35.97628296836846,530.6500244140625,stock,2024-08-08,,,,,
SPY,2.0,0.21000000000000002,option,2024-08-08,547.0,2024-08-13,call,0.28264583233640517,0.18606276619872647
SPY,-37.2125532397453,530.6500244140625,stock,2024-08-08,,,,,
SPY,2.0,0.175,option,2024-08-08,556.0,2024-08-16,call,0.27684669137267937,0.13406502975430662
SPY,-26.813005950861324,530.6500244140625,stock,2024-08-08,,,,,
SPY,-4.943393769848466,530.6500244140625,stock,2024-08-08,,,,,
SPY,-7.625899490657446,532.989990234375,stock,2024-08-09,,,,,
SPY,2.0,0.125,option,2024-08-09,555.0,2024-08-19,call,0.25559345939195127,0.17816340156409838
SPY,-35.63268031281967,532.989990234375,stock,2024-08-09,,,,,
SPY,2.0,0.125,option,2024-08-09,544.0,2024-08-13,call,0.2643674123651549,0.2366723990438679
SPY,-47.33447980877358,532.989990234375,stock,2024-08-09,,,,,
SPY,2.0,0.125,option,2024-08-09,548.0,2024-08-14,call,0.2628187115734199,0.1898152976672749
SPY,-37.96305953345498,532.989990234375,stock,2024-08-09,,,,,
SPY,2.0,0.125,option,2024-08-09,553.0,2024-08-16,call,0.25982692292036,0.15971793373167315
SPY,-31.943586746334628,532.989990234375,stock,2024-08-09,,,,,
SPY,2.0,0.195,option,2024-08-09,559.0,2024-08-23,call,0.2503966934835271,0.17581352016676466
SPY,-35.16270403335293,532.989990234375,stock,2024-08-09,,,,,
SPY,2.0,0.195,option,2024-08-09,543.0,2024-08-13,call,0.2643674123651549,0.2576637565235194
SPY,-51.532751304703886,532.989990234375,stock,2024-08-09,,,,,
SPY,2.0,0.22999999999999998,option,2024-08-09,555.0,2024-08-21,call,0.2529331719430742,0.19903614162598704
SPY,-39.80722832519741,532.989990234375,stock,2024-08-09,,,,,
SPY,2.0,0.235,option,2024-08-09,558.0,2024-08-23,call,0.2503966934835271,0.1854132134854422
SPY,-37.08264269708844,532.989990234375,stock,2024-08-09,,,,,
SPY,-10.943910725888102,532.989990234375,stock,2024-08-09,,,,,
SPY,292.8083545219397,533.27001953125,stock,2024-08-12,,,,,
SPY,2.0,0.135,option,2024-08-12,555.0,2024-08-21,call,0.2770855297314743,0.18811431257031075
SPY,-37.62286251406215,533.27001953125,stock,2024-08-12,,,,,
SPY,2.0,0.14500000000000002,option,2024-08-12,558.0,2024-08-23,call,0.27342769649625676,0.17916061313422127
SPY,-35.83212262684425,533.27001953125,stock,2024-08-12,,,,,
SPY,2.0,0.165,option,2024-08-12,557.5,2024-08-23,call,0.27342769649625676,0.18414455211143604
SPY,-36.82891042228721,533.27001953125,stock,2024-08-12,,,,,
SPY,2.0,0.185,option,2024-08-12,557.0,2024-08-23,call,0.27342769649625676,0.1892184826085721
SPY,-37.84369652171442,533.27001953125,stock,2024-08-12,,,,,
SPY,2.0,0.225,option,2024-08-12,556.0,2024-08-23,call,0.27342769649625676,0.19963569558369187
SPY,-39.927139116738374,533.27001953125,stock,2024-08-12,,,,,
SPY,9.289958417709528,533.27001953125,stock,2024-08-12,,,,,
SPY,-252.41208278053983,542.0399780273438,stock,2024-08-13,,,,,
SPY,2.0,0.10500000000000001,option,2024-08-13,567.0,2024-08-23,call,0.2532962179521448,0.14922655138932256
SPY,-29.845310277864513,542.0399780273438,stock,2024-08-13,,,,,
SPY,2.0,0.125,option,2024-08-13,560.0,2024-08-20,call,0.2574523448235755,0.18789127697775754
SPY,-37.57825539555151,542.0399780273438,stock,2024-08-13,,,,,
SPY,2.0,0.22999999999999998,option,2024-08-13,569.0,2024-08-30,call,0.24468898179112444,0.19074240815983218
SPY,-38.14848163196643,542.0399780273438,stock,2024-08-13,,,,,
SPY,1.0,0.26,option,2024-08-13,568.0,2024-08-30,call,0.24468898179112444,0.19993496691103252
SPY,-19.993496691103253,542.0399780273438,stock,2024-08-13,,,,,
SPY,-4.072711484795292,542.0399780273438,stock,2024-08-13,,,,,
SPY,33.49246490981169,543.75,stock,2024-08-14,,,,,
SPY,1.0,0.10500000000000001,option,2024-08-14,564.0,2024-08-23,call,0.23418946196836082,0.16789740906151568
SPY,-16.789740906151568,543.75,stock,2024-08-14,,,,,
SPY,1.0,0.135,option,2024-08-14,524.0,2024-08-19,put,0.23780966190581626,-0.0880250816861341
SPY,8.80250816861341,543.75,stock,2024-08-14,,,,,
SPY,-0.7590168015217813,543.75,stock,2024-08-14,,,,,
SPY,-564.809765612971,553.0700073242188,stock,2024-08-15,,,,,
SPY,189.9840990342358,554.3099975585938,stock,2024-08-16,,,,,
SPY,-70.49955098378095,559.6099853515625,stock,2024-08-19,,,,,
SPY,138.0389570106716,558.7000122070312,stock,2024-08-20,,,,,
SPY,177.04429967419705,560.6199951171875,stock,2024-08-21,,,,,
SPY,316.59786674162945,556.219970703125,stock,2024-08-22,,,,,
SPY,2.0,0.11499999999999999,option,2024-08-22,579.0,2024-09-03,call,0.1935448419688688,0.13404290333587765
SPY,-26.80858066717553,556.219970703125,stock,2024-08-22,,,,,
SPY,2.0,0.125,option,2024-08-22,580.0,2024-09-04,call,0.19378112249495172,0.1341521424458274
SPY,-26.83042848916548,556.219970703125,stock,2024-08-22,,,,,
SPY,2.0,0.10500000000000001,option,2024-08-22,569.0,2024-08-27,call,0.19166918987674333,0.16128169601114412
SPY,-32.25633920222882,556.219970703125,stock,2024-08-22,,,,,
SPY,2.0,0.14500000000000002,option,2024-08-22,578.0,2024-09-03,call,0.1935448419688688,0.14497662959406699
SPY,-28.995325918813396,556.219970703125,stock,2024-08-22,,,,,
SPY,2.0,0.155,option,2024-08-22,579.0,2024-09-04,call,0.19378112249495172,0.14461998379049412
SPY,-28.923996758098824,556.219970703125,stock,2024-08-22,,,,,
SPY,1.0,0.175,option,2024-08-22,577.0,2024-09-03,call,0.1935448419688688,0.15651572802262897
SPY,-15.651572802262898,556.219970703125,stock,2024-08-22,,,,,
SPY,1.0,0.155,option,2024-08-22,542.0,2024-08-26,put,0.19136632873767628,-0.09447235526183673
SPY,9.447235526183672,556.219970703125,stock,2024-08-22,,,,,
SPY,-7.087728438058775,556.219970703125,stock,2024-08-22,,,,,
SPY,422.2077293219749,562.1300048828125,stock,2024-08-23,,,,,
SPY,2.0,0.10500000000000001,option,2024-08-23,580.0,2024-09-03,call,0.182570438906595,0.17041223889341206
SPY,-34.082447778682415,562.1300048828125,stock,2024-08-23,,,,,
SPY,2.0,0.135,option,2024-08-23,579.0,2024-09-03,call,0.182570438906595,0.18456840664130392
SPY,-36.913681328260786,562.1300048828125,stock,2024-08-23,,,,,
SPY,2.0,0.165,option,2024-08-23,566.0,2024-08-26,call,0.17717819200793028,0.34132000375659155
SPY,-68.2640007513183,562.1300048828125,stock,2024-08-23,,,,,
SPY,2.0,0.155,option,2024-08-23,580.0,2024-09-04,call,0.18314926754539568,0.18247502649943403
SPY,-36.495005299886806,562.1300048828125,stock,2024-08-23,,,,,
SPY,2.0,0.175,option,2024-08-23,568.0,2024-08-27,call,0.17793398748956896,0.29576507700253163
SPY,-59.15301540050633,562.1300048828125,stock,2024-08-23,,,,,
SPY,2.0,0.11499999999999999,option,2024-08-23,573.0,2024-08-28,call,0.17866463223528375,0.1861036282309917
SPY,-37.22072564619834,562.1300048828125,stock,2024-08-23,,,,,
SPY,2.0,0.195,option,2024-08-23,579.0,2024-09-04,call,0.18314926754539568,0.19654977880150298
SPY,-39.309955760300596,562.1300048828125,stock,2024-08-23,,,,,
SPY,2.0,0.22,option,2024-08-23,577.0,2024-09-03,call,0.182570438906595,0.21508035724264152
SPY,-43.0160714485283,562.1300048828125,stock,2024-08-23,,,,,
SPY,2.0,0.22,option,2024-08-23,580.0,2024-09-05,call,0.183709432087701,0.19358378100033424
SPY,-38.71675620006685,562.1300048828125,stock,2024-08-23,,,,,
SPY,1.0,0.125,option,2024-08-23,575.0,2024-08-29,call,0.17937107283219625,0.16889955570839754
SPY,-16.889955570839753,562.1300048828125,stock,2024-08-23,,,,,
SPY,1.0,0.125,option,2024-08-23,577.0,2024-08-30,call,0.18005421237670402,0.15404319244279946
SPY,-15.404319244279947,562.1300048828125,stock,2024-08-23,,,,,
SPY,-25.275592703750185,562.1300048828125,stock,2024-08-23,,,,,
SPY,349.5507285780126,560.7899780273438,stock,2024-08-26,,,,,
SPY,2.0,0.11499999999999999,option,2024-08-26,580.0,2024-09-05,call,0.1806893293391735,0.1372181451648089
SPY,-27.44362903296178,560.7899780273438,stock,2024-08-26,,,,,
SPY,2.0,0.125,option,2024-08-26,578.0,2024-09-04,call,0.18002712399579535,0.14970666149024953
SPY,-29.941332298049904,560.7899780273438,stock,2024-08-26,,,,,
SPY,2.0,0.135,option,2024-08-26,576.0,2024-09-03,call,0.1793424291540268,0.16400512985328414
SPY,-32.80102597065683,560.7899780273438,stock,2024-08-26,,,,,
SPY,2.0,0.14500000000000002,option,2024-08-26,579.0,2024-09-05,call,0.1806893293391735,0.1502865334741355
SPY,-30.0573066948271,560.7899780273438,stock,2024-08-26,,,,,
SPY,2.0,0.155,option,2024-08-26,577.0,2024-09-04,call,0.18002712399579535,0.16442368199288915
SPY,-32.88473639857783,560.7899780273438,stock,2024-08-26,,,,,
SPY,2.0,0.175,option,2024-08-26,575.0,2024-09-03,call,0.1793424291540268,0.18070410794430847
SPY,-36.14082158886169,560.7899780273438,stock,2024-08-26,,,,,
SPY,-8.44861232860741,560.7899780273438,stock,2024-08-26,,,,,
SPY,63.75737557734765,561.5599975585938,stock,2024-08-27,,,,,
SPY,2.0,0.10500000000000001,option,2024-08-27,577.0,2024-09-04,call,0.180659228311525,0.16246990531596817
SPY,-32.49398106319363,561.5599975585938,stock,2024-08-27,,,,,
SPY,2.0,0.10500000000000001,option,2024-08-27,579.0,2024-09-05,call,0.18129623434365455,0.14853189452461169
SPY,-29.70637890492234,561.5599975585938,stock,2024-08-27,,,,,
SPY,2.0,0.10500000000000001,option,2024-08-27,585.0,2024-09-09,call,0.18364348858335466,0.12672024229795353
SPY,-25.344048459590706,561.5599975585938,stock,2024-08-27,,,,,
SPY,-3.365744833015931,561.5599975585938,stock,2024-08-27,,,,,
SPY,287.87785196237564,558.2999877929688,stock,2024-08-28,,,,,
SPY,2.0,0.165,option,2024-08-28,585.0,2024-09-13,call,0.17778124854086347,0.11258699272084144
SPY,-22.517398544168287,558.2999877929688,stock,2024-08-28,,,,,
SPY,2.0,0.10500000000000001,option,2024-08-28,575.0,2024-09-04,call,0.16995597252656247,0.11043939159244587
SPY,-22.087878318489174,558.2999877929688,stock,2024-08-28,,,,,
SPY,2.0,0.515,option,2024-08-28,585.0,2024-09-27,call,0.1860666312629185,0.20660523872461944
SPY,-41.32104774492389,558.2999877929688,stock,2024-08-28,,,,,
SPY,-4.9278280366590295,558.2999877929688,stock,2024-08-28,,,,,
SPY,97.6370861871151,558.3499755859375,stock,2024-08-29,,,,,
SPY,2.0,0.10500000000000001,option,2024-08-29,578.0,2024-09-09,call,0.16523188891278465,0.12090806100739832
SPY,-24.181612201479663,558.3499755859375,stock,2024-08-29,,,,,
SPY,-1.2758664022703101,558.3499755859375,stock,2024-08-29,,,,,
SPY,-216.27660145901982,563.6799926757812,stock,2024-08-30,,,,,
SPY,2.0,0.10500000000000001,option,2024-08-30,570.0,2024-09-04,call,0.1551112335104597,0.27759898987639237
SPY,-55.51979797527847,563.6799926757812,stock,2024-08-30,,,,,
SPY,2.0,0.10500000000000001,option,2024-08-30,572.0,2024-09-05,call,0.15665654352894678,0.24099891395463258
SPY,-48.19978279092651,563.6799926757812,stock,2024-08-30,,,,,
SPY,2.0,0.11499999999999999,option,2024-08-30,578.0,2024-09-09,call,0.1622653006242861,0.1840004194013652
SPY,-36.800083880273036,563.6799926757812,stock,2024-08-30,,,,,
SPY,-5.556953050270202,563.6799926757812,stock,2024-08-30,,,,,
SPY,742.8819759741045,552.0800170898438,stock,2024-09-03,,,,,
SPY,-2.0,0.10500000000000001,option,2024-09-03,527.0,2024-09-05,put,0.1402414295284259,-3.4899937917387547e-06
SPY,-0.0006979987583477509,552.0800170898438,stock,2024-09-03,,,,,
SPY,-2.0,0.10500000000000001,option,2024-09-03,528.0,2024-09-05,put,0.1402414295284259,-8.100779132824698e-06
SPY,-0.0016201558265649396,552.0800170898438,stock,2024-09-03,,,,,
SPY,-2.0,0.11499999999999999,option,2024-09-03,529.0,2024-09-05,put,0.1402414295284259,-1.818425509148014e-05
SPY,-0.003636851018296028,552.0800170898438,stock,2024-09-03,,,,,
SPY,-2.0,0.185,option,2024-09-03,525.0,2024-09-06,put,0.14240514408224147,-4.5227967056082896e-05
SPY,-0.00904559341121658,552.0800170898438,stock,2024-09-03,,,,,
SPY,-2.0,0.11499999999999999,option,2024-09-03,530.0,2024-09-05,put,0.1402414295284259,-3.948695047117923e-05
SPY,-0.007897390094235845,552.0800170898438,stock,2024-09-03,,,,,
SPY,-2.0,0.185,option,2024-09-03,526.0,2024-09-06,put,0.14240514408224147,-8.245670649642545e-05
SPY,-0.01649134129928509,552.0800170898438,stock,2024-09-03,,,,,
SPY,-2.0,0.125,option,2024-09-03,531.0,2024-09-05,put,0.1402414295284259,-8.297111566302195e-05
SPY,-0.01659422313260439,552.0800170898438,stock,2024-09-03,,,,,
SPY,10.246802392245765,550.9500122070312,stock,2024-09-04,,,,,
SPY,-2.0,0.10500000000000001,option,2024-09-04,532.0,2024-09-06,put,0.14652964071481686,-0.0005926459345747537
SPY,-0.11852918691495073,550.9500122070312,stock,2024-09-04,,,,,
SPY,-2.0,0.11499999999999999,option,2024-09-04,532.5,2024-09-06,put,0.14652964071481686,-0.000800326954517927
SPY,-0.1600653909035854,550.9500122070312,stock,2024-09-04,,,,,
SPY,-2.0,0.125,option,2024-09-04,533.0,2024-09-06,put,0.14652964071481686,-0.0010729473082472518
SPY,-0.21458946164945036,550.9500122070312,stock,2024-09-04,,,,,
SPY,2.0,0.39,option,2024-09-04,578.0,2024-09-30,call,0.17674360557816224,0.1679550498769074
SPY,-33.59100997538148,550.9500122070312,stock,2024-09-04,,,,,
SPY,2.0,0.45,option,2024-09-04,577.0,2024-09-30,call,0.17674360557816224,0.17733488420929566
SPY,-35.466976841859136,550.9500122070312,stock,2024-09-04,,,,,
SPY,2.0,0.33999999999999997,option,2024-09-04,578.0,2024-09-27,call,0.17424199787904143,0.14798219340673807
SPY,-29.596438681347614,550.9500122070312,stock,2024-09-04,,,,,
SPY,-6.587518475607613,550.9500122070312,stock,2024-09-04,,,,,
SPY,19.34985582876088,549.6099853515625,stock,2024-09-05,,,,,
SPY,-2.0,0.22999999999999998,option,2024-09-05,539.0,2024-09-06,put,0.20852970057773498,-0.03621475976454114
SPY,-7.242951952908228,549.6099853515625,stock,2024-09-05,,,,,
SPY,-2.0,0.3,option,2024-09-05,540.0,2024-09-06,put,0.20852970057773498,-0.05191215742428956
SPY,-10.382431484857912,549.6099853515625,stock,2024-09-05,,,,,
SPY,2.0,0.135,option,2024-09-05,572.0,2024-09-16,call,0.20675519455204114,0.14057377165146634
SPY,-28.114754330293266,549.6099853515625,stock,2024-09-05,,,,,
SPY,2.0,0.14500000000000002,option,2024-09-05,573.0,2024-09-17,call,0.20660418523738516,0.14090874398858894
SPY,-28.181748797717788,549.6099853515625,stock,2024-09-05,,,,,
SPY,2.0,0.33499999999999996,option,2024-09-05,577.0,2024-09-30,call,0.20499099736053095,0.19650856543049833
SPY,-39.30171308609967,549.6099853515625,stock,2024-09-05,,,,,
SPY,2.0,0.165,option,2024-09-05,571.0,2024-09-16,call,0.20675519455204114,0.15174107487345828
SPY,-30.348214974691658,549.6099853515625,stock,2024-09-05,,,,,
SPY,2.0,0.39,option,2024-09-05,576.0,2024-09-30,call,0.20499099736053095,0.205588011579992
SPY,-41.117602315998404,549.6099853515625,stock,2024-09-05,,,,,
SPY,2.0,0.33499999999999996,option,2024-09-05,576.0,2024-09-27,call,0.20531132077970787,0.18907472219740062
SPY,-37.81494443948012,549.6099853515625,stock,2024-09-05,,,,,
SPY,2.0,0.21000000000000002,option,2024-09-05,570.0,2024-09-16,call,0.20675519455204114,0.16350383102651794
SPY,-32.70076620530359,549.6099853515625,stock,2024-09-05,,,,,
SPY,-3.1431370829068968,549.6099853515625,stock,2024-09-05,,,,,
SPY,205.73745224537035,540.3599853515625,stock,2024-09-06,,,,,
SPY,-2.0,0.14500000000000002,option,2024-09-06,514.0,2024-09-10,put,0.19242810696394608,-0.006145890264118936
SPY,-1.2291780528237872,540.3599853515625,stock,2024-09-06,,,,,
SPY,-2.0,0.14500000000000002,option,2024-09-06,515.0,2024-09-10,put,0.19242810696394608,-0.008038354890354649
SPY,-1.6076709780709297,540.3599853515625,stock,2024-09-06,,,,,
SPY,-2.0,0.22,option,2024-09-06,514.0,2024-09-11,put,0.1926898255728355,-0.012512875808943225
SPY,-2.502575161788645,540.3599853515625,stock,2024-09-06,,,,,
SPY,-2.0,0.155,option,2024-09-06,516.0,2024-09-10,put,0.19242810696394608,-0.010419992067714046
SPY,-2.083998413542809,540.3599853515625,stock,2024-09-06,,,,,
SPY,-2.0,0.39,option,2024-09-06,514.0,2024-09-12,put,0.19294356995644346,-0.020311302305299317
SPY,-4.062260461059863,540.3599853515625,stock,2024-09-06,,,,,
SPY,-1.0,0.62,option,2024-09-06,514.0,2024-09-13,put,0.19318959351822396,-0.028909823779852406
SPY,-2.8909823779852406,540.3599853515625,stock,2024-09-06,,,,,
SPY,2.0,0.10500000000000001,option,2024-09-06,550.0,2024-09-09,call,0.1921581516679132,0.15941209731188877
SPY,-31.882419462377754,540.3599853515625,stock,2024-09-06,,,,,
SPY,-0.029646375280144355,540.3599853515625,stock,2024-09-06,,,,,
SPY,4.744526294447299,546.4099731445312,stock,2024-09-09,,,,,
SPY,2.0,0.245,option,2024-09-09,573.0,2024-09-30,call,0.1886269847800334,0.15813543008462216
SPY,-31.627086016924434,546.4099731445312,stock,2024-09-09,,,,,
SPY,2.0,0.165,option,2024-09-09,570.0,2024-09-23,call,0.18547365480855718,0.1304411937818704
SPY,-26.088238756374082,546.4099731445312,stock,2024-09-09,,,,,
SPY,2.0,0.20500000000000002,option,2024-09-09,573.0,2024-09-27,call,0.1873609448570809,0.1362097085910433
SPY,-27.24194171820866,546.4099731445312,stock,2024-09-09,,,,,
SPY,-4.656649784066886,546.4099731445312,stock,2024-09-09,,,,,
SPY,-32.47423865415178,548.7899780273438,stock,2024-09-10,,,,,
SPY,2.0,0.175,option,2024-09-10,576.0,2024-09-30,call,0.2060859163182254,0.16946335041797916
SPY,-33.89267008359583,548.7899780273438,stock,2024-09-10,,,,,
SPY,2.0,0.14500000000000002,option,2024-09-10,576.0,2024-09-27,call,0.20647766461271497,0.1485219559339862
SPY,-29.704391186797242,548.7899780273438,stock,2024-09-10,,,,,
SPY,2.0,0.20500000000000002,option,2024-09-10,575.0,2024-09-30,call,0.2060859163182254,0.17871621184159048
SPY,-35.74324236831809,548.7899780273438,stock,2024-09-10,,,,,
SPY,-4.196806889854749,548.7899780273438,stock,2024-09-10,,,,,
SPY,-174.96694481431268,554.4199829101562,stock,2024-09-11,,,,,
SPY,2.0,0.10500000000000001,option,2024-09-11,582.0,2024-09-30,call,0.2039970544554157,0.15927602792872425
SPY,-31.85520558574485,554.4199829101562,stock,2024-09-11,,,,,
SPY,2.0,0.125,option,2024-09-11,581.0,2024-09-30,call,0.2039970544554157,0.1684044945089303
SPY,-33.68089890178606,554.4199829101562,stock,2024-09-11,,,,,
SPY,2.0,0.14500000000000002,option,2024-09-11,580.0,2024-09-30,call,0.2039970544554157,0.17787927324976383
SPY,-35.57585464995277,554.4199829101562,stock,2024-09-11,,,,,
SPY,-4.927358765194519,554.4199829101562,stock,2024-09-11,,,,,
SPY,-206.05347809300406,559.0900268554688,stock,2024-09-12,,,,,
SPY,-133.80516577574878,562.010009765625,stock,2024-09-13,,,,,
SPY,195.5169535080456,562.8400268554688,stock,2024-09-16,,,,,
SPY,30.793995163162677,563.0700073242188,stock,2024-09-17,,,,,
SPY,126.22307357150672,561.4000244140625,stock,2024-09-18,,,,,
SPY,2.0,0.14500000000000002,option,2024-09-18,584.0,2024-09-30,call,0.1699067803631041,0.10668527915969656
SPY,-21.33705583193931,561.4000244140625,stock,2024-09-18,,,,,
SPY,2.0,0.21000000000000002,option,2024-09-18,582.0,2024-09-30,call,0.1699067803631041,0.12860790362924646
SPY,-25.721580725849293,561.4000244140625,stock,2024-09-18,,,,,
SPY,2.0,0.25,option,2024-09-18,581.0,2024-09-30,call,0.1699067803631041,0.14070091796128653
SPY,-28.140183592257305,561.4000244140625,stock,2024-09-18,,,,,
SPY,1.0,0.10500000000000001,option,2024-09-18,578.0,2024-09-24,call,0.1631975729970334,0.08589131719970128
SPY,-8.589131719970128,561.4000244140625,stock,2024-09-18,,,,,
SPY,-22.06692981300791,561.4000244140625,stock,2024-09-18,,,,,
SPY,-651.4476443233494,570.97998046875,stock,2024-09-19,,,,,
SPY,266.24501706191796,568.25,stock,2024-09-20,,,,,
SPY,142.64957540666214,569.6699829101562,stock,2024-09-23,,,,,
SPY,-76.38075456476709,571.2999877929688,stock,2024-09-24,,,,,
SPY,208.42159206044468,570.0399780273438,stock,2024-09-25,,,,,
SPY,-125.74230921895904,572.2999877929688,stock,2024-09-26,,,,,
SPY,372.93212480850883,571.469970703125,stock,2024-09-27,,,,,
SPY,2.0,0.10500000000000001,option,2024-09-27,577.0,2024-09-30,call,0.14065803018412534,0.23088544678365908
SPY,-46.17708935673181,571.469970703125,stock,2024-09-27,,,,,
SPY,2.0,0.11499999999999999,option,2024-09-27,590.0,2024-10-07,call,0.15366454117543465,0.11116676866247693
SPY,-22.233353732495388,571.469970703125,stock,2024-09-27,,,,,
SPY,1.0,0.125,option,2024-09-27,583.0,2024-10-03,call,0.14670981530689364,0.1503190163162783
SPY,-15.03190163162783,571.469970703125,stock,2024-09-27,,,,,
SPY,-12.23177525373511,571.469970703125,stock,2024-09-27,,,,,
SPY,736.9346710980494,573.760009765625,stock,2024-09-30,,,,,
SPY,-2.0,0.10500000000000001,option,2024-09-30,547.0,2024-10-04,put,0.13709087910903808,-0.0004032848936166289
SPY,-0.08065697872332578,573.760009765625,stock,2024-09-30,,,,,
SPY,-2.0,0.11499999999999999,option,2024-09-30,548.0,2024-10-04,put,0.13709087910903808,-0.0006337001651034457
SPY,-0.12674003302068915,573.760009765625,stock,2024-09-30,,,,,
SPY,-2.0,0.125,option,2024-09-30,549.0,2024-10-04,put,0.13709087910903808,-0.0009800124108000352
SPY,-0.19600248216000704,573.760009765625,stock,2024-09-30,,,,,
SPY,-2.0,0.14500000000000002,option,2024-09-30,550.0,2024-10-04,put,0.13709087910903808,-0.0014918246789730194
SPY,-0.2983649357946039,573.760009765625,stock,2024-09-30,,,,,
SPY,-2.0,0.165,option,2024-09-30,551.0,2024-10-04,put,0.13709087910903808,-0.002235663740785543
SPY,-0.4471327481571086,573.760009765625,stock,2024-09-30,,,,,
SPY,-2.0,0.185,option,2024-09-30,552.0,2024-10-04,put,0.13709087910903808,-0.0032988556176124506
SPY,-0.6597711235224901,573.760009765625,stock,2024-09-30,,,,,
SPY,-2.0,0.215,option,2024-09-30,553.0,2024-10-04,put,0.13709087910903808,-0.004793532696720004
SPY,-0.9587065393440009,573.760009765625,stock,2024-09-30,,,,,
SPY,-2.0,0.10500000000000001,option,2024-09-30,555.0,2024-10-03,put,0.13471659191322297,-0.003058635453917602
SPY,-0.6117270907835204,573.760009765625,stock,2024-09-30,,,,,
SPY,-2.0,0.10500000000000001,option,2024-09-30,564.0,2024-10-01,put,0.1296087818580782,-0.005534881062181807
SPY,-1.1069762124363614,573.760009765625,stock,2024-09-30,,,,,
SPY,2.0,0.20500000000000002,option,2024-09-30,600.0,2024-10-18,call,0.16144548251286053,0.11470812689746579
SPY,-22.941625379493157,573.760009765625,stock,2024-09-30,,,,,
SPY,2.0,0.415,option,2024-09-30,600.0,2024-10-25,call,0.1694255784592721,0.16967387156077612
SPY,-33.93477431215523,573.760009765625,stock,2024-09-30,,,,,
SPY,2.0,0.135,option,2024-09-30,590.0,2024-10-08,call,0.14556963530549946,0.10311365210261375
SPY,-20.62273042052275,573.760009765625,stock,2024-09-30,,,,,
SPY,2.0,0.195,option,2024-09-30,590.0,2024-10-09,call,0.14746578867933968,0.12050247097604272
SPY,-24.100494195208544,573.760009765625,stock,2024-09-30,,,,,
SPY,2.0,0.155,option,2024-09-30,595.0,2024-10-11,call,0.15102570629335194,0.08845071870259813
SPY,-17.690143740519627,573.760009765625,stock,2024-09-30,,,,,
SPY,2.0,0.45999999999999996,option,2024-09-30,595.0,2024-10-18,call,0.16144548251286053,0.16640878651998187
SPY,-33.28175730399637,573.760009765625,stock,2024-09-30,,,,,
SPY,2.0,0.845,option,2024-09-30,595.0,2024-10-25,call,0.1694255784592721,0.22162142717369088
SPY,-44.32428543473817,573.760009765625,stock,2024-09-30,,,,,
SPY,2.0,0.55,option,2024-09-30,590.0,2024-10-14,call,0.1558461459557608,0.1910400387569628
SPY,-38.20800775139256,573.760009765625,stock,2024-09-30,,,,,
SPY,2.0,0.135,option,2024-09-30,582.0,2024-10-03,call,0.13471659191322297,0.12549556622283453
SPY,-25.099113244566908,573.760009765625,stock,2024-09-30,,,,,
SPY,-12.579447404782869,573.760009765625,stock,2024-09-30,,,,,
SPY,147.57122655595035,568.6199951171875,stock,2024-10-01,,,,,
SPY,2.0,0.5,option,2024-10-01,595.0,2024-10-25,call,0.1659205966458237,0.15536333400192337
SPY,-31.072666800384674,568.6199951171875,stock,2024-10-01,,,,,
SPY,-2.9218666106092015,568.6199951171875,stock,2024-10-01,,,,,
SPY,22.762127614710415,568.8599853515625,stock,2024-10-02,,,,,
SPY,2.0,0.42,option,2024-10-02,595.0,2024-10-25,call,0.16312257012249054,0.14779776783987325
SPY,-29.55955356797465,568.8599853515625,stock,2024-10-02,,,,,
SPY,-3.7038903152301477,568.8599853515625,stock,2024-10-02,,,,,
SPY,36.44980120421069,567.8200073242188,stock,2024-10-03,,,,,
SPY,2.0,0.35,option,2024-10-03,595.0,2024-10-25,call,0.16792308643436937,0.1391166398261064
SPY,-27.823327965221278,567.8200073242188,stock,2024-10-03,,,,,
SPY,2.0,0.14500000000000002,option,2024-10-03,595.0,2024-10-18,call,0.1595370798703955,0.08013878849487088
SPY,-16.027757698974177,567.8200073242188,stock,2024-10-03,,,,,
SPY,2.0,0.62,option,2024-10-03,595.0,2024-10-31,call,0.17359296287625647,0.17969422978437638
SPY,-35.93884595687528,567.8200073242188,stock,2024-10-03,,,,,
SPY,2.0,0.765,option,2024-10-03,595.0,2024-11-01,call,0.17442687990644137,0.18563529161025444
SPY,-37.127058322050885,567.8200073242188,stock,2024-10-03,,,,,
SPY,-7.819493268745141,567.8200073242188,stock,2024-10-03,,,,,
SPY,-115.84179163539974,572.97998046875,stock,2024-10-04,,,,,
SPY,2.0,0.11499999999999999,option,2024-10-04,590.0,2024-10-14,call,0.14651994968815688,0.12054717534274245
SPY,-24.10943506854849,572.97998046875,stock,2024-10-04,,,,,
SPY,2.0,0.20500000000000002,option,2024-10-04,600.0,2024-10-25,call,0.1632640610517015,0.12972581766994434
SPY,-25.945163533988868,572.97998046875,stock,2024-10-04,,,,,
SPY,2.0,0.14500000000000002,option,2024-10-04,578.0,2024-10-07,call,0.13098340745738837,0.23736601406624952
SPY,-47.473202813249905,572.97998046875,stock,2024-10-04,,,,,
SPY,2.0,0.10500000000000001,option,2024-10-04,583.0,2024-10-09,call,0.13594896314648647,0.14358067137020075
SPY,-28.71613427404015,572.97998046875,stock,2024-10-04,,,,,
SPY,2.0,0.125,option,2024-10-04,595.0,2024-10-17,call,0.15184298038407257,0.10084039946023438
SPY,-20.168079892046876,572.97998046875,stock,2024-10-04,,,,,
SPY,2.0,0.42,option,2024-10-04,600.0,2024-10-31,call,0.16982672824581493,0.17297238622017658
SPY,-34.59447724403532,572.97998046875,stock,2024-10-04,,,,,
SPY,2.0,0.175,option,2024-10-04,595.0,2024-10-18,call,0.153475515921443,0.11236342785382586
SPY,-22.472685570765172,572.97998046875,stock,2024-10-04,,,,,
SPY,2.0,0.195,option,2024-10-04,590.0,2024-10-15,call,0.14836926936288672,0.1356262974443539
SPY,-27.12525948887078,572.97998046875,stock,2024-10-04,,,,,
SPY,2.0,0.535,option,2024-10-04,600.0,2024-11-01,call,0.17078854951545133,0.17930162342966993
SPY,-35.86032468593399,572.97998046875,stock,2024-10-04,,,,,
SPY,-20.05771608080007,572.97998046875,stock,2024-10-04,,,,,
SPY,376.7333537403742,567.7999877929688,stock,2024-10-07,,,,,
SPY,2.0,0.485,option,2024-10-07,595.0,2024-10-31,call,0.16471835805940271,0.14558152121915618
SPY,-29.116304243831237,567.7999877929688,stock,2024-10-07,,,,,
SPY,2.0,0.25,option,2024-10-07,595.0,2024-10-25,call,0.156862175225564,0.0972219035721506
SPY,-19.44438071443012,567.7999877929688,stock,2024-10-07,,,,,
SPY,2.0,0.62,option,2024-10-07,595.0,2024-11-01,call,0.16586373746428837,0.15275534216766307
SPY,-30.551068433532613,567.7999877929688,stock,2024-10-07,,,,,
SPY,2.0,0.27,option,2024-10-07,590.0,2024-10-21,call,0.1505014290937848,0.10375564903112666
SPY,-20.751129806225332,567.7999877929688,stock,2024-10-07,,,,,
SPY,2.0,0.75,option,2024-10-07,592.0,2024-10-31,call,0.16471835805940271,0.17466245979675366
SPY,-34.93249195935073,567.7999877929688,stock,2024-10-07,,,,,
SPY,-17.15316872462629,567.7999877929688,stock,2024-10-07,,,,,
SPY,-205.2894383159725,573.1699829101562,stock,2024-10-08,,,,,
SPY,2.0,0.175,option,2024-10-08,600.0,2024-10-25,call,0.15979258432179536,0.09986547938924534
SPY,-19.97309587784907,573.1699829101562,stock,2024-10-08,,,,,
SPY,2.0,0.165,option,2024-10-08,595.0,2024-10-21,call,0.1539225636373971,0.10606604182725843
SPY,-21.213208365451685,573.1699829101562,stock,2024-10-08,,,,,
SPY,2.0,0.365,option,2024-10-08,600.0,2024-10-31,call,0.16707326211680615,0.1492231899041317
SPY,-29.844637980826338,573.1699829101562,stock,2024-10-08,,,,,
SPY,-7.801017362521289,573.1699829101562,stock,2024-10-08,,,,,
SPY,-206.96276387533317,577.1400146484375,stock,2024-10-09,,,,,
SPY,130.09058834886352,576.1300048828125,stock,2024-10-10,,,,,
SPY,-192.57015705785187,579.5800170898438,stock,2024-10-11,,,,,
SPY,-148.80050715333564,584.3200073242188,stock,2024-10-14,,,,,
SPY,434.2687460083215,579.780029296875,stock,2024-10-15,,,,,
SPY,-101.66421147424418,582.2999877929688,stock,2024-10-16,,,,,
SPY,66.69762462489396,582.3499755859375,stock,2024-10-17,,,,,
SPY,-95.86627710067448,584.5900268554688,stock,2024-10-18,,,,,
SPY,292.8196026118033,583.6300048828125,stock,2024-10-21,,,,,
SPY,2.0,0.125,option,2024-10-21,597.0,2024-10-29,call,0.1433157675455106,0.15004397742775433
SPY,-30.008795485550866,583.6300048828125,stock,2024-10-21,,,,,
SPY,2.0,0.135,option,2024-10-21,595.0,2024-10-28,call,0.1412537458549572,0.16929761833640883
SPY,-33.85952366728176,583.6300048828125,stock,2024-10-21,,,,,
SPY,2.0,0.125,option,2024-10-21,599.0,2024-10-30,call,0.14528877894192935,0.13428386273038395
SPY,-26.85677254607679,583.6300048828125,stock,2024-10-21,,,,,
SPY,2.0,0.175,option,2024-10-21,596.0,2024-10-29,call,0.1433157675455106,0.16922507106134044
SPY,-33.84501421226809,583.6300048828125,stock,2024-10-21,,,,,
SPY,1.0,0.175,option,2024-10-21,598.0,2024-10-30,call,0.14528877894192935,0.15077148605474472
SPY,-15.077148605474472,583.6300048828125,stock,2024-10-21,,,,,
SPY,-5.660106974083796,583.6300048828125,stock,2024-10-21,,,,,
SPY,110.43927931311615,583.3200073242188,stock,2024-10-22,,,,,
SPY,2.0,0.10500000000000001,option,2024-10-22,598.0,2024-10-30,call,0.13962799484641947,0.12083307902771345
SPY,-24.16661580554269,583.3200073242188,stock,2024-10-22,,,,,
SPY,2.0,0.155,option,2024-10-22,593.0,2024-10-28,call,0.13505974452692446,0.1780513690817297
SPY,-35.61027381634594,583.3200073242188,stock,2024-10-22,,,,,
SPY,2.0,0.14500000000000002,option,2024-10-22,597.0,2024-10-30,call,0.13962799484641947,0.13788552866337833
SPY,-27.577105732675665,583.3200073242188,stock,2024-10-22,,,,,
SPY,2.0,0.125,option,2024-10-22,600.0,2024-10-31,call,0.1417592171096056,0.10873614273869481
SPY,-21.747228547738963,583.3200073242188,stock,2024-10-22,,,,,
SPY,-15.32198286454075,583.3200073242188,stock,2024-10-22,,,,,
SPY,434.57016131114534,577.989990234375,stock,2024-10-23,,,,,
SPY,2.0,0.10500000000000001,option,2024-10-23,603.0,2024-11-05,call,0.1465345265219267,0.06782362183849044
SPY,-13.564724367698089,577.989990234375,stock,2024-10-23,,,,,
SPY,2.0,0.125,option,2024-10-23,602.0,2024-11-05,call,0.1465345265219267,0.07604608267351322
SPY,-15.209216534702644,577.989990234375,stock,2024-10-23,,,,,
SPY,2.0,0.11499999999999999,option,2024-10-23,601.0,2024-11-04,call,0.14462062952952182,0.07345280598875153
SPY,-14.690561197750307,577.989990234375,stock,2024-10-23,,,,,
SPY,2.0,0.135,option,2024-10-23,600.0,2024-11-04,call,0.14462062952952182,0.08271434788611381
SPY,-16.542869577222763,577.989990234375,stock,2024-10-23,,,,,
SPY,2.0,0.11499999999999999,option,2024-10-23,589.0,2024-10-28,call,0.12848479428777562,0.10952495647956628
SPY,-21.904991295913256,577.989990234375,stock,2024-10-23,,,,,
SPY,2.0,0.11499999999999999,option,2024-10-23,591.0,2024-10-29,call,0.13113361145772007,0.09748964041307978
SPY,-19.497928082615957,577.989990234375,stock,2024-10-23,,,,,
SPY,-5.4092177520345786,577.989990234375,stock,2024-10-23,,,,,
SPY,10.98110691449292,579.239990234375,stock,2024-10-24,,,,,
SPY,87.9666332173978,579.0399780273438,stock,2024-10-25,,,,,
SPY,2.0,0.10500000000000001,option,2024-10-25,585.0,2024-10-28,call,0.13419045170839172,0.2054971776457149
SPY,-41.09943552914298,579.0399780273438,stock,2024-10-25,,,,,
SPY,2.0,0.10500000000000001,option,2024-10-25,600.0,2024-11-05,call,0.15046726040304165,0.09256181689857207
SPY,-18.512363379714415,579.0399780273438,stock,2024-10-25,,,,,
SPY,-1.950553993185764,579.0399780273438,stock,2024-10-25,,,,,
SPY,204.57373243120207,580.8300170898438,stock,2024-10-28,,,,,
SPY,-2.0,0.11499999999999999,option,2024-10-28,552.0,2024-10-31,put,0.12769374346913195,-4.989397041632593e-06
SPY,-0.0009978794083265186,580.8300170898438,stock,2024-10-28,,,,,
SPY,-2.0,0.125,option,2024-10-28,553.0,2024-10-31,put,0.12769374346913195,-1.0162632522514592e-05
SPY,-0.0020325265045029184,580.8300170898438,stock,2024-10-28,,,,,
SPY,-2.0,0.135,option,2024-10-28,554.0,2024-10-31,put,0.12769374346913195,-2.0196089493884628e-05
SPY,-0.004039217898776926,580.8300170898438,stock,2024-10-28,,,,,
SPY,-2.0,0.135,option,2024-10-28,555.0,2024-10-31,put,0.12769374346913195,-3.916650589663728e-05
SPY,-0.007833301179327457,580.8300170898438,stock,2024-10-28,,,,,
SPY,39.52967792912007,581.77001953125,stock,2024-10-29,,,,,
SPY,-2.0,0.315,option,2024-10-29,565.0,2024-11-01,put,0.1221032301021884,-0.003876371702458914
SPY,-0.7752743404917828,581.77001953125,stock,2024-10-29,,,,,
SPY,-1.0,0.165,option,2024-10-29,574.0,2024-10-30,put,0.11566255025641213,-0.012773196078712079
SPY,-1.277319607871208,581.77001953125,stock,2024-10-29,,,,,
SPY,2.0,1.07,option,2024-10-29,610.0,2024-11-22,call,0.1627158000623331,0.13934669641855285
SPY,-27.86933928371057,581.77001953125,stock,2024-10-29,,,,,
SPY,-1.6930849676191464,581.77001953125,stock,2024-10-29,,,,,
SPY,93.81877153856689,580.010009765625,stock,2024-10-30,,,,,
SPY,-2.0,0.125,option,2024-10-30,562.0,2024-11-01,put,0.11490299766034573,-9.737219037697642e-05
SPY,-0.019474438075395284,580.010009765625,stock,2024-10-30,,,,,
SPY,-2.0,0.11499999999999999,option,2024-10-30,568.0,2024-10-31,put,0.1113429962281444,-0.00015753384388406122
SPY,-0.031506768776812244,580.010009765625,stock,2024-10-30,,,,,
SPY,-1.0,0.135,option,2024-10-30,562.5,2024-11-01,put,0.11490299766034573,-0.0001466287585948356
SPY,-0.01466287585948356,580.010009765625,stock,2024-10-30,,,,,
SPY,2.0,1.185,option,2024-10-30,609.0,2024-11-29,call,0.168004340317099,0.1699400116347411
SPY,-33.98800232694822,580.010009765625,stock,2024-10-30,,,,,
SPY,-2.1611805740283714,580.010009765625,stock,2024-10-30,,,,,
SPY,-2.0,0.28500000000000003,option,2024-10-31,610.0,2024-11-22,call,0.15676483512977768,0.041313934788497854
SPY,8.262786957699571,568.6400146484375,stock,2024-10-31,,,,,
SPY,39.0168600564581,568.6400146484375,stock,2024-10-31,,,,,
SPY,-2.0,0.10500000000000001,option,2024-10-31,556.0,2024-11-01,put,0.10659601943842774,-2.6552656402389907e-05
SPY,-0.005310531280477981,568.6400146484375,stock,2024-10-31,,,,,
SPY,-2.0,0.125,option,2024-10-31,557.0,2024-11-01,put,0.10659601943842774,-9.982469812186423e-05
SPY,-0.019964939624372846,568.6400146484375,stock,2024-10-31,,,,,
SPY,-2.0,0.135,option,2024-10-31,557.5,2024-11-01,put,0.10659601943842774,-0.00018638639623358433
SPY,-0.037277279246716866,568.6400146484375,stock,2024-10-31,,,,,
SPY,-2.0,0.155,option,2024-10-31,558.0,2024-11-01,put,0.10659601943842774,-0.00033943346442788513
SPY,-0.06788669288557703,568.6400146484375,stock,2024-10-31,,,,,
SPY,-2.0,0.195,option,2024-10-31,545.0,2024-11-04,put,0.11745598945651475,-0.0002532321850688968
SPY,-0.050646437013779355,568.6400146484375,stock,2024-10-31,,,,,
SPY,-1.0,0.61,option,2024-10-31,541.0,2024-11-06,put,0.12369520075359043,-0.0007606968864228847
SPY,-0.07606968864228847,568.6400146484375,stock,2024-10-31,,,,,
SPY,0.04540169795402749,568.6400146484375,stock,2024-10-31,,,,,
SPY,35.95537305075338,571.0399780273438,stock,2024-11-01,,,,,
SPY,-2.0,0.26,option,2024-11-01,543.0,2024-11-06,put,0.12099786931031381,-0.00017063277560447343
SPY,-0.034126555120894686,571.0399780273438,stock,2024-11-01,,,,,
SPY,-2.0,0.29000000000000004,option,2024-11-01,544.0,2024-11-06,put,0.12099786931031381,-0.00027837430831378907
SPY,-0.05567486166275781,571.0399780273438,stock,2024-11-01,,,,,
SPY,-2.0,0.325,option,2024-11-01,545.0,2024-11-06,put,0.12099786931031381,-0.0004466008495948026
SPY,-0.08932016991896052,571.0399780273438,stock,2024-11-01,,,,,
SPY,-2.0,0.55,option,2024-11-01,543.0,2024-11-07,put,0.12405176191441473,-0.0007008532111538734
SPY,-0.1401706422307747,571.0399780273438,stock,2024-11-01,,,,,
SPY,-2.0,0.36,option,2024-11-01,546.0,2024-11-06,put,0.12099786931031381,-0.0007046875871610236
SPY,-0.14093751743220473,571.0399780273438,stock,2024-11-01,,,,,
SPY,-2.0,0.605,option,2024-11-01,544.0,2024-11-07,put,0.12405176191441473,-0.0010398201804544538
SPY,-0.20796403609089076,571.0399780273438,stock,2024-11-01,,,,,
SPY,-2.0,0.67,option,2024-11-01,545.0,2024-11-07,put,0.12405176191441473,-0.0015225580894023816
SPY,-0.3045116178804763,571.0399780273438,stock,2024-11-01,,,,,
SPY,-2.0,0.41000000000000003,option,2024-11-01,547.0,2024-11-06,put,0.12099786931031381,-0.0010937666566126492
SPY,-0.21875333132252983,571.0399780273438,stock,2024-11-01,,,,,
SPY,2.0,0.10500000000000001,option,2024-11-01,578.0,2024-11-04,call,0.11433764761960807,0.12555232957657425
SPY,-25.11046591531485,571.0399780273438,stock,2024-11-01,,,,,
SPY,2.0,0.195,option,2024-11-01,577.0,2024-11-04,call,0.11433764761960807,0.16338981616612908
SPY,-32.67796323322582,571.0399780273438,stock,2024-11-01,,,,,
SPY,2.0,0.325,option,2024-11-01,576.0,2024-11-04,call,0.11433764761960807,0.20802819271839174
SPY,-41.605638543678346,571.0399780273438,stock,2024-11-01,,,,,
SPY,2.0,0.185,option,2024-11-01,580.0,2024-11-05,call,0.11776592268668168,0.10768856999997184
SPY,-21.537713999994367,571.0399780273438,stock,2024-11-01,,,,,
SPY,-3.5480122817773143,571.0399780273438,stock,2024-11-01,,,,,
SPY,129.86338156904844,569.8099975585938,stock,2024-11-04,,,,,
SPY,-2.0,0.185,option,2024-11-04,542.0,2024-11-06,put,0.1825587598324268,-0.00010057151198927805
SPY,-0.02011430239785561,569.8099975585938,stock,2024-11-04,,,,,
SPY,2.0,1.185,option,2024-11-04,598.0,2024-11-29,call,0.19065518269713544,0.1800034422748179
SPY,-36.00068845496358,569.8099975585938,stock,2024-11-04,,,,,
SPY,2.0,1.34,option,2024-11-04,597.0,2024-11-29,call,0.19065518269713544,0.1889398116648801
SPY,-37.78796233297602,569.8099975585938,stock,2024-11-04,,,,,
SPY,2.0,1.51,option,2024-11-04,596.0,2024-11-29,call,0.19065518269713544,0.1981600758073036
SPY,-39.63201516146072,569.8099975585938,stock,2024-11-04,,,,,
SPY,2.0,0.175,option,2024-11-04,576.0,2024-11-05,call,0.18204853199456814,0.130638669279106
SPY,-26.1277338558212,569.8099975585938,stock,2024-11-04,,,,,
SPY,2.0,0.8,option,2024-11-04,598.0,2024-11-22,call,0.1887947242385925,0.13409064234442086
SPY,-26.818128468884172,569.8099975585938,stock,2024-11-04,,,,,
SPY,-7.008091413676887,569.8099975585938,stock,2024-11-04,,,,,
SPY,-35.78549942558542,576.7000122070312,stock,2024-11-05,,,,,
SPY,2.0,0.9450000000000001,option,2024-11-05,605.0,2024-11-29,call,0.1843754045971846,0.16806842648443376
SPY,-33.61368529688675,576.7000122070312,stock,2024-11-05,,,,,
SPY,2.0,1.07,option,2024-11-05,604.0,2024-11-29,call,0.1843754045971846,0.17700571270032556
SPY,-35.40114254006511,576.7000122070312,stock,2024-11-05,,,,,
SPY,2.0,0.315,option,2024-11-05,605.0,2024-11-18,call,0.17861658685158197,0.0833047638179304
SPY,-16.660952763586078,576.7000122070312,stock,2024-11-05,,,,,
SPY,2.0,1.205,option,2024-11-05,603.0,2024-11-29,call,0.1843754045971846,0.18625309460602613
SPY,-37.25061892120522,576.7000122070312,stock,2024-11-05,,,,,
SPY,2.0,0.365,option,2024-11-05,604.0,2024-11-18,call,0.17861658685158197,0.0910845763385178
SPY,-18.21691526770356,576.7000122070312,stock,2024-11-05,,,,,
SPY,-6.983317858583256,576.7000122070312,stock,2024-11-05,,,,,
SPY,-347.0291387394676,591.0399780273438,stock,2024-11-06,,,,,
SPY,-130.03208568132152,595.6099853515625,stock,2024-11-07,,,,,
SPY,-76.2965734556326,598.1900024414062,stock,2024-11-08,,,,,
SPY,0.7575440233805466,598.760009765625,stock,2024-11-11,,,,,
SPY,78.39791474248347,596.9000244140625,stock,2024-11-12,,,,,
SPY,1.7488427335926886,597.1900024414062,stock,2024-11-13,,,,,
SPY,165.12994864838646,593.3499755859375,stock,2024-11-14,,,,,
SPY,1.0,0.10500000000000001,option,2024-11-14,615.0,2024-11-29,call,0.18139075800106824,0.1751866870457009
SPY,-17.51866870457009,593.3499755859375,stock,2024-11-14,,,,,
SPY,1.0,0.10500000000000001,option,2024-11-14,574.0,2024-11-19,put,0.1748535034528815,-0.05011920318468177
SPY,5.011920318468177,593.3499755859375,stock,2024-11-14,,,,,
SPY,-0.8581854072638109,593.3499755859375,stock,2024-11-14,,,,,
SPY,287.2077433201677,585.75,stock,2024-11-15,,,,,
SPY,2.0,0.11499999999999999,option,2024-11-15,592.0,2024-11-18,call,0.1609742334627885,0.23925521297963365
SPY,-47.85104259592673,585.75,stock,2024-11-15,,,,,
SPY,2.0,0.10500000000000001,option,2024-11-15,595.0,2024-11-19,call,0.1622347647087564,0.1837505456998179
SPY,-36.750109139963584,585.75,stock,2024-11-15,,,,,
SPY,2.0,0.11499999999999999,option,2024-11-15,611.0,2024-11-29,call,0.17254689192789194,0.11327326138225952
SPY,-22.654652276451902,585.75,stock,2024-11-15,,,,,
SPY,2.0,0.10500000000000001,option,2024-11-15,606.0,2024-11-25,call,0.16887170776271498,0.11853734334646265
SPY,-23.70746866929253,585.75,stock,2024-11-15,,,,,
SPY,2.0,0.135,option,2024-11-15,610.0,2024-11-29,call,0.17254689192789194,0.1228553225842624
SPY,-24.57106451685248,585.75,stock,2024-11-15,,,,,
SPY,2.0,0.10500000000000001,option,2024-11-15,608.0,2024-11-26,call,0.1698410946913738,0.10948480193754151
SPY,-21.8969603875083,585.75,stock,2024-11-15,,,,,
SPY,2.0,0.10500000000000001,option,2024-11-15,610.0,2024-11-27,call,0.1707758021008525,0.10144865839942552
SPY,-20.289731679885104,585.75,stock,2024-11-15,,,,,
SPY,2.0,0.125,option,2024-11-15,607.0,2024-11-26,call,0.1698410946913738,0.1203090067708818
SPY,-24.06180135417636,585.75,stock,2024-11-15,,,,,
SPY,-7.633778835371864,585.75,stock,2024-11-15,,,,,
SPY,70.86515433043846,588.1500244140625,stock,2024-11-18,,,,,
SPY,2.0,0.14500000000000002,option,2024-11-18,610.0,2024-12-02,call,0.1712539619586664,0.14733445682593543
SPY,-29.466891365187088,588.1500244140625,stock,2024-11-18,,,,,
SPY,2.0,0.125,option,2024-11-18,609.0,2024-11-29,call,0.1683810965994825,0.12373397164466338
SPY,-24.746794328932676,588.1500244140625,stock,2024-11-18,,,,,
SPY,2.0,0.10500000000000001,option,2024-11-18,604.0,2024-11-25,call,0.1640223149938825,0.1266309504874995
SPY,-25.3261900974999,588.1500244140625,stock,2024-11-18,,,,,
SPY,-3.0551094684671654,588.1500244140625,stock,2024-11-18,,,,,
SPY,-50.001667499424265,590.2999877929688,stock,2024-11-19,,,,,
SPY,1.0,0.125,option,2024-11-19,603.0,2024-11-22,call,0.17741290907713986,0.09591760944066136
SPY,-9.591760944066136,590.2999877929688,stock,2024-11-19,,,,,
SPY,-0.21114145610109603,590.2999877929688,stock,2024-11-19,,,,,
SPY,49.82857010709016,590.5,stock,2024-11-20,,,,,
SPY,2.0,0.11499999999999999,option,2024-11-20,615.0,2024-12-03,call,0.17526293843932242,0.11682941850617823
SPY,-23.365883701235646,590.5,stock,2024-11-20,,,,,
SPY,2.0,0.14500000000000002,option,2024-11-20,620.0,2024-12-06,call,0.17740748054842664,0.10199069413044398
SPY,-20.398138826088797,590.5,stock,2024-11-20,,,,,
SPY,-2.065695604937684,590.5,stock,2024-11-20,,,,,
SPY,-146.1374922685998,593.6699829101562,stock,2024-11-21,,,,,
SPY,-13.67589206251401,595.510009765625,stock,2024-11-22,,,,,
SPY,-2.0,3.08,option,2024-11-25,597.0,2024-11-29,call,0.14350106669384852,0.5393195439086793
SPY,107.86390878173586,597.530029296875,stock,2024-11-25,,,,,
SPY,-2.0,3.7350000000000003,option,2024-11-25,596.0,2024-11-29,call,0.14350106669384852,0.5832895507614267
SPY,116.65791015228535,597.530029296875,stock,2024-11-25,,,,,
SPY,123.4867215632668,597.530029296875,stock,2024-11-25,,,,,
SPY,2.0,0.165,option,2024-11-25,610.0,2024-12-03,call,0.15085142350285358,0.18564975780393345
SPY,-37.12995156078669,597.530029296875,stock,2024-11-25,,,,,
SPY,2.0,0.155,option,2024-11-25,625.0,2024-12-13,call,0.16469436084383407,0.11826734342732781
SPY,-23.653468685465562,597.530029296875,stock,2024-11-25,,,,,
SPY,2.0,0.405,option,2024-11-25,625.0,2024-12-20,call,0.1716639845083514,0.17169104148558295
SPY,-34.33820829711659,597.530029296875,stock,2024-11-25,,,,,
SPY,2.0,0.275,option,2024-11-25,610.0,2024-12-04,call,0.15250047681454051,0.20328395999683574
SPY,-40.65679199936715,597.530029296875,stock,2024-11-25,,,,,
SPY,2.0,0.345,option,2024-11-25,620.0,2024-12-13,call,0.16469436084383407,0.16750376742039141
SPY,-33.50075348407828,597.530029296875,stock,2024-11-25,,,,,
SPY,1.0,0.14500000000000002,option,2024-11-25,580.0,2024-12-02,put,0.1491313198759859,-0.07068802299608856
SPY,7.068802299608857,597.530029296875,stock,2024-11-25,,,,,
SPY,-7.84764373554817,597.530029296875,stock,2024-11-25,,,,,
SPY,-150.0714479114819,600.6500244140625,stock,2024-11-26,,,,,
SPY,238.54956272901492,598.8300170898438,stock,2024-11-27,,,,,
SPY,2.0,0.11499999999999999,option,2024-11-27,605.0,2024-12-02,call,0.1342318903077155,0.26527302841171296
SPY,-53.05460568234259,598.8300170898438,stock,2024-11-27,,,,,
SPY,2.0,0.11499999999999999,option,2024-11-27,615.0,2024-12-09,call,0.14880404501948336,0.1711412380143975
SPY,-34.228247602879506,598.8300170898438,stock,2024-11-27,,,,,
SPY,1.0,0.125,option,2024-11-27,578.0,2024-12-05,put,0.14105380614881166,-0.042100358903105706
SPY,4.210035890310571,598.8300170898438,stock,2024-11-27,,,,,
SPY,-3.089371521438242,598.8300170898438,stock,2024-11-27,,,,,
SPY,254.66480064488522,602.5499877929688,stock,2024-11-29,,,,,
SPY,2.0,0.10500000000000001,option,2024-11-29,608.0,2024-12-03,call,0.1297900894943151,0.2611566350398417
SPY,-52.23132700796834,602.5499877929688,stock,2024-11-29,,,,,
SPY,2.0,0.11499999999999999,option,2024-11-29,618.0,2024-12-10,call,0.1456009342879422,0.16723297088300126
SPY,-33.44659417660025,602.5499877929688,stock,2024-11-29,,,,,
SPY,2.0,0.125,option,2024-11-29,606.0,2024-12-02,call,0.12705270313499956,0.3171670483127038
SPY,-63.43340966254076,602.5499877929688,stock,2024-11-29,,,,,
SPY,2.0,0.255,option,2024-11-29,630.0,2024-12-27,call,0.1689688120851509,0.18519653988706414
SPY,-37.039307977412825,602.5499877929688,stock,2024-11-29,,,,,
SPY,2.0,0.135,option,2024-11-29,616.0,2024-12-09,call,0.14364582678469462,0.18577793187697605
SPY,-37.15558637539521,602.5499877929688,stock,2024-11-29,,,,,
SPY,2.0,0.10500000000000001,option,2024-11-29,624.0,2024-12-13,call,0.15097795667485842,0.12667012480275947
SPY,-25.334024960551893,602.5499877929688,stock,2024-11-29,,,,,
SPY,-8.796813406043448,602.5499877929688,stock,2024-11-29,,,,,
SPY,313.49053481111844,603.6300048828125,stock,2024-12-02,,,,,
SPY,2.0,0.25,option,2024-12-02,630.0,2024-12-27,call,0.16488604923665726,0.17423978311427174
SPY,-34.84795662285435,603.6300048828125,stock,2024-12-02,,,,,
SPY,2.0,0.355,option,2024-12-02,630.0,2024-12-31,call,0.1690605105127071,0.2004248935355984
SPY,-40.08497870711968,603.6300048828125,stock,2024-12-02,,,,,
SPY,2.0,0.155,option,2024-12-02,630.0,2024-12-20,call,0.15584837689982417,0.11709030921874108
SPY,-23.418061843748216,603.6300048828125,stock,2024-12-02,,,,,
SPY,2.0,0.10500000000000001,option,2024-12-02,623.0,2024-12-13,call,0.14382203638327695,0.1096442317781206
SPY,-21.92884635562412,603.6300048828125,stock,2024-12-02,,,,,
SPY,2.0,0.11499999999999999,option,2024-12-02,616.0,2024-12-09,call,0.13507154905115265,0.145800114946674
SPY,-29.1600229893348,603.6300048828125,stock,2024-12-02,,,,,
SPY,2.0,0.11499999999999999,option,2024-12-02,621.0,2024-12-12,call,0.1417844598986613,0.12024445843027798
SPY,-24.048891686055597,603.6300048828125,stock,2024-12-02,,,,,
SPY,-13.218625375629124,603.6300048828125,stock,2024-12-02,,,,,
SPY,97.12445606176999,603.9099731445312,stock,2024-12-03,,,,,
SPY,2.0,0.20500000000000002,option,2024-12-03,630.0,2024-12-27,call,0.1640346554423811,0.1702381083038974
SPY,-34.047621660779484,603.9099731445312,stock,2024-12-03,,,,,
SPY,2.0,0.11499999999999999,option,2024-12-03,623.0,2024-12-16,call,0.14810388806213357,0.14141573826888448
SPY,-28.283147653776897,603.9099731445312,stock,2024-12-03,,,,,
SPY,2.0,0.3,option,2024-12-03,630.0,2024-12-31,call,0.16832454733318322,0.19738851177644112
SPY,-39.47770235528822,603.9099731445312,stock,2024-12-03,,,,,
SPY,2.0,0.14500000000000002,option,2024-12-03,622.0,2024-12-16,call,0.14810388806213357,0.15469408089637682
SPY,-30.938816179275364,603.9099731445312,stock,2024-12-03,,,,,
SPY,2.0,0.125,option,2024-12-03,630.0,2024-12-20,call,0.15473375376001852,0.11086148087329512
SPY,-22.172296174659024,603.9099731445312,stock,2024-12-03,,,,,
SPY,-10.224421667959149,603.9099731445312,stock,2024-12-03,,,,,
SPY,-154.1661436586881,607.6599731445312,stock,2024-12-04,,,,,
