symbol,quantity,price,trade_type,timestamp,strike,expiry,option_type,implied_vol,delta,mispricing_pct
SPY,-2.0,1.4049999999999998,option,2020-02-19,322.0,2020-03-20,put,0.14109513183846717,-0.09947155782899486,1.145697781018211
SPY,-19.894311565798972,338.3399963378906,stock,2020-02-19,,,,,,
SPY,-2.0,1.4049999999999998,option,2020-02-19,322.0,2020-03-20,put,0.14109513183846717,-0.09947155782899486,1.145697781018211
SPY,-19.894311565798972,338.3399963378906,stock,2020-02-19,,,,,,
SPY,-2.0,1.505,option,2020-02-19,323.0,2020-03-20,put,0.14109513183846717,-0.1135404030106495,0.9580511817288027
SPY,-22.708080602129897,338.3399963378906,stock,2020-02-19,,,,,,
SPY,-2.0,1.505,option,2020-02-19,323.0,2020-03-20,put,0.14109513183846717,-0.1135404030106495,0.9580511817288027
SPY,-22.708080602129897,338.3399963378906,stock,2020-02-19,,,,,,
SPY,2.0,0.125,option,2020-02-19,355.0,2020-03-20,call,0.14109513183846717,0.12978466777507136,-0.8569707484611492
SPY,-25.956933555014274,338.3399963378906,stock,2020-02-19,,,,,,
SPY,2.0,0.125,option,2020-02-19,355.0,2020-03-20,call,0.14109513183846717,0.12978466777507136,-0.8569707484611492
SPY,-25.956933555014274,338.3399963378906,stock,2020-02-19,,,,,,
SPY,2.0,0.165,option,2020-02-19,354.0,2020-03-20,call,0.14109513183846717,0.1451021630030519,-0.8353932947087033
SPY,-29.02043260061038,338.3399963378906,stock,2020-02-19,,,,,,
SPY,2.0,0.165,option,2020-02-19,354.0,2020-03-20,call,0.14109513183846717,0.1451021630030519,-0.8353932947087033
SPY,-29.02043260061038,338.3399963378906,stock,2020-02-19,,,,,,
SPY,2.0,0.20500000000000002,option,2020-02-19,353.0,2020-03-20,call,0.14109513183846717,0.1616399780613862,-0.8211252919411571
SPY,-32.327995612277235,338.3399963378906,stock,2020-02-19,,,,,,
SPY,2.0,0.20500000000000002,option,2020-02-19,353.0,2020-03-20,call,0.14109513183846717,0.1616399780613862,-0.8211252919411571
SPY,-32.327995612277235,338.3399963378906,stock,2020-02-19,,,,,,
SPY,2.0,0.255,option,2020-02-19,352.0,2020-03-20,call,0.14109513183846717,0.17941198696398897,-0.8047712768706481
SPY,-35.88239739279779,338.3399963378906,stock,2020-02-19,,,,,,
SPY,2.0,0.255,option,2020-02-19,352.0,2020-03-20,call,0.14109513183846717,0.17941198696398897,-0.8047712768706481
SPY,-35.88239739279779,338.3399963378906,stock,2020-02-19,,,,,,
SPY,2.0,0.325,option,2020-02-19,351.0,2020-03-20,call,0.14109513183846717,0.1984203775065525,-0.7809890962610069
SPY,-39.6840755013105,338.3399963378906,stock,2020-02-19,,,,,,
SPY,2.0,0.325,option,2020-02-19,351.0,2020-03-20,call,0.14109513183846717,0.1984203775065525,-0.7809890962610069
SPY,-39.6840755013105,338.3399963378906,stock,2020-02-19,,,,,,
SPY,2.0,0.425,option,2020-02-19,350.0,2020-03-20,call,0.14109513183846717,0.21865461476445863,-0.7471207575689206
SPY,-43.730922952891724,338.3399963378906,stock,2020-02-19,,,,,,
SPY,2.0,0.425,option,2020-02-19,350.0,2020-03-20,call,0.14109513183846717,0.21865461476445863,-0.7471207575689206
SPY,-43.730922952891724,338.3399963378906,stock,2020-02-19,,,,,,
SPY,2.0,0.545,option,2020-02-19,349.0,2020-03-20,call,0.14109513183846717,0.24009058004171252,-0.7127781343169172
SPY,-48.0181160083425,338.3399963378906,stock,2020-02-19,,,,,,
SPY,2.0,0.545,option,2020-02-19,349.0,2020-03-20,call,0.14109513183846717,0.24009058004171252,-0.7127781343169172
SPY,-48.0181160083425,338.3399963378906,stock,2020-02-19,,,,,,
SPY,2.0,0.7,option,2020-02-19,348.0,2020-03-20,call,0.14109513183846717,0.26268992363811394,-0.6722356967133362
SPY,-52.537984727622785,338.3399963378906,stock,2020-02-19,,,,,,
SPY,2.0,0.7,option,2020-02-19,348.0,2020-03-20,call,0.14109513183846717,0.26268992363811394,-0.6722356967133362
SPY,-52.537984727622785,338.3399963378906,stock,2020-02-19,,,,,,
SPY,2.0,0.89,option,2020-02-19,347.0,2020-03-20,call,0.14109513183846717,0.2863996665696017,-0.6286082520967674
SPY,-57.27993331392034,338.3399963378906,stock,2020-02-19,,,,,,
SPY,7.237818895400913,338.3399963378906,stock,2020-02-19,,,,,,
SPY,91.77735962953467,336.95001220703125,stock,2020-02-20,,,,,,
SPY,156.94863312390186,333.4800109863281,stock,2020-02-21,,,,,,
SPY,-2.0,4.0600000000000005,option,2020-02-24,308.0,2020-03-25,put,0.18228967786380673,-0.17538339089291544,1.4888591873154362
SPY,-35.07667817858309,322.4200134277344,stock,2020-02-24,,,,,,
SPY,-2.0,4.0600000000000005,option,2020-02-24,308.0,2020-03-25,put,0.18228967786380673,-0.17538339089291544,1.4888591873154362
SPY,-35.07667817858309,322.4200134277344,stock,2020-02-24,,,,,,
SPY,-2.0,4.26,option,2020-02-24,309.0,2020-03-25,put,0.18228967786380673,-0.19185586268852795,1.3295273706933939
SPY,-38.37117253770559,322.4200134277344,stock,2020-02-24,,,,,,
SPY,-2.0,4.26,option,2020-02-24,309.0,2020-03-25,put,0.18228967786380673,-0.19185586268852795,1.3295273706933939
SPY,-38.37117253770559,322.4200134277344,stock,2020-02-24,,,,,,
SPY,-2.0,4.475,option,2020-02-24,310.0,2020-03-25,put,0.18228967786380673,-0.20918487402167718,1.1895904748082984
SPY,-41.83697480433543,322.4200134277344,stock,2020-02-24,,,,,,
SPY,-2.0,4.475,option,2020-02-24,310.0,2020-03-25,put,0.18228967786380673,-0.20918487402167718,1.1895904748082984
SPY,-41.83697480433543,322.4200134277344,stock,2020-02-24,,,,,,
SPY,-2.0,4.6899999999999995,option,2020-02-24,311.0,2020-03-25,put,0.18228967786380673,-0.2273425831330138,1.0594728617079974
SPY,-45.468516626602764,322.4200134277344,stock,2020-02-24,,,,,,
SPY,-2.0,4.6899999999999995,option,2020-02-24,311.0,2020-03-25,put,0.18228967786380673,-0.2273425831330138,1.0594728617079974
SPY,-45.468516626602764,322.4200134277344,stock,2020-02-24,,,,,,
SPY,-2.0,4.93,option,2020-02-24,312.0,2020-03-25,put,0.18228967786380673,-0.24629379544518382,0.9485849499977528
SPY,-49.258759089036765,322.4200134277344,stock,2020-02-24,,,,,,
SPY,65.85706448468902,322.4200134277344,stock,2020-02-24,,,,,,
SPY,4.0,12.815000000000001,option,2020-02-25,322.0,2020-03-20,put,0.21898964059670534,-0.6841126512936362,
SPY,273.64506051745445,312.6499938964844,stock,2020-02-25,,,,,,
SPY,4.0,13.440000000000001,option,2020-02-25,323.0,2020-03-20,put,0.21898964059670534,-0.7034846619543057,
SPY,281.3938647817223,312.6499938964844,stock,2020-02-25,,,,,,
SPY,4.0,7.23,option,2020-02-25,309.0,2020-03-25,put,0.21898964059670534,-0.40505524065938947,
SPY,162.0220962637558,312.6499938964844,stock,2020-02-25,,,,,,
SPY,4.0,7.59,option,2020-02-25,310.0,2020-03-25,put,0.21898964059670534,-0.425461879993727,
SPY,170.1847519974908,312.6499938964844,stock,2020-02-25,,,,,,
SPY,4.0,7.959999999999999,option,2020-02-25,311.0,2020-03-25,put,0.21898964059670534,-0.44600357606231855,
SPY,178.4014304249274,312.6499938964844,stock,2020-02-25,,,,,,
SPY,2.0,8.35,option,2020-02-25,312.0,2020-03-25,put,0.21898964059670534,-0.4666246754375294,
SPY,93.32493508750588,312.6499938964844,stock,2020-02-25,,,,,,
SPY,-503.0842714257187,312.6499938964844,stock,2020-02-25,,,,,,
SPY,4.0,7.575,option,2020-02-26,308.0,2020-03-25,put,0.24092855696070264,-0.4130568661316123,
SPY,165.2227464526449,311.5,stock,2020-02-26,,,,,,
SPY,2.0,1.49,option,2020-02-26,327.0,2020-03-27,call,0.24092855696070264,0.25955725288623216,-0.5426867280109108
SPY,-51.911450577246434,311.5,stock,2020-02-26,,,,,,
SPY,2.0,1.49,option,2020-02-26,327.0,2020-03-27,call,0.24092855696070264,0.25955725288623216,-0.5426867280109108
SPY,-51.911450577246434,311.5,stock,2020-02-26,,,,,,
SPY,2.0,1.73,option,2020-02-26,326.0,2020-03-27,call,0.24092855696070264,0.274130161020935,-0.5060478283397711
SPY,-54.826032204187,311.5,stock,2020-02-26,,,,,,
SPY,2.0,1.73,option,2020-02-26,326.0,2020-03-27,call,0.24092855696070264,0.274130161020935,-0.5060478283397711
SPY,-54.826032204187,311.5,stock,2020-02-26,,,,,,
SPY,-15.48261921239964,311.5,stock,2020-02-26,,,,,,
SPY,138.660038102888,297.510009765625,stock,2020-02-27,,,,,,
SPY,11.35213354324732,296.260009765625,stock,2020-02-28,,,,,,
SPY,-2.0,6.85,option,2020-03-02,294.0,2020-04-01,put,0.27979056781799727,-0.24680008676688536,0.8089803428706004
SPY,-49.360017353377074,309.0899963378906,stock,2020-03-02,,,,,,
SPY,-2.0,6.85,option,2020-03-02,294.0,2020-04-01,put,0.27979056781799727,-0.24680008676688536,0.8089803428706004
SPY,-49.360017353377074,309.0899963378906,stock,2020-03-02,,,,,,
SPY,2.0,1.77,option,2020-03-02,323.0,2020-04-01,call,0.27979056781799727,0.31270987334502187,-0.6304438273531402
SPY,-62.541974669004375,309.0899963378906,stock,2020-03-02,,,,,,
SPY,2.0,1.77,option,2020-03-02,323.0,2020-04-01,call,0.27979056781799727,0.31270987334502187,-0.6304438273531402
SPY,-62.541974669004375,309.0899963378906,stock,2020-03-02,,,,,,
SPY,2.0,2.045,option,2020-03-02,322.0,2020-04-01,call,0.27979056781799727,0.32652573132354457,-0.5974835437069826
SPY,-65.30514626470891,309.0899963378906,stock,2020-03-02,,,,,,
SPY,2.0,2.045,option,2020-03-02,322.0,2020-04-01,call,0.27979056781799727,0.32652573132354457,-0.5974835437069826
SPY,-65.30514626470891,309.0899963378906,stock,2020-03-02,,,,,,
SPY,2.0,2.355,option,2020-03-02,321.0,2020-04-01,call,0.27979056781799727,0.3406278241645386,-0.5626697802380667
SPY,-68.12556483290771,309.0899963378906,stock,2020-03-02,,,,,,
SPY,2.0,2.355,option,2020-03-02,321.0,2020-04-01,call,0.27979056781799727,0.3406278241645386,-0.5626697802380667
SPY,-68.12556483290771,309.0899963378906,stock,2020-03-02,,,,,,
SPY,2.0,2.69,option,2020-03-02,320.0,2020-04-01,call,0.27979056781799727,0.3550013411802283,-0.5283239757214404
SPY,-71.00026823604566,309.0899963378906,stock,2020-03-02,,,,,,
SPY,-96.9495738684085,309.0899963378906,stock,2020-03-02,,,,,,
SPY,4.0,9.58,option,2020-03-03,294.0,2020-04-01,put,0.3182196392219461,-0.3870075232875131,
SPY,154.80300931500523,300.239990234375,stock,2020-03-03,,,,,,
SPY,206.18260553664666,300.239990234375,stock,2020-03-03,,,,,,
SPY,2.0,1.72,option,2020-03-04,328.0,2020-04-03,call,0.3298689048163537,0.33176559820298557,-0.7203487122468376
SPY,-66.35311964059711,312.8599853515625,stock,2020-03-04,,,,,,
SPY,2.0,1.72,option,2020-03-04,328.0,2020-04-03,call,0.3298689048163537,0.33176559820298557,-0.7203487122468376
SPY,-66.35311964059711,312.8599853515625,stock,2020-03-04,,,,,,
SPY,2.0,1.835,option,2020-03-04,327.5,2020-04-03,call,0.3298689048163537,0.33764035637767764,-0.7087656035020271
SPY,-67.52807127553552,312.8599853515625,stock,2020-03-04,,,,,,
SPY,2.0,1.835,option,2020-03-04,327.5,2020-04-03,call,0.3298689048163537,0.33764035637767764,-0.7087656035020271
SPY,-67.52807127553552,312.8599853515625,stock,2020-03-04,,,,,,
SPY,2.0,1.96,option,2020-03-04,327.0,2020-04-03,call,0.3298689048163537,0.34356401419105,-0.6963045665797353
SPY,-68.71280283821,312.8599853515625,stock,2020-03-04,,,,,,
SPY,-361.40973342617076,312.8599853515625,stock,2020-03-04,,,,,,
SPY,457.2570224610331,302.4599914550781,stock,2020-03-05,,,,,,
SPY,181.06962011585023,297.4599914550781,stock,2020-03-06,,,,,,
SPY,380.75751587441795,274.2300109863281,stock,2020-03-09,,,,,,
SPY,-123.16670957715988,288.4200134277344,stock,2020-03-10,,,,,,
SPY,131.5183272468065,274.3599853515625,stock,2020-03-11,,,,,,
SPY,31.25886016836916,248.11000061035156,stock,2020-03-12,,,,,,
SPY,-11.13103441539755,269.32000732421875,stock,2020-03-13,,,,,,
SPY,11.520397836950677,239.85000610351562,stock,2020-03-16,,,,,,
SPY,-0.1570239998479988,252.8000030517578,stock,2020-03-17,,,,,,
SPY,0.16554730063902015,240.0,stock,2020-03-18,,,,,,
SPY,2.0,9.33,option,2020-03-30,271.0,2020-04-29,call,0.8530379432867425,0.49418817080542343,-0.5697702010663015
SPY,-98.83763416108468,261.6499938964844,stock,2020-03-30,,,,,,
SPY,2.0,9.33,option,2020-03-30,271.0,2020-04-29,call,0.8530379432867425,0.49418817080542343,-0.5697702010663015
SPY,-98.83763416108468,261.6499938964844,stock,2020-03-30,,,,,,
SPY,2.0,9.835,option,2020-03-30,270.0,2020-04-29,call,0.8530379432867425,0.5002185683077758,-0.5546975652100515
SPY,-100.04371366155516,261.6499938964844,stock,2020-03-30,,,,,,
SPY,2.0,9.835,option,2020-03-30,270.0,2020-04-29,call,0.8530379432867425,0.5002185683077758,-0.5546975652100515
SPY,-100.04371366155516,261.6499938964844,stock,2020-03-30,,,,,,
SPY,2.0,10.35,option,2020-03-30,269.0,2020-04-29,call,0.8530379432867425,0.5062712901705612,-0.5398363104754729
SPY,-101.25425803411223,261.6499938964844,stock,2020-03-30,,,,,,
SPY,2.0,10.35,option,2020-03-30,269.0,2020-04-29,call,0.8530379432867425,0.5062712901705612,-0.5398363104754729
SPY,-101.25425803411223,261.6499938964844,stock,2020-03-30,,,,,,
SPY,2.0,10.89,option,2020-03-30,268.0,2020-04-29,call,0.8530379432867425,0.5123451015059878,-0.5245325710560654
SPY,-102.46902030119756,261.6499938964844,stock,2020-03-30,,,,,,
SPY,2.0,10.89,option,2020-03-30,268.0,2020-04-29,call,0.8530379432867425,0.5123451015059878,-0.5245325710560654
SPY,-102.46902030119756,261.6499938964844,stock,2020-03-30,,,,,,
SPY,2.0,11.425,option,2020-03-30,267.0,2020-04-29,call,0.8530379432867425,0.5184387388433994,-0.5101086468361435
SPY,-103.68774776867988,261.6499938964844,stock,2020-03-30,,,,,,
SPY,2.0,11.425,option,2020-03-30,267.0,2020-04-29,call,0.8530379432867425,0.5184387388433994,-0.5101086468361435
SPY,-103.68774776867988,261.6499938964844,stock,2020-03-30,,,,,,
SPY,5.330416423765968,261.6499938964844,stock,2020-03-30,,,,,,
SPY,52.93558166055007,257.75,stock,2020-03-31,,,,,,
SPY,2.0,8.015,option,2020-04-01,258.0,2020-05-01,call,0.861523068290941,0.47599247082636487,-0.5880375785080175
SPY,-95.19849416527298,246.14999389648438,stock,2020-04-01,,,,,,
SPY,2.0,8.015,option,2020-04-01,258.0,2020-05-01,call,0.861523068290941,0.47599247082636487,-0.5880375785080175
SPY,-95.19849416527298,246.14999389648438,stock,2020-04-01,,,,,,
SPY,2.0,8.24,option,2020-04-01,257.5,2020-05-01,call,0.861523068290941,0.4791207920014886,-0.5805711738175421
SPY,-95.82415840029772,246.14999389648438,stock,2020-04-01,,,,,,
SPY,2.0,8.24,option,2020-04-01,257.5,2020-05-01,call,0.861523068290941,0.4791207920014886,-0.5805711738175421
SPY,-95.82415840029772,246.14999389648438,stock,2020-04-01,,,,,,
SPY,2.0,8.48,option,2020-04-01,257.0,2020-05-01,call,0.861523068290941,0.4822564838634236,-0.5725239401457769
SPY,-96.45129677268473,246.14999389648438,stock,2020-04-01,,,,,,
SPY,2.0,8.48,option,2020-04-01,257.0,2020-05-01,call,0.861523068290941,0.4822564838634236,-0.5725239401457769
SPY,-96.45129677268473,246.14999389648438,stock,2020-04-01,,,,,,
SPY,2.0,8.96,option,2020-04-01,256.0,2020-05-01,call,0.861523068290941,0.4885493251069425,-0.5569859432655664
SPY,-97.7098650213885,246.14999389648438,stock,2020-04-01,,,,,,
SPY,2.0,8.96,option,2020-04-01,256.0,2020-05-01,call,0.861523068290941,0.4885493251069425,-0.5569859432655664
SPY,-97.7098650213885,246.14999389648438,stock,2020-04-01,,,,,,
SPY,2.0,9.445,option,2020-04-01,255.0,2020-05-01,call,0.861523068290941,0.49486966263328885,-0.5419246741274272
SPY,-98.97393252665778,246.14999389648438,stock,2020-04-01,,,,,,
SPY,2.0,9.445,option,2020-04-01,255.0,2020-05-01,call,0.861523068290941,0.49486966263328885,-0.5419246741274272
SPY,-98.97393252665778,246.14999389648438,stock,2020-04-01,,,,,,
SPY,163.73476710185915,246.14999389648438,stock,2020-04-01,,,,,,
SPY,-140.55574115044274,251.8300018310547,stock,2020-04-02,,,,,,
SPY,107.4017713578728,248.19000244140625,stock,2020-04-03,,,,,,
SPY,2.0,6.135,option,2020-04-06,275.0,2020-05-06,call,0.8714797004089346,0.49247245253778554,-0.7241927054472093
SPY,-98.4944905075571,264.8599853515625,stock,2020-04-06,,,,,,
SPY,1.0,6.135,option,2020-04-06,275.0,2020-05-06,call,0.8714797004089346,0.49247245253778554,-0.7241927054472093
SPY,-49.24724525377855,264.8599853515625,stock,2020-04-06,,,,,,
SPY,1.0,7.805,option,2020-04-06,252.0,2020-05-06,put,0.8714797004089346,-0.3704301688553978,-0.6012382519452352
SPY,37.04301688553978,264.8599853515625,stock,2020-04-06,,,,,,
SPY,-432.1449501850004,264.8599853515625,stock,2020-04-06,,,,,,
SPY,-5.176703845228289,265.1300048828125,stock,2020-04-07,,,,,,
SPY,-261.415702010608,274.0299987792969,stock,2020-04-08,,,,,,
SPY,-122.98395586520283,278.20001220703125,stock,2020-04-09,,,,,,
SPY,-4.0,24.740000000000002,option,2020-04-13,255.0,2020-05-01,call,0.8970542237706537,0.6883469060262264,
SPY,275.3387624104906,275.6600036621094,stock,2020-04-13,,,,,,
SPY,53.397826326627374,275.6600036621094,stock,2020-04-13,,,,,,
SPY,-8.0,28.66,option,2020-04-14,258.0,2020-05-01,call,0.8860659216409776,0.7238274975783653,
SPY,579.0619980626923,283.7900085449219,stock,2020-04-14,,,,,,
SPY,-4.0,29.545,option,2020-04-14,257.0,2020-05-01,call,0.8860659216409776,0.7305768132652828,
SPY,292.23072530611313,283.7900085449219,stock,2020-04-14,,,,,,
SPY,-4.0,30.435,option,2020-04-14,256.0,2020-05-01,call,0.8860659216409776,0.737268239237202,
SPY,294.9072956948808,283.7900085449219,stock,2020-04-14,,,,,,
SPY,-233.30647098099436,283.7900085449219,stock,2020-04-14,,,,,,
SPY,2.0,4.8149999999999995,option,2020-04-15,291.0,2020-05-15,call,0.8879354090798879,0.4803858203224109,-0.7892033424658018
SPY,-96.07716406448218,277.760009765625,stock,2020-04-15,,,,,,
SPY,2.0,4.8149999999999995,option,2020-04-15,291.0,2020-05-15,call,0.8879354090798879,0.4803858203224109,-0.7892033424658018
SPY,-96.07716406448218,277.760009765625,stock,2020-04-15,,,,,,
SPY,106.92759436397304,277.760009765625,stock,2020-04-15,,,,,,
SPY,-31.969590377060314,279.1000061035156,stock,2020-04-16,,,,,,
SPY,-4.0,21.96,option,2020-04-17,267.0,2020-04-29,call,0.8744028914884459,0.7009621984118333,
SPY,280.3848793647333,286.6400146484375,stock,2020-04-17,,,,,,
SPY,-166.5689997930769,286.6400146484375,stock,2020-04-17,,,,,,
SPY,2.0,5.0,option,2020-04-20,295.0,2020-05-20,call,0.8777597371407833,0.4790569412698224,-0.7810316722542168
SPY,-95.81138825396448,281.5899963378906,stock,2020-04-20,,,,,,
SPY,2.0,5.0,option,2020-04-20,295.0,2020-05-20,call,0.8777597371407833,0.4790569412698224,-0.7810316722542168
SPY,-95.81138825396448,281.5899963378906,stock,2020-04-20,,,,,,
SPY,73.68793384342996,281.5899963378906,stock,2020-04-20,,,,,,
SPY,208.15713910025215,273.0400085449219,stock,2020-04-21,,,,,,
SPY,2.0,4.675,option,2020-04-22,293.0,2020-05-22,call,0.83274853757619,0.46918392519990215,-0.777049854953668
SPY,-93.83678503998043,279.1000061035156,stock,2020-04-22,,,,,,
SPY,2.0,4.675,option,2020-04-22,293.0,2020-05-22,call,0.83274853757619,0.46918392519990215,-0.777049854953668
SPY,-93.83678503998043,279.1000061035156,stock,2020-04-22,,,,,,
SPY,2.0,5.07,option,2020-04-22,292.0,2020-05-22,call,0.83274853757619,0.4748827318102937,-0.762494661340962
SPY,-94.97654636205874,279.1000061035156,stock,2020-04-22,,,,,,
SPY,2.0,5.07,option,2020-04-22,292.0,2020-05-22,call,0.83274853757619,0.4748827318102937,-0.762494661340962
SPY,-94.97654636205874,279.1000061035156,stock,2020-04-22,,,,,,
SPY,-160.9204095078315,279.1000061035156,stock,2020-04-22,,,,,,
SPY,-7.724183273630217,279.0799865722656,stock,2020-04-23,,,,,,
SPY,-4.0,12.71,option,2020-04-24,271.0,2020-04-29,call,0.756050861551546,0.702929444887948,
SPY,281.1717779551792,282.9700012207031,stock,2020-04-24,,,,,,
SPY,-4.0,13.615,option,2020-04-24,270.0,2020-04-29,call,0.756050861551546,0.7172266107966725,
SPY,286.890644318669,282.9700012207031,stock,2020-04-24,,,,,,
SPY,-4.0,14.525,option,2020-04-24,269.0,2020-04-29,call,0.756050861551546,0.7312358308170163,
SPY,292.4943323268065,282.9700012207031,stock,2020-04-24,,,,,,
SPY,-4.0,15.455,option,2020-04-24,268.0,2020-04-29,call,0.756050861551546,0.7449377112944003,
SPY,297.97508451776014,282.9700012207031,stock,2020-04-24,,,,,,
SPY,-173.74856442210978,282.9700012207031,stock,2020-04-24,,,,,,
SPY,2.0,2.55,option,2020-04-27,301.0,2020-05-27,call,0.715075308929015,0.4518635018551301,-0.8571512786545745
SPY,-90.37270037102601,287.04998779296875,stock,2020-04-27,,,,,,
SPY,2.0,2.55,option,2020-04-27,301.0,2020-05-27,call,0.715075308929015,0.4518635018551301,-0.8571512786545745
SPY,-90.37270037102601,287.04998779296875,stock,2020-04-27,,,,,,
SPY,2.0,2.86,option,2020-04-27,300.0,2020-05-27,call,0.715075308929015,0.4582982341588908,-0.8430790494783799
SPY,-91.65964683177816,287.04998779296875,stock,2020-04-27,,,,,,
SPY,2.0,2.86,option,2020-04-27,300.0,2020-05-27,call,0.715075308929015,0.4582982341588908,-0.8430790494783799
SPY,-91.65964683177816,287.04998779296875,stock,2020-04-27,,,,,,
SPY,2.0,3.2,option,2020-04-27,299.0,2020-05-27,call,0.715075308929015,0.46476545199736924,-0.8280179656830208
SPY,-92.95309039947385,287.04998779296875,stock,2020-04-27,,,,,,
SPY,2.0,3.2,option,2020-04-27,299.0,2020-05-27,call,0.715075308929015,0.46476545199736924,-0.8280179656830208
SPY,-92.95309039947385,287.04998779296875,stock,2020-04-27,,,,,,
SPY,2.0,3.56,option,2020-04-27,298.0,2020-05-27,call,0.715075308929015,0.4712637020114458,-0.8125691933521624
SPY,-94.25274040228916,287.04998779296875,stock,2020-04-27,,,,,,
SPY,2.0,3.56,option,2020-04-27,298.0,2020-05-27,call,0.715075308929015,0.4712637020114458,-0.8125691933521624
SPY,-94.25274040228916,287.04998779296875,stock,2020-04-27,,,,,,
SPY,1.0,3.95,option,2020-04-27,297.0,2020-05-27,call,0.715075308929015,0.47779149165544,-0.7962555488605338
SPY,-47.779149165544,287.04998779296875,stock,2020-04-27,,,,,,
SPY,-46.470759980256176,287.04998779296875,stock,2020-04-27,,,,,,
SPY,-3.0,13.504999999999999,option,2020-04-28,275.0,2020-05-06,call,0.6083370614308516,0.6809066674008195,
SPY,204.27200022024587,285.7300109863281,stock,2020-04-28,,,,,,
SPY,25.894862554711203,285.7300109863281,stock,2020-04-28,,,,,,
SPY,2.0,2.63,option,2020-04-29,307.0,2020-05-29,call,0.5903880996518082,0.4296806055334992,-0.8156692219262237
SPY,-85.93612110669983,293.2099914550781,stock,2020-04-29,,,,,,
SPY,2.0,2.63,option,2020-04-29,307.0,2020-05-29,call,0.5903880996518082,0.4296806055334992,-0.8156692219262237
SPY,-85.93612110669983,293.2099914550781,stock,2020-04-29,,,,,,
SPY,-166.07399070826156,293.2099914550781,stock,2020-04-29,,,,,,
SPY,76.06978108305384,290.4800109863281,stock,2020-04-30,,,,,,
SPY,217.17898858217313,282.7900085449219,stock,2020-05-01,,,,,,
SPY,2.0,2.9699999999999998,option,2020-05-04,297.0,2020-06-03,call,0.5483479139719536,0.41867421681746314,-0.7609895018378008
SPY,-83.73484336349263,283.57000732421875,stock,2020-05-04,,,,,,
SPY,2.0,2.9699999999999998,option,2020-05-04,297.0,2020-06-03,call,0.5483479139719536,0.41867421681746314,-0.7609895018378008
SPY,-83.73484336349263,283.57000732421875,stock,2020-05-04,,,,,,
SPY,7.214633710796761,283.57000732421875,stock,2020-05-04,,,,,,
SPY,-76.12578243206687,286.19000244140625,stock,2020-05-05,,,,,,
SPY,79.3559897237975,284.25,stock,2020-05-06,,,,,,
SPY,-105.13418709695799,287.67999267578125,stock,2020-05-07,,,,,,
SPY,-159.46305739145583,292.44000244140625,stock,2020-05-08,,,,,,
SPY,23.93143474422547,292.5,stock,2020-05-11,,,,,,
SPY,260.35456128249166,286.6700134277344,stock,2020-05-12,,,,,,
SPY,256.3967268347508,281.6000061035156,stock,2020-05-13,,,,,,
SPY,-106.66427428189363,284.9700012207031,stock,2020-05-14,,,,,,
SPY,107.66321829405919,286.2799987792969,stock,2020-05-15,,,,,,
SPY,-4.0,4.535,option,2020-05-18,293.0,2020-05-22,call,0.3900578528262885,0.574286158634624,
SPY,229.7144634538496,295.0,stock,2020-05-18,,,,,,
SPY,-4.0,5.215,option,2020-05-18,292.0,2020-05-22,call,0.3900578528262885,0.6068134940674402,
SPY,242.7253976269761,295.0,stock,2020-05-18,,,,,,
SPY,2.0,2.0949999999999998,option,2020-05-18,309.0,2020-06-17,call,0.3900578528262885,0.36541855889561226,-0.7303324637725166
SPY,-73.08371177912245,295.0,stock,2020-05-18,,,,,,
SPY,2.0,2.0949999999999998,option,2020-05-18,309.0,2020-06-17,call,0.3900578528262885,0.36541855889561226,-0.7303324637725166
SPY,-73.08371177912245,295.0,stock,2020-05-18,,,,,,
SPY,2.0,2.3600000000000003,option,2020-05-18,308.0,2020-06-17,call,0.3900578528262885,0.37637123115123994,-0.7085616912164967
SPY,-75.27424623024798,295.0,stock,2020-05-18,,,,,,
SPY,2.0,2.3600000000000003,option,2020-05-18,308.0,2020-06-17,call,0.3900578528262885,0.37637123115123994,-0.7085616912164967
SPY,-75.27424623024798,295.0,stock,2020-05-18,,,,,,
SPY,2.0,2.66,option,2020-05-18,307.0,2020-06-17,call,0.3900578528262885,0.3874604699089677,-0.6847320855787457
SPY,-77.49209398179354,295.0,stock,2020-05-18,,,,,,
SPY,2.0,2.66,option,2020-05-18,307.0,2020-06-17,call,0.3900578528262885,0.3874604699089677,-0.6847320855787457
SPY,-77.49209398179354,295.0,stock,2020-05-18,,,,,,
SPY,2.0,2.98,option,2020-05-18,306.0,2020-06-17,call,0.3900578528262885,0.3986789245787591,-0.6608814186775831
SPY,-79.73578491575182,295.0,stock,2020-05-18,,,,,,
SPY,2.0,2.98,option,2020-05-18,306.0,2020-06-17,call,0.3900578528262885,0.3986789245787591,-0.6608814186775831
SPY,-79.73578491575182,295.0,stock,2020-05-18,,,,,,
SPY,-351.3450559168318,295.0,stock,2020-05-18,,,,,,
SPY,204.5421441754386,291.9700012207031,stock,2020-05-19,,,,,,
SPY,-67.58199280287309,296.92999267578125,stock,2020-05-20,,,,,,
SPY,128.47911570029686,294.8800048828125,stock,2020-05-21,,,,,,
SPY,-8.475775261656679,295.44000244140625,stock,2020-05-22,,,,,,
SPY,-4.0,5.545,option,2020-05-26,297.0,2020-06-03,call,0.33404646078721295,0.5660663862087152,
SPY,226.4265544834861,299.0799865722656,stock,2020-05-26,,,,,,
SPY,-151.51269491408985,299.0799865722656,stock,2020-05-26,,,,,,
SPY,718.6224453883606,303.5299987792969,stock,2020-05-27,,,,,,
SPY,42.01874770121174,302.9700012207031,stock,2020-05-28,,,,,,
SPY,-4.0,6.015000000000001,option,2020-05-29,306.0,2020-06-17,call,0.3166200460145828,0.4843780613090822,
SPY,193.75122452363286,304.32000732421875,stock,2020-05-29,,,,,,
SPY,111.40167863956665,304.32000732421875,stock,2020-05-29,,,,,,
SPY,2.0,1.58,option,2020-06-01,320.0,2020-07-01,call,0.3061664763910533,0.32138985738883763,-0.7050498325338721
SPY,-64.27797147776752,305.54998779296875,stock,2020-06-01,,,,,,
SPY,2.0,1.58,option,2020-06-01,320.0,2020-07-01,call,0.3061664763910533,0.32138985738883763,-0.7050498325338721
SPY,-64.27797147776752,305.54998779296875,stock,2020-06-01,,,,,,
SPY,2.0,1.815,option,2020-06-01,319.0,2020-07-01,call,0.3061664763910533,0.3342681353487095,-0.6789377514541992
SPY,-66.8536270697419,305.54998779296875,stock,2020-06-01,,,,,,
SPY,2.0,1.815,option,2020-06-01,319.0,2020-07-01,call,0.3061664763910533,0.3342681353487095,-0.6789377514541992
SPY,-66.8536270697419,305.54998779296875,stock,2020-06-01,,,,,,
SPY,2.0,2.0700000000000003,option,2020-06-01,318.0,2020-07-01,call,0.3061664763910533,0.34738587073391014,-0.6527913261547843
SPY,-69.47717414678203,305.54998779296875,stock,2020-06-01,,,,,,
SPY,2.0,2.0700000000000003,option,2020-06-01,318.0,2020-07-01,call,0.3061664763910533,0.34738587073391014,-0.6527913261547843
SPY,-69.47717414678203,305.54998779296875,stock,2020-06-01,,,,,,
SPY,2.0,2.3499999999999996,option,2020-06-01,317.0,2020-07-01,call,0.3061664763910533,0.3607311784823583,-0.6259909560583181
SPY,-72.14623569647166,305.54998779296875,stock,2020-06-01,,,,,,
SPY,2.0,2.3499999999999996,option,2020-06-01,317.0,2020-07-01,call,0.3061664763910533,0.3607311784823583,-0.6259909560583181
SPY,-72.14623569647166,305.54998779296875,stock,2020-06-01,,,,,,
SPY,2.0,2.65,option,2020-06-01,316.0,2020-07-01,call,0.3061664763910533,0.3742912464643018,-0.5995573302648135
SPY,-74.85824929286036,305.54998779296875,stock,2020-06-01,,,,,,
SPY,2.0,2.65,option,2020-06-01,316.0,2020-07-01,call,0.3061664763910533,0.3742912464643018,-0.5995573302648135
SPY,-74.85824929286036,305.54998779296875,stock,2020-06-01,,,,,,
SPY,2.0,2.99,option,2020-06-01,315.0,2020-07-01,call,0.3061664763910533,0.3880523580796947,-0.5707287152003706
SPY,-77.61047161593893,305.54998779296875,stock,2020-06-01,,,,,,
SPY,2.0,2.99,option,2020-06-01,315.0,2020-07-01,call,0.3061664763910533,0.3880523580796947,-0.5707287152003706
SPY,-77.61047161593893,305.54998779296875,stock,2020-06-01,,,,,,
SPY,2.0,3.3499999999999996,option,2020-06-01,314.0,2020-07-01,call,0.3061664763910533,0.4019999205484929,-0.5427462862862099
SPY,-80.39998410969858,305.54998779296875,stock,2020-06-01,,,,,,
SPY,1.0,3.3499999999999996,option,2020-06-01,314.0,2020-07-01,call,0.3061664763910533,0.4019999205484929,-0.5427462862862099
SPY,-40.19999205484929,305.54998779296875,stock,2020-06-01,,,,,,
SPY,1.5875707390454892,305.54998779296875,stock,2020-06-01,,,,,,
SPY,-136.92171774292453,308.0799865722656,stock,2020-06-02,,,,,,
SPY,-4.0,6.895,option,2020-06-03,309.0,2020-06-17,call,0.2756267412456438,0.5861740696925483,
SPY,234.4696278770193,312.17999267578125,stock,2020-06-03,,,,,,
SPY,-4.0,7.585,option,2020-06-03,308.0,2020-06-17,call,0.2756267412456438,0.6094029249839064,
SPY,243.76116999356253,312.17999267578125,stock,2020-06-03,,,,,,
SPY,-4.0,8.295,option,2020-06-03,307.0,2020-06-17,call,0.2756267412456438,0.6323212471768519,
SPY,252.92849887074075,312.17999267578125,stock,2020-06-03,,,,,,
SPY,-266.8510532134585,312.17999267578125,stock,2020-06-03,,,,,,
SPY,37.9955546918969,311.3599853515625,stock,2020-06-04,,,,,,
SPY,-4.0,7.3149999999999995,option,2020-06-05,317.0,2020-07-01,call,0.24349168415053607,0.558533948850229,
SPY,223.4135795400916,319.3399963378906,stock,2020-06-05,,,,,,
SPY,-4.0,7.955,option,2020-06-05,316.0,2020-07-01,call,0.24349168415053607,0.5776447711225217,
SPY,231.05790844900866,319.3399963378906,stock,2020-06-05,,,,,,
SPY,-4.0,8.625,option,2020-06-05,315.0,2020-07-01,call,0.24349168415053607,0.5966341659176486,
SPY,238.65366636705946,319.3399963378906,stock,2020-06-05,,,,,,
SPY,-3.0,9.31,option,2020-06-05,314.0,2020-07-01,call,0.24349168415053607,0.6154576306467294,
SPY,184.63728919401882,319.3399963378906,stock,2020-06-05,,,,,,
SPY,-342.98704974205657,319.3399963378906,stock,2020-06-05,,,,,,
SPY,-4.0,8.66,option,2020-06-08,319.0,2020-07-01,call,0.2786876797969422,0.5883610266712093,
SPY,235.3444106684837,323.20001220703125,stock,2020-06-08,,,,,,
SPY,-4.0,9.34,option,2020-06-08,318.0,2020-07-01,call,0.2786876797969422,0.6057316357372566,
SPY,242.29265429490266,323.20001220703125,stock,2020-06-08,,,,,,
SPY,2.0,1.38,option,2020-06-08,339.0,2020-07-08,call,0.2786876797969422,0.2956844557373094,-0.7016644967129475
SPY,-59.13689114746188,323.20001220703125,stock,2020-06-08,,,,,,
SPY,2.0,1.38,option,2020-06-08,339.0,2020-07-08,call,0.2786876797969422,0.2956844557373094,-0.7016644967129475
SPY,-59.13689114746188,323.20001220703125,stock,2020-06-08,,,,,,
SPY,2.0,1.54,option,2020-06-08,338.0,2020-07-08,call,0.2786876797969422,0.3085804109422191,-0.6857177361544429
SPY,-61.71608218844382,323.20001220703125,stock,2020-06-08,,,,,,
SPY,2.0,1.54,option,2020-06-08,338.0,2020-07-08,call,0.2786876797969422,0.3085804109422191,-0.6857177361544429
SPY,-61.71608218844382,323.20001220703125,stock,2020-06-08,,,,,,
SPY,2.0,1.73,option,2020-06-08,337.0,2020-07-08,call,0.2786876797969422,0.32175617860659317,-0.66646802581964
SPY,-64.35123572131863,323.20001220703125,stock,2020-06-08,,,,,,
SPY,2.0,1.73,option,2020-06-08,337.0,2020-07-08,call,0.2786876797969422,0.32175617860659317,-0.66646802581964
SPY,-64.35123572131863,323.20001220703125,stock,2020-06-08,,,,,,
SPY,2.0,1.935,option,2020-06-08,336.0,2020-07-08,call,0.2786876797969422,0.3352001598154859,-0.6473180790578309
SPY,-67.04003196309718,323.20001220703125,stock,2020-06-08,,,,,,
SPY,2.0,1.935,option,2020-06-08,336.0,2020-07-08,call,0.2786876797969422,0.3352001598154859,-0.6473180790578309
SPY,-67.04003196309718,323.20001220703125,stock,2020-06-08,,,,,,
SPY,2.0,2.165,option,2020-06-08,335.0,2020-07-08,call,0.2786876797969422,0.34889964493200154,-0.6266731116923909
SPY,-69.77992898640031,323.20001220703125,stock,2020-06-08,,,,,,
SPY,2.0,2.165,option,2020-06-08,335.0,2020-07-08,call,0.2786876797969422,0.34889964493200154,-0.6266731116923909
SPY,-69.77992898640031,323.20001220703125,stock,2020-06-08,,,,,,
SPY,2.0,2.415,option,2020-06-08,334.0,2020-07-08,call,0.2786876797969422,0.3628408314705582,-0.6057283934206761
SPY,-72.56816629411163,323.20001220703125,stock,2020-06-08,,,,,,
SPY,2.0,2.415,option,2020-06-08,334.0,2020-07-08,call,0.2786876797969422,0.3628408314705582,-0.6057283934206761
SPY,-72.56816629411163,323.20001220703125,stock,2020-06-08,,,,,,
SPY,2.0,2.6950000000000003,option,2020-06-08,333.0,2020-07-08,call,0.2786876797969422,0.3770088489849769,-0.5831291892323037
SPY,-75.40176979699538,323.20001220703125,stock,2020-06-08,,,,,,
SPY,2.0,2.6950000000000003,option,2020-06-08,333.0,2020-07-08,call,0.2786876797969422,0.3770088489849769,-0.5831291892323037
SPY,-75.40176979699538,323.20001220703125,stock,2020-06-08,,,,,,
SPY,2.0,2.995,option,2020-06-08,332.0,2020-07-08,call,0.2786876797969422,0.3913877910796627,-0.560741003343581
SPY,-78.27755821593254,323.20001220703125,stock,2020-06-08,,,,,,
SPY,2.0,2.995,option,2020-06-08,332.0,2020-07-08,call,0.2786876797969422,0.3913877910796627,-0.560741003343581
SPY,-78.27755821593254,323.20001220703125,stock,2020-06-08,,,,,,
SPY,2.0,3.33,option,2020-06-08,331.0,2020-07-08,call,0.2786876797969422,0.4059607545942078,-0.5365901038216642
SPY,-81.19215091884155,323.20001220703125,stock,2020-06-08,,,,,,
SPY,2.0,3.33,option,2020-06-08,331.0,2020-07-08,call,0.2786876797969422,0.4059607545942078,-0.5365901038216642
SPY,-81.19215091884155,323.20001220703125,stock,2020-06-08,,,,,,
SPY,1.0,3.69,option,2020-06-08,330.0,2020-07-08,call,0.2786876797969422,0.4207098859503945,-0.5124041072981065
SPY,-42.07098859503945,323.20001220703125,stock,2020-06-08,,,,,,
SPY,-52.24418370819785,323.20001220703125,stock,2020-06-08,,,,,,
SPY,-4.0,7.115,option,2020-06-09,320.0,2020-07-01,call,0.2778274151225899,0.5285845478199883,
SPY,211.43381912799532,320.7900085449219,stock,2020-06-09,,,,,,
SPY,152.4814270424767,320.7900085449219,stock,2020-06-09,,,,,,
SPY,2.0,1.745,option,2020-06-10,334.0,2020-07-10,call,0.2790270188163351,0.3036728174288566,-0.6317100343675703
SPY,-60.73456348577132,319.0,stock,2020-06-10,,,,,,
SPY,2.0,1.745,option,2020-06-10,334.0,2020-07-10,call,0.2790270188163351,0.3036728174288566,-0.6317100343675703
SPY,-60.73456348577132,319.0,stock,2020-06-10,,,,,,
SPY,2.0,1.9649999999999999,option,2020-06-10,333.0,2020-07-10,call,0.2790270188163351,0.3169010466679103,-0.6085863186573854
SPY,-63.38020933358206,319.0,stock,2020-06-10,,,,,,
SPY,2.0,1.9649999999999999,option,2020-06-10,333.0,2020-07-10,call,0.2790270188163351,0.3169010466679103,-0.6085863186573854
SPY,-63.38020933358206,319.0,stock,2020-06-10,,,,,,
SPY,2.0,2.2,option,2020-06-10,332.0,2020-07-10,call,0.2790270188163351,0.3304084264913105,-0.5860943055103267
SPY,-66.0816852982621,319.0,stock,2020-06-10,,,,,,
SPY,1.0,2.2,option,2020-06-10,332.0,2020-07-10,call,0.2790270188163351,0.3304084264913105,-0.5860943055103267
SPY,-33.04084264913105,319.0,stock,2020-06-10,,,,,,
SPY,112.15047448035803,319.0,stock,2020-06-10,,,,,,
SPY,947.5124205053464,300.6099853515625,stock,2020-06-11,,,,,,
SPY,-110.30662051938484,304.2099914550781,stock,2020-06-12,,,,,,
SPY,2.0,2.92,option,2020-06-15,322.0,2020-07-15,call,0.32563531793874745,0.3281766868715002,-0.5029226524507899
SPY,-65.63533737430004,307.04998779296875,stock,2020-06-15,,,,,,
SPY,2.0,2.92,option,2020-06-15,322.0,2020-07-15,call,0.32563531793874745,0.3281766868715002,-0.5029226524507899
SPY,-65.63533737430004,307.04998779296875,stock,2020-06-15,,,,,,
SPY,-45.98667627326596,307.04998779296875,stock,2020-06-15,,,,,,
SPY,-304.1087117853227,312.9599914550781,stock,2020-06-16,,,,,,
SPY,2.0,2.6550000000000002,option,2020-06-17,327.0,2020-07-17,call,0.33011304501614697,0.32888540167252245,-0.5617629779609848
SPY,-65.77708033450449,311.6600036621094,stock,2020-06-17,,,,,,
SPY,2.0,2.6550000000000002,option,2020-06-17,327.0,2020-07-17,call,0.33011304501614697,0.32888540167252245,-0.5617629779609848
SPY,-65.77708033450449,311.6600036621094,stock,2020-06-17,,,,,,
SPY,2.0,2.93,option,2020-06-17,326.0,2020-07-17,call,0.33011304501614697,0.34067170165578453,-0.539228617233625
SPY,-68.1343403311569,311.6600036621094,stock,2020-06-17,,,,,,
SPY,2.0,2.93,option,2020-06-17,326.0,2020-07-17,call,0.33011304501614697,0.34067170165578453,-0.539228617233625
SPY,-68.1343403311569,311.6600036621094,stock,2020-06-17,,,,,,
SPY,2.0,3.235,option,2020-06-17,325.0,2020-07-17,call,0.33011304501614697,0.3526525874410378,-0.5150506685871651
SPY,-70.53051748820755,311.6600036621094,stock,2020-06-17,,,,,,
SPY,2.0,3.235,option,2020-06-17,325.0,2020-07-17,call,0.33011304501614697,0.3526525874410378,-0.5150506685871651
SPY,-70.53051748820755,311.6600036621094,stock,2020-06-17,,,,,,
SPY,115.93530242790587,311.6600036621094,stock,2020-06-17,,,,,,
SPY,25.62475523268202,311.7799987792969,stock,2020-06-18,,,,,,
SPY,257.8820066582151,308.6400146484375,stock,2020-06-19,,,,,,
SPY,2.0,2.455,option,2020-06-22,326.0,2020-07-22,call,0.32735804668052926,0.32617659255637554,-0.5854984383094343
SPY,-65.23531851127511,310.6199951171875,stock,2020-06-22,,,,,,
SPY,2.0,2.455,option,2020-06-22,326.0,2020-07-22,call,0.32735804668052926,0.32617659255637554,-0.5854984383094343
SPY,-65.23531851127511,310.6199951171875,stock,2020-06-22,,,,,,
SPY,2.0,2.745,option,2020-06-22,325.0,2020-07-22,call,0.32735804668052926,0.338061104254889,-0.5587560074817022
SPY,-67.6122208509778,310.6199951171875,stock,2020-06-22,,,,,,
SPY,-16.1507010188283,310.6199951171875,stock,2020-06-22,,,,,,
SPY,-70.7774553822234,312.04998779296875,stock,2020-06-23,,,,,,
SPY,587.4542917155609,304.0899963378906,stock,2020-06-24,,,,,,
SPY,-148.27154516347335,307.3500061035156,stock,2020-06-25,,,,,,
SPY,404.341088919614,300.04998779296875,stock,2020-06-26,,,,,,
SPY,2.0,2.4450000000000003,option,2020-06-29,319.0,2020-07-29,call,0.3366337614885108,0.33793810059889484,-0.6093363272067606
SPY,-67.58762011977896,304.4599914550781,stock,2020-06-29,,,,,,
SPY,-71.05046341481673,304.4599914550781,stock,2020-06-29,,,,,,
SPY,-158.59401540573398,308.3599853515625,stock,2020-06-30,,,,,,
SPY,-78.21300971576008,310.5199890136719,stock,2020-07-01,,,,,,
SPY,-52.752503664851986,312.2300109863281,stock,2020-07-02,,,,,,
SPY,-40.70034025539286,317.04998779296875,stock,2020-07-06,,,,,,
SPY,236.0007573360052,313.7799987792969,stock,2020-07-07,,,,,,
SPY,2.0,2.0300000000000002,option,2020-07-08,331.0,2020-08-07,call,0.32497500940591684,0.3345321160951825,-0.6724944429641001
SPY,-66.9064232190365,316.17999267578125,stock,2020-07-08,,,,,,
SPY,2.0,2.0300000000000002,option,2020-07-08,331.0,2020-08-07,call,0.32497500940591684,0.3345321160951825,-0.6724944429641001
SPY,-66.9064232190365,316.17999267578125,stock,2020-07-08,,,,,,
SPY,2.0,2.285,option,2020-07-08,330.0,2020-08-07,call,0.32497500940591684,0.3464375012095599,-0.6487248471228433
SPY,-69.28750024191199,316.17999267578125,stock,2020-07-08,,,,,,
SPY,2.0,2.285,option,2020-07-08,330.0,2020-08-07,call,0.32497500940591684,0.3464375012095599,-0.6487248471228433
SPY,-69.28750024191199,316.17999267578125,stock,2020-07-08,,,,,,
SPY,2.0,2.57,option,2020-07-08,329.0,2020-08-07,call,0.32497500940591684,0.35853338381363087,-0.6233259618074469
SPY,-71.70667676272618,316.17999267578125,stock,2020-07-08,,,,,,
SPY,2.0,2.57,option,2020-07-08,329.0,2020-08-07,call,0.32497500940591684,0.35853338381363087,-0.6233259618074469
SPY,-71.70667676272618,316.17999267578125,stock,2020-07-08,,,,,,
SPY,2.0,2.88,option,2020-07-08,328.0,2020-08-07,call,0.32497500940591684,0.370810351936849,-0.5973486992471062
SPY,-74.16207038736981,316.17999267578125,stock,2020-07-08,,,,,,
SPY,2.0,2.88,option,2020-07-08,328.0,2020-08-07,call,0.32497500940591684,0.370810351936849,-0.5973486992471062
SPY,-74.16207038736981,316.17999267578125,stock,2020-07-08,,,,,,
SPY,2.0,3.215,option,2020-07-08,327.0,2020-08-07,call,0.32497500940591684,0.3832583653861617,-0.5710029628279706
SPY,-76.65167307723235,316.17999267578125,stock,2020-07-08,,,,,,
SPY,2.0,3.215,option,2020-07-08,327.0,2020-08-07,call,0.32497500940591684,0.3832583653861617,-0.5710029628279706
SPY,-76.65167307723235,316.17999267578125,stock,2020-07-08,,,,,,
SPY,-73.24609708898802,316.17999267578125,stock,2020-07-08,,,,,,
SPY,172.58115144305444,314.3800048828125,stock,2020-07-09,,,,,,
SPY,-214.01992529165483,317.5899963378906,stock,2020-07-10,,,,,,
SPY,385.284180241301,314.8399963378906,stock,2020-07-13,,,,,,
SPY,-301.14871276978397,318.9200134277344,stock,2020-07-14,,,,,,
SPY,-2.0,7.470000000000001,option,2020-07-15,319.0,2020-07-29,call,0.327481455719106,0.5680835241488219,
SPY,113.61670482976439,321.8500061035156,stock,2020-07-15,,,,,,
SPY,2.0,2.035,option,2020-07-15,337.0,2020-08-14,call,0.327481455719106,0.33524509329389174,-0.6807559906419409
SPY,-67.04901865877835,321.8500061035156,stock,2020-07-15,,,,,,
SPY,2.0,2.035,option,2020-07-15,337.0,2020-08-14,call,0.327481455719106,0.33524509329389174,-0.6807559906419409
SPY,-67.04901865877835,321.8500061035156,stock,2020-07-15,,,,,,
SPY,-92.59614300563072,321.8500061035156,stock,2020-07-15,,,,,,
SPY,217.06052611276206,320.7900085449219,stock,2020-07-16,,,,,,
SPY,182.27834484680045,321.7200012207031,stock,2020-07-17,,,,,,
SPY,2.0,1.4249999999999998,option,2020-07-20,340.0,2020-08-19,call,0.2880730957828489,0.3048526429013249,-0.7145895712618462
SPY,-60.97052858026498,324.32000732421875,stock,2020-07-20,,,,,,
SPY,2.0,1.4249999999999998,option,2020-07-20,340.0,2020-08-19,call,0.2880730957828489,0.3048526429013249,-0.7145895712618462
SPY,-60.97052858026498,324.32000732421875,stock,2020-07-20,,,,,,
SPY,2.0,1.605,option,2020-07-20,339.0,2020-08-19,call,0.2880730957828489,0.3174544050583526,-0.6957296554742236
SPY,-63.49088101167052,324.32000732421875,stock,2020-07-20,,,,,,
SPY,2.0,1.605,option,2020-07-20,339.0,2020-08-19,call,0.2880730957828489,0.3174544050583526,-0.6957296554742236
SPY,-63.49088101167052,324.32000732421875,stock,2020-07-20,,,,,,
SPY,2.0,1.8050000000000002,option,2020-07-20,338.0,2020-08-19,call,0.2880730957828489,0.33030954052588835,-0.675895826830286
SPY,-66.06190810517766,324.32000732421875,stock,2020-07-20,,,,,,
SPY,-101.71756597200893,324.32000732421875,stock,2020-07-20,,,,,,
SPY,-38.321905871111696,325.010009765625,stock,2020-07-21,,,,,,
SPY,182.33883898820415,326.8599853515625,stock,2020-07-22,,,,,,
SPY,226.7023985881679,322.9599914550781,stock,2020-07-23,,,,,,
SPY,130.2779241848446,320.8800048828125,stock,2020-07-24,,,,,,
SPY,-4.0,2.0949999999999998,option,2020-07-27,328.0,2020-08-07,call,0.210965678486213,0.35131688464082966,
SPY,140.52675385633188,323.2200012207031,stock,2020-07-27,,,,,,
SPY,-4.0,2.51,option,2020-07-27,327.0,2020-08-07,call,0.210965678486213,0.3827011515185569,
SPY,153.08046060742276,323.2200012207031,stock,2020-07-27,,,,,,
SPY,2.0,1.135,option,2020-07-27,339.0,2020-08-26,call,0.210965678486213,0.2324819949038155,-0.559044735365255
SPY,-46.4963989807631,323.2200012207031,stock,2020-07-27,,,,,,
SPY,2.0,1.135,option,2020-07-27,339.0,2020-08-26,call,0.210965678486213,0.2324819949038155,-0.559044735365255
SPY,-46.4963989807631,323.2200012207031,stock,2020-07-27,,,,,,
SPY,2.0,1.315,option,2020-07-27,338.0,2020-08-26,call,0.210965678486213,0.2476659768697408,-0.5295549105841372
SPY,-49.53319537394816,323.2200012207031,stock,2020-07-27,,,,,,
SPY,2.0,1.315,option,2020-07-27,338.0,2020-08-26,call,0.210965678486213,0.2476659768697408,-0.5295549105841372
SPY,-49.53319537394816,323.2200012207031,stock,2020-07-27,,,,,,
SPY,-31.91759675342324,323.2200012207031,stock,2020-07-27,,,,,,
SPY,136.33338642380232,321.1700134277344,stock,2020-07-28,,,,,,
SPY,-4.0,1.69,option,2020-07-29,330.0,2020-08-07,call,0.20369374394973222,0.32668053891653615,
SPY,130.67221556661445,325.1199951171875,stock,2020-07-29,,,,,,
SPY,-4.0,2.065,option,2020-07-29,329.0,2020-08-07,call,0.20369374394973222,0.3615892680030347,
SPY,144.63570720121388,325.1199951171875,stock,2020-07-29,,,,,,
SPY,2.0,1.15,option,2020-07-29,341.0,2020-08-28,call,0.20369374394973222,0.22384569148053068,-0.5173465444493469
SPY,-44.769138296106135,325.1199951171875,stock,2020-07-29,,,,,,
SPY,2.0,1.15,option,2020-07-29,341.0,2020-08-28,call,0.20369374394973222,0.22384569148053068,-0.5173465444493469
SPY,-44.769138296106135,325.1199951171875,stock,2020-07-29,,,,,,
SPY,-158.87557690004957,325.1199951171875,stock,2020-07-29,,,,,,
SPY,-4.0,1.1549999999999998,option,2020-07-30,331.0,2020-08-07,call,0.20614467770724032,0.24555181953570376,
SPY,98.2207278142815,323.9599914550781,stock,2020-07-30,,,,,,
SPY,111.24180589637983,323.9599914550781,stock,2020-07-30,,,,,,
SPY,-93.81861804768378,326.5199890136719,stock,2020-07-31,,,,,,
SPY,2.0,1.105,option,2020-08-03,345.0,2020-09-02,call,0.20416739691549246,0.22218396017944353,-0.5380217229482269
SPY,-44.43679203588871,328.7900085449219,stock,2020-08-03,,,,,,
SPY,2.0,1.105,option,2020-08-03,345.0,2020-09-02,call,0.20416739691549246,0.22218396017944353,-0.5380217229482269
SPY,-44.43679203588871,328.7900085449219,stock,2020-08-03,,,,,,
SPY,2.0,1.275,option,2020-08-03,344.0,2020-09-02,call,0.20416739691549246,0.23722843481615086,-0.5103361913172844
SPY,-47.44568696323017,328.7900085449219,stock,2020-08-03,,,,,,
SPY,2.0,1.275,option,2020-08-03,344.0,2020-09-02,call,0.20416739691549246,0.23722843481615086,-0.5103361913172844
SPY,-47.44568696323017,328.7900085449219,stock,2020-08-03,,,,,,
SPY,-57.00042107347417,328.7900085449219,stock,2020-08-03,,,,,,
SPY,-62.55414334120883,330.05999755859375,stock,2020-08-04,,,,,,
SPY,2.0,0.98,option,2020-08-05,348.0,2020-09-04,call,0.20421120083516242,0.22936525712614564,-0.6108024237385249
SPY,-45.87305142522913,332.1099853515625,stock,2020-08-05,,,,,,
SPY,2.0,0.98,option,2020-08-05,348.0,2020-09-04,call,0.20421120083516242,0.22936525712614564,-0.6108024237385249
SPY,-45.87305142522913,332.1099853515625,stock,2020-08-05,,,,,,
SPY,2.0,1.125,option,2020-08-05,347.0,2020-09-04,call,0.20421120083516242,0.24453597064547516,-0.5889446756112935
SPY,-48.90719412909503,332.1099853515625,stock,2020-08-05,,,,,,
SPY,2.0,1.125,option,2020-08-05,347.0,2020-09-04,call,0.20421120083516242,0.24453597064547516,-0.5889446756112935
SPY,-48.90719412909503,332.1099853515625,stock,2020-08-05,,,,,,
SPY,2.0,1.295,option,2020-08-05,346.0,2020-09-04,call,0.20421120083516242,0.2602773409102405,-0.5640477365036014
SPY,-52.0554681820481,332.1099853515625,stock,2020-08-05,,,,,,
SPY,2.0,1.295,option,2020-08-05,346.0,2020-09-04,call,0.20421120083516242,0.2602773409102405,-0.5640477365036014
SPY,-52.0554681820481,332.1099853515625,stock,2020-08-05,,,,,,
SPY,2.0,1.4849999999999999,option,2020-08-05,345.0,2020-09-04,call,0.20421120083516242,0.27657287960187904,-0.5387535116658331
SPY,-55.31457592037581,332.1099853515625,stock,2020-08-05,,,,,,
SPY,2.0,1.4849999999999999,option,2020-08-05,345.0,2020-09-04,call,0.20421120083516242,0.27657287960187904,-0.5387535116658331
SPY,-55.31457592037581,332.1099853515625,stock,2020-08-05,,,,,,
SPY,-107.17715753845603,332.1099853515625,stock,2020-08-05,,,,,,
SPY,-4.0,1.87,option,2020-08-06,337.0,2020-08-14,call,0.18202928002006638,0.3893635292248262,
SPY,155.74541168993048,334.3299865722656,stock,2020-08-06,,,,,,
SPY,-4.0,2.87,option,2020-08-06,339.0,2020-08-26,call,0.18202928002006638,0.3809018157218921,
SPY,152.36072628875684,334.3299865722656,stock,2020-08-06,,,,,,
SPY,-4.0,3.3049999999999997,option,2020-08-06,338.0,2020-08-26,call,0.18202928002006638,0.4075773234042625,
SPY,163.030929361705,334.3299865722656,stock,2020-08-06,,,,,,
SPY,-162.47301519033303,334.3299865722656,stock,2020-08-06,,,,,,
SPY,-2.7220686282458786,334.57000732421875,stock,2020-08-07,,,,,,
SPY,-4.0,1.4449999999999998,option,2020-08-10,339.0,2020-08-19,call,0.1559410302128496,0.343778351509349,
SPY,137.5113406037396,335.57000732421875,stock,2020-08-10,,,,,,
SPY,-2.0,1.835,option,2020-08-10,338.0,2020-08-19,call,0.1559410302128496,0.3891524136812286,
SPY,77.83048273624573,335.57000732421875,stock,2020-08-10,,,,,,
SPY,-4.0,2.1950000000000003,option,2020-08-10,341.0,2020-08-28,call,0.1559410302128496,0.3281745040331453,
SPY,131.26980161325812,335.57000732421875,stock,2020-08-10,,,,,,
SPY,-4.0,1.505,option,2020-08-10,345.0,2020-09-02,call,0.1559410302128496,0.24604554751653712,
SPY,98.41821900661485,335.57000732421875,stock,2020-08-10,,,,,,
SPY,-4.0,1.77,option,2020-08-10,344.0,2020-09-02,call,0.1559410302128496,0.26999339728745475,
SPY,107.9973589149819,335.57000732421875,stock,2020-08-10,,,,,,
SPY,-4.0,1.12,option,2020-08-10,348.0,2020-09-04,call,0.1559410302128496,0.19233310127672804,
SPY,76.93324051069122,335.57000732421875,stock,2020-08-10,,,,,,
SPY,-4.0,1.31,option,2020-08-10,347.0,2020-09-04,call,0.1559410302128496,0.21219766285197567,
SPY,84.87906514079026,335.57000732421875,stock,2020-08-10,,,,,,
SPY,-4.0,1.525,option,2020-08-10,346.0,2020-09-04,call,0.1559410302128496,0.2332750154234453,
SPY,93.31000616937813,335.57000732421875,stock,2020-08-10,,,,,,
SPY,-4.0,1.78,option,2020-08-10,345.0,2020-09-04,call,0.1559410302128496,0.2555313380300487,
SPY,102.21253521201947,335.57000732421875,stock,2020-08-10,,,,,,
SPY,-2.0,2.78,option,2020-08-10,319.0,2020-09-09,put,0.1559410302128496,-0.11666545717566201,2.18629170442295
SPY,-23.333091435132403,335.57000732421875,stock,2020-08-10,,,,,,
SPY,-2.0,2.78,option,2020-08-10,319.0,2020-09-09,put,0.1559410302128496,-0.11666545717566201,2.18629170442295
SPY,-23.333091435132403,335.57000732421875,stock,2020-08-10,,,,,,
SPY,-2.0,2.92,option,2020-08-10,320.0,2020-09-09,put,0.1559410302128496,-0.13097094170619883,1.9044121002469
SPY,-26.194188341239766,335.57000732421875,stock,2020-08-10,,,,,,
SPY,-2.0,2.92,option,2020-08-10,320.0,2020-09-09,put,0.1559410302128496,-0.13097094170619883,1.9044121002469
SPY,-26.194188341239766,335.57000732421875,stock,2020-08-10,,,,,,
SPY,-2.0,3.065,option,2020-08-10,321.0,2020-09-09,put,0.1559410302128496,-0.14639462549312332,1.6563638621325714
SPY,-29.278925098624665,335.57000732421875,stock,2020-08-10,,,,,,
SPY,-2.0,3.065,option,2020-08-10,321.0,2020-09-09,put,0.1559410302128496,-0.14639462549312332,1.6563638621325714
SPY,-29.278925098624665,335.57000732421875,stock,2020-08-10,,,,,,
SPY,-2.0,3.22,option,2020-08-10,322.0,2020-09-09,put,0.1559410302128496,-0.1629393977932585,1.441228219780783
SPY,-32.5878795586517,335.57000732421875,stock,2020-08-10,,,,,,
SPY,-2.0,3.22,option,2020-08-10,322.0,2020-09-09,put,0.1559410302128496,-0.1629393977932585,1.441228219780783
SPY,-32.5878795586517,335.57000732421875,stock,2020-08-10,,,,,,
SPY,-2.0,3.385,option,2020-08-10,323.0,2020-09-09,put,0.1559410302128496,-0.1805973724898,1.253652565091243
SPY,-36.11947449796,335.57000732421875,stock,2020-08-10,,,,,,
SPY,-2.0,3.385,option,2020-08-10,323.0,2020-09-09,put,0.1559410302128496,-0.1805973724898,1.253652565091243
SPY,-36.11947449796,335.57000732421875,stock,2020-08-10,,,,,,
SPY,-2.0,3.56,option,2020-08-10,324.0,2020-09-09,put,0.1559410302128496,-0.19934940919885458,1.0893009702261407
SPY,-39.86988183977091,335.57000732421875,stock,2020-08-10,,,,,,
SPY,-2.0,3.56,option,2020-08-10,324.0,2020-09-09,put,0.1559410302128496,-0.19934940919885458,1.0893009702261407
SPY,-39.86988183977091,335.57000732421875,stock,2020-08-10,,,,,,
SPY,-2.0,3.74,option,2020-08-10,325.0,2020-09-09,put,0.1559410302128496,-0.21916482897905576,0.9420428141556978
SPY,-43.83296579581115,335.57000732421875,stock,2020-08-10,,,,,,
SPY,-2.0,3.74,option,2020-08-10,325.0,2020-09-09,put,0.1559410302128496,-0.21916482897905576,0.9420428141556978
SPY,-43.83296579581115,335.57000732421875,stock,2020-08-10,,,,,,
SPY,-2.0,3.94,option,2020-08-10,326.0,2020-09-09,put,0.1559410302128496,-0.2400013392902426,0.8167684443575384
SPY,-48.00026785804852,335.57000732421875,stock,2020-08-10,,,,,,
SPY,-2.0,3.94,option,2020-08-10,326.0,2020-09-09,put,0.1559410302128496,-0.2400013392902426,0.8167684443575384
SPY,-48.00026785804852,335.57000732421875,stock,2020-08-10,,,,,,
SPY,141.7211565979307,335.57000732421875,stock,2020-08-10,,,,,,
SPY,-4.0,0.765,option,2020-08-11,340.0,2020-08-19,call,0.1514071708924923,0.17291856801634814,
SPY,69.16742720653926,332.79998779296875,stock,2020-08-11,,,,,,
SPY,-68.33589436052769,332.79998779296875,stock,2020-08-11,,,,,,
SPY,-2.0,2.9699999999999998,option,2020-08-12,321.0,2020-09-11,put,0.15263668409397577,-0.11490824984427894,2.5245202991506983
SPY,-22.981649968855788,337.44000244140625,stock,2020-08-12,,,,,,
SPY,-2.0,2.9699999999999998,option,2020-08-12,321.0,2020-09-11,put,0.15263668409397577,-0.11490824984427894,2.5245202991506983
SPY,-22.981649968855788,337.44000244140625,stock,2020-08-12,,,,,,
SPY,-2.0,3.1100000000000003,option,2020-08-12,322.0,2020-09-11,put,0.15263668409397577,-0.12929039653518615,2.1945357522842017
SPY,-25.85807930703723,337.44000244140625,stock,2020-08-12,,,,,,
SPY,-1.0,3.1100000000000003,option,2020-08-12,322.0,2020-09-11,put,0.15263668409397577,-0.12929039653518615,2.1945357522842017
SPY,-12.929039653518615,337.44000244140625,stock,2020-08-12,,,,,,
SPY,275.4502612669967,337.44000244140625,stock,2020-08-12,,,,,,
SPY,-21.39556905587167,336.8299865722656,stock,2020-08-13,,,,,,
SPY,16.950581702461463,336.8399963378906,stock,2020-08-14,,,,,,
SPY,115.43650397017446,337.9100036621094,stock,2020-08-17,,,,,,
SPY,57.59873093837955,338.6400146484375,stock,2020-08-18,,,,,,
SPY,-58.20642747708274,337.2300109863281,stock,2020-08-19,,,,,,
SPY,77.73195937582938,338.2799987792969,stock,2020-08-20,,,,,,
SPY,77.259578987998,339.4800109863281,stock,2020-08-21,,,,,,
SPY,167.87209736552532,342.9200134277344,stock,2020-08-24,,,,,,
SPY,38.33843736782397,344.1199951171875,stock,2020-08-25,,,,,,
SPY,51.5850629941761,347.57000732421875,stock,2020-08-26,,,,,,
SPY,10.923041680176366,348.3299865722656,stock,2020-08-27,,,,,,
SPY,12.218148478447201,350.5799865722656,stock,2020-08-28,,,,,,
SPY,-1.0,3.685,option,2020-08-31,332.0,2020-09-30,put,0.15863710160241518,-0.11971595512234168,2.8633991235185468
SPY,-11.971595512234167,349.30999755859375,stock,2020-08-31,,,,,,
SPY,3.6924838180515955,349.30999755859375,stock,2020-08-31,,,,,,
SPY,6.908438299249916,352.6000061035156,stock,2020-09-01,,,,,,
SPY,4.65429311795077,357.70001220703125,stock,2020-09-02,,,,,,
SPY,-15.388580571606903,345.3900146484375,stock,2020-09-03,,,,,,
SPY,-6.479783341613226,342.57000732421875,stock,2020-09-04,,,,,,
SPY,-24.673466745033895,333.2099914550781,stock,2020-09-08,,,,,,
SPY,24.386135165851027,339.7900085449219,stock,2020-09-09,,,,,,
SPY,1.0,7.4350000000000005,option,2020-09-10,332.0,2020-09-30,put,0.23805238711181817,-0.4479880212857471,
SPY,44.798802128574714,333.8900146484375,stock,2020-09-10,,,,,,
SPY,-18.368954605199008,333.8900146484375,stock,2020-09-10,,,,,,
SPY,2.0,1.5550000000000002,option,2020-09-14,355.0,2020-10-14,call,0.24506131199627604,0.26743789386611155,-0.5846403576420313
SPY,-53.48757877322231,338.4599914550781,stock,2020-09-14,,,,,,
SPY,2.0,1.5550000000000002,option,2020-09-14,355.0,2020-10-14,call,0.24506131199627604,0.26743789386611155,-0.5846403576420313
SPY,-53.48757877322231,338.4599914550781,stock,2020-09-14,,,,,,
SPY,2.906407671208953,338.4599914550781,stock,2020-09-14,,,,,,
SPY,-8.034207185239765,340.1700134277344,stock,2020-09-15,,,,,,
SPY,2.0,1.565,option,2020-09-16,355.0,2020-10-16,call,0.24797724874739543,0.2750874934970403,-0.6023100032897055
SPY,-55.017498699408065,338.82000732421875,stock,2020-09-16,,,,,,
SPY,2.0,1.565,option,2020-09-16,355.0,2020-10-16,call,0.24797724874739543,0.2750874934970403,-0.6023100032897055
SPY,-55.017498699408065,338.82000732421875,stock,2020-09-16,,,,,,
SPY,2.0,1.76,option,2020-09-16,354.0,2020-10-16,call,0.24797724874739543,0.2884839323131342,-0.5802590132542099
SPY,-57.69678646262684,338.82000732421875,stock,2020-09-16,,,,,,
SPY,2.0,1.76,option,2020-09-16,354.0,2020-10-16,call,0.24797724874739543,0.2884839323131342,-0.5802590132542099
SPY,-57.69678646262684,338.82000732421875,stock,2020-09-16,,,,,,
SPY,2.0,1.975,option,2020-09-16,353.0,2020-10-16,call,0.24797724874739543,0.30221930378802986,-0.5575601313875862
SPY,-60.443860757605975,338.82000732421875,stock,2020-09-16,,,,,,
SPY,2.0,1.975,option,2020-09-16,353.0,2020-10-16,call,0.24797724874739543,0.30221930378802986,-0.5575601313875862
SPY,-60.443860757605975,338.82000732421875,stock,2020-09-16,,,,,,
SPY,2.0,2.215,option,2020-09-16,352.0,2020-10-16,call,0.24797724874739543,0.31628086893130747,-0.5334923271135998
SPY,-63.25617378626149,338.82000732421875,stock,2020-09-16,,,,,,
SPY,2.0,2.215,option,2020-09-16,352.0,2020-10-16,call,0.24797724874739543,0.31628086893130747,-0.5334923271135998
SPY,-63.25617378626149,338.82000732421875,stock,2020-09-16,,,,,,
SPY,2.0,2.475,option,2020-09-16,351.0,2020-10-16,call,0.24797724874739543,0.3306543986461926,-0.5095023364839298
SPY,-66.13087972923853,338.82000732421875,stock,2020-09-16,,,,,,
SPY,2.0,2.475,option,2020-09-16,351.0,2020-10-16,call,0.24797724874739543,0.3306543986461926,-0.5095023364839298
SPY,-66.13087972923853,338.82000732421875,stock,2020-09-16,,,,,,
SPY,24.472198054074966,338.82000732421875,stock,2020-09-16,,,,,,
SPY,108.60095629629487,335.8399963378906,stock,2020-09-17,,,,,,
SPY,165.6432438365266,330.6499938964844,stock,2020-09-18,,,,,,
SPY,127.79612538318504,326.9700012207031,stock,2020-09-21,,,,,,
SPY,-70.185499295514,330.29998779296875,stock,2020-09-22,,,,,,
SPY,180.1153118729594,322.6400146484375,stock,2020-09-23,,,,,,
SPY,-3.4384863851337073,323.5,stock,2020-09-24,,,,,,
SPY,-95.80958022591875,328.7300109863281,stock,2020-09-25,,,,,,
SPY,2.0,2.135,option,2020-09-28,350.0,2020-10-28,call,0.2713796636014095,0.29664100410185246,-0.5440754697068724
SPY,-59.32820082037049,334.19000244140625,stock,2020-09-28,,,,,,
SPY,2.0,2.135,option,2020-09-28,350.0,2020-10-28,call,0.2713796636014095,0.29664100410185246,-0.5440754697068724
SPY,-59.32820082037049,334.19000244140625,stock,2020-09-28,,,,,,
SPY,-102.54066349289116,334.19000244140625,stock,2020-09-28,,,,,,
SPY,83.89074282278044,332.3699951171875,stock,2020-09-29,,,,,,
SPY,2.0,1.94,option,2020-09-30,351.0,2020-10-30,call,0.2775899609141935,0.2980787454485577,-0.5980906299459164
SPY,-59.61574908971154,334.8900146484375,stock,2020-09-30,,,,,,
SPY,2.0,1.94,option,2020-09-30,351.0,2020-10-30,call,0.2775899609141935,0.2980787454485577,-0.5980906299459164
SPY,-59.61574908971154,334.8900146484375,stock,2020-09-30,,,,,,
SPY,2.0,2.15,option,2020-09-30,350.0,2020-10-30,call,0.2775899609141935,0.3106234767193429,-0.578726559686199
SPY,-62.124695343868574,334.8900146484375,stock,2020-09-30,,,,,,
SPY,2.0,2.15,option,2020-09-30,350.0,2020-10-30,call,0.2775899609141935,0.3106234767193429,-0.578726559686199
SPY,-62.124695343868574,334.8900146484375,stock,2020-09-30,,,,,,
SPY,2.0,2.39,option,2020-09-30,349.0,2020-10-30,call,0.2775899609141935,0.3234292141479056,-0.556776820986424
SPY,-64.68584282958112,334.8900146484375,stock,2020-09-30,,,,,,
SPY,2.0,2.39,option,2020-09-30,349.0,2020-10-30,call,0.2775899609141935,0.3234292141479056,-0.556776820986424
SPY,-64.68584282958112,334.8900146484375,stock,2020-09-30,,,,,,
SPY,2.0,2.65,option,2020-09-30,348.0,2020-10-30,call,0.2775899609141935,0.33648524941308555,-0.5345545040268943
SPY,-67.29704988261712,334.8900146484375,stock,2020-09-30,,,,,,
SPY,2.0,2.65,option,2020-09-30,348.0,2020-10-30,call,0.2775899609141935,0.33648524941308555,-0.5345545040268943
SPY,-67.29704988261712,334.8900146484375,stock,2020-09-30,,,,,,
SPY,2.0,2.935,option,2020-09-30,347.0,2020-10-30,call,0.2775899609141935,0.3497798969390115,-0.5114280046070752
SPY,-69.9559793878023,334.8900146484375,stock,2020-09-30,,,,,,
SPY,2.0,2.935,option,2020-09-30,347.0,2020-10-30,call,0.2775899609141935,0.3497798969390115,-0.5114280046070752
SPY,-69.9559793878023,334.8900146484375,stock,2020-09-30,,,,,,
SPY,-56.79742473869982,334.8900146484375,stock,2020-09-30,,,,,,
SPY,-118.16807717675357,337.0400085449219,stock,2020-10-01,,,,,,
SPY,243.66533703554094,333.8399963378906,stock,2020-10-02,,,,,,
SPY,2.0,2.4850000000000003,option,2020-10-05,356.0,2020-11-04,call,0.2807176942508557,0.3017062803718429,-0.5061065136390832
SPY,-60.34125607436857,339.760009765625,stock,2020-10-05,,,,,,
SPY,2.0,2.4850000000000003,option,2020-10-05,356.0,2020-11-04,call,0.2807176942508557,0.3017062803718429,-0.5061065136390832
SPY,-60.34125607436857,339.760009765625,stock,2020-10-05,,,,,,
SPY,-320.39647529889515,339.760009765625,stock,2020-10-05,,,,,,
SPY,416.32761693443035,334.92999267578125,stock,2020-10-06,,,,,,
SPY,2.0,2.635,option,2020-10-07,357.0,2020-11-06,call,0.2884502503279907,0.3079157391295567,-0.5050721850655594
SPY,-61.58314782591135,340.760009765625,stock,2020-10-07,,,,,,
SPY,2.0,2.635,option,2020-10-07,357.0,2020-11-06,call,0.2884502503279907,0.3079157391295567,-0.5050721850655594
SPY,-61.58314782591135,340.760009765625,stock,2020-10-07,,,,,,
SPY,-422.09674680474785,340.760009765625,stock,2020-10-07,,,,,,
SPY,-265.0785300998852,343.7799987792969,stock,2020-10-08,,,,,,
SPY,-314.3953857374617,346.8500061035156,stock,2020-10-09,,,,,,
SPY,-4.0,3.525,option,2020-10-12,352.0,2020-10-16,call,0.29488783308241423,0.5220508944489329,
SPY,208.8203577795732,352.42999267578125,stock,2020-10-12,,,,,,
SPY,-4.0,4.1850000000000005,option,2020-10-12,351.0,2020-10-16,call,0.29488783308241423,0.5586154815178237,
SPY,223.4461926071295,352.42999267578125,stock,2020-10-12,,,,,,
SPY,-4.0,8.46,option,2020-10-12,349.0,2020-10-30,call,0.29488783308241423,0.5725097076808745,
SPY,229.0038830723498,352.42999267578125,stock,2020-10-12,,,,,,
SPY,-4.0,9.17,option,2020-10-12,348.0,2020-10-30,call,0.29488783308241423,0.58962683214183,
SPY,235.85073285673198,352.42999267578125,stock,2020-10-12,,,,,,
SPY,-4.0,9.885000000000002,option,2020-10-12,347.0,2020-10-30,call,0.29488783308241423,0.6066233753425669,
SPY,242.64935013702677,352.42999267578125,stock,2020-10-12,,,,,,
SPY,2.0,1.755,option,2020-10-12,370.0,2020-11-11,call,0.29488783308241423,0.30371251196743754,-0.6820849880933141
SPY,-60.742502393487506,352.42999267578125,stock,2020-10-12,,,,,,
SPY,2.0,1.755,option,2020-10-12,370.0,2020-11-11,call,0.29488783308241423,0.30371251196743754,-0.6820849880933141
SPY,-60.742502393487506,352.42999267578125,stock,2020-10-12,,,,,,
SPY,2.0,1.9699999999999998,option,2020-10-12,369.0,2020-11-11,call,0.29488783308241423,0.3149951934513414,-0.6603492376535599
SPY,-62.999038690268286,352.42999267578125,stock,2020-10-12,,,,,,
SPY,2.0,1.9699999999999998,option,2020-10-12,369.0,2020-11-11,call,0.29488783308241423,0.3149951934513414,-0.6603492376535599
SPY,-62.999038690268286,352.42999267578125,stock,2020-10-12,,,,,,
SPY,1.0,2.205,option,2020-10-12,368.0,2020-11-11,call,0.29488783308241423,0.3264845287657886,-0.6379716210633755
SPY,-32.64845287657886,352.42999267578125,stock,2020-10-12,,,,,,
SPY,-676.9736775365119,352.42999267578125,stock,2020-10-12,,,,,,
SPY,336.49440677230945,350.1300048828125,stock,2020-10-13,,,,,,
SPY,334.8341900744731,347.92999267578125,stock,2020-10-14,,,,,,
SPY,145.57523776200395,347.5,stock,2020-10-15,,,,,,
SPY,117.74563127057664,347.2900085449219,stock,2020-10-16,,,,,,
SPY,305.7180903398137,342.010009765625,stock,2020-10-19,,,,,,
SPY,-4.0,1.9949999999999999,option,2020-10-20,356.0,2020-11-04,call,0.25694176962521703,0.2526619458659668,
SPY,101.06477834638672,343.3800048828125,stock,2020-10-20,,,,,,
SPY,-4.0,2.1950000000000003,option,2020-10-20,357.0,2020-11-06,call,0.25694176962521703,0.25048756565152097,
SPY,100.19502626060839,343.3800048828125,stock,2020-10-20,,,,,,
SPY,-27.276329635259174,343.3800048828125,stock,2020-10-20,,,,,,
SPY,42.94035552228443,342.7300109863281,stock,2020-10-21,,,,,,
SPY,-56.30571735742909,344.6099853515625,stock,2020-10-22,,,,,,
SPY,-31.97938629228783,345.7799987792969,stock,2020-10-23,,,,,,
SPY,-4.0,0.33999999999999997,option,2020-10-26,351.0,2020-10-30,call,0.23783961377335272,0.09042342242809287,
SPY,36.16936897123715,339.3900146484375,stock,2020-10-26,,,,,,
SPY,-4.0,0.445,option,2020-10-26,350.0,2020-10-30,call,0.23783961377335272,0.11055861374979387,
SPY,44.223445499917545,339.3900146484375,stock,2020-10-26,,,,,,
SPY,-1.0,0.33499999999999996,option,2020-10-26,368.0,2020-11-11,call,0.23783961377335272,0.05483517599309171,
SPY,5.483517599309171,339.3900146484375,stock,2020-10-26,,,,,,
SPY,-2.0,6.57,option,2020-10-26,325.0,2020-11-25,put,0.23783961377335272,-0.2439705520462071,0.8991298543656089
SPY,-48.79411040924142,339.3900146484375,stock,2020-10-26,,,,,,
SPY,-2.0,6.57,option,2020-10-26,325.0,2020-11-25,put,0.23783961377335272,-0.2439705520462071,0.8991298543656089
SPY,-48.79411040924142,339.3900146484375,stock,2020-10-26,,,,,,
SPY,407.9287396331745,339.3900146484375,stock,2020-10-26,,,,,,
SPY,29.523834495573084,338.2200012207031,stock,2020-10-27,,,,,,
SPY,-2.0,9.005,option,2020-10-28,315.0,2020-11-27,put,0.24614265378893568,-0.28310127342916414,1.1387561810654856
SPY,-56.620254685832826,326.6600036621094,stock,2020-10-28,,,,,,
SPY,-2.0,9.005,option,2020-10-28,315.0,2020-11-27,put,0.24614265378893568,-0.28310127342916414,1.1387561810654856
SPY,-56.620254685832826,326.6600036621094,stock,2020-10-28,,,,,,
SPY,-2.0,9.77,option,2020-10-28,317.5,2020-11-27,put,0.24614265378893568,-0.32217361011717727,0.943176319547772
SPY,-64.43472202343546,326.6600036621094,stock,2020-10-28,,,,,,
SPY,-2.0,9.77,option,2020-10-28,317.5,2020-11-27,put,0.24614265378893568,-0.32217361011717727,0.943176319547772
SPY,-64.43472202343546,326.6600036621094,stock,2020-10-28,,,,,,
SPY,-34.63055067916493,326.6600036621094,stock,2020-10-28,,,,,,
SPY,62.06798491656819,329.9800109863281,stock,2020-10-29,,,,,,
SPY,-54.89548800254849,326.5400085449219,stock,2020-10-30,,,,,,
SPY,-2.0,6.880000000000001,option,2020-11-02,314.0,2020-12-02,put,0.26848480876191394,-0.23779990418411956,0.8647020781392087
SPY,-47.55998083682391,330.20001220703125,stock,2020-11-02,,,,,,
SPY,-2.0,6.880000000000001,option,2020-11-02,314.0,2020-12-02,put,0.26848480876191394,-0.23779990418411956,0.8647020781392087
SPY,-47.55998083682391,330.20001220703125,stock,2020-11-02,,,,,,
SPY,-2.0,7.130000000000001,option,2020-11-02,315.0,2020-12-02,put,0.26848480876191394,-0.2507637067338724,0.8013254214646164
SPY,-50.15274134677448,330.20001220703125,stock,2020-11-02,,,,,,
SPY,-2.0,7.130000000000001,option,2020-11-02,315.0,2020-12-02,put,0.26848480876191394,-0.2507637067338724,0.8013254214646164
SPY,-50.15274134677448,330.20001220703125,stock,2020-11-02,,,,,,
SPY,79.51104200673132,330.20001220703125,stock,2020-11-02,,,,,,
SPY,158.59406408256052,336.0299987792969,stock,2020-11-03,,,,,,
SPY,143.81663257881826,343.5400085449219,stock,2020-11-04,,,,,,
SPY,65.26786482743296,350.239990234375,stock,2020-11-05,,,,,,
SPY,22.305102977225083,350.1600036621094,stock,2020-11-06,,,,,,
SPY,2.0,1.8900000000000001,option,2020-11-09,372.0,2020-12-09,call,0.2690960726297362,0.2868826751562359,-0.5988757983863772
SPY,-57.37653503124718,354.55999755859375,stock,2020-11-09,,,,,,
SPY,2.0,1.8900000000000001,option,2020-11-09,372.0,2020-12-09,call,0.2690960726297362,0.2868826751562359,-0.5988757983863772
SPY,-57.37653503124718,354.55999755859375,stock,2020-11-09,,,,,,
SPY,2.0,2.1,option,2020-11-09,371.0,2020-12-09,call,0.2690960726297362,0.29888042987174473,-0.5781630497088838
SPY,-59.776085974348945,354.55999755859375,stock,2020-11-09,,,,,,
SPY,2.0,2.1,option,2020-11-09,371.0,2020-12-09,call,0.2690960726297362,0.29888042987174473,-0.5781630497088838
SPY,-59.776085974348945,354.55999755859375,stock,2020-11-09,,,,,,
SPY,2.0,2.325,option,2020-11-09,370.0,2020-12-09,call,0.2690960726297362,0.31113435707431636,-0.5576724108923016
SPY,-62.22687141486327,354.55999755859375,stock,2020-11-09,,,,,,
SPY,2.0,2.325,option,2020-11-09,370.0,2020-12-09,call,0.2690960726297362,0.31113435707431636,-0.5576724108923016
SPY,-62.22687141486327,354.55999755859375,stock,2020-11-09,,,,,,
SPY,2.0,2.565,option,2020-11-09,369.0,2020-12-09,call,0.2690960726297362,0.3236353111408522,-0.5375216548838365
SPY,-64.72706222817044,354.55999755859375,stock,2020-11-09,,,,,,
SPY,2.0,2.565,option,2020-11-09,369.0,2020-12-09,call,0.2690960726297362,0.3236353111408522,-0.5375216548838365
SPY,-64.72706222817044,354.55999755859375,stock,2020-11-09,,,,,,
SPY,2.0,2.83,option,2020-11-09,368.0,2020-12-09,call,0.2690960726297362,0.3363732563123124,-0.5160947680152572
SPY,-67.27465126246248,354.55999755859375,stock,2020-11-09,,,,,,
SPY,2.0,2.83,option,2020-11-09,368.0,2020-12-09,call,0.2690960726297362,0.3363732563123124,-0.5160947680152572
SPY,-67.27465126246248,354.55999755859375,stock,2020-11-09,,,,,,
SPY,96.65165001613866,354.55999755859375,stock,2020-11-09,,,,,,
SPY,45.20643956078939,354.0400085449219,stock,2020-11-10,,,,,,
SPY,2.0,1.5550000000000002,option,2020-11-11,374.0,2020-12-11,call,0.2422746262712507,0.2660918479801223,-0.5988018100098378
SPY,-53.21836959602446,356.6700134277344,stock,2020-11-11,,,,,,
SPY,2.0,1.5550000000000002,option,2020-11-11,374.0,2020-12-11,call,0.2422746262712507,0.2660918479801223,-0.5988018100098378
SPY,-53.21836959602446,356.6700134277344,stock,2020-11-11,,,,,,
SPY,2.0,1.7349999999999999,option,2020-11-11,373.0,2020-12-11,call,0.2422746262712507,0.2788943071758728,-0.5794318784737896
SPY,-55.77886143517456,356.6700134277344,stock,2020-11-11,,,,,,
SPY,2.0,1.7349999999999999,option,2020-11-11,373.0,2020-12-11,call,0.2422746262712507,0.2788943071758728,-0.5794318784737896
SPY,-55.77886143517456,356.6700134277344,stock,2020-11-11,,,,,,
SPY,2.0,1.935,option,2020-11-11,372.0,2020-12-11,call,0.2422746262712507,0.2920248091170647,-0.5589496426200019
SPY,-58.40496182341294,356.6700134277344,stock,2020-11-11,,,,,,
SPY,2.0,1.935,option,2020-11-11,372.0,2020-12-11,call,0.2422746262712507,0.2920248091170647,-0.5589496426200019
SPY,-58.40496182341294,356.6700134277344,stock,2020-11-11,,,,,,
SPY,2.0,2.1550000000000002,option,2020-11-11,371.0,2020-12-11,call,0.2422746262712507,0.30547254651866795,-0.5377400089782888
SPY,-61.09450930373359,356.6700134277344,stock,2020-11-11,,,,,,
SPY,2.0,2.1550000000000002,option,2020-11-11,371.0,2020-12-11,call,0.2422746262712507,0.30547254651866795,-0.5377400089782888
SPY,-61.09450930373359,356.6700134277344,stock,2020-11-11,,,,,,
SPY,2.0,2.4050000000000002,option,2020-11-11,370.0,2020-12-11,call,0.2422746262712507,0.31922537354513636,-0.5141001263735037
SPY,-63.84507470902727,356.6700134277344,stock,2020-11-11,,,,,,
SPY,2.0,2.4050000000000002,option,2020-11-11,370.0,2020-12-11,call,0.2422746262712507,0.31922537354513636,-0.5141001263735037
SPY,-63.84507470902727,356.6700134277344,stock,2020-11-11,,,,,,
SPY,-25.300984872734247,356.6700134277344,stock,2020-11-11,,,,,,
SPY,187.04384015850604,353.2099914550781,stock,2020-11-12,,,,,,
SPY,-224.47795828103517,358.1000061035156,stock,2020-11-13,,,,,,
SPY,1.0,1.375,option,2020-11-16,380.0,2020-12-16,call,0.2403126858695594,0.2665724343637147,-0.6491030892783571
SPY,-26.65724343637147,362.57000732421875,stock,2020-11-16,,,,,,
SPY,-213.70706977519,362.57000732421875,stock,2020-11-16,,,,,,
SPY,140.15774381478715,360.6199951171875,stock,2020-11-17,,,,,,
SPY,286.58768960903546,356.2799987792969,stock,2020-11-18,,,,,,
SPY,-67.83449874374139,357.7799987792969,stock,2020-11-19,,,,,,
SPY,172.95981073943454,355.3299865722656,stock,2020-11-20,,,,,,
SPY,2.0,1.0150000000000001,option,2020-11-23,375.0,2020-12-23,call,0.23082175976514352,0.25272019989774797,-0.7069359291285101
SPY,-50.544039979549595,357.4599914550781,stock,2020-11-23,,,,,,
SPY,2.0,1.0150000000000001,option,2020-11-23,375.0,2020-12-23,call,0.23082175976514352,0.25272019989774797,-0.7069359291285101
SPY,-50.544039979549595,357.4599914550781,stock,2020-11-23,,,,,,
SPY,2.0,1.145,option,2020-11-23,374.0,2020-12-23,call,0.23082175976514352,0.2657877295091018,-0.6906470778060765
SPY,-53.157545901820356,357.4599914550781,stock,2020-11-23,,,,,,
SPY,2.0,1.145,option,2020-11-23,374.0,2020-12-23,call,0.23082175976514352,0.2657877295091018,-0.6906470778060765
SPY,-53.157545901820356,357.4599914550781,stock,2020-11-23,,,,,,
SPY,-48.07470090896004,357.4599914550781,stock,2020-11-23,,,,,,
SPY,2.0,0.995,option,2020-11-24,381.0,2020-12-24,call,0.2303742796204676,0.25280733994167914,-0.7168632466570367
SPY,-50.56146798833583,363.2200012207031,stock,2020-11-24,,,,,,
SPY,1.0,0.995,option,2020-11-24,381.0,2020-12-24,call,0.2303742796204676,0.25280733994167914,-0.7168632466570367
SPY,-25.280733994167914,363.2200012207031,stock,2020-11-24,,,,,,
SPY,-454.6383525924997,363.2200012207031,stock,2020-11-24,,,,,,
SPY,78.52096682444524,362.6600036621094,stock,2020-11-25,,,,,,
SPY,-43.33372836364876,363.6700134277344,stock,2020-11-27,,,,,,
SPY,280.96153766389233,362.05999755859375,stock,2020-11-30,,,,,,
SPY,-417.28573192296255,366.0199890136719,stock,2020-12-01,,,,,,
SPY,-63.13525275595747,366.7900085449219,stock,2020-12-02,,,,,,
SPY,52.14684754659655,366.69000244140625,stock,2020-12-03,,,,,,
SPY,-432.6493466316244,369.8500061035156,stock,2020-12-04,,,,,,
SPY,233.55690952637622,369.0899963378906,stock,2020-12-07,,,,,,
SPY,-204.85787752662904,370.1700134277344,stock,2020-12-08,,,,,,
SPY,1504.069065880374,366.8500061035156,stock,2020-12-09,,,,,,
SPY,180.87485195261897,366.7300109863281,stock,2020-12-10,,,,,,
SPY,306.2185337351367,366.29998779296875,stock,2020-12-11,,,,,,
SPY,-2.0,4.5,option,2020-12-14,350.0,2021-01-13,put,0.1782818361482421,-0.19475352534127732,1.1835588502116035
SPY,-38.950705068255466,364.6600036621094,stock,2020-12-14,,,,,,
SPY,-2.0,4.5,option,2020-12-14,350.0,2021-01-13,put,0.1782818361482421,-0.19475352534127732,1.1835588502116035
SPY,-38.950705068255466,364.6600036621094,stock,2020-12-14,,,,,,
SPY,78.22218644811515,364.6600036621094,stock,2020-12-14,,,,,,
SPY,-90.58652944361211,369.5899963378906,stock,2020-12-15,,,,,,
SPY,-2.0,3.3899999999999997,option,2020-12-16,352.0,2021-01-15,put,0.1755492796873979,-0.14505458960504902,1.387043605790943
SPY,-29.010917921009806,370.1700134277344,stock,2020-12-16,,,,,,
SPY,-2.0,3.3899999999999997,option,2020-12-16,352.0,2021-01-15,put,0.1755492796873979,-0.14505458960504902,1.387043605790943
SPY,-29.010917921009806,370.1700134277344,stock,2020-12-16,,,,,,
SPY,-2.0,3.545,option,2020-12-16,353.0,2021-01-15,put,0.1755492796873979,-0.15828900661285994,1.2385254869330884
SPY,-31.657801322571988,370.1700134277344,stock,2020-12-16,,,,,,
SPY,-2.0,3.545,option,2020-12-16,353.0,2021-01-15,put,0.1755492796873979,-0.15828900661285994,1.2385254869330884
SPY,-31.657801322571988,370.1700134277344,stock,2020-12-16,,,,,,
SPY,-2.0,3.705,option,2020-12-16,354.0,2021-01-15,put,0.1755492796873979,-0.17225113014280113,1.1034922804903329
SPY,-34.45022602856022,370.1700134277344,stock,2020-12-16,,,,,,
SPY,-2.0,3.705,option,2020-12-16,354.0,2021-01-15,put,0.1755492796873979,-0.17225113014280113,1.1034922804903329
SPY,-34.45022602856022,370.1700134277344,stock,2020-12-16,,,,,,
SPY,-2.0,3.875,option,2020-12-16,355.0,2021-01-15,put,0.1755492796873979,-0.18693237050590672,0.9830527560529619
SPY,-37.38647410118134,370.1700134277344,stock,2020-12-16,,,,,,
SPY,-2.0,3.875,option,2020-12-16,355.0,2021-01-15,put,0.1755492796873979,-0.18693237050590672,0.9830527560529619
SPY,-37.38647410118134,370.1700134277344,stock,2020-12-16,,,,,,
SPY,-2.0,4.05,option,2020-12-16,356.0,2021-01-15,put,0.1755492796873979,-0.20231925050372224,0.872887049723517
SPY,-40.463850100744445,370.1700134277344,stock,2020-12-16,,,,,,
SPY,-2.0,4.05,option,2020-12-16,356.0,2021-01-15,put,0.1755492796873979,-0.20231925050372224,0.872887049723517
SPY,-40.463850100744445,370.1700134277344,stock,2020-12-16,,,,,,
SPY,2.0,0.84,option,2020-12-16,388.0,2021-01-15,call,0.1755492796873979,0.19027238286055698,-0.5593837157962502
SPY,-38.0544765721114,370.1700134277344,stock,2020-12-16,,,,,,
SPY,2.0,0.84,option,2020-12-16,388.0,2021-01-15,call,0.1755492796873979,0.19027238286055698,-0.5593837157962502
SPY,-38.0544765721114,370.1700134277344,stock,2020-12-16,,,,,,
SPY,2.0,0.955,option,2020-12-16,387.0,2021-01-15,call,0.1755492796873979,0.2045107364217611,-0.5430144168261811
SPY,-40.90214728435222,370.1700134277344,stock,2020-12-16,,,,,,
SPY,2.0,0.955,option,2020-12-16,387.0,2021-01-15,call,0.1755492796873979,0.2045107364217611,-0.5430144168261811
SPY,-40.90214728435222,370.1700134277344,stock,2020-12-16,,,,,,
SPY,2.0,1.085,option,2020-12-16,386.0,2021-01-15,call,0.1755492796873979,0.2194038849495734,-0.5255950041116101
SPY,-43.88077698991468,370.1700134277344,stock,2020-12-16,,,,,,
SPY,2.0,1.085,option,2020-12-16,386.0,2021-01-15,call,0.1755492796873979,0.2194038849495734,-0.5255950041116101
SPY,-43.88077698991468,370.1700134277344,stock,2020-12-16,,,,,,
SPY,-5.95866989320993,370.1700134277344,stock,2020-12-16,,,,,,
SPY,-19.23291474538425,372.239990234375,stock,2020-12-17,,,,,,
SPY,-4.0,0.755,option,2020-12-18,374.0,2020-12-23,call,0.15351099784360347,0.23811965974469063,
SPY,95.24786389787624,369.17999267578125,stock,2020-12-18,,,,,,
SPY,-4.0,0.77,option,2020-12-18,388.0,2021-01-15,call,0.15351099784360347,0.12575054903969407,
SPY,50.30021961587763,369.17999267578125,stock,2020-12-18,,,,,,
SPY,-4.0,0.89,option,2020-12-18,387.0,2021-01-15,call,0.15351099784360347,0.13873607444266844,
SPY,55.49442977706738,369.17999267578125,stock,2020-12-18,,,,,,
SPY,-4.0,1.03,option,2020-12-18,386.0,2021-01-15,call,0.15351099784360347,0.15264315714158905,
SPY,61.05726285663562,369.17999267578125,stock,2020-12-18,,,,,,
SPY,172.0592343515924,369.17999267578125,stock,2020-12-18,,,,,,
SPY,-2.0,3.76,option,2020-12-21,350.0,2021-01-20,put,0.1848553690687747,-0.1594739407084892,1.24504627370694
SPY,-31.894788141697838,367.8599853515625,stock,2020-12-21,,,,,,
SPY,-2.0,3.76,option,2020-12-21,350.0,2021-01-20,put,0.1848553690687747,-0.1594739407084892,1.24504627370694
SPY,-31.894788141697838,367.8599853515625,stock,2020-12-21,,,,,,
SPY,71.42274645294087,367.8599853515625,stock,2020-12-21,,,,,,
SPY,30.967914163613116,367.239990234375,stock,2020-12-22,,,,,,
SPY,-2.0,3.47,option,2020-12-23,350.0,2021-01-22,put,0.1537887734060996,-0.12094898127752496,2.523977315500595
SPY,-24.18979625550499,367.57000732421875,stock,2020-12-23,,,,,,
SPY,-2.0,3.47,option,2020-12-23,350.0,2021-01-22,put,0.1537887734060996,-0.12094898127752496,2.523977315500595
SPY,-24.18979625550499,367.57000732421875,stock,2020-12-23,,,,,,
SPY,-2.0,3.62,option,2020-12-23,351.0,2021-01-22,put,0.1537887734060996,-0.1344616025993266,2.227756881683242
SPY,-26.892320519865322,367.57000732421875,stock,2020-12-23,,,,,,
SPY,-1.0,3.62,option,2020-12-23,351.0,2021-01-22,put,0.1537887734060996,-0.1344616025993266,2.227756881683242
SPY,-13.446160259932661,367.57000732421875,stock,2020-12-23,,,,,,
SPY,43.61635603082832,367.57000732421875,stock,2020-12-23,,,,,,
SPY,89.83140344980356,369.0,stock,2020-12-24,,,,,,
SPY,206.42808356166907,372.1700134277344,stock,2020-12-28,,,,,,
SPY,-7.243962472433822,371.4599914550781,stock,2020-12-29,,,,,,
SPY,38.72739063349876,371.989990234375,stock,2020-12-30,,,,,,
SPY,77.50823470792957,373.8800048828125,stock,2020-12-31,,,,,,
SPY,-84.04917855856145,368.7900085449219,stock,2021-01-04,,,,,,
SPY,115.28054942211989,371.3299865722656,stock,2021-01-05,,,,,,
SPY,70.95753945442212,373.54998779296875,stock,2021-01-06,,,,,,
SPY,66.176914478987,379.1000061035156,stock,2021-01-07,,,,,,
SPY,10.77317629937531,381.260009765625,stock,2021-01-08,,,,,,
SPY,-1.0,3.675,option,2021-01-11,360.0,2021-02-10,put,0.1366806605134838,-0.08799521388484455,5.000702870778584
SPY,-8.799521388484454,378.69000244140625,stock,2021-01-11,,,,,,
SPY,2.7569595726690377,378.69000244140625,stock,2021-01-11,,,,,,
SPY,1.7397796783448314,378.7699890136719,stock,2021-01-12,,,,,,
SPY,-2.0,3.22,option,2021-01-13,361.0,2021-02-12,put,0.13816626313761532,-0.08975349992560044,4.063873703742121
SPY,-17.95069998512009,379.7900085449219,stock,2021-01-13,,,,,,
SPY,-1.0,3.22,option,2021-01-13,361.0,2021-02-12,put,0.13816626313761532,-0.08975349992560044,4.063873703742121
SPY,-8.975349992560044,379.7900085449219,stock,2021-01-13,,,,,,
SPY,0.4225444249466115,379.7900085449219,stock,2021-01-13,,,,,,
SPY,-4.578573598548406,378.4599914550781,stock,2021-01-14,,,,,,
SPY,-13.768813779880706,375.70001220703125,stock,2021-01-15,,,,,,
SPY,23.246838051557656,378.6499938964844,stock,2021-01-19,,,,,,
SPY,-2.0,3.0599999999999996,option,2021-01-20,365.0,2021-02-19,put,0.1376925004350577,-0.09018472762157514,3.75014893214891
SPY,-18.03694552431503,383.8900146484375,stock,2021-01-20,,,,,,
SPY,-2.0,3.0599999999999996,option,2021-01-20,365.0,2021-02-19,put,0.1376925004350577,-0.09018472762157514,3.75014893214891
SPY,-18.03694552431503,383.8900146484375,stock,2021-01-20,,,,,,
SPY,-2.0,3.1950000000000003,option,2021-01-20,366.0,2021-02-19,put,0.1376925004350577,-0.10198719484112995,3.2775802093185247
SPY,-20.39743896822599,383.8900146484375,stock,2021-01-20,,,,,,
SPY,-2.0,3.1950000000000003,option,2021-01-20,366.0,2021-02-19,put,0.1376925004350577,-0.10198719484112995,3.2775802093185247
SPY,-20.39743896822599,383.8900146484375,stock,2021-01-20,,,,,,
SPY,-2.0,3.33,option,2021-01-20,367.0,2021-02-19,put,0.1376925004350577,-0.11483878282643933,2.8605491613939718
SPY,-22.967756565287868,383.8900146484375,stock,2021-01-20,,,,,,
SPY,-2.0,3.33,option,2021-01-20,367.0,2021-02-19,put,0.1376925004350577,-0.11483878282643933,2.8605491613939718
SPY,-22.967756565287868,383.8900146484375,stock,2021-01-20,,,,,,
SPY,-2.0,3.475,option,2021-01-20,368.0,2021-02-19,put,0.1376925004350577,-0.12876294127536014,2.5022214213514373
SPY,-25.752588255072027,383.8900146484375,stock,2021-01-20,,,,,,
SPY,-2.0,3.475,option,2021-01-20,368.0,2021-02-19,put,0.1376925004350577,-0.12876294127536014,2.5022214213514373
SPY,-25.752588255072027,383.8900146484375,stock,2021-01-20,,,,,,
SPY,-2.0,3.625,option,2021-01-20,369.0,2021-02-19,put,0.1376925004350577,-0.14377453148435304,2.188286432705667
SPY,-28.754906296870608,383.8900146484375,stock,2021-01-20,,,,,,
SPY,-2.0,3.625,option,2021-01-20,369.0,2021-02-19,put,0.1376925004350577,-0.14377453148435304,2.188286432705667
SPY,-28.754906296870608,383.8900146484375,stock,2021-01-20,,,,,,
SPY,-2.0,3.79,option,2021-01-20,370.0,2021-02-19,put,0.1376925004350577,-0.15987903210658616,1.920086655164637
SPY,-31.97580642131723,383.8900146484375,stock,2021-01-20,,,,,,
SPY,-2.0,3.79,option,2021-01-20,370.0,2021-02-19,put,0.1376925004350577,-0.15987903210658616,1.920086655164637
SPY,-31.97580642131723,383.8900146484375,stock,2021-01-20,,,,,,
SPY,-1.1521589099473744,383.8900146484375,stock,2021-01-20,,,,,,
SPY,22.612306559768015,384.239990234375,stock,2021-01-21,,,,,,
SPY,-38.843205906200694,382.8800048828125,stock,2021-01-22,,,,,,
SPY,-2.0,4.1,option,2021-01-25,370.0,2021-02-24,put,0.14042596929878284,-0.15656050275750988,2.174579245713367
SPY,-31.312100551501977,384.3900146484375,stock,2021-01-25,,,,,,
SPY,-2.0,4.1,option,2021-01-25,370.0,2021-02-24,put,0.14042596929878284,-0.15656050275750988,2.174579245713367
SPY,-31.312100551501977,384.3900146484375,stock,2021-01-25,,,,,,
SPY,-2.0,5.055,option,2021-01-25,375.0,2021-02-24,put,0.14042596929878284,-0.24974984429953573,1.1488379121099113
SPY,-49.949968859907145,384.3900146484375,stock,2021-01-25,,,,,,
SPY,81.1214957786931,384.3900146484375,stock,2021-01-25,,,,,,
SPY,-12.641320393800058,383.7900085449219,stock,2021-01-26,,,,,,
SPY,-595.0140340680582,374.4100036621094,stock,2021-01-27,,,,,,
SPY,267.72322215711574,377.6300048828125,stock,2021-01-28,,,,,,
SPY,2.0,12.355,option,2021-01-29,375.0,2021-02-24,put,0.1890663999134069,-0.5934199596090672,
SPY,118.68399192181344,370.07000732421875,stock,2021-01-29,,,,,,
SPY,-648.8472463703458,370.07000732421875,stock,2021-01-29,,,,,,
SPY,582.1756653082431,376.2300109863281,stock,2021-02-01,,,,,,
SPY,4.0,3.03,option,2021-02-02,370.0,2021-02-19,put,0.21043985745774016,-0.24194676879164057,
SPY,96.77870751665623,381.54998779296875,stock,2021-02-02,,,,,,
SPY,4.0,3.84,option,2021-02-02,370.0,2021-02-24,put,0.21043985745774016,-0.26717302823182876,
SPY,106.8692112927315,381.54998779296875,stock,2021-02-02,,,,,,
SPY,269.4985133933962,381.54998779296875,stock,2021-02-02,,,,,,
SPY,-2.0,3.485,option,2021-02-03,364.0,2021-03-05,put,0.18560629575358986,-0.16923612389429055,0.8525438121257255
SPY,-33.847224778858106,381.8500061035156,stock,2021-02-03,,,,,,
SPY,-2.0,3.485,option,2021-02-03,364.0,2021-03-05,put,0.18560629575358986,-0.16923612389429055,0.8525438121257255
SPY,-33.847224778858106,381.8500061035156,stock,2021-02-03,,,,,,
SPY,19.026454257908966,381.8500061035156,stock,2021-02-03,,,,,,
SPY,122.40964298275402,386.19000244140625,stock,2021-02-04,,,,,,
SPY,33.33186424023914,387.7099914550781,stock,2021-02-05,,,,,,
SPY,2.0,0.75,option,2021-02-08,410.0,2021-03-10,call,0.18755993770513593,0.19813838795229044,-0.6679381504310778
SPY,-39.62767759045809,390.510009765625,stock,2021-02-08,,,,,,
SPY,2.0,0.75,option,2021-02-08,410.0,2021-03-10,call,0.18755993770513593,0.19813838795229044,-0.6679381504310778
SPY,-39.62767759045809,390.510009765625,stock,2021-02-08,,,,,,
SPY,2.0,1.34,option,2021-02-08,406.0,2021-03-10,call,0.18755993770513593,0.25271727974209945,-0.566792859206902
SPY,-50.54345594841989,390.510009765625,stock,2021-02-08,,,,,,
SPY,2.0,1.34,option,2021-02-08,406.0,2021-03-10,call,0.18755993770513593,0.25271727974209945,-0.566792859206902
SPY,-50.54345594841989,390.510009765625,stock,2021-02-08,,,,,,
SPY,2.0,1.54,option,2021-02-08,405.0,2021-03-10,call,0.18755993770513593,0.26759562151964156,-0.538340007179481
SPY,-53.51912430392831,390.510009765625,stock,2021-02-08,,,,,,
SPY,2.0,1.54,option,2021-02-08,405.0,2021-03-10,call,0.18755993770513593,0.26759562151964156,-0.538340007179481
SPY,-53.51912430392831,390.510009765625,stock,2021-02-08,,,,,,
SPY,2.0,1.76,option,2021-02-08,404.0,2021-03-10,call,0.18755993770513593,0.2829414475699976,-0.5101506014933144
SPY,-56.58828951399953,390.510009765625,stock,2021-02-08,,,,,,
SPY,2.0,1.76,option,2021-02-08,404.0,2021-03-10,call,0.18755993770513593,0.2829414475699976,-0.5101506014933144
SPY,-56.58828951399953,390.510009765625,stock,2021-02-08,,,,,,
SPY,61.45138815706224,390.510009765625,stock,2021-02-08,,,,,,
SPY,15.624036267442193,390.25,stock,2021-02-09,,,,,,
SPY,2.0,0.9199999999999999,option,2021-02-10,409.0,2021-03-12,call,0.1871077639053225,0.20454816366968037,-0.6075229972815909
SPY,-40.90963273393607,390.0799865722656,stock,2021-02-10,,,,,,
SPY,2.0,0.9199999999999999,option,2021-02-10,409.0,2021-03-12,call,0.1871077639053225,0.20454816366968037,-0.6075229972815909
SPY,-40.90963273393607,390.0799865722656,stock,2021-02-10,,,,,,
SPY,2.0,1.065,option,2021-02-10,408.0,2021-03-12,call,0.1871077639053225,0.21773972930507507,-0.5806584540038635
SPY,-43.547945861015016,390.0799865722656,stock,2021-02-10,,,,,,
SPY,2.0,1.065,option,2021-02-10,408.0,2021-03-12,call,0.1871077639053225,0.21773972930507507,-0.5806584540038635
SPY,-43.547945861015016,390.0799865722656,stock,2021-02-10,,,,,,
SPY,2.0,1.23,option,2021-02-10,407.0,2021-03-12,call,0.1871077639053225,0.23144325888785683,-0.5524283099671805
SPY,-46.28865177757137,390.0799865722656,stock,2021-02-10,,,,,,
SPY,2.0,1.23,option,2021-02-10,407.0,2021-03-12,call,0.1871077639053225,0.23144325888785683,-0.5524283099671805
SPY,-46.28865177757137,390.0799865722656,stock,2021-02-10,,,,,,
SPY,2.0,1.42,option,2021-02-10,406.0,2021-03-12,call,0.1871077639053225,0.24565015742930457,-0.5218865455086356
SPY,-49.13003148586091,390.0799865722656,stock,2021-02-10,,,,,,
SPY,2.0,1.42,option,2021-02-10,406.0,2021-03-12,call,0.1871077639053225,0.24565015742930457,-0.5218865455086356
SPY,-49.13003148586091,390.0799865722656,stock,2021-02-10,,,,,,
SPY,28.36855105913196,390.0799865722656,stock,2021-02-10,,,,,,
SPY,-9.687645726377767,390.7099914550781,stock,2021-02-11,,,,,,
SPY,-73.0957178610246,392.6400146484375,stock,2021-02-12,,,,,,
SPY,83.0999351346295,392.29998779296875,stock,2021-02-16,,,,,,
SPY,-2.0,3.3499999999999996,option,2021-02-17,373.0,2021-03-19,put,0.17975698846296576,-0.14892894938121803,1.1019402532244056
SPY,-29.785789876243605,392.3900146484375,stock,2021-02-17,,,,,,
SPY,-2.0,3.3499999999999996,option,2021-02-17,373.0,2021-03-19,put,0.17975698846296576,-0.14892894938121803,1.1019402532244056
SPY,-29.785789876243605,392.3900146484375,stock,2021-02-17,,,,,,
SPY,-2.0,3.4850000000000003,option,2021-02-17,374.0,2021-03-19,put,0.17975698846296576,-0.16131074281103008,0.9788073469749838
SPY,-32.262148562206015,392.3900146484375,stock,2021-02-17,,,,,,
SPY,-2.0,3.4850000000000003,option,2021-02-17,374.0,2021-03-19,put,0.17975698846296576,-0.16131074281103008,0.9788073469749838
SPY,-32.262148562206015,392.3900146484375,stock,2021-02-17,,,,,,
SPY,-2.0,3.63,option,2021-02-17,375.0,2021-03-19,put,0.17975698846296576,-0.1743095921747776,0.8693295611561661
SPY,-34.86191843495552,392.3900146484375,stock,2021-02-17,,,,,,
SPY,2.0,0.6,option,2021-02-17,412.0,2021-03-19,call,0.17975698846296576,0.18710090380717792,-0.7036447483923006
SPY,-37.42018076143558,392.3900146484375,stock,2021-02-17,,,,,,
SPY,7.798931332798027,392.3900146484375,stock,2021-02-17,,,,,,
SPY,89.80769766107451,390.7200012207031,stock,2021-02-18,,,,,,
SPY,50.52506299195685,390.0299987792969,stock,2021-02-19,,,,,,
SPY,-2.0,4.23,option,2021-02-22,370.0,2021-03-24,put,0.17428614031027923,-0.1689120624217656,1.3718752526425486
SPY,-33.78241248435312,387.0299987792969,stock,2021-02-22,,,,,,
SPY,-2.0,4.23,option,2021-02-22,370.0,2021-03-24,put,0.17428614031027923,-0.1689120624217656,1.3718752526425486
SPY,-33.78241248435312,387.0299987792969,stock,2021-02-22,,,,,,
SPY,2.0,0.825,option,2021-02-22,406.0,2021-03-24,call,0.17428614031027923,0.18411792173941655,-0.5654691561165275
SPY,-36.82358434788331,387.0299987792969,stock,2021-02-22,,,,,,
SPY,2.0,0.825,option,2021-02-22,406.0,2021-03-24,call,0.17428614031027923,0.18411792173941655,-0.5654691561165275
SPY,-36.82358434788331,387.0299987792969,stock,2021-02-22,,,,,,
SPY,2.0,0.95,option,2021-02-22,405.0,2021-03-24,call,0.17428614031027923,0.19754367627496477,-0.5423437998746822
SPY,-39.508735254992956,387.0299987792969,stock,2021-02-22,,,,,,
SPY,2.0,0.95,option,2021-02-22,405.0,2021-03-24,call,0.17428614031027923,0.19754367627496477,-0.5423437998746822
SPY,-39.508735254992956,387.0299987792969,stock,2021-02-22,,,,,,
SPY,2.0,1.1099999999999999,option,2021-02-22,404.0,2021-03-24,call,0.17428614031027923,0.21158014199987868,-0.5101740639929637
SPY,-42.316028399975735,387.0299987792969,stock,2021-02-22,,,,,,
SPY,177.21391576106762,387.0299987792969,stock,2021-02-22,,,,,,
SPY,21.255190744412516,387.5,stock,2021-02-23,,,,,,
SPY,-2.0,3.255,option,2021-02-24,372.5,2021-03-26,put,0.17405284098959728,-0.14260609267314406,1.231334065049869
SPY,-28.52121853462881,391.7699890136719,stock,2021-02-24,,,,,,
SPY,-2.0,3.255,option,2021-02-24,372.5,2021-03-26,put,0.17405284098959728,-0.14260609267314406,1.231334065049869
SPY,-28.52121853462881,391.7699890136719,stock,2021-02-24,,,,,,
SPY,-2.0,3.325,option,2021-02-24,373.0,2021-03-26,put,0.17405284098959728,-0.14875173155378907,1.1628461183632834
SPY,-29.750346310757813,391.7699890136719,stock,2021-02-24,,,,,,
SPY,-153.82654918239416,391.7699890136719,stock,2021-02-24,,,,,,
SPY,233.12703126021106,382.3299865722656,stock,2021-02-25,,,,,,
SPY,8.167784165900201,380.3599853515625,stock,2021-02-26,,,,,,
SPY,2.0,0.77,option,2021-03-01,409.0,2021-03-31,call,0.19596204938420786,0.20939117542632618,-0.6948520197293746
SPY,-41.87823508526524,389.5799865722656,stock,2021-03-01,,,,,,
SPY,85.99672323707534,389.5799865722656,stock,2021-03-01,,,,,,
SPY,116.7560479327885,386.5400085449219,stock,2021-03-02,,,,,,
SPY,4.0,5.285,option,2021-03-03,374.0,2021-03-19,put,0.23708133788443744,-0.3369127010020271,
SPY,134.76508040081083,381.4200134277344,stock,2021-03-03,,,,,,
SPY,2.0,5.5649999999999995,option,2021-03-03,375.0,2021-03-19,put,0.23708133788443744,-0.3567687648932476,
SPY,71.35375297864952,381.4200134277344,stock,2021-03-03,,,,,,
SPY,4.0,6.005,option,2021-03-03,372.5,2021-03-26,put,0.23708133788443744,-0.33441508373314066,
SPY,133.76603349325626,381.4200134277344,stock,2021-03-03,,,,,,
SPY,2.0,6.135,option,2021-03-03,373.0,2021-03-26,put,0.23708133788443744,-0.3426597638653981,
SPY,68.53195277307962,381.4200134277344,stock,2021-03-03,,,,,,
SPY,-55.099886713195275,381.4200134277344,stock,2021-03-03,,,,,,
SPY,4.0,6.630000000000001,option,2021-03-04,373.0,2021-03-19,put,0.23713590744159907,-0.4091990825632039,
SPY,163.67963302528156,376.70001220703125,stock,2021-03-04,,,,,,
SPY,4.0,6.51,option,2021-03-04,370.0,2021-03-24,put,0.23713590744159907,-0.3626701411336958,
SPY,145.0680564534783,376.70001220703125,stock,2021-03-04,,,,,,
SPY,-31.288938684926023,376.70001220703125,stock,2021-03-04,,,,,,
SPY,-82.5663758027878,383.6300048828125,stock,2021-03-05,,,,,,
SPY,2.0,1.29,option,2021-03-08,400.0,2021-04-07,call,0.24887375036585352,0.27529080634337133,-0.7103282691819912
SPY,-55.05816126867427,381.7200012207031,stock,2021-03-08,,,,,,
SPY,2.0,1.29,option,2021-03-08,400.0,2021-04-07,call,0.24887375036585352,0.27529080634337133,-0.7103282691819912
SPY,-55.05816126867427,381.7200012207031,stock,2021-03-08,,,,,,
SPY,2.0,2.4050000000000002,option,2021-03-08,395.0,2021-04-07,call,0.24887375036585352,0.3370266418439929,-0.5893519422327572
SPY,-67.40532836879858,381.7200012207031,stock,2021-03-08,,,,,,
SPY,2.0,2.4050000000000002,option,2021-03-08,395.0,2021-04-07,call,0.24887375036585352,0.3370266418439929,-0.5893519422327572
SPY,-67.40532836879858,381.7200012207031,stock,2021-03-08,,,,,,
SPY,75.59599225831184,381.7200012207031,stock,2021-03-08,,,,,,
SPY,-118.14411011244124,387.1700134277344,stock,2021-03-09,,,,,,
SPY,2.0,1.13,option,2021-03-10,407.5,2021-04-09,call,0.22604860826560888,0.26233146179336975,-0.7091626597390513
SPY,-52.46629235867395,389.5799865722656,stock,2021-03-10,,,,,,
SPY,2.0,1.13,option,2021-03-10,407.5,2021-04-09,call,0.22604860826560888,0.26233146179336975,-0.7091626597390513
SPY,-52.46629235867395,389.5799865722656,stock,2021-03-10,,,,,,
SPY,2.0,1.3599999999999999,option,2021-03-10,406.0,2021-04-09,call,0.22604860826560888,0.2812036906602412,-0.6808026108164326
SPY,-56.24073813204824,389.5799865722656,stock,2021-03-10,,,,,,
SPY,2.0,1.3599999999999999,option,2021-03-10,406.0,2021-04-09,call,0.22604860826560888,0.2812036906602412,-0.6808026108164326
SPY,-56.24073813204824,389.5799865722656,stock,2021-03-10,,,,,,
SPY,2.0,1.5350000000000001,option,2021-03-10,405.0,2021-04-09,call,0.22604860826560888,0.2941793367286112,-0.6608655837377669
SPY,-58.835867345722235,389.5799865722656,stock,2021-03-10,,,,,,
SPY,2.0,1.5350000000000001,option,2021-03-10,405.0,2021-04-09,call,0.22604860826560888,0.2941793367286112,-0.6608655837377669
SPY,-58.835867345722235,389.5799865722656,stock,2021-03-10,,,,,,
SPY,2.0,1.73,option,2021-03-10,404.0,2021-04-09,call,0.22604860826560888,0.3074580244270661,-0.639913393758172
SPY,-61.49160488541322,389.5799865722656,stock,2021-03-10,,,,,,
SPY,2.0,1.73,option,2021-03-10,404.0,2021-04-09,call,0.22604860826560888,0.3074580244270661,-0.639913393758172
SPY,-61.49160488541322,389.5799865722656,stock,2021-03-10,,,,,,
SPY,2.0,1.95,option,2021-03-10,403.0,2021-04-09,call,0.22604860826560888,0.3210278236827383,-0.6173106531443265
SPY,-64.20556473654766,389.5799865722656,stock,2021-03-10,,,,,,
SPY,-40.89804880441197,389.5799865722656,stock,2021-03-10,,,,,,
SPY,-214.27861068079815,393.5299987792969,stock,2021-03-11,,,,,,
SPY,-14.015629252038366,394.05999755859375,stock,2021-03-12,,,,,,
SPY,-98.15793561428332,396.4100036621094,stock,2021-03-15,,,,,,
SPY,60.99684653604207,395.9100036621094,stock,2021-03-16,,,,,,
SPY,-76.05384549049647,397.260009765625,stock,2021-03-17,,,,,,
SPY,423.62767236198954,391.4800109863281,stock,2021-03-18,,,,,,
SPY,136.58647980915117,389.4800109863281,stock,2021-03-19,,,,,,
SPY,2.0,0.79,option,2021-03-22,410.0,2021-04-21,call,0.193593141650584,0.234398578157468,-0.7282100183335535
SPY,-46.8797156314936,392.5899963378906,stock,2021-03-22,,,,,,
SPY,2.0,0.79,option,2021-03-22,410.0,2021-04-21,call,0.193593141650584,0.234398578157468,-0.7282100183335535
SPY,-46.8797156314936,392.5899963378906,stock,2021-03-22,,,,,,
SPY,2.0,1.57,option,2021-03-22,405.0,2021-04-21,call,0.193593141650584,0.30735542314295117,-0.6230036652128818
SPY,-61.47108462859023,392.5899963378906,stock,2021-03-22,,,,,,
SPY,2.0,1.57,option,2021-03-22,405.0,2021-04-21,call,0.193593141650584,0.30735542314295117,-0.6230036652128818
SPY,-61.47108462859023,392.5899963378906,stock,2021-03-22,,,,,,
SPY,-66.69629907096785,392.5899963378906,stock,2021-03-22,,,,,,
SPY,206.92570141118213,389.5,stock,2021-03-23,,,,,,
SPY,2.0,0.815,option,2021-03-24,406.0,2021-04-23,call,0.19565660118053782,0.21971483780104462,-0.6943058458454235
SPY,-43.94296756020892,387.5199890136719,stock,2021-03-24,,,,,,
SPY,2.0,0.9450000000000001,option,2021-03-24,405.0,2021-04-23,call,0.19565660118053782,0.23294201926493463,-0.6713604947000612
SPY,-46.58840385298693,387.5199890136719,stock,2021-03-24,,,,,,
SPY,2.0,1.085,option,2021-03-24,404.0,2021-04-23,call,0.19565660118053782,0.24663433228786835,-0.6497512865012027
SPY,-49.32686645757367,387.5199890136719,stock,2021-03-24,,,,,,
SPY,2.0,1.255,option,2021-03-24,403.0,2021-04-23,call,0.19565660118053782,0.26078180802262585,-0.6235142292100326
SPY,-52.15636160452517,387.5199890136719,stock,2021-03-24,,,,,,
SPY,2.0,1.3450000000000002,option,2021-03-24,402.5,2021-04-23,call,0.19565660118053782,0.26802250074101397,-0.6108716167927483
SPY,-53.604500148202796,387.5199890136719,stock,2021-03-24,,,,,,
SPY,2.0,1.44,option,2021-03-24,402.0,2021-04-23,call,0.19565660118053782,0.27537222233843767,-0.5980952198301491
SPY,-55.074444467687535,387.5199890136719,stock,2021-03-24,,,,,,
SPY,1.0,1.6549999999999998,option,2021-03-24,401.0,2021-04-23,call,0.19565660118053782,0.2903910716629032,-0.5697599696998853
SPY,-29.039107166290318,387.5199890136719,stock,2021-03-24,,,,,,
SPY,142.8945754682723,387.5199890136719,stock,2021-03-24,,,,,,
SPY,-130.06964214389825,389.70001220703125,stock,2021-03-25,,,,,,
SPY,-507.67997233175043,395.9800109863281,stock,2021-03-26,,,,,,
SPY,-4.0,4.225,option,2021-03-29,395.0,2021-04-07,call,0.20332714513079653,0.5310115503281687,
SPY,212.40462013126748,395.7799987792969,stock,2021-03-29,,,,,,
SPY,100.79930562808073,395.7799987792969,stock,2021-03-29,,,,,,
SPY,122.90291514814632,394.7300109863281,stock,2021-03-30,,,,,,
SPY,-110.82326748409827,396.3299865722656,stock,2021-03-31,,,,,,
SPY,-400.0923295163624,400.6099853515625,stock,2021-04-01,,,,,,
SPY,-4.0,3.79,option,2021-04-05,404.0,2021-04-09,call,0.20581279575645398,0.6107164072609539,
SPY,244.28656290438155,406.3599853515625,stock,2021-04-05,,,,,,
SPY,-2.0,4.535,option,2021-04-05,403.0,2021-04-09,call,0.20581279575645398,0.6540264099814406,
SPY,130.8052819962881,406.3599853515625,stock,2021-04-05,,,,,,
SPY,-2.0,7.01,option,2021-04-05,403.0,2021-04-23,call,0.20581279575645398,0.581087772803351,
SPY,116.2175545606702,406.3599853515625,stock,2021-04-05,,,,,,
SPY,-4.0,7.365,option,2021-04-05,402.5,2021-04-23,call,0.20581279575645398,0.5916687429045029,
SPY,236.66749716180115,406.3599853515625,stock,2021-04-05,,,,,,
SPY,-1.0,8.469999999999999,option,2021-04-05,401.0,2021-04-23,call,0.20581279575645398,0.6230612154419917,
SPY,62.306121544199165,406.3599853515625,stock,2021-04-05,,,,,,
SPY,2.0,0.7949999999999999,option,2021-04-05,425.0,2021-05-05,call,0.20581279575645398,0.24110801534579995,-0.7600083265183513
SPY,-48.22160306915999,406.3599853515625,stock,2021-04-05,,,,,,
SPY,2.0,0.7949999999999999,option,2021-04-05,425.0,2021-05-05,call,0.20581279575645398,0.24110801534579995,-0.7600083265183513
SPY,-48.22160306915999,406.3599853515625,stock,2021-04-05,,,,,,
SPY,2.0,1.4649999999999999,option,2021-04-05,420.0,2021-05-05,call,0.20581279575645398,0.3077722972031051,-0.680324412415701
SPY,-61.554459440621024,406.3599853515625,stock,2021-04-05,,,,,,
SPY,-681.9708693699968,406.3599853515625,stock,2021-04-05,,,,,,
SPY,-3.292139719663055,406.1199951171875,stock,2021-04-06,,,,,,
SPY,303.72481731898625,406.5899963378906,stock,2021-04-07,,,,,,
SPY,-4.0,6.25,option,2021-04-08,405.0,2021-04-21,call,0.20583225865557203,0.5957043850156368,
SPY,238.28175400625474,408.5199890136719,stock,2021-04-08,,,,,,
SPY,-2.0,6.66,option,2021-04-08,405.0,2021-04-23,call,0.20583225865557203,0.5902954604435401,
SPY,118.05909208870801,408.5199890136719,stock,2021-04-08,,,,,,
SPY,-2.0,7.405,option,2021-04-08,404.0,2021-04-23,call,0.20583225865557203,0.6131553235488211,
SPY,122.63106470976422,408.5199890136719,stock,2021-04-08,,,,,,
SPY,-267.8084258048551,408.5199890136719,stock,2021-04-08,,,,,,
SPY,-2.0,7.025,option,2021-04-09,406.0,2021-04-23,call,0.18720617118413818,0.6497724878242132,
SPY,129.95449756484263,411.489990234375,stock,2021-04-09,,,,,,
SPY,750.2599092193249,411.489990234375,stock,2021-04-09,,,,,,
SPY,2.0,0.505,option,2021-04-12,432.0,2021-05-12,call,0.1861444344703603,0.19845780331358442,-0.7867538092977194
SPY,-39.69156066271688,411.6400146484375,stock,2021-04-12,,,,,,
SPY,2.0,0.505,option,2021-04-12,432.0,2021-05-12,call,0.1861444344703603,0.19845780331358442,-0.7867538092977194
SPY,-39.69156066271688,411.6400146484375,stock,2021-04-12,,,,,,
SPY,2.0,0.575,option,2021-04-12,431.0,2021-05-12,call,0.1861444344703603,0.21078046718217075,-0.7751812380026372
SPY,-42.15609343643415,411.6400146484375,stock,2021-04-12,,,,,,
SPY,2.0,0.575,option,2021-04-12,431.0,2021-05-12,call,0.1861444344703603,0.21078046718217075,-0.7751812380026372
SPY,-42.15609343643415,411.6400146484375,stock,2021-04-12,,,,,,
SPY,2.0,0.6599999999999999,option,2021-04-12,430.0,2021-05-12,call,0.1861444344703603,0.2235708910878368,-0.7607889366502901
SPY,-44.71417821756736,411.6400146484375,stock,2021-04-12,,,,,,
SPY,2.0,0.6599999999999999,option,2021-04-12,430.0,2021-05-12,call,0.1861444344703603,0.2235708910878368,-0.7607889366502901
SPY,-44.71417821756736,411.6400146484375,stock,2021-04-12,,,,,,
SPY,2.0,0.76,option,2021-04-12,429.0,2021-05-12,call,0.1861444344703603,0.2368228237863364,-0.7443650725087345
SPY,-47.36456475726728,411.6400146484375,stock,2021-04-12,,,,,,
SPY,2.0,0.76,option,2021-04-12,429.0,2021-05-12,call,0.1861444344703603,0.2368228237863364,-0.7443650725087345
SPY,-47.36456475726728,411.6400146484375,stock,2021-04-12,,,,,,
SPY,2.0,0.875,option,2021-04-12,428.0,2021-05-12,call,0.1861444344703603,0.250527913000106,-0.7265491400181123
SPY,-50.1055826000212,411.6400146484375,stock,2021-04-12,,,,,,
SPY,2.0,0.875,option,2021-04-12,428.0,2021-05-12,call,0.1861444344703603,0.250527913000106,-0.7265491400181123
SPY,-50.1055826000212,411.6400146484375,stock,2021-04-12,,,,,,
SPY,2.0,1.005,option,2021-04-12,427.0,2021-05-12,call,0.1861444344703603,0.26467565857253783,-0.7078567214463699
SPY,-52.93513171450756,411.6400146484375,stock,2021-04-12,,,,,,
SPY,2.0,1.005,option,2021-04-12,427.0,2021-05-12,call,0.1861444344703603,0.26467565857253783,-0.7078567214463699
SPY,-52.93513171450756,411.6400146484375,stock,2021-04-12,,,,,,
SPY,2.0,1.145,option,2021-04-12,426.0,2021-05-12,call,0.1861444344703603,0.2792533805076921,-0.6900537890715568
SPY,-55.85067610153842,411.6400146484375,stock,2021-04-12,,,,,,
SPY,2.0,1.145,option,2021-04-12,426.0,2021-05-12,call,0.1861444344703603,0.2792533805076921,-0.6900537890715568
SPY,-55.85067610153842,411.6400146484375,stock,2021-04-12,,,,,,
SPY,1.0,1.315,option,2021-04-12,425.0,2021-05-12,call,0.1861444344703603,0.29424620298223014,-0.668145019725923
SPY,-29.424620298223015,411.6400146484375,stock,2021-04-12,,,,,,
SPY,28.768506884694144,411.6400146484375,stock,2021-04-12,,,,,,
SPY,-4.0,4.665,option,2021-04-13,410.0,2021-04-21,call,0.1718058701796613,0.6126156070962124,
SPY,245.04624283848497,412.8599853515625,stock,2021-04-13,,,,,,
SPY,-69.76478826046215,412.8599853515625,stock,2021-04-13,,,,,,
SPY,2.0,0.43,option,2021-04-14,432.0,2021-05-14,call,0.1686010543892244,0.17102242039410376,-0.7585348062342362
SPY,-34.204484078820755,411.45001220703125,stock,2021-04-14,,,,,,
SPY,2.0,0.43,option,2021-04-14,432.0,2021-05-14,call,0.1686010543892244,0.17102242039410376,-0.7585348062342362
SPY,-34.204484078820755,411.45001220703125,stock,2021-04-14,,,,,,
SPY,2.0,0.5,option,2021-04-14,431.0,2021-05-14,call,0.1686010543892244,0.1834786362697719,-0.7429900495989818
SPY,-36.69572725395438,411.45001220703125,stock,2021-04-14,,,,,,
SPY,2.0,0.5,option,2021-04-14,431.0,2021-05-14,call,0.1686010543892244,0.1834786362697719,-0.7429900495989818
SPY,-36.69572725395438,411.45001220703125,stock,2021-04-14,,,,,,
SPY,2.0,0.585,option,2021-04-14,430.0,2021-05-14,call,0.1686010543892244,0.1965162168124931,-0.7243522784017123
SPY,-39.30324336249862,411.45001220703125,stock,2021-04-14,,,,,,
SPY,1.0,0.585,option,2021-04-14,430.0,2021-05-14,call,0.1686010543892244,0.1965162168124931,-0.7243522784017123
SPY,-19.65162168124931,411.45001220703125,stock,2021-04-14,,,,,,
SPY,96.61369913742342,411.45001220703125,stock,2021-04-14,,,,,,
SPY,-288.02805472101846,415.8699951171875,stock,2021-04-15,,,,,,
SPY,-88.1027140131278,417.260009765625,stock,2021-04-16,,,,,,
SPY,-2.0,2.3,option,2021-04-19,420.0,2021-05-05,call,0.14606653000448533,0.3595869852591952,
SPY,71.91739705183903,415.2099914550781,stock,2021-04-19,,,,,,
SPY,227.6676231759186,415.2099914550781,stock,2021-04-19,,,,,,
SPY,232.5676932446683,412.1700134277344,stock,2021-04-20,,,,,,
SPY,-2.0,2.435,option,2021-04-21,396.0,2021-05-21,put,0.14449584985524588,-0.1049499294454328,1.7664594326326375
SPY,-20.98998588908656,416.07000732421875,stock,2021-04-21,,,,,,
SPY,-2.0,2.435,option,2021-04-21,396.0,2021-05-21,put,0.14449584985524588,-0.1049499294454328,1.7664594326326375
SPY,-20.98998588908656,416.07000732421875,stock,2021-04-21,,,,,,
SPY,-2.0,2.5549999999999997,option,2021-04-21,397.0,2021-05-21,put,0.14449584985524588,-0.11644270561435455,1.5584840335672894
SPY,-23.28854112287091,416.07000732421875,stock,2021-04-21,,,,,,
SPY,-2.0,2.5549999999999997,option,2021-04-21,397.0,2021-05-21,put,0.14449584985524588,-0.11644270561435455,1.5584840335672894
SPY,-23.28854112287091,416.07000732421875,stock,2021-04-21,,,,,,
SPY,-2.0,2.685,option,2021-04-21,398.0,2021-05-21,put,0.14449584985524588,-0.1287687884246843,1.3770103927624302
SPY,-25.75375768493686,416.07000732421875,stock,2021-04-21,,,,,,
SPY,-2.0,2.685,option,2021-04-21,398.0,2021-05-21,put,0.14449584985524588,-0.1287687884246843,1.3770103927624302
SPY,-25.75375768493686,416.07000732421875,stock,2021-04-21,,,,,,
SPY,-2.0,2.8200000000000003,option,2021-04-21,399.0,2021-05-21,put,0.14449584985524588,-0.14193769627168096,1.2138007381885068
SPY,-28.38753925433619,416.07000732421875,stock,2021-04-21,,,,,,
SPY,-2.0,2.8200000000000003,option,2021-04-21,399.0,2021-05-21,put,0.14449584985524588,-0.14193769627168096,1.2138007381885068
SPY,-28.38753925433619,416.07000732421875,stock,2021-04-21,,,,,,
SPY,-263.5378251304165,416.07000732421875,stock,2021-04-21,,,,,,
SPY,218.26640288575572,412.2699890136719,stock,2021-04-22,,,,,,
SPY,-195.06129820709964,416.739990234375,stock,2021-04-23,,,,,,
SPY,49.47852517816751,417.6099853515625,stock,2021-04-26,,,,,,
SPY,46.480080684322076,417.5199890136719,stock,2021-04-27,,,,,,
SPY,52.25889923104266,417.3999938964844,stock,2021-04-28,,,,,,
SPY,-171.66274846474326,420.05999755859375,stock,2021-04-29,,,,,,
SPY,279.17265119835565,417.29998779296875,stock,2021-04-30,,,,,,
SPY,-2.0,2.75,option,2021-05-03,400.0,2021-06-02,put,0.14107611394828395,-0.12282063820342026,1.6302132909515756
SPY,-24.564127640684053,418.20001220703125,stock,2021-05-03,,,,,,
SPY,-2.0,2.75,option,2021-05-03,400.0,2021-06-02,put,0.14107611394828395,-0.12282063820342026,1.6302132909515756
SPY,-24.564127640684053,418.20001220703125,stock,2021-05-03,,,,,,
SPY,121.88218676511457,418.20001220703125,stock,2021-05-03,,,,,,
SPY,264.98524530105374,415.6199951171875,stock,2021-05-04,,,,,,
SPY,-2.0,2.745,option,2021-05-05,395.0,2021-06-04,put,0.13837908167599725,-0.0882178462606753,3.019528072308471
SPY,-17.64356925213506,415.75,stock,2021-05-05,,,,,,
SPY,-2.0,2.745,option,2021-05-05,395.0,2021-06-04,put,0.13837908167599725,-0.0882178462606753,3.019528072308471
SPY,-17.64356925213506,415.75,stock,2021-05-05,,,,,,
SPY,-2.0,2.865,option,2021-05-05,396.0,2021-06-04,put,0.13837908167599725,-0.09885947753695468,2.6589270380455257
SPY,-19.771895507390937,415.75,stock,2021-05-05,,,,,,
SPY,-2.0,2.865,option,2021-05-05,396.0,2021-06-04,put,0.13837908167599725,-0.09885947753695468,2.6589270380455257
SPY,-19.771895507390937,415.75,stock,2021-05-05,,,,,,
SPY,65.51965799304585,415.75,stock,2021-05-05,,,,,,
SPY,-105.16849624535726,419.07000732421875,stock,2021-05-06,,,,,,
SPY,-195.74067307095004,422.1199951171875,stock,2021-05-07,,,,,,
SPY,-2.0,3.21,option,2021-05-10,400.0,2021-06-09,put,0.12979019885232504,-0.10714298691084734,2.949081227738887
SPY,-21.428597382169468,417.94000244140625,stock,2021-05-10,,,,,,
SPY,711.2691362346537,417.94000244140625,stock,2021-05-10,,,,,,
SPY,66.37519974493947,414.2099914550781,stock,2021-05-11,,,,,,
SPY,-453.42868449479346,405.4100036621094,stock,2021-05-12,,,,,,
SPY,344.10891870795405,410.2799987792969,stock,2021-05-13,,,,,,
SPY,228.29342221981193,416.5799865722656,stock,2021-05-14,,,,,,
SPY,2.0,0.6799999999999999,option,2021-05-17,434.0,2021-06-16,call,0.16149762446726515,0.18911275508689757,-0.6525522426969276
SPY,-37.82255101737951,415.5199890136719,stock,2021-05-17,,,,,,
SPY,2.0,0.6799999999999999,option,2021-05-17,434.0,2021-06-16,call,0.16149762446726515,0.18911275508689757,-0.6525522426969276
SPY,-37.82255101737951,415.5199890136719,stock,2021-05-17,,,,,,
SPY,2.0,0.81,option,2021-05-17,433.0,2021-06-16,call,0.16149762446726515,0.20288868523168724,-0.6215359643063627
SPY,-40.57773704633745,415.5199890136719,stock,2021-05-17,,,,,,
SPY,2.0,0.81,option,2021-05-17,433.0,2021-06-16,call,0.16149762446726515,0.20288868523168724,-0.6215359643063627
SPY,-40.57773704633745,415.5199890136719,stock,2021-05-17,,,,,,
SPY,2.0,0.9550000000000001,option,2021-05-17,432.0,2021-06-16,call,0.16149762446726515,0.21728094234255968,-0.5913297008904428
SPY,-43.45618846851194,415.5199890136719,stock,2021-05-17,,,,,,
SPY,2.0,0.9550000000000001,option,2021-05-17,432.0,2021-06-16,call,0.16149762446726515,0.21728094234255968,-0.5913297008904428
SPY,-43.45618846851194,415.5199890136719,stock,2021-05-17,,,,,,
SPY,2.0,1.125,option,2021-05-17,431.0,2021-06-16,call,0.16149762446726515,0.23228113237978743,-0.5584080946519016
SPY,-46.456226475957486,415.5199890136719,stock,2021-05-17,,,,,,
SPY,2.0,1.125,option,2021-05-17,431.0,2021-06-16,call,0.16149762446726515,0.23228113237978743,-0.5584080946519016
SPY,-46.456226475957486,415.5199890136719,stock,2021-05-17,,,,,,
SPY,2.0,1.31,option,2021-05-17,430.0,2021-06-16,call,0.16149762446726515,0.24787727316208963,-0.5276053468902537
SPY,-49.57545463241792,415.5199890136719,stock,2021-05-17,,,,,,
SPY,2.0,1.31,option,2021-05-17,430.0,2021-06-16,call,0.16149762446726515,0.24787727316208963,-0.5276053468902537
SPY,-49.57545463241792,415.5199890136719,stock,2021-05-17,,,,,,
SPY,38.474963302827334,415.5199890136719,stock,2021-05-17,,,,,,
SPY,46.60772765873587,411.94000244140625,stock,2021-05-18,,,,,,
SPY,2.0,0.605,option,2021-05-19,431.0,2021-06-18,call,0.16478767069437503,0.1699034436041313,-0.6492011225929808
SPY,-33.98068872082626,410.8599853515625,stock,2021-05-19,,,,,,
SPY,2.0,0.605,option,2021-05-19,431.0,2021-06-18,call,0.16478767069437503,0.1699034436041313,-0.6492011225929808
SPY,-33.98068872082626,410.8599853515625,stock,2021-05-19,,,,,,
SPY,2.0,0.715,option,2021-05-19,430.0,2021-06-18,call,0.16478767069437503,0.18263251575476708,-0.6214168582756302
SPY,-36.52650315095342,410.8599853515625,stock,2021-05-19,,,,,,
SPY,2.0,0.715,option,2021-05-19,430.0,2021-06-18,call,0.16478767069437503,0.18263251575476708,-0.6214168582756302
SPY,-36.52650315095342,410.8599853515625,stock,2021-05-19,,,,,,
SPY,2.0,0.835,option,2021-05-19,429.0,2021-06-18,call,0.16478767069437503,0.19597257724507594,-0.595653672747093
SPY,-39.194515449015185,410.8599853515625,stock,2021-05-19,,,,,,
SPY,2.0,0.835,option,2021-05-19,429.0,2021-06-18,call,0.16478767069437503,0.19597257724507594,-0.595653672747093
SPY,-39.194515449015185,410.8599853515625,stock,2021-05-19,,,,,,
SPY,2.0,0.975,option,2021-05-19,428.0,2021-06-18,call,0.16478767069437503,0.20992053089613277,-0.5675449766483337
SPY,-41.98410617922656,410.8599853515625,stock,2021-05-19,,,,,,
SPY,36.69199774525145,410.8599853515625,stock,2021-05-19,,,,,,
SPY,-99.48334276570988,415.2799987792969,stock,2021-05-20,,,,,,
SPY,36.481733641405576,414.94000244140625,stock,2021-05-21,,,,,,
SPY,-2.0,2.66,option,2021-05-24,399.0,2021-06-23,put,0.16651008127708172,-0.13755624011170975,0.8646362213270347
SPY,-27.51124802234195,419.1700134277344,stock,2021-05-24,,,,,,
SPY,-2.0,2.66,option,2021-05-24,399.0,2021-06-23,put,0.16651008127708172,-0.13755624011170975,0.8646362213270347
SPY,-27.51124802234195,419.1700134277344,stock,2021-05-24,,,,,,
SPY,2.0,0.44,option,2021-05-24,438.0,2021-06-23,call,0.16651008127708172,0.19428720972194918,-0.7909859154685012
SPY,-38.857441944389834,419.1700134277344,stock,2021-05-24,,,,,,
SPY,2.0,0.44,option,2021-05-24,438.0,2021-06-23,call,0.16651008127708172,0.19428720972194918,-0.7909859154685012
SPY,-38.857441944389834,419.1700134277344,stock,2021-05-24,,,,,,
SPY,2.0,0.52,option,2021-05-24,437.0,2021-06-23,call,0.16651008127708172,0.20772965868029986,-0.7731873831111395
SPY,-41.54593173605997,419.1700134277344,stock,2021-05-24,,,,,,
SPY,2.0,0.52,option,2021-05-24,437.0,2021-06-23,call,0.16651008127708172,0.20772965868029986,-0.7731873831111395
SPY,-41.54593173605997,419.1700134277344,stock,2021-05-24,,,,,,
SPY,2.0,0.61,option,2021-05-24,436.0,2021-06-23,call,0.16651008127708172,0.22173911594142703,-0.7553470929639271
SPY,-44.3478231882854,419.1700134277344,stock,2021-05-24,,,,,,
SPY,-127.88797304374108,419.1700134277344,stock,2021-05-24,,,,,,
SPY,88.17424383212804,418.239990234375,stock,2021-05-25,,,,,,
SPY,1.0,0.215,option,2021-05-26,440.0,2021-06-25,call,0.1691923484391366,0.17191728238427856,-0.8826382912565646
SPY,-17.191728238427856,419.07000732421875,stock,2021-05-26,,,,,,
SPY,-26.668445118399056,419.07000732421875,stock,2021-05-26,,,,,,
SPY,12.350375748503854,419.2900085449219,stock,2021-05-27,,,,,,
SPY,-28.627672701452436,420.0400085449219,stock,2021-05-28,,,,,,
SPY,151.76523156736414,419.6700134277344,stock,2021-06-01,,,,,,
SPY,2.0,0.245,option,2021-06-02,441.0,2021-07-02,call,0.1625008247718369,0.16556442530317034,-0.8545983823358019
SPY,-33.11288506063407,420.3299865722656,stock,2021-06-02,,,,,,
SPY,2.0,0.245,option,2021-06-02,441.0,2021-07-02,call,0.1625008247718369,0.16556442530317034,-0.8545983823358019
SPY,-33.11288506063407,420.3299865722656,stock,2021-06-02,,,,,,
SPY,2.0,0.28500000000000003,option,2021-06-02,440.0,2021-07-02,call,0.1625008247718369,0.17797391208089286,-0.8455152463020201
SPY,-35.594782416178575,420.3299865722656,stock,2021-06-02,,,,,,
SPY,-14.96705252085141,420.3299865722656,stock,2021-06-02,,,,,,
SPY,178.86255152928555,418.7699890136719,stock,2021-06-03,,,,,,
SPY,-328.87120757814745,422.6000061035156,stock,2021-06-04,,,,,,
SPY,184.66481692076655,422.19000244140625,stock,2021-06-07,,,,,,
SPY,46.29652855724916,422.2799987792969,stock,2021-06-08,,,,,,
SPY,-2.0,2.455,option,2021-06-09,401.0,2021-07-09,put,0.1558386466858897,-0.11839358184013782,1.2009915754424692
SPY,-23.678716368027565,421.6499938964844,stock,2021-06-09,,,,,,
SPY,-2.0,2.455,option,2021-06-09,401.0,2021-07-09,put,0.1558386466858897,-0.11839358184013782,1.2009915754424692
SPY,-23.678716368027565,421.6499938964844,stock,2021-06-09,,,,,,
SPY,-1.0,2.5599999999999996,option,2021-06-09,402.0,2021-07-09,put,0.1558386466858897,-0.1298061442856625,1.0502773139728914
SPY,-12.98061442856625,421.6499938964844,stock,2021-06-09,,,,,,
SPY,130.19054208017954,421.6499938964844,stock,2021-06-09,,,,,,
SPY,-152.99633612228948,423.6099853515625,stock,2021-06-10,,,,,,
SPY,-12.274144600795744,424.30999755859375,stock,2021-06-11,,,,,,
SPY,206.5012627902457,425.260009765625,stock,2021-06-14,,,,,,
SPY,290.32505153811377,424.4800109863281,stock,2021-06-15,,,,,,
SPY,-2.0,2.6,option,2021-06-16,402.0,2021-07-16,put,0.15200510090849884,-0.11907058175448859,1.3717332231822463
SPY,-23.81411635089772,422.1099853515625,stock,2021-06-16,,,,,,
SPY,-2.0,2.6,option,2021-06-16,402.0,2021-07-16,put,0.15200510090849884,-0.11907058175448859,1.3717332231822463
SPY,-23.81411635089772,422.1099853515625,stock,2021-06-16,,,,,,
SPY,-2.0,2.72,option,2021-06-16,403.0,2021-07-16,put,0.15200510090849884,-0.13079643105539207,1.2112291286331553
SPY,-26.159286211078413,422.1099853515625,stock,2021-06-16,,,,,,
SPY,-2.0,2.72,option,2021-06-16,403.0,2021-07-16,put,0.15200510090849884,-0.13079643105539207,1.2112291286331553
SPY,-26.159286211078413,422.1099853515625,stock,2021-06-16,,,,,,
SPY,-2.0,2.84,option,2021-06-16,404.0,2021-07-16,put,0.15200510090849884,-0.1432651447448351,1.06306033960931
SPY,-28.65302894896702,422.1099853515625,stock,2021-06-16,,,,,,
SPY,-2.0,2.84,option,2021-06-16,404.0,2021-07-16,put,0.15200510090849884,-0.1432651447448351,1.06306033960931
SPY,-28.65302894896702,422.1099853515625,stock,2021-06-16,,,,,,
SPY,-2.0,2.965,option,2021-06-16,405.0,2021-07-16,put,0.15200510090849884,-0.15647903041642675,0.9296815774586007
SPY,-31.29580608328535,422.1099853515625,stock,2021-06-16,,,,,,
SPY,302.32330956142437,422.1099853515625,stock,2021-06-16,,,,,,
SPY,105.44553926244687,421.9700012207031,stock,2021-06-17,,,,,,
SPY,-74.65865184980652,414.9200134277344,stock,2021-06-18,,,,,,
SPY,-2.0,2.225,option,2021-06-21,400.0,2021-07-21,put,0.15950968389877446,-0.12090810298645427,0.902140895973724
SPY,-24.181620597290852,420.8599853515625,stock,2021-06-21,,,,,,
SPY,-2.0,2.225,option,2021-06-21,400.0,2021-07-21,put,0.15950968389877446,-0.12090810298645427,0.902140895973724
SPY,-24.181620597290852,420.8599853515625,stock,2021-06-21,,,,,,
SPY,2.0,0.305,option,2021-06-21,440.0,2021-07-21,call,0.15950968389877446,0.18042824709144195,-0.8347277925789356
SPY,-36.08564941828839,420.8599853515625,stock,2021-06-21,,,,,,
SPY,2.0,0.305,option,2021-06-21,440.0,2021-07-21,call,0.15950968389877446,0.18042824709144195,-0.8347277925789356
SPY,-36.08564941828839,420.8599853515625,stock,2021-06-21,,,,,,
SPY,2.0,0.73,option,2021-06-21,435.0,2021-07-21,call,0.15950968389877446,0.25340356784783596,-0.744441126346673
SPY,-50.680713569567196,420.8599853515625,stock,2021-06-21,,,,,,
SPY,2.0,0.73,option,2021-06-21,435.0,2021-07-21,call,0.15950968389877446,0.25340356784783596,-0.744441126346673
SPY,-50.680713569567196,420.8599853515625,stock,2021-06-21,,,,,,
SPY,2.0,1.83,option,2021-06-21,430.0,2021-07-21,call,0.15950968389877446,0.3405320799142354,-0.5700057452655128
SPY,-68.10641598284708,420.8599853515625,stock,2021-06-21,,,,,,
SPY,202.52083762657134,420.8599853515625,stock,2021-06-21,,,,,,
SPY,28.04529312701233,423.1099853515625,stock,2021-06-22,,,,,,
SPY,2.0,0.20500000000000002,option,2021-06-23,443.0,2021-07-23,call,0.1611263515262989,0.1680533002051779,-0.8802357418694909
SPY,-33.61066004103558,422.6000061035156,stock,2021-06-23,,,,,,
SPY,2.0,0.20500000000000002,option,2021-06-23,443.0,2021-07-23,call,0.1611263515262989,0.1680533002051779,-0.8802357418694909
SPY,-33.61066004103558,422.6000061035156,stock,2021-06-23,,,,,,
SPY,2.0,0.215,option,2021-06-23,442.5,2021-07-23,call,0.1611263515262989,0.17426632932870645,-0.8799819746346383
SPY,-34.85326586574129,422.6000061035156,stock,2021-06-23,,,,,,
SPY,2.0,0.215,option,2021-06-23,442.5,2021-07-23,call,0.1611263515262989,0.17426632932870645,-0.8799819746346383
SPY,-34.85326586574129,422.6000061035156,stock,2021-06-23,,,,,,
SPY,2.0,0.235,option,2021-06-23,442.0,2021-07-23,call,0.1611263515262989,0.1806306531158685,-0.8746066192314976
SPY,-36.1261306231737,422.6000061035156,stock,2021-06-23,,,,,,
SPY,2.0,0.235,option,2021-06-23,442.0,2021-07-23,call,0.1611263515262989,0.1806306531158685,-0.8746066192314976
SPY,-36.1261306231737,422.6000061035156,stock,2021-06-23,,,,,,
SPY,2.0,0.275,option,2021-06-23,441.0,2021-07-23,call,0.1611263515262989,0.1938128171741606,-0.8657765951119127
SPY,-38.76256343483212,422.6000061035156,stock,2021-06-23,,,,,,
SPY,35.84234187815307,422.6000061035156,stock,2021-06-23,,,,,,
SPY,-28.44851098223726,425.1000061035156,stock,2021-06-24,,,,,,
SPY,-19.25571683047584,426.6099853515625,stock,2021-06-25,,,,,,
SPY,-2.0,1.9249999999999998,option,2021-06-28,408.0,2021-07-28,put,0.12938010210347461,-0.09347564452884238,1.7385318368587699
SPY,-18.695128905768478,427.4700012207031,stock,2021-06-28,,,,,,
SPY,-2.0,1.9249999999999998,option,2021-06-28,408.0,2021-07-28,put,0.12938010210347461,-0.09347564452884238,1.7385318368587699
SPY,-18.695128905768478,427.4700012207031,stock,2021-06-28,,,,,,
SPY,-2.0,2.11,option,2021-06-28,410.0,2021-07-28,put,0.12938010210347461,-0.11745250040303667,1.2769969550050266
SPY,-23.490500080607333,427.4700012207031,stock,2021-06-28,,,,,,
SPY,2.0,0.225,option,2021-06-28,446.0,2021-07-28,call,0.12938010210347461,0.1398095493487913,-0.7974651858695946
SPY,-27.961909869758262,427.4700012207031,stock,2021-06-28,,,,,,
SPY,2.0,0.225,option,2021-06-28,446.0,2021-07-28,call,0.12938010210347461,0.1398095493487913,-0.7974651858695946
SPY,-27.961909869758262,427.4700012207031,stock,2021-06-28,,,,,,
SPY,54.94796836062038,427.4700012207031,stock,2021-06-28,,,,,,
SPY,25.579694502176366,427.70001220703125,stock,2021-06-29,,,,,,
SPY,-2.0,3.2649999999999997,option,2021-06-30,430.0,2021-07-21,call,0.12428481334306218,0.44590891326059384,
SPY,89.18178265211877,428.05999755859375,stock,2021-06-30,,,,,,
SPY,2.0,0.175,option,2021-06-30,449.0,2021-07-30,call,0.12428481334306218,0.10090194492021215,-0.7566968547920306
SPY,-20.18038898404243,428.05999755859375,stock,2021-06-30,,,,,,
SPY,2.0,0.175,option,2021-06-30,449.0,2021-07-30,call,0.12428481334306218,0.10090194492021215,-0.7566968547920306
SPY,-20.18038898404243,428.05999755859375,stock,2021-06-30,,,,,,
SPY,2.0,0.20500000000000002,option,2021-06-30,448.0,2021-07-30,call,0.12428481334306218,0.11240185660590818,-0.7497785324312288
SPY,-22.480371321181636,428.05999755859375,stock,2021-06-30,,,,,,
SPY,27.203007881731104,428.05999755859375,stock,2021-06-30,,,,,,
SPY,-72.57743555645443,430.42999267578125,stock,2021-07-01,,,,,,
SPY,-155.91583297590472,433.7200012207031,stock,2021-07-02,,,,,,
SPY,127.01227504783904,432.92999267578125,stock,2021-07-06,,,,,,
SPY,-4.0,3.105,option,2021-07-07,435.0,2021-07-21,call,0.11816547228296262,0.48349200253718594,
SPY,193.39680101487437,434.4599914550781,stock,2021-07-07,,,,,,
SPY,2.0,0.235,option,2021-07-07,455.0,2021-08-06,call,0.11816547228296262,0.0971255789405252,-0.6458127780109552
SPY,-19.42511578810504,434.4599914550781,stock,2021-07-07,,,,,,
SPY,2.0,0.235,option,2021-07-07,455.0,2021-08-06,call,0.11816547228296262,0.0971255789405252,-0.6458127780109552
SPY,-19.42511578810504,434.4599914550781,stock,2021-07-07,,,,,,
SPY,2.0,0.20500000000000002,option,2021-07-07,456.0,2021-08-06,call,0.11816547228296262,0.0864554287259765,-0.6449439524171755
SPY,-17.2910857451953,434.4599914550781,stock,2021-07-07,,,,,,
SPY,2.0,0.20500000000000002,option,2021-07-07,456.0,2021-08-06,call,0.11816547228296262,0.0864554287259765,-0.6449439524171755
SPY,-17.2910857451953,434.4599914550781,stock,2021-07-07,,,,,,
SPY,-75.02249798061797,434.4599914550781,stock,2021-07-07,,,,,,
SPY,241.33036908057213,430.9200134277344,stock,2021-07-08,,,,,,
SPY,-273.2850114698965,435.5199890136719,stock,2021-07-09,,,,,,
SPY,-2.0,1.99,option,2021-07-12,416.0,2021-08-11,put,0.12669238225494855,-0.07717346854545615,2.555498043789673
SPY,-15.43469370909123,437.0799865722656,stock,2021-07-12,,,,,,
SPY,-2.0,1.99,option,2021-07-12,416.0,2021-08-11,put,0.12669238225494855,-0.07717346854545615,2.555498043789673
SPY,-15.43469370909123,437.0799865722656,stock,2021-07-12,,,,,,
SPY,-1.0,2.08,option,2021-07-12,417.0,2021-08-11,put,0.12669238225494855,-0.08719360769713091,2.2133118288885365
SPY,-8.719360769713091,437.0799865722656,stock,2021-07-12,,,,,,
SPY,2.0,0.2,option,2021-07-12,458.0,2021-08-11,call,0.12669238225494855,0.11051820557851116,-0.7605482717299091
SPY,-22.10364111570223,437.0799865722656,stock,2021-07-12,,,,,,
SPY,-59.10652955154397,437.0799865722656,stock,2021-07-12,,,,,,
SPY,152.81959622305337,435.5899963378906,stock,2021-07-13,,,,,,
SPY,2.0,0.165,option,2021-07-14,458.0,2021-08-13,call,0.12776385178270527,0.10280551938123977,-0.7858093583420367
SPY,-20.561103876247955,436.239990234375,stock,2021-07-14,,,,,,
SPY,-18.428849463987984,436.239990234375,stock,2021-07-14,,,,,,
SPY,164.37104297799434,434.75,stock,2021-07-15,,,,,,
SPY,272.43467091682777,431.3399963378906,stock,2021-07-16,,,,,,
SPY,-2.0,3.67,option,2021-07-19,404.0,2021-08-18,put,0.12824320203074072,-0.07501025390323679,5.889704586265357
SPY,-15.002050780647359,424.9700012207031,stock,2021-07-19,,,,,,
SPY,-2.0,3.67,option,2021-07-19,404.0,2021-08-18,put,0.12824320203074072,-0.07501025390323679,5.889704586265357
SPY,-15.002050780647359,424.9700012207031,stock,2021-07-19,,,,,,
SPY,-2.0,3.815,option,2021-07-19,405.0,2021-08-18,put,0.12824320203074072,-0.08499776147440097,5.172448345272182
SPY,-16.999552294880193,424.9700012207031,stock,2021-07-19,,,,,,
SPY,-2.0,3.815,option,2021-07-19,405.0,2021-08-18,put,0.12824320203074072,-0.08499776147440097,5.172448345272182
SPY,-16.999552294880193,424.9700012207031,stock,2021-07-19,,,,,,
SPY,246.7324001143256,424.9700012207031,stock,2021-07-19,,,,,,
SPY,31.374946991506462,431.05999755859375,stock,2021-07-20,,,,,,
SPY,-2.0,2.51,option,2021-07-21,413.0,2021-08-20,put,0.14648895740553247,-0.10181851410027676,1.7930533935291708
SPY,-20.36370282005535,434.54998779296875,stock,2021-07-21,,,,,,
SPY,-2.0,2.51,option,2021-07-21,413.0,2021-08-20,put,0.14648895740553247,-0.10181851410027676,1.7930533935291708
SPY,-20.36370282005535,434.54998779296875,stock,2021-07-21,,,,,,
SPY,-2.0,2.6100000000000003,option,2021-07-21,414.0,2021-08-20,put,0.14648895740553247,-0.11243629443262981,1.5752791054016362
SPY,-22.487258886525964,434.54998779296875,stock,2021-07-21,,,,,,
SPY,-2.0,2.6100000000000003,option,2021-07-21,414.0,2021-08-20,put,0.14648895740553247,-0.11243629443262981,1.5752791054016362
SPY,-22.487258886525964,434.54998779296875,stock,2021-07-21,,,,,,
SPY,-51.65682750676851,434.54998779296875,stock,2021-07-21,,,,,,
SPY,67.51531699469197,435.4599914550781,stock,2021-07-22,,,,,,
SPY,-32.03554523393314,439.94000244140625,stock,2021-07-23,,,,,,
SPY,-2.0,2.34,option,2021-07-26,420.0,2021-08-25,put,0.15104862443861014,-0.11754660879334788,1.0888203498880624
SPY,-23.50932175866958,441.0199890136719,stock,2021-07-26,,,,,,
SPY,2.0,0.365,option,2021-07-26,460.0,2021-08-25,call,0.15104862443861014,0.18051198030608018,-0.8010210944865618
SPY,-36.102396061216034,441.0199890136719,stock,2021-07-26,,,,,,
SPY,2.0,0.365,option,2021-07-26,460.0,2021-08-25,call,0.15104862443861014,0.18051198030608018,-0.8010210944865618
SPY,-36.102396061216034,441.0199890136719,stock,2021-07-26,,,,,,
SPY,2.0,0.515,option,2021-07-26,458.0,2021-08-25,call,0.15104862443861014,0.20816778597217306,-0.7657672675206463
SPY,-41.63355719443461,441.0199890136719,stock,2021-07-26,,,,,,
SPY,2.0,0.515,option,2021-07-26,458.0,2021-08-25,call,0.15104862443861014,0.20816778597217306,-0.7657672675206463
SPY,-41.63355719443461,441.0199890136719,stock,2021-07-26,,,,,,
SPY,83.48924119497134,441.0199890136719,stock,2021-07-26,,,,,,
SPY,130.51046300996072,439.010009765625,stock,2021-07-27,,,,,,
SPY,-2.0,2.6799999999999997,option,2021-07-28,417.0,2021-08-27,put,0.15198235312289377,-0.10923947277413837,1.6121878213627365
SPY,-21.847894554827676,438.8299865722656,stock,2021-07-28,,,,,,
SPY,-2.0,2.6799999999999997,option,2021-07-28,417.0,2021-08-27,put,0.15198235312289377,-0.10923947277413837,1.6121878213627365
SPY,-21.847894554827676,438.8299865722656,stock,2021-07-28,,,,,,
SPY,-2.0,2.79,option,2021-07-28,418.0,2021-08-27,put,0.15198235312289377,-0.11987509029288357,1.4283871469616995
SPY,-23.975018058576715,438.8299865722656,stock,2021-07-28,,,,,,
SPY,2.0,0.245,option,2021-07-28,460.0,2021-08-27,call,0.15198235312289377,0.1534406344223178,-0.8365202361025456
SPY,-30.688126884463564,438.8299865722656,stock,2021-07-28,,,,,,
SPY,2.0,0.245,option,2021-07-28,460.0,2021-08-27,call,0.15198235312289377,0.1534406344223178,-0.8365202361025456
SPY,-30.688126884463564,438.8299865722656,stock,2021-07-28,,,,,,
SPY,32.97007525889273,438.8299865722656,stock,2021-07-28,,,,,,
SPY,4.460941403509196,440.6499938964844,stock,2021-07-29,,,,,,
SPY,42.81383074534493,438.510009765625,stock,2021-07-30,,,,,,
SPY,2.0,0.35,option,2021-08-02,458.0,2021-09-01,call,0.13829530628230916,0.13818670723777027,-0.7075809435752906
SPY,-27.637341447554054,437.5899963378906,stock,2021-08-02,,,,,,
SPY,2.0,0.35,option,2021-08-02,458.0,2021-09-01,call,0.13829530628230916,0.13818670723777027,-0.7075809435752906
SPY,-27.637341447554054,437.5899963378906,stock,2021-08-02,,,,,,
SPY,2.0,0.42,option,2021-08-02,457.0,2021-09-01,call,0.13829530628230916,0.15071483183577172,-0.6847453883178058
SPY,-30.142966367154344,437.5899963378906,stock,2021-08-02,,,,,,
SPY,2.0,0.42,option,2021-08-02,457.0,2021-09-01,call,0.13829530628230916,0.15071483183577172,-0.6847453883178058
SPY,-30.142966367154344,437.5899963378906,stock,2021-08-02,,,,,,
SPY,64.02237548233693,437.5899963378906,stock,2021-08-02,,,,,,
SPY,-38.06180609449828,441.1499938964844,stock,2021-08-03,,,,,,
SPY,2.0,0.26,option,2021-08-04,460.0,2021-09-03,call,0.13324993762988985,0.12257057701078783,-0.7398957077971178
SPY,-24.514115402157564,438.9800109863281,stock,2021-08-04,,,,,,
SPY,2.0,0.26,option,2021-08-04,460.0,2021-09-03,call,0.13324993762988985,0.12257057701078783,-0.7398957077971178
SPY,-24.514115402157564,438.9800109863281,stock,2021-08-04,,,,,,
SPY,63.57106912418655,438.9800109863281,stock,2021-08-04,,,,,,
SPY,-47.030813466475415,441.760009765625,stock,2021-08-05,,,,,,
SPY,-1.3579995549289947,442.489990234375,stock,2021-08-06,,,,,,
SPY,2.0,0.2,option,2021-08-09,463.0,2021-09-08,call,0.13468369885086598,0.12868496191606665,-0.8147648946121262
SPY,-25.73699238321333,442.1300048828125,stock,2021-08-09,,,,,,
SPY,2.0,0.2,option,2021-08-09,463.0,2021-09-08,call,0.13468369885086598,0.12868496191606665,-0.8147648946121262
SPY,-25.73699238321333,442.1300048828125,stock,2021-08-09,,,,,,
SPY,2.0,0.24,option,2021-08-09,462.0,2021-09-08,call,0.13468369885086598,0.14082210528373829,-0.8009948193901444
SPY,-28.164421056747656,442.1300048828125,stock,2021-08-09,,,,,,
SPY,79.44545193038525,442.1300048828125,stock,2021-08-09,,,,,,
SPY,2.0451028308507553,442.67999267578125,stock,2021-08-10,,,,,,
SPY,-2.0,2.1550000000000002,option,2021-08-11,422.0,2021-09-10,put,0.13481906905733992,-0.08630868397402125,2.116082073974628
SPY,-17.26173679480425,443.7799987792969,stock,2021-08-11,,,,,,
SPY,-2.0,2.1550000000000002,option,2021-08-11,422.0,2021-09-10,put,0.13481906905733992,-0.08630868397402125,2.116082073974628
SPY,-17.26173679480425,443.7799987792969,stock,2021-08-11,,,,,,
SPY,-1.0,2.245,option,2021-08-11,423.0,2021-09-10,put,0.13481906905733992,-0.09635471972413256,1.8447109081829627
SPY,-9.635471972413256,443.7799987792969,stock,2021-08-11,,,,,,
SPY,2.0,0.175,option,2021-08-11,465.0,2021-09-10,call,0.13481906905733992,0.12577382305980322,-0.8341079869080754
SPY,-25.154764611960644,443.7799987792969,stock,2021-08-11,,,,,,
SPY,-24.102465656795165,443.7799987792969,stock,2021-08-11,,,,,,
SPY,-32.695086970170166,445.1099853515625,stock,2021-08-12,,,,,,
SPY,-13.439185402890919,445.9200134277344,stock,2021-08-13,,,,,,
SPY,2.0,0.33,option,2021-08-16,465.0,2021-09-15,call,0.13229096988936204,0.16344699742293156,-0.7709926594724609
SPY,-32.68939948458631,446.9700012207031,stock,2021-08-16,,,,,,
SPY,2.0,0.33,option,2021-08-16,465.0,2021-09-15,call,0.13229096988936204,0.16344699742293156,-0.7709926594724609
SPY,-32.68939948458631,446.9700012207031,stock,2021-08-16,,,,,,
SPY,33.411570581123975,446.9700012207031,stock,2021-08-16,,,,,,
SPY,194.0759266913404,444.0400085449219,stock,2021-08-17,,,,,,
SPY,-2.0,3.925,option,2021-08-18,418.0,2021-09-17,put,0.13422994281554118,-0.08908964724678459,4.546053788605354
SPY,-17.817929449356917,439.17999267578125,stock,2021-08-18,,,,,,
SPY,-2.0,3.925,option,2021-08-18,418.0,2021-09-17,put,0.13422994281554118,-0.08908964724678459,4.546053788605354
SPY,-17.817929449356917,439.17999267578125,stock,2021-08-18,,,,,,
SPY,-2.0,4.0649999999999995,option,2021-08-18,419.0,2021-09-17,put,0.13422994281554118,-0.09952035794435488,4.028388031884365
SPY,-19.904071588870977,439.17999267578125,stock,2021-08-18,,,,,,
SPY,179.62199741015948,439.17999267578125,stock,2021-08-18,,,,,,
SPY,20.807300709543995,439.8599853515625,stock,2021-08-19,,,,,,
SPY,-47.68333181979209,443.3599853515625,stock,2021-08-20,,,,,,
SPY,-2.0,2.4,option,2021-08-23,425.0,2021-09-22,put,0.13437433138792168,-0.08270452163332265,2.635362532555448
SPY,-16.54090432666453,447.260009765625,stock,2021-08-23,,,,,,
SPY,-2.0,2.4,option,2021-08-23,425.0,2021-09-22,put,0.13437433138792168,-0.08270452163332265,2.635362532555448
SPY,-16.54090432666453,447.260009765625,stock,2021-08-23,,,,,,
SPY,-2.0,2.495,option,2021-08-23,426.0,2021-09-22,put,0.13437433138792168,-0.09240301467392475,2.3098865409409184
SPY,-18.48060293478495,447.260009765625,stock,2021-08-23,,,,,,
SPY,-40.47583869406973,447.260009765625,stock,2021-08-23,,,,,,
SPY,16.68128134977924,447.9700012207031,stock,2021-08-24,,,,,,
SPY,-2.0,2.425,option,2021-08-25,427.0,2021-09-24,put,0.1364888908564975,-0.09006686261230845,2.2531238931795845
SPY,-18.01337252246169,448.9100036621094,stock,2021-08-25,,,,,,
SPY,-2.0,2.425,option,2021-08-25,427.0,2021-09-24,put,0.1364888908564975,-0.09006686261230845,2.2531238931795845
SPY,-18.01337252246169,448.9100036621094,stock,2021-08-25,,,,,,
SPY,-1.0,2.4699999999999998,option,2021-08-25,427.5,2021-09-24,put,0.1364888908564975,-0.09502416418842408,2.1071197914289814
SPY,-9.502416418842408,448.9100036621094,stock,2021-08-25,,,,,,
SPY,2.0,0.10500000000000001,option,2021-08-25,471.0,2021-09-24,call,0.1364888908564975,0.12180469017824591,-0.8989106767542279
SPY,-24.360938035649184,448.9100036621094,stock,2021-08-25,,,,,,
SPY,-2.192136712673687,448.9100036621094,stock,2021-08-25,,,,,,
SPY,124.96915509966331,446.260009765625,stock,2021-08-26,,,,,,
SPY,-101.91580716792046,450.25,stock,2021-08-27,,,,,,
SPY,-2.0,2.175,option,2021-08-30,430.0,2021-09-29,put,0.1241135235249867,-0.06935834858542345,3.351616931800154
SPY,-13.87166971708469,452.2300109863281,stock,2021-08-30,,,,,,
SPY,-2.0,2.175,option,2021-08-30,430.0,2021-09-29,put,0.1241135235249867,-0.06935834858542345,3.351616931800154
SPY,-13.87166971708469,452.2300109863281,stock,2021-08-30,,,,,,
SPY,-2.0,2.6399999999999997,option,2021-08-30,435.0,2021-09-29,put,0.1241135235249867,-0.12390550615741391,1.631269761428092
SPY,-24.781101231482783,452.2300109863281,stock,2021-08-30,,,,,,
SPY,2.0,0.615,option,2021-08-30,465.0,2021-09-29,call,0.1241135235249867,0.23619198176334694,-0.7190506550572331
SPY,-47.23839635266939,452.2300109863281,stock,2021-08-30,,,,,,
SPY,48.26379944379898,452.2300109863281,stock,2021-08-30,,,,,,
SPY,2.0,0.11499999999999999,option,2021-08-31,474.0,2021-09-30,call,0.11650991825669749,0.08286561844477419,-0.7956292543655856
SPY,-16.573123688954837,451.55999755859375,stock,2021-08-31,,,,,,
SPY,130.1336869117225,451.55999755859375,stock,2021-08-31,,,,,,
SPY,2.0,0.11499999999999999,option,2021-09-01,474.0,2021-10-01,call,0.1146322591578009,0.08179025936144602,-0.7891929625070496
SPY,-16.358051872289202,451.79998779296875,stock,2021-09-01,,,,,,
SPY,2.0,0.11499999999999999,option,2021-09-01,474.0,2021-10-01,call,0.1146322591578009,0.08179025936144602,-0.7891929625070496
SPY,-16.358051872289202,451.79998779296875,stock,2021-09-01,,,,,,
SPY,64.20367511394642,451.79998779296875,stock,2021-09-01,,,,,,
SPY,-1.91177598162637,453.19000244140625,stock,2021-09-02,,,,,,
SPY,39.25888439152865,453.0799865722656,stock,2021-09-03,,,,,,
SPY,145.20297451936014,451.4599914550781,stock,2021-09-07,,,,,,
SPY,2.0,0.155,option,2021-09-08,472.0,2021-10-08,call,0.10952944076636084,0.08261887973360393,-0.7057599677929772
SPY,-16.523775946720786,450.9100036621094,stock,2021-09-08,,,,,,
SPY,2.0,0.155,option,2021-09-08,472.0,2021-10-08,call,0.10952944076636084,0.08261887973360393,-0.7057599677929772
SPY,-16.523775946720786,450.9100036621094,stock,2021-09-08,,,,,,
SPY,2.0,0.135,option,2021-09-08,473.0,2021-10-08,call,0.10952944076636084,0.07282517656171339,-0.702460089372304
SPY,-14.565035312342678,450.9100036621094,stock,2021-09-08,,,,,,
SPY,2.0,0.135,option,2021-09-08,473.0,2021-10-08,call,0.10952944076636084,0.07282517656171339,-0.702460089372304
SPY,-14.565035312342678,450.9100036621094,stock,2021-09-08,,,,,,
SPY,25.750693689250095,450.9100036621094,stock,2021-09-08,,,,,,
SPY,32.73425199991977,448.9800109863281,stock,2021-09-09,,,,,,
SPY,4.2714259872894935,445.44000244140625,stock,2021-09-10,,,,,,
SPY,-2.0,3.145,option,2021-09-13,425.0,2021-10-13,put,0.11298693036238172,-0.05524563807945437,8.152466123326997
SPY,-11.049127615890875,446.5799865722656,stock,2021-09-13,,,,,,
SPY,-2.0,3.145,option,2021-09-13,425.0,2021-10-13,put,0.11298693036238172,-0.05524563807945437,8.152466123326997
SPY,-11.049127615890875,446.5799865722656,stock,2021-09-13,,,,,,
SPY,-1.0,3.255,option,2021-09-13,426.0,2021-10-13,put,0.11298693036238172,-0.06382490524991813,6.999444104109574
SPY,-6.3824905249918125,446.5799865722656,stock,2021-09-13,,,,,,
SPY,2.0,0.515,option,2021-09-13,463.0,2021-10-13,call,0.11298693036238172,0.1473699296524557,-0.5248329217050193
SPY,-29.473985930491143,446.5799865722656,stock,2021-09-13,,,,,,
SPY,2.0,0.515,option,2021-09-13,463.0,2021-10-13,call,0.11298693036238172,0.1473699296524557,-0.5248329217050193
SPY,-29.473985930491143,446.5799865722656,stock,2021-09-13,,,,,,
SPY,54.22259482782652,446.5799865722656,stock,2021-09-13,,,,,,
SPY,-4.028196005899552,444.1700134277344,stock,2021-09-14,,,,,,
SPY,2.0,0.155,option,2021-09-15,470.0,2021-10-15,call,0.1114292327681668,0.07470663735806352,-0.6718867650398551
SPY,-14.941327471612704,447.8800048828125,stock,2021-09-15,,,,,,
SPY,2.0,0.155,option,2021-09-15,470.0,2021-10-15,call,0.1114292327681668,0.07470663735806352,-0.6718867650398551
SPY,-14.941327471612704,447.8800048828125,stock,2021-09-15,,,,,,
SPY,2.0,0.185,option,2021-09-15,469.0,2021-10-15,call,0.1114292327681668,0.08457598419604567,-0.6619238404953491
SPY,-16.915196839209134,447.8800048828125,stock,2021-09-15,,,,,,
SPY,41.90655327080406,447.8800048828125,stock,2021-09-15,,,,,,
SPY,21.67153503133919,447.1700134277344,stock,2021-09-16,,,,,,
SPY,-26.73495081113813,441.3999938964844,stock,2021-09-17,,,,,,
SPY,-2.0,5.28,option,2021-09-20,414.0,2021-10-20,put,0.1485832722194305,-0.12108186527615028,3.696795258077494
SPY,-24.216373055230058,434.0400085449219,stock,2021-09-20,,,,,,
SPY,-2.0,5.28,option,2021-09-20,414.0,2021-10-20,put,0.1485832722194305,-0.12108186527615028,3.696795258077494
SPY,-24.216373055230058,434.0400085449219,stock,2021-09-20,,,,,,
SPY,-2.0,5.46,option,2021-09-20,415.0,2021-10-20,put,0.1485832722194305,-0.13286285239654383,3.3335543796662033
SPY,-26.572570479308766,434.0400085449219,stock,2021-09-20,,,,,,
SPY,-216.13798859601974,434.0400085449219,stock,2021-09-20,,,,,,
SPY,-4.0,0.10500000000000001,option,2021-09-21,463.0,2021-10-13,call,0.13382263063918934,0.023968643128787,
SPY,9.5874572515148,433.6300048828125,stock,2021-09-21,,,,,,
SPY,4.82387358495977,433.6300048828125,stock,2021-09-21,,,,,,
SPY,-2.0,3.415,option,2021-09-22,416.0,2021-10-22,put,0.13366143257955068,-0.08097333837849796,4.448065842987956
SPY,-16.19466767569959,437.8599853515625,stock,2021-09-22,,,,,,
SPY,-2.0,3.415,option,2021-09-22,416.0,2021-10-22,put,0.13366143257955068,-0.08097333837849796,4.448065842987956
SPY,-16.19466767569959,437.8599853515625,stock,2021-09-22,,,,,,
SPY,-2.0,3.55,option,2021-09-22,417.0,2021-10-22,put,0.13366143257955068,-0.09079130987252149,3.939788773992631
SPY,-18.1582619745043,437.8599853515625,stock,2021-09-22,,,,,,
SPY,-1.0,3.55,option,2021-09-22,417.0,2021-10-22,put,0.13366143257955068,-0.09079130987252149,3.939788773992631
SPY,-9.07913098725215,437.8599853515625,stock,2021-09-22,,,,,,
SPY,237.46610548121745,437.8599853515625,stock,2021-09-22,,,,,,
SPY,182.48232283102004,443.17999267578125,stock,2021-09-23,,,,,,
SPY,27.726367023747354,443.9100036621094,stock,2021-09-24,,,,,,
SPY,-2.0,2.99,option,2021-09-27,422.0,2021-10-27,put,0.14381802140895764,-0.1114941202810813,1.9814179389824798
SPY,-22.29882405621626,442.6400146484375,stock,2021-09-27,,,,,,
SPY,-2.0,2.99,option,2021-09-27,422.0,2021-10-27,put,0.14381802140895764,-0.1114941202810813,1.9814179389824798
SPY,-22.29882405621626,442.6400146484375,stock,2021-09-27,,,,,,
SPY,-1.0,3.24,option,2021-09-27,424.0,2021-10-27,put,0.14381802140895764,-0.13480804307279803,1.5604174173942345
SPY,-13.480804307279804,442.6400146484375,stock,2021-09-27,,,,,,
SPY,2.0,0.33499999999999996,option,2021-09-27,463.0,2021-10-27,call,0.14381802140895764,0.15145895847874408,-0.762250068793283
SPY,-30.291791695748817,442.6400146484375,stock,2021-09-27,,,,,,
SPY,2.0,0.33499999999999996,option,2021-09-27,463.0,2021-10-27,call,0.14381802140895764,0.15145895847874408,-0.762250068793283
SPY,-30.291791695748817,442.6400146484375,stock,2021-09-27,,,,,,
SPY,26.262195560362358,442.6400146484375,stock,2021-09-27,,,,,,
SPY,-353.89063331017394,433.7200012207031,stock,2021-09-28,,,,,,
SPY,-2.0,4.074999999999999,option,2021-09-29,413.0,2021-10-29,put,0.15743219903922287,-0.11883677078182531,2.4931709717431527
SPY,-23.767354156365062,434.45001220703125,stock,2021-09-29,,,,,,
SPY,-2.0,4.074999999999999,option,2021-09-29,413.0,2021-10-29,put,0.15743219903922287,-0.11883677078182531,2.4931709717431527
SPY,-23.767354156365062,434.45001220703125,stock,2021-09-29,,,,,,
SPY,-2.0,4.225,option,2021-09-29,414.0,2021-10-29,put,0.15743219903922287,-0.12982051243884463,2.2497237527285687
SPY,-25.964102487768926,434.45001220703125,stock,2021-09-29,,,,,,
SPY,2.0,0.59,option,2021-09-29,456.0,2021-10-29,call,0.15743219903922287,0.15538001528257378,-0.6217887175826016
SPY,-31.076003056514757,434.45001220703125,stock,2021-09-29,,,,,,
SPY,2.0,0.59,option,2021-09-29,456.0,2021-10-29,call,0.15743219903922287,0.15538001528257378,-0.6217887175826016
SPY,-31.076003056514757,434.45001220703125,stock,2021-09-29,,,,,,
SPY,209.29686426085553,434.45001220703125,stock,2021-09-29,,,,,,
SPY,-226.774847206935,429.1400146484375,stock,2021-09-30,,,,,,
SPY,256.3714744009384,434.239990234375,stock,2021-10-01,,,,,,
SPY,-214.53506779887093,428.6400146484375,stock,2021-10-04,,,,,,
SPY,256.55772219552466,433.1000061035156,stock,2021-10-05,,,,,,
SPY,2.0,0.7,option,2021-10-06,456.0,2021-11-05,call,0.16730245942740715,0.17631535762515887,-0.63935493322334
SPY,-35.263071525031776,434.8999938964844,stock,2021-10-06,,,,,,
SPY,2.0,0.7,option,2021-10-06,456.0,2021-11-05,call,0.16730245942740715,0.17631535762515887,-0.63935493322334
SPY,-35.263071525031776,434.8999938964844,stock,2021-10-06,,,,,,
SPY,2.0,0.83,option,2021-10-06,455.0,2021-11-05,call,0.16730245942740715,0.18842175904822256,-0.6067473089755635
SPY,-37.68435180964451,434.8999938964844,stock,2021-10-06,,,,,,
SPY,2.0,0.83,option,2021-10-06,455.0,2021-11-05,call,0.16730245942740715,0.18842175904822256,-0.6067473089755635
SPY,-37.68435180964451,434.8999938964844,stock,2021-10-06,,,,,,
SPY,94.38960730022065,434.8999938964844,stock,2021-10-06,,,,,,
SPY,60.388669981541355,438.6600036621094,stock,2021-10-07,,,,,,
SPY,21.18846396326947,437.8599853515625,stock,2021-10-08,,,,,,
SPY,2.0,0.46499999999999997,option,2021-10-11,456.0,2021-11-10,call,0.16691310521569402,0.17312922672093983,-0.7541995741088954
SPY,-34.625845344187965,434.69000244140625,stock,2021-10-11,,,,,,
SPY,2.0,0.46499999999999997,option,2021-10-11,456.0,2021-11-10,call,0.16691310521569402,0.17312922672093983,-0.7541995741088954
SPY,-34.625845344187965,434.69000244140625,stock,2021-10-11,,,,,,
SPY,2.0,0.56,option,2021-10-11,455.0,2021-11-10,call,0.16691310521569402,0.1851282037373559,-0.7279373626758947
SPY,-37.02564074747118,434.69000244140625,stock,2021-10-11,,,,,,
SPY,2.0,0.56,option,2021-10-11,455.0,2021-11-10,call,0.16691310521569402,0.1851282037373559,-0.7279373626758947
SPY,-37.02564074747118,434.69000244140625,stock,2021-10-11,,,,,,
SPY,63.11662997274746,434.69000244140625,stock,2021-10-11,,,,,,
SPY,28.432475743493512,433.6199951171875,stock,2021-10-12,,,,,,
SPY,-2.0,2.9450000000000003,option,2021-10-13,414.0,2021-11-12,put,0.16716831752994446,-0.13581255449308927,1.0119493497963734
SPY,-27.162510898617853,435.17999267578125,stock,2021-10-13,,,,,,
SPY,-2.0,2.9450000000000003,option,2021-10-13,414.0,2021-11-12,put,0.16716831752994446,-0.13581255449308927,1.0119493497963734
SPY,-27.162510898617853,435.17999267578125,stock,2021-10-13,,,,,,
SPY,-1.0,3.085,option,2021-10-13,415.0,2021-11-12,put,0.16716831752994446,-0.14709171375885077,0.9091254770885525
SPY,-14.709171375885077,435.17999267578125,stock,2021-10-13,,,,,,
SPY,2.0,0.46499999999999997,option,2021-10-13,456.0,2021-11-12,call,0.16716831752994446,0.17960969723824327,-0.7659124397417475
SPY,-35.921939447648654,435.17999267578125,stock,2021-10-13,,,,,,
SPY,20.107476999088973,435.17999267578125,stock,2021-10-13,,,,,,
SPY,-111.04236294099421,442.5,stock,2021-10-14,,,,,,
SPY,1.0,0.435,option,2021-10-15,424.0,2021-10-27,put,0.17746334829637903,-0.05711168186071147,
SPY,5.711168186071147,445.8699951171875,stock,2021-10-15,,,,,,
SPY,-108.11494807372463,445.8699951171875,stock,2021-10-15,,,,,,
SPY,2.0,0.33999999999999997,option,2021-10-18,468.0,2021-11-17,call,0.1795765399927771,0.20445332804114258,-0.8682267175027424
SPY,-40.89066560822852,447.19000244140625,stock,2021-10-18,,,,,,
SPY,2.0,0.33999999999999997,option,2021-10-18,468.0,2021-11-17,call,0.1795765399927771,0.20445332804114258,-0.8682267175027424
SPY,-40.89066560822852,447.19000244140625,stock,2021-10-18,,,,,,
SPY,2.0,0.395,option,2021-10-18,467.0,2021-11-17,call,0.1795765399927771,0.21644062486912768,-0.8576953682025307
SPY,-43.28812497382554,447.19000244140625,stock,2021-10-18,,,,,,
SPY,2.0,0.395,option,2021-10-18,467.0,2021-11-17,call,0.1795765399927771,0.21644062486912768,-0.8576953682025307
SPY,-43.28812497382554,447.19000244140625,stock,2021-10-18,,,,,,
SPY,1.78060046546085,447.19000244140625,stock,2021-10-18,,,,,,
SPY,-199.05391192552273,450.6400146484375,stock,2021-10-19,,,,,,
SPY,-108.29175725206909,452.4100036621094,stock,2021-10-20,,,,,,
SPY,-73.06470579699949,453.5899963378906,stock,2021-10-21,,,,,,
SPY,56.206100373194374,453.1199951171875,stock,2021-10-22,,,,,,
SPY,-143.88309510094834,455.54998779296875,stock,2021-10-25,,,,,,
SPY,-12.739505782518933,455.9599914550781,stock,2021-10-26,,,,,,
SPY,205.76271974574314,453.94000244140625,stock,2021-10-27,,,,,,
SPY,-4.0,5.029999999999999,option,2021-10-28,455.0,2021-11-05,call,0.17766992569074042,0.614072781675751,
SPY,245.6291126703004,458.32000732421875,stock,2021-10-28,,,,,,
SPY,-443.40668638331033,458.32000732421875,stock,2021-10-28,,,,,,
SPY,-4.0,5.165,option,2021-10-29,456.0,2021-11-05,call,0.17396549349507495,0.6206604650738661,
SPY,248.26418602954644,459.25,stock,2021-10-29,,,,,,
SPY,-4.0,6.055,option,2021-10-29,456.0,2021-11-10,call,0.17396549349507495,0.5953851822053078,
SPY,238.1540728821231,459.25,stock,2021-10-29,,,,,,
SPY,-4.0,6.8149999999999995,option,2021-10-29,455.0,2021-11-10,call,0.17396549349507495,0.6221069910284843,
SPY,248.84279641139372,459.25,stock,2021-10-29,,,,,,
SPY,-2.0,6.535,option,2021-10-29,456.0,2021-11-12,call,0.17396549349507495,0.5894079532942418,
SPY,117.88159065884835,459.25,stock,2021-10-29,,,,,,
SPY,244.3929787139621,459.25,stock,2021-10-29,,,,,,
SPY,2.0,0.2,option,2021-11-01,482.0,2021-12-01,call,0.1626564049861876,0.17324973239239405,-0.8976368023215646
SPY,-34.64994647847881,460.0400085449219,stock,2021-11-01,,,,,,
SPY,2.0,0.2,option,2021-11-01,482.0,2021-12-01,call,0.1626564049861876,0.17324973239239405,-0.8976368023215646
SPY,-34.64994647847881,460.0400085449219,stock,2021-11-01,,,,,,
SPY,2.0,0.28,option,2021-11-01,480.0,2021-12-01,call,0.1626564049861876,0.1970419226035207,-0.8782001999915278
SPY,-39.408384520704146,460.0400085449219,stock,2021-11-01,,,,,,
SPY,2.0,0.28,option,2021-11-01,480.0,2021-12-01,call,0.1626564049861876,0.1970419226035207,-0.8782001999915278
SPY,-39.408384520704146,460.0400085449219,stock,2021-11-01,,,,,,
SPY,2.0,0.33499999999999996,option,2021-11-01,479.0,2021-12-01,call,0.1626564049861876,0.2096857297519279,-0.8654043866195221
SPY,-41.93714595038558,460.0400085449219,stock,2021-11-01,,,,,,
SPY,2.0,0.33499999999999996,option,2021-11-01,479.0,2021-12-01,call,0.1626564049861876,0.2096857297519279,-0.8654043866195221
SPY,-41.93714595038558,460.0400085449219,stock,2021-11-01,,,,,,
SPY,2.0,0.405,option,2021-11-01,478.0,2021-12-01,call,0.1626564049861876,0.22282229695752687,-0.8495207084766361
SPY,-44.56445939150537,460.0400085449219,stock,2021-11-01,,,,,,
SPY,2.0,0.405,option,2021-11-01,478.0,2021-12-01,call,0.1626564049861876,0.22282229695752687,-0.8495207084766361
SPY,-44.56445939150537,460.0400085449219,stock,2021-11-01,,,,,,
SPY,2.0,0.49,option,2021-11-01,477.0,2021-12-01,call,0.1626564049861876,0.2364445078177148,-0.8314263292030799
SPY,-47.288901563542964,460.0400085449219,stock,2021-11-01,,,,,,
SPY,2.0,0.49,option,2021-11-01,477.0,2021-12-01,call,0.1626564049861876,0.2364445078177148,-0.8314263292030799
SPY,-47.288901563542964,460.0400085449219,stock,2021-11-01,,,,,,
SPY,2.0,0.59,option,2021-11-01,476.0,2021-12-01,call,0.1626564049861876,0.2505429016150424,-0.8118292599192121
SPY,-50.108580323008475,460.0400085449219,stock,2021-11-01,,,,,,
SPY,2.0,0.59,option,2021-11-01,476.0,2021-12-01,call,0.1626564049861876,0.2505429016150424,-0.8118292599192121
SPY,-50.108580323008475,460.0400085449219,stock,2021-11-01,,,,,,
SPY,2.0,0.72,option,2021-11-01,475.0,2021-12-01,call,0.1626564049861876,0.26510562569507956,-0.7868568124386102
SPY,-53.021125139015915,460.0400085449219,stock,2021-11-01,,,,,,
SPY,2.0,0.72,option,2021-11-01,475.0,2021-12-01,call,0.1626564049861876,0.26510562569507956,-0.7868568124386102
SPY,-53.021125139015915,460.0400085449219,stock,2021-11-01,,,,,,
SPY,2.0,0.87,option,2021-11-01,474.0,2021-12-01,call,0.1626564049861876,0.2801184057310039,-0.7606533237398115
SPY,-56.02368114620078,460.0400085449219,stock,2021-11-01,,,,,,
SPY,1.0,0.87,option,2021-11-01,474.0,2021-12-01,call,0.1626564049861876,0.2801184057310039,-0.7606533237398115
SPY,-28.01184057310039,460.0400085449219,stock,2021-11-01,,,,,,
SPY,30.601580259426072,460.0400085449219,stock,2021-11-01,,,,,,
SPY,-97.69897971728543,461.8999938964844,stock,2021-11-02,,,,,,
SPY,-171.31623642912626,464.7200012207031,stock,2021-11-03,,,,,,
SPY,-142.2391440182813,466.9100036621094,stock,2021-11-04,,,,,,
SPY,-110.30603455235948,468.5299987792969,stock,2021-11-05,,,,,,
SPY,-4.0,4.325,option,2021-11-08,467.0,2021-11-17,call,0.15686367498291162,0.5714633941583991,
SPY,228.58535766335964,468.92999267578125,stock,2021-11-08,,,,,,
SPY,-5.782345682271838,468.92999267578125,stock,2021-11-08,,,,,,
SPY,-4.0,2.815,option,2021-11-09,468.0,2021-11-17,call,0.13656606811954491,0.4780593379123988,
SPY,191.22373516495952,467.3800048828125,stock,2021-11-09,,,,,,
SPY,124.46832755287872,467.3800048828125,stock,2021-11-09,,,,,,
SPY,-2.0,2.9299999999999997,option,2021-11-10,441.0,2021-12-10,put,0.13804109759208932,-0.09254275732502282,2.6419896430527685
SPY,-18.508551465004565,463.6199951171875,stock,2021-11-10,,,,,,
SPY,-2.0,2.9299999999999997,option,2021-11-10,441.0,2021-12-10,put,0.13804109759208932,-0.09254275732502282,2.6419896430527685
SPY,-18.508551465004565,463.6199951171875,stock,2021-11-10,,,,,,
SPY,217.9144776656131,463.6199951171875,stock,2021-11-10,,,,,,
SPY,11.96379328120917,463.7699890136719,stock,2021-11-11,,,,,,
SPY,-166.44802106743984,467.2699890136719,stock,2021-11-12,,,,,,
SPY,-2.0,2.295,option,2021-11-15,445.0,2021-12-15,put,0.11866264563056461,-0.06541554570009045,3.981283320052086
SPY,-13.08310914001809,467.42999267578125,stock,2021-11-15,,,,,,
SPY,-2.0,2.295,option,2021-11-15,445.0,2021-12-15,put,0.11866264563056461,-0.06541554570009045,3.981283320052086
SPY,-13.08310914001809,467.42999267578125,stock,2021-11-15,,,,,,
SPY,-2.0,2.395,option,2021-11-15,446.0,2021-12-15,put,0.11866264563056461,-0.07424989284977823,3.4763387671947323
SPY,-14.849978569955645,467.42999267578125,stock,2021-11-15,,,,,,
SPY,-2.0,2.395,option,2021-11-15,446.0,2021-12-15,put,0.11866264563056461,-0.07424989284977823,3.4763387671947323
SPY,-14.849978569955645,467.42999267578125,stock,2021-11-15,,,,,,
SPY,-1.0,2.5,option,2021-11-15,447.0,2021-12-15,put,0.11866264563056461,-0.08394478599618349,3.0384301540533216
SPY,-8.394478599618349,467.42999267578125,stock,2021-11-15,,,,,,
SPY,43.612973876170216,467.42999267578125,stock,2021-11-15,,,,,,
SPY,-80.49532914821879,469.2799987792969,stock,2021-11-16,,,,,,
SPY,92.99984621621628,468.1400146484375,stock,2021-11-17,,,,,,
SPY,-71.68811802578763,469.7300109863281,stock,2021-11-18,,,,,,
SPY,83.48227737658387,468.8900146484375,stock,2021-11-19,,,,,,
SPY,-4.0,0.61,option,2021-11-22,475.0,2021-12-01,call,0.10982732487881164,0.1827384002766017,
SPY,73.09536011064068,467.57000732421875,stock,2021-11-22,,,,,,
SPY,-3.0,0.8200000000000001,option,2021-11-22,474.0,2021-12-01,call,0.10982732487881164,0.21687923095424166,
SPY,65.0637692862725,467.57000732421875,stock,2021-11-22,,,,,,
SPY,-2.0,3.17,option,2021-11-22,445.0,2021-12-22,put,0.10982732487881164,-0.05058037362307155,9.048983876778058
SPY,-10.116074724614311,467.57000732421875,stock,2021-11-22,,,,,,
SPY,-2.0,3.17,option,2021-11-22,445.0,2021-12-22,put,0.10982732487881164,-0.05058037362307155,9.048983876778058
SPY,-10.116074724614311,467.57000732421875,stock,2021-11-22,,,,,,
SPY,-2.0,3.29,option,2021-11-22,446.0,2021-12-22,put,0.10982732487881164,-0.058444963318517784,7.811848603744615
SPY,-11.688992663703557,467.57000732421875,stock,2021-11-22,,,,,,
SPY,-2.0,3.29,option,2021-11-22,446.0,2021-12-22,put,0.10982732487881164,-0.058444963318517784,7.811848603744615
SPY,-11.688992663703557,467.57000732421875,stock,2021-11-22,,,,,,
SPY,-2.0,3.55,option,2021-11-22,448.0,2021-12-22,put,0.10982732487881164,-0.07695425754550267,5.876095798734463
SPY,-15.390851509100534,467.57000732421875,stock,2021-11-22,,,,,,
SPY,-2.0,3.55,option,2021-11-22,448.0,2021-12-22,put,0.10982732487881164,-0.07695425754550267,5.876095798734463
SPY,-15.390851509100534,467.57000732421875,stock,2021-11-22,,,,,,
SPY,-2.0,3.84,option,2021-11-22,450.0,2021-12-22,put,0.10982732487881164,-0.09950235728480439,4.4702215567796495
SPY,-19.90047145696088,467.57000732421875,stock,2021-11-22,,,,,,
SPY,248.86393736260956,467.57000732421875,stock,2021-11-22,,,,,,
SPY,21.930713377048402,468.19000244140625,stock,2021-11-23,,,,,,
SPY,-5.217193033251629,469.44000244140625,stock,2021-11-24,,,,,,
SPY,153.60422434712837,458.9700012207031,stock,2021-11-26,,,,,,
SPY,257.4027671065312,464.6000061035156,stock,2021-11-29,,,,,,
SPY,-339.0778151169209,455.55999755859375,stock,2021-11-30,,,,,,
SPY,-354.7663376184688,450.5,stock,2021-12-01,,,,,,
SPY,496.88127454651334,457.3999938964844,stock,2021-12-02,,,,,,
SPY,-228.63217099045067,453.4200134277344,stock,2021-12-03,,,,,,
SPY,2.0,0.925,option,2021-12-06,481.0,2022-01-05,call,0.19150463312542562,0.21079355648006975,-0.6843827631829928
SPY,-42.15871129601395,458.7900085449219,stock,2021-12-06,,,,,,
SPY,2.0,0.925,option,2021-12-06,481.0,2022-01-05,call,0.19150463312542562,0.21079355648006975,-0.6843827631829928
SPY,-42.15871129601395,458.7900085449219,stock,2021-12-06,,,,,,
SPY,2.0,1.0550000000000002,option,2021-12-06,480.0,2022-01-05,call,0.19150463312542562,0.22190826467721037,-0.6630478795819987
SPY,-44.38165293544208,458.7900085449219,stock,2021-12-06,,,,,,
SPY,2.0,1.0550000000000002,option,2021-12-06,480.0,2022-01-05,call,0.19150463312542562,0.22190826467721037,-0.6630478795819987
SPY,-44.38165293544208,458.7900085449219,stock,2021-12-06,,,,,,
SPY,2.0,1.2,option,2021-12-06,479.0,2022-01-05,call,0.19150463312542562,0.23337449220372714,-0.6409383196739578
SPY,-46.67489844074543,458.7900085449219,stock,2021-12-06,,,,,,
SPY,2.0,1.2,option,2021-12-06,479.0,2022-01-05,call,0.19150463312542562,0.23337449220372714,-0.6409383196739578
SPY,-46.67489844074543,458.7900085449219,stock,2021-12-06,,,,,,
SPY,2.0,1.365,option,2021-12-06,478.0,2022-01-05,call,0.19150463312542562,0.24518705252809753,-0.6170279331879734
SPY,-49.037410505619505,458.7900085449219,stock,2021-12-06,,,,,,
SPY,386.172771965915,458.7900085449219,stock,2021-12-06,,,,,,
SPY,33.91382403012403,468.2799987792969,stock,2021-12-07,,,,,,
SPY,2.0,0.55,option,2021-12-08,492.0,2022-01-07,call,0.1801549046547089,0.19826200560330498,-0.7895160461926777
SPY,-39.652401120661,469.5199890136719,stock,2021-12-08,,,,,,
SPY,2.0,0.55,option,2021-12-08,492.0,2022-01-07,call,0.1801549046547089,0.19826200560330498,-0.7895160461926777
SPY,-39.652401120661,469.5199890136719,stock,2021-12-08,,,,,,
SPY,2.0,0.625,option,2021-12-08,491.0,2022-01-07,call,0.1801549046547089,0.2094149946927129,-0.7769619568883923
SPY,-41.882998938542585,469.5199890136719,stock,2021-12-08,,,,,,
SPY,2.0,0.625,option,2021-12-08,491.0,2022-01-07,call,0.1801549046547089,0.2094149946927129,-0.7769619568883923
SPY,-41.882998938542585,469.5199890136719,stock,2021-12-08,,,,,,
SPY,2.0,0.705,option,2021-12-08,490.0,2022-01-07,call,0.1801549046547089,0.22095268200473372,-0.7651760178776145
SPY,-44.19053640094675,469.5199890136719,stock,2021-12-08,,,,,,
SPY,2.0,0.705,option,2021-12-08,490.0,2022-01-07,call,0.1801549046547089,0.22095268200473372,-0.7651760178776145
SPY,-44.19053640094675,469.5199890136719,stock,2021-12-08,,,,,,
SPY,2.0,0.795,option,2021-12-08,489.0,2022-01-07,call,0.1801549046547089,0.23287056191693795,-0.7526079683093404
SPY,-46.574112383387586,469.5199890136719,stock,2021-12-08,,,,,,
SPY,2.0,0.795,option,2021-12-08,489.0,2022-01-07,call,0.1801549046547089,0.23287056191693795,-0.7526079683093404
SPY,-46.574112383387586,469.5199890136719,stock,2021-12-08,,,,,,
SPY,4.335793939236254,469.5199890136719,stock,2021-12-08,,,,,,
SPY,119.3701839577555,466.3500061035156,stock,2021-12-09,,,,,,
SPY,-137.4352195693989,470.739990234375,stock,2021-12-10,,,,,,
SPY,2.0,0.63,option,2021-12-13,488.0,2022-01-12,call,0.18101224955558884,0.20962222298902883,-0.7750869333721809
SPY,-41.92444459780577,466.57000732421875,stock,2021-12-13,,,,,,
SPY,2.0,0.63,option,2021-12-13,488.0,2022-01-12,call,0.18101224955558884,0.20962222298902883,-0.7750869333721809
SPY,-41.92444459780577,466.57000732421875,stock,2021-12-13,,,,,,
SPY,206.1467804580346,466.57000732421875,stock,2021-12-13,,,,,,
SPY,136.69508841920353,463.3599853515625,stock,2021-12-14,,,,,,
SPY,2.0,0.45499999999999996,option,2021-12-15,494.0,2022-01-14,call,0.18486630149087047,0.19541951770123467,-0.8274527849388388
SPY,-39.083903540246936,470.6000061035156,stock,2021-12-15,,,,,,
SPY,2.0,0.45499999999999996,option,2021-12-15,494.0,2022-01-14,call,0.18486630149087047,0.19541951770123467,-0.8274527849388388
SPY,-39.083903540246936,470.6000061035156,stock,2021-12-15,,,,,,
SPY,2.0,0.515,option,2021-12-15,493.0,2022-01-14,call,0.18486630149087047,0.20614695558215484,-0.8175614489276869
SPY,-41.22939111643097,470.6000061035156,stock,2021-12-15,,,,,,
SPY,2.0,0.515,option,2021-12-15,493.0,2022-01-14,call,0.18486630149087047,0.20614695558215484,-0.8175614489276869
SPY,-41.22939111643097,470.6000061035156,stock,2021-12-15,,,,,,
SPY,2.0,0.5549999999999999,option,2021-12-15,492.5,2022-01-14,call,0.18486630149087047,0.21164751263114856,-0.809912305688746
SPY,-42.32950252622971,470.6000061035156,stock,2021-12-15,,,,,,
SPY,2.0,0.5549999999999999,option,2021-12-15,492.5,2022-01-14,call,0.18486630149087047,0.21164751263114856,-0.809912305688746
SPY,-42.32950252622971,470.6000061035156,stock,2021-12-15,,,,,,
SPY,2.0,0.585,option,2021-12-15,492.0,2022-01-14,call,0.18486630149087047,0.21723875840878104,-0.8062395164959981
SPY,-43.44775168175621,470.6000061035156,stock,2021-12-15,,,,,,
SPY,-268.12755278233726,470.6000061035156,stock,2021-12-15,,,,,,
SPY,275.2892490751295,466.45001220703125,stock,2021-12-16,,,,,,
SPY,4.0,0.72,option,2021-12-17,448.0,2021-12-22,put,0.19239001771709205,-0.12044115623390028,
SPY,48.17646249356011,459.8699951171875,stock,2021-12-17,,,,,,
SPY,2.0,0.96,option,2021-12-17,450.0,2021-12-22,put,0.19239001771709205,-0.1647881996090521,
SPY,32.957639921810426,459.8699951171875,stock,2021-12-17,,,,,,
SPY,266.9123946952858,459.8699951171875,stock,2021-12-17,,,,,,
SPY,2.0,1.4249999999999998,option,2021-12-20,476.0,2022-01-19,call,0.19733883038744118,0.22935815842399326,-0.5729071136613111
SPY,-45.87163168479865,454.9800109863281,stock,2021-12-20,,,,,,
SPY,2.0,1.4249999999999998,option,2021-12-20,476.0,2022-01-19,call,0.19733883038744118,0.22935815842399326,-0.5729071136613111
SPY,-45.87163168479865,454.9800109863281,stock,2021-12-20,,,,,,
SPY,2.0,1.625,option,2021-12-20,475.0,2022-01-19,call,0.19733883038744118,0.24078188236629083,-0.5427903434817851
SPY,-48.15637647325816,454.9800109863281,stock,2021-12-20,,,,,,
SPY,2.0,1.625,option,2021-12-20,475.0,2022-01-19,call,0.19733883038744118,0.24078188236629083,-0.5427903434817851
SPY,-48.15637647325816,454.9800109863281,stock,2021-12-20,,,,,,
SPY,2.0,1.845,option,2021-12-20,474.0,2022-01-19,call,0.19733883038744118,0.2525334058455066,-0.5122822153641055
SPY,-50.50668116910132,454.9800109863281,stock,2021-12-20,,,,,,
SPY,2.0,1.845,option,2021-12-20,474.0,2022-01-19,call,0.19733883038744118,0.2525334058455066,-0.5122822153641055
SPY,-50.50668116910132,454.9800109863281,stock,2021-12-20,,,,,,
SPY,256.5514505691436,454.9800109863281,stock,2021-12-20,,,,,,
SPY,-397.31905450821705,463.05999755859375,stock,2021-12-21,,,,,,
SPY,1.0,0.54,option,2021-12-22,491.0,2022-01-21,call,0.20850896865451796,0.22474433909276909,-0.8467825385625779
SPY,-22.474433909276907,467.69000244140625,stock,2021-12-22,,,,,,
SPY,-297.8674853627224,467.69000244140625,stock,2021-12-22,,,,,,
SPY,-211.5076135186673,470.6000061035156,stock,2021-12-23,,,,,,
SPY,-542.5671750038991,477.260009765625,stock,2021-12-27,,,,,,
SPY,83.80438706625127,476.8699951171875,stock,2021-12-28,,,,,,
SPY,-33.5953984718926,477.4800109863281,stock,2021-12-29,,,,,,
SPY,213.75124982034185,476.1600036621094,stock,2021-12-30,,,,,,
SPY,207.80516370685083,474.9599914550781,stock,2021-12-31,,,,,,
SPY,-139.97008893915168,477.7099914550781,stock,2022-01-03,,,,,,
SPY,157.6369937491588,477.54998779296875,stock,2022-01-04,,,,,,
SPY,1017.9311702039339,468.3800048828125,stock,2022-01-05,,,,,,
SPY,41.026476315801126,467.94000244140625,stock,2022-01-06,,,,,,
SPY,86.62751316187186,466.0899963378906,stock,2022-01-07,,,,,,
SPY,2.0,0.5449999999999999,option,2022-01-10,487.0,2022-02-09,call,0.21075868286084204,0.24525520900054232,-0.862747289555669
SPY,-49.051041800108464,465.510009765625,stock,2022-01-10,,,,,,
SPY,2.0,0.5449999999999999,option,2022-01-10,487.0,2022-02-09,call,0.21075868286084204,0.24525520900054232,-0.862747289555669
SPY,-49.051041800108464,465.510009765625,stock,2022-01-10,,,,,,
SPY,2.0,0.635,option,2022-01-10,486.0,2022-02-09,call,0.21075868286084204,0.2560798518315744,-0.8488891246179207
SPY,-51.21597036631488,465.510009765625,stock,2022-01-10,,,,,,
SPY,2.0,0.635,option,2022-01-10,486.0,2022-02-09,call,0.21075868286084204,0.2560798518315744,-0.8488891246179207
SPY,-51.21597036631488,465.510009765625,stock,2022-01-10,,,,,,
SPY,2.0,0.75,option,2022-01-10,485.0,2022-02-09,call,0.21075868286084204,0.26717160101588566,-0.8312385890053899
SPY,-53.43432020317713,465.510009765625,stock,2022-01-10,,,,,,
SPY,2.0,0.75,option,2022-01-10,485.0,2022-02-09,call,0.21075868286084204,0.26717160101588566,-0.8312385890053899
SPY,-53.43432020317713,465.510009765625,stock,2022-01-10,,,,,,
SPY,2.0,0.885,option,2022-01-10,484.0,2022-02-09,call,0.21075868286084204,0.2785244061477573,-0.8115757363826278
SPY,-55.70488122955146,465.510009765625,stock,2022-01-10,,,,,,
SPY,2.0,0.885,option,2022-01-10,484.0,2022-02-09,call,0.21075868286084204,0.2785244061477573,-0.8115757363826278
SPY,-55.70488122955146,465.510009765625,stock,2022-01-10,,,,,,
SPY,2.0,1.0350000000000001,option,2022-01-10,483.0,2022-02-09,call,0.21075868286084204,0.29013140556907036,-0.7913555795836282
SPY,-58.02628111381407,465.510009765625,stock,2022-01-10,,,,,,
SPY,2.0,1.0350000000000001,option,2022-01-10,483.0,2022-02-09,call,0.21075868286084204,0.29013140556907036,-0.7913555795836282
SPY,-58.02628111381407,465.510009765625,stock,2022-01-10,,,,,,
SPY,1.0,1.22,option,2022-01-10,482.0,2022-02-09,call,0.21075868286084204,0.3019849249478359,-0.7669818831735206
SPY,-30.19849249478359,465.510009765625,stock,2022-01-10,,,,,,
SPY,95.78524638224725,465.510009765625,stock,2022-01-10,,,,,,
SPY,-217.5029491702288,469.75,stock,2022-01-11,,,,,,
SPY,-57.40288718226988,471.0199890136719,stock,2022-01-12,,,,,,
SPY,413.76884512252843,464.5299987792969,stock,2022-01-13,,,,,,
SPY,26.96941746701466,464.7200012207031,stock,2022-01-14,,,,,,
SPY,437.5547262675981,456.489990234375,stock,2022-01-18,,,,,,
SPY,-2.0,4.615,option,2022-01-19,430.0,2022-02-18,put,0.19773541705273617,-0.1767632624152239,0.8391985228099722
SPY,-35.35265248304478,451.75,stock,2022-01-19,,,,,,
SPY,-2.0,4.615,option,2022-01-19,430.0,2022-02-18,put,0.19773541705273617,-0.1767632624152239,0.8391985228099722
SPY,-35.35265248304478,451.75,stock,2022-01-19,,,,,,
SPY,2.0,1.44,option,2022-01-19,474.0,2022-02-18,call,0.19773541705273617,0.21454019152976045,-0.5271335673846791
SPY,-42.90803830595209,451.75,stock,2022-01-19,,,,,,
SPY,2.0,1.44,option,2022-01-19,474.0,2022-02-18,call,0.19773541705273617,0.21454019152976045,-0.5271335673846791
SPY,-42.90803830595209,451.75,stock,2022-01-19,,,,,,
SPY,89.8138497887327,451.75,stock,2022-01-19,,,,,,
SPY,72.09848453495957,446.75,stock,2022-01-20,,,,,,
SPY,50.18566260089989,437.9800109863281,stock,2022-01-21,,,,,,
SPY,-2.0,6.715,option,2022-01-24,420.0,2022-02-23,put,0.2259280751638148,-0.22054138013049895,0.8032486713476444
SPY,-44.10827602609979,439.8399963378906,stock,2022-01-24,,,,,,
SPY,-2.0,6.715,option,2022-01-24,420.0,2022-02-23,put,0.2259280751638148,-0.22054138013049895,0.8032486713476444
SPY,-44.10827602609979,439.8399963378906,stock,2022-01-24,,,,,,
SPY,20.228432621327116,439.8399963378906,stock,2022-01-24,,,,,,
SPY,-26.095994348402286,434.4700012207031,stock,2022-01-25,,,,,,
SPY,-2.0,7.26,option,2022-01-26,412.0,2022-02-25,put,0.2249037223400163,-0.19979089435030217,1.2592872840452087
SPY,-39.958178870060436,433.3800048828125,stock,2022-01-26,,,,,,
SPY,-2.0,7.26,option,2022-01-26,412.0,2022-02-25,put,0.2249037223400163,-0.19979089435030217,1.2592872840452087
SPY,-39.958178870060436,433.3800048828125,stock,2022-01-26,,,,,,
SPY,-2.0,7.720000000000001,option,2022-01-26,414.0,2022-02-25,put,0.2249037223400163,-0.22146252616785556,1.1024724244016413
SPY,-44.29250523357111,433.3800048828125,stock,2022-01-26,,,,,,
SPY,-2.0,7.720000000000001,option,2022-01-26,414.0,2022-02-25,put,0.2249037223400163,-0.22146252616785556,1.1024724244016413
SPY,-44.29250523357111,433.3800048828125,stock,2022-01-26,,,,,,
SPY,-2.0,7.949999999999999,option,2022-01-26,415.0,2022-02-25,put,0.2249037223400163,-0.2327419963157481,1.028868622007381
SPY,-46.54839926314962,433.3800048828125,stock,2022-01-26,,,,,,
SPY,-2.0,7.949999999999999,option,2022-01-26,415.0,2022-02-25,put,0.2249037223400163,-0.2327419963157481,1.028868622007381
SPY,-46.54839926314962,433.3800048828125,stock,2022-01-26,,,,,,
SPY,-2.0,8.195,option,2022-01-26,416.0,2022-02-25,put,0.2249037223400163,-0.24430543143192018,0.9619622846763433
SPY,-48.86108628638404,433.3800048828125,stock,2022-01-26,,,,,,
SPY,-2.0,8.195,option,2022-01-26,416.0,2022-02-25,put,0.2249037223400163,-0.24430543143192018,0.9619622846763433
SPY,-48.86108628638404,433.3800048828125,stock,2022-01-26,,,,,,
SPY,-2.0,8.705,option,2022-01-26,418.0,2022-02-25,put,0.2249037223400163,-0.2682431124277739,0.8400841804811562
SPY,-53.648622485554775,433.3800048828125,stock,2022-01-26,,,,,,
SPY,-2.0,8.705,option,2022-01-26,418.0,2022-02-25,put,0.2249037223400163,-0.2682431124277739,0.8400841804811562
SPY,-53.648622485554775,433.3800048828125,stock,2022-01-26,,,,,,
SPY,-18.614220058589638,433.3800048828125,stock,2022-01-26,,,,,,
SPY,4.0,10.855,option,2022-01-27,430.0,2022-02-18,put,0.22434260136581646,-0.46738502591414677,
SPY,186.95401036565872,431.239990234375,stock,2022-01-27,,,,,,
SPY,-61.11681333444879,431.239990234375,stock,2022-01-27,,,,,,
SPY,245.8907837116045,441.95001220703125,stock,2022-01-28,,,,,,
SPY,-2.0,4.96,option,2022-01-31,428.0,2022-03-02,put,0.2063232859957908,-0.1836928735327068,0.8093381018731393
SPY,-36.73857470654136,449.9100036621094,stock,2022-01-31,,,,,,
SPY,-2.0,4.96,option,2022-01-31,428.0,2022-03-02,put,0.2063232859957908,-0.1836928735327068,0.8093381018731393
SPY,-36.73857470654136,449.9100036621094,stock,2022-01-31,,,,,,
SPY,2.0,1.545,option,2022-01-31,472.0,2022-03-02,call,0.2063232859957908,0.2257380778427407,-0.5422317801343541
SPY,-45.14761556854814,449.9100036621094,stock,2022-01-31,,,,,,
SPY,2.0,1.545,option,2022-01-31,472.0,2022-03-02,call,0.2063232859957908,0.2257380778427407,-0.5422317801343541
SPY,-45.14761556854814,449.9100036621094,stock,2022-01-31,,,,,,
SPY,2.0,1.885,option,2022-01-31,470.0,2022-03-02,call,0.2063232859957908,0.24788225383729035,-0.5055164054120869
SPY,-49.57645076745807,449.9100036621094,stock,2022-01-31,,,,,,
SPY,2.0,1.885,option,2022-01-31,470.0,2022-03-02,call,0.2063232859957908,0.24788225383729035,-0.5055164054120869
SPY,-49.57645076745807,449.9100036621094,stock,2022-01-31,,,,,,
SPY,144.25411567425908,449.9100036621094,stock,2022-01-31,,,,,,
SPY,19.878592643511666,452.95001220703125,stock,2022-02-01,,,,,,
SPY,2.0,0.69,option,2022-02-02,480.0,2022-03-04,call,0.21011577184373315,0.22812874877898887,-0.8050873964413867
SPY,-45.62574975579777,457.3500061035156,stock,2022-02-02,,,,,,
SPY,2.0,0.69,option,2022-02-02,480.0,2022-03-04,call,0.21011577184373315,0.22812874877898887,-0.8050873964413867
SPY,-45.62574975579777,457.3500061035156,stock,2022-02-02,,,,,,
SPY,2.0,0.78,option,2022-02-02,479.0,2022-03-04,call,0.21011577184373315,0.23872725596921535,-0.7922806547161935
SPY,-47.74545119384307,457.3500061035156,stock,2022-02-02,,,,,,
SPY,2.0,0.78,option,2022-02-02,479.0,2022-03-04,call,0.21011577184373315,0.23872725596921535,-0.7922806547161935
SPY,-47.74545119384307,457.3500061035156,stock,2022-02-02,,,,,,
SPY,-6.10002476800382,457.3500061035156,stock,2022-02-02,,,,,,
SPY,131.66122948935896,446.6000061035156,stock,2022-02-03,,,,,,
SPY,26.96483033146066,448.70001220703125,stock,2022-02-04,,,,,,
SPY,2.0,1.6600000000000001,option,2022-02-07,468.0,2022-03-09,call,0.2140452797429251,0.24787360256115426,-0.5772863116777499
SPY,-49.574720512230854,447.260009765625,stock,2022-02-07,,,,,,
SPY,2.0,1.6600000000000001,option,2022-02-07,468.0,2022-03-09,call,0.2140452797429251,0.24787360256115426,-0.5772863116777499
SPY,-49.574720512230854,447.260009765625,stock,2022-02-07,,,,,,
SPY,78.7944804939508,447.260009765625,stock,2022-02-07,,,,,,
SPY,1.732435165250962,450.94000244140625,stock,2022-02-08,,,,,,
SPY,2.0,0.8200000000000001,option,2022-02-09,480.0,2022-03-11,call,0.2102711217430602,0.2303974814004291,-0.7715739858731993
SPY,-46.07949628008582,457.5400085449219,stock,2022-02-09,,,,,,
SPY,2.0,0.8200000000000001,option,2022-02-09,480.0,2022-03-11,call,0.2102711217430602,0.2303974814004291,-0.7715739858731993
SPY,-46.07949628008582,457.5400085449219,stock,2022-02-09,,,,,,
SPY,2.0,0.935,option,2022-02-09,479.0,2022-03-11,call,0.2102711217430602,0.24104560117892554,-0.7543983378787031
SPY,-48.20912023578511,457.5400085449219,stock,2022-02-09,,,,,,
SPY,2.0,0.935,option,2022-02-09,479.0,2022-03-11,call,0.2102711217430602,0.24104560117892554,-0.7543983378787031
SPY,-48.20912023578511,457.5400085449219,stock,2022-02-09,,,,,,
SPY,2.0,1.0550000000000002,option,2022-02-09,478.0,2022-03-11,call,0.2102711217430602,0.25197888637912164,-0.738504026950065
SPY,-50.39577727582433,457.5400085449219,stock,2022-02-09,,,,,,
SPY,2.0,1.0550000000000002,option,2022-02-09,478.0,2022-03-11,call,0.2102711217430602,0.25197888637912164,-0.738504026950065
SPY,-50.39577727582433,457.5400085449219,stock,2022-02-09,,,,,,
SPY,2.0,1.205,option,2022-02-09,477.0,2022-03-11,call,0.2102711217430602,0.2631920969855956,-0.7179690185588289
SPY,-52.638419397119115,457.5400085449219,stock,2022-02-09,,,,,,
SPY,-82.67338779456372,457.5400085449219,stock,2022-02-09,,,,,,
SPY,285.97795339160797,449.32000732421875,stock,2022-02-10,,,,,,
SPY,4.0,5.4,option,2022-02-11,428.0,2022-03-02,put,0.250751436698342,-0.2969211385869235,
SPY,118.7684554347694,440.4599914550781,stock,2022-02-11,,,,,,
SPY,93.75936703973302,440.4599914550781,stock,2022-02-11,,,,,,
SPY,2.0,2.5700000000000003,option,2022-02-14,460.0,2022-03-16,call,0.25796428428136575,0.2836605662692271,-0.5342387902918094
SPY,-56.73211325384542,439.0199890136719,stock,2022-02-14,,,,,,
SPY,2.0,2.5700000000000003,option,2022-02-14,460.0,2022-03-16,call,0.25796428428136575,0.2836605662692271,-0.5342387902918094
SPY,-56.73211325384542,439.0199890136719,stock,2022-02-14,,,,,,
SPY,2.0,2.84,option,2022-02-14,459.0,2022-03-16,call,0.25796428428136575,0.29371136930985864,-0.5087662414395873
SPY,-58.742273861971725,439.0199890136719,stock,2022-02-14,,,,,,
SPY,2.0,2.84,option,2022-02-14,459.0,2022-03-16,call,0.25796428428136575,0.29371136930985864,-0.5087662414395873
SPY,-58.742273861971725,439.0199890136719,stock,2022-02-14,,,,,,
SPY,111.87655366031866,439.0199890136719,stock,2022-02-14,,,,,,
SPY,-78.5908468473778,446.1000061035156,stock,2022-02-15,,,,,,
SPY,2.0,1.42,option,2022-02-16,468.0,2022-03-18,call,0.23633943007943717,0.26348328396929666,-0.6963836989330279
SPY,-52.69665679385933,446.6000061035156,stock,2022-02-16,,,,,,
SPY,2.0,1.42,option,2022-02-16,468.0,2022-03-18,call,0.23633943007943717,0.26348328396929666,-0.6963836989330279
SPY,-52.69665679385933,446.6000061035156,stock,2022-02-16,,,,,,
SPY,25.508985233541395,446.6000061035156,stock,2022-02-16,,,,,,
SPY,229.60938183184385,437.05999755859375,stock,2022-02-17,,,,,,
SPY,4.0,0.91,option,2022-02-18,420.0,2022-02-23,put,0.26600097436470577,-0.13847425062924468,
SPY,55.389700251697874,434.2300109863281,stock,2022-02-18,,,,,,
SPY,4.0,1.4449999999999998,option,2022-02-18,418.0,2022-02-25,put,0.26600097436470577,-0.1459037018590612,
SPY,58.36148074362448,434.2300109863281,stock,2022-02-18,,,,,,
SPY,17.560739388099137,434.2300109863281,stock,2022-02-18,,,,,,
SPY,173.78900702205868,429.57000732421875,stock,2022-02-22,,,,,,
SPY,-73.61218481678418,421.95001220703125,stock,2022-02-23,,,,,,
SPY,167.11212740046014,428.29998779296875,stock,2022-02-24,,,,,,
SPY,-115.42362619984462,437.75,stock,2022-02-25,,,,,,
SPY,2.0,2.5250000000000004,option,2022-02-28,458.0,2022-03-30,call,0.28523633846566776,0.3003703220807771,-0.6131180748820036
SPY,-60.074064416155416,436.6300048828125,stock,2022-02-28,,,,,,
SPY,2.0,2.5250000000000004,option,2022-02-28,458.0,2022-03-30,call,0.28523633846566776,0.3003703220807771,-0.6131180748820036
SPY,-60.074064416155416,436.6300048828125,stock,2022-02-28,,,,,,
SPY,2.0,2.7750000000000004,option,2022-02-28,457.0,2022-03-30,call,0.28523633846566776,0.3097333636555857,-0.5920976473412898
SPY,-61.94667273111713,436.6300048828125,stock,2022-02-28,,,,,,
SPY,2.0,2.7750000000000004,option,2022-02-28,457.0,2022-03-30,call,0.28523633846566776,0.3097333636555857,-0.5920976473412898
SPY,-61.94667273111713,436.6300048828125,stock,2022-02-28,,,,,,
SPY,2.0,3.05,option,2022-02-28,456.0,2022-03-30,call,0.28523633846566776,0.3192424295422748,-0.5697361946831591
SPY,-63.848485908454954,436.6300048828125,stock,2022-02-28,,,,,,
SPY,2.0,3.05,option,2022-02-28,456.0,2022-03-30,call,0.28523633846566776,0.3192424295422748,-0.5697361946831591
SPY,-63.848485908454954,436.6300048828125,stock,2022-02-28,,,,,,
SPY,2.0,3.34,option,2022-02-28,455.0,2022-03-30,call,0.28523633846566776,0.32889318974015536,-0.5476353091800681
SPY,-65.77863794803108,436.6300048828125,stock,2022-02-28,,,,,,
SPY,2.0,3.34,option,2022-02-28,455.0,2022-03-30,call,0.28523633846566776,0.32889318974015536,-0.5476353091800681
SPY,-65.77863794803108,436.6300048828125,stock,2022-02-28,,,,,,
SPY,73.24731631867559,436.6300048828125,stock,2022-02-28,,,,,,
SPY,197.39287210543097,429.9800109863281,stock,2022-03-01,,,,,,
SPY,2.0,2.665,option,2022-03-02,459.0,2022-04-01,call,0.283642992338718,0.3021878661354359,-0.5939681486499911
SPY,-60.437573227087185,437.8900146484375,stock,2022-03-02,,,,,,
SPY,2.0,2.665,option,2022-03-02,459.0,2022-04-01,call,0.283642992338718,0.3021878661354359,-0.5939681486499911
SPY,-60.437573227087185,437.8900146484375,stock,2022-03-02,,,,,,
SPY,2.0,2.925,option,2022-03-02,458.0,2022-04-01,call,0.283642992338718,0.3116080858339598,-0.5724934055701613
SPY,-62.32161716679197,437.8900146484375,stock,2022-03-02,,,,,,
SPY,2.0,2.925,option,2022-03-02,458.0,2022-04-01,call,0.283642992338718,0.3116080858339598,-0.5724934055701613
SPY,-62.32161716679197,437.8900146484375,stock,2022-03-02,,,,,,
SPY,2.0,3.215,option,2022-03-02,457.0,2022-04-01,call,0.283642992338718,0.32117424715462933,-0.5490600069437449
SPY,-64.23484943092586,437.8900146484375,stock,2022-03-02,,,,,,
SPY,2.0,3.215,option,2022-03-02,457.0,2022-04-01,call,0.283642992338718,0.32117424715462933,-0.5490600069437449
SPY,-64.23484943092586,437.8900146484375,stock,2022-03-02,,,,,,
SPY,-189.25668182225024,437.8900146484375,stock,2022-03-02,,,,,,
SPY,114.26154953167051,435.7099914550781,stock,2022-03-03,,,,,,
SPY,157.25592226462902,432.1700134277344,stock,2022-03-04,,,,,,
SPY,422.4747145147811,419.42999267578125,stock,2022-03-07,,,,,,
SPY,78.58044988594358,416.25,stock,2022-03-08,,,,,,
SPY,2.0,3.4050000000000002,option,2022-03-09,448.0,2022-04-08,call,0.29625873356609683,0.31131472058495063,-0.5103131982924215
SPY,-62.26294411699013,427.4100036621094,stock,2022-03-09,,,,,,
SPY,2.0,3.4050000000000002,option,2022-03-09,448.0,2022-04-08,call,0.29625873356609683,0.31131472058495063,-0.5103131982924215
SPY,-62.26294411699013,427.4100036621094,stock,2022-03-09,,,,,,
SPY,-226.97676363422931,427.4100036621094,stock,2022-03-09,,,,,,
SPY,83.03724183904046,425.4800109863281,stock,2022-03-10,,,,,,
SPY,160.05069738486196,420.07000732421875,stock,2022-03-11,,,,,,
SPY,121.5126259073504,417.0,stock,2022-03-14,,,,,,
SPY,2.0,2.775,option,2022-03-15,447.0,2022-04-14,call,0.29339527690622785,0.3065232894760561,-0.5874395212277409
SPY,-61.30465789521122,426.1700134277344,stock,2022-03-15,,,,,,
SPY,2.0,2.775,option,2022-03-15,447.0,2022-04-14,call,0.29339527690622785,0.3065232894760561,-0.5874395212277409
SPY,-61.30465789521122,426.1700134277344,stock,2022-03-15,,,,,,
SPY,2.0,3.0199999999999996,option,2022-03-15,446.0,2022-04-14,call,0.29339527690622785,0.3159326310233046,-0.5690612021712445
SPY,-63.18652620466092,426.1700134277344,stock,2022-03-15,,,,,,
SPY,2.0,3.0199999999999996,option,2022-03-15,446.0,2022-04-14,call,0.29339527690622785,0.3159326310233046,-0.5690612021712445
SPY,-63.18652620466092,426.1700134277344,stock,2022-03-15,,,,,,
SPY,2.0,3.28,option,2022-03-15,445.0,2022-04-14,call,0.29339527690622785,0.32548429095484965,-0.550603929814083
SPY,-65.09685819096993,426.1700134277344,stock,2022-03-15,,,,,,
SPY,2.0,3.28,option,2022-03-15,445.0,2022-04-14,call,0.29339527690622785,0.32548429095484965,-0.550603929814083
SPY,-65.09685819096993,426.1700134277344,stock,2022-03-15,,,,,,
SPY,2.0,3.5549999999999997,option,2022-03-15,444.0,2022-04-14,call,0.29339527690622785,0.3351738386771719,-0.532152300719909
SPY,-67.03476773543437,426.1700134277344,stock,2022-03-15,,,,,,
SPY,2.0,3.5549999999999997,option,2022-03-15,444.0,2022-04-14,call,0.29339527690622785,0.3351738386771719,-0.532152300719909
SPY,-67.03476773543437,426.1700134277344,stock,2022-03-15,,,,,,
SPY,2.0,3.84,option,2022-03-15,443.0,2022-04-14,call,0.29339527690622785,0.3449965452111384,-0.5144117227064678
SPY,-68.99930904222768,426.1700134277344,stock,2022-03-15,,,,,,
SPY,-174.24835388675348,426.1700134277344,stock,2022-03-15,,,,,,
SPY,-448.45198528560127,435.6199951171875,stock,2022-03-16,,,,,,
SPY,-296.30666489450584,441.07000732421875,stock,2022-03-17,,,,,,
SPY,-2.0,10.645,option,2022-03-18,443.0,2022-04-14,call,0.2770090106269829,0.5346222473778547,
SPY,106.92444947557094,444.5199890136719,stock,2022-03-18,,,,,,
SPY,-199.85834637245244,444.5199890136719,stock,2022-03-18,,,,,,
SPY,88.70468999244872,444.3900146484375,stock,2022-03-21,,,,,,
SPY,-4.0,11.435,option,2022-03-22,445.0,2022-04-14,call,0.2776056556051198,0.5740921591332094,
SPY,229.63686365328377,449.5899963378906,stock,2022-03-22,,,,,,
SPY,-4.0,12.14,option,2022-03-22,444.0,2022-04-14,call,0.2776056556051198,0.5867084331930494,
SPY,234.68337327721977,449.5899963378906,stock,2022-03-22,,,,,,
SPY,-359.2428551382161,449.5899963378906,stock,2022-03-22,,,,,,
SPY,417.9960440693368,443.79998779296875,stock,2022-03-23,,,,,,
SPY,-429.6660625730941,450.489990234375,stock,2022-03-24,,,,,,
SPY,-4.0,11.665,option,2022-03-25,446.0,2022-04-14,call,0.2761560972627805,0.6052843331389248,
SPY,242.11373325556994,452.69000244140625,stock,2022-03-25,,,,,,
SPY,-148.81230142100148,452.69000244140625,stock,2022-03-25,,,,,,
SPY,-4.0,10.504999999999999,option,2022-03-28,448.0,2022-04-08,call,0.26866130952048856,0.6561090032627858,
SPY,262.4436013051143,455.9100036621094,stock,2022-03-28,,,,,,
SPY,-4.0,12.575,option,2022-03-28,447.0,2022-04-14,call,0.26866130952048856,0.6456024564432683,
SPY,258.2409825773073,455.9100036621094,stock,2022-03-28,,,,,,
SPY,-231.47325051776176,455.9100036621094,stock,2022-03-28,,,,,,
SPY,-675.0203995368558,461.54998779296875,stock,2022-03-29,,,,,,
SPY,1338.0823210992282,458.70001220703125,stock,2022-03-30,,,,,,
SPY,427.91667368506967,451.6400146484375,stock,2022-03-31,,,,,,
SPY,212.4299845165616,452.9200134277344,stock,2022-04-01,,,,,,
SPY,2.0,0.535,option,2022-04-04,479.0,2022-05-04,call,0.26239997753894984,0.28388049831168266,-0.9084272701283018
SPY,-56.776099662336534,456.79998779296875,stock,2022-04-04,,,,,,
SPY,2.0,0.535,option,2022-04-04,479.0,2022-05-04,call,0.26239997753894984,0.28388049831168266,-0.9084272701283018
SPY,-56.776099662336534,456.79998779296875,stock,2022-04-04,,,,,,
SPY,2.0,0.62,option,2022-04-04,478.0,2022-05-04,call,0.26239997753894984,0.29336815994444587,-0.8984504052103126
SPY,-58.67363198888918,456.79998779296875,stock,2022-04-04,,,,,,
SPY,2.0,0.62,option,2022-04-04,478.0,2022-05-04,call,0.26239997753894984,0.29336815994444587,-0.8984504052103126
SPY,-58.67363198888918,456.79998779296875,stock,2022-04-04,,,,,,
SPY,2.0,0.72,option,2022-04-04,477.0,2022-05-04,call,0.26239997753894984,0.3030204892623831,-0.8871044710360484
SPY,-60.60409785247663,456.79998779296875,stock,2022-04-04,,,,,,
SPY,2.0,0.72,option,2022-04-04,477.0,2022-05-04,call,0.26239997753894984,0.3030204892623831,-0.8871044710360484
SPY,-60.60409785247663,456.79998779296875,stock,2022-04-04,,,,,,
SPY,2.0,0.835,option,2022-04-04,476.0,2022-05-04,call,0.26239997753894984,0.31283308325050285,-0.8746073938721635
SPY,-62.56661665010057,456.79998779296875,stock,2022-04-04,,,,,,
SPY,2.0,0.835,option,2022-04-04,476.0,2022-05-04,call,0.26239997753894984,0.31283308325050285,-0.8746073938721635
SPY,-62.56661665010057,456.79998779296875,stock,2022-04-04,,,,,,
SPY,2.0,0.965,option,2022-04-04,475.0,2022-05-04,call,0.26239997753894984,0.32280117957689414,-0.8611527547201263
SPY,-64.56023591537883,456.79998779296875,stock,2022-04-04,,,,,,
SPY,2.0,0.965,option,2022-04-04,475.0,2022-05-04,call,0.26239997753894984,0.32280117957689414,-0.8611527547201263
SPY,-64.56023591537883,456.79998779296875,stock,2022-04-04,,,,,,
SPY,2.0,1.1099999999999999,option,2022-04-04,474.0,2022-05-04,call,0.26239997753894984,0.3329196588482772,-0.846912216851808
SPY,-66.58393176965544,456.79998779296875,stock,2022-04-04,,,,,,
SPY,2.0,1.1099999999999999,option,2022-04-04,474.0,2022-05-04,call,0.26239997753894984,0.3329196588482772,-0.846912216851808
SPY,-66.58393176965544,456.79998779296875,stock,2022-04-04,,,,,,
SPY,2.0,1.28,option,2022-04-04,473.0,2022-05-04,call,0.26239997753894984,0.34318304809167444,-0.8307151833378317
SPY,-68.63660961833489,456.79998779296875,stock,2022-04-04,,,,,,
SPY,2.0,1.28,option,2022-04-04,473.0,2022-05-04,call,0.26239997753894984,0.34318304809167444,-0.8307151833378317
SPY,-68.63660961833489,456.79998779296875,stock,2022-04-04,,,,,,
SPY,2.0,1.47,option,2022-04-04,472.0,2022-05-04,call,0.26239997753894984,0.35358552548676,-0.813491557653089
SPY,-70.71710509735199,456.79998779296875,stock,2022-04-04,,,,,,
SPY,2.0,1.47,option,2022-04-04,472.0,2022-05-04,call,0.26239997753894984,0.35358552548676,-0.813491557653089
SPY,-70.71710509735199,456.79998779296875,stock,2022-04-04,,,,,,
SPY,18.129466166234465,456.79998779296875,stock,2022-04-04,,,,,,
SPY,194.08646559021122,451.0299987792969,stock,2022-04-05,,,,,,
SPY,2.0,0.915,option,2022-04-06,468.0,2022-05-06,call,0.25654860700395526,0.2810656883842558,-0.834070598800379
SPY,-56.213137676851154,446.5199890136719,stock,2022-04-06,,,,,,
SPY,2.0,0.915,option,2022-04-06,468.0,2022-05-06,call,0.25654860700395526,0.2810656883842558,-0.834070598800379
SPY,-56.213137676851154,446.5199890136719,stock,2022-04-06,,,,,,
SPY,2.0,1.07,option,2022-04-06,467.0,2022-05-06,call,0.25654860700395526,0.2909553591244032,-0.8147340989466885
SPY,-58.19107182488064,446.5199890136719,stock,2022-04-06,,,,,,
SPY,2.0,1.07,option,2022-04-06,467.0,2022-05-06,call,0.25654860700395526,0.2909553591244032,-0.8147340989466885
SPY,-58.19107182488064,446.5199890136719,stock,2022-04-06,,,,,,
SPY,150.4656530860903,446.5199890136719,stock,2022-04-06,,,,,,
SPY,-65.95824343321864,448.7699890136719,stock,2022-04-07,,,,,,
SPY,63.792254702391986,447.57000732421875,stock,2022-04-08,,,,,,
SPY,2.0,1.625,option,2022-04-11,460.0,2022-05-11,call,0.2474932704970133,0.2842019700581053,-0.6949104505252588
SPY,-56.840394011621065,439.9200134277344,stock,2022-04-11,,,,,,
SPY,2.0,1.625,option,2022-04-11,460.0,2022-05-11,call,0.2474932704970133,0.2842019700581053,-0.6949104505252588
SPY,-56.840394011621065,439.9200134277344,stock,2022-04-11,,,,,,
SPY,2.0,2.105,option,2022-04-11,458.0,2022-05-11,call,0.2474932704970133,0.30537839501893116,-0.6412070819036215
SPY,-61.075679003786234,439.9200134277344,stock,2022-04-11,,,,,,
SPY,326.7074978586993,439.9200134277344,stock,2022-04-11,,,,,,
SPY,82.26363563603726,438.2900085449219,stock,2022-04-12,,,,,,
SPY,2.0,0.955,option,2022-04-13,465.0,2022-05-13,call,0.2424859289693745,0.2647654605147488,-0.800614094865821
SPY,-52.95309210294976,443.30999755859375,stock,2022-04-13,,,,,,
SPY,2.0,0.955,option,2022-04-13,465.0,2022-05-13,call,0.2424859289693745,0.2647654605147488,-0.800614094865821
SPY,-52.95309210294976,443.30999755859375,stock,2022-04-13,,,,,,
SPY,2.0,1.0950000000000002,option,2022-04-13,464.0,2022-05-13,call,0.2424859289693745,0.27500198003011955,-0.7825952069396837
SPY,-55.00039600602391,443.30999755859375,stock,2022-04-13,,,,,,
SPY,2.0,1.0950000000000002,option,2022-04-13,464.0,2022-05-13,call,0.2424859289693745,0.27500198003011955,-0.7825952069396837
SPY,-55.00039600602391,443.30999755859375,stock,2022-04-13,,,,,,
SPY,2.0,1.26,option,2022-04-13,463.0,2022-05-13,call,0.2424859289693745,0.2854524398287164,-0.7619745254347942
SPY,-57.09048796574328,443.30999755859375,stock,2022-04-13,,,,,,
SPY,2.0,1.26,option,2022-04-13,463.0,2022-05-13,call,0.2424859289693745,0.2854524398287164,-0.7619745254347942
SPY,-57.09048796574328,443.30999755859375,stock,2022-04-13,,,,,,
SPY,2.0,1.44,option,2022-04-13,462.0,2022-05-13,call,0.2424859289693745,0.2961115060381381,-0.7410314626798415
SPY,-59.222301207627616,443.30999755859375,stock,2022-04-13,,,,,,
SPY,1.0,1.44,option,2022-04-13,462.0,2022-05-13,call,0.2424859289693745,0.2961115060381381,-0.7410314626798415
SPY,-29.611150603813808,443.30999755859375,stock,2022-04-13,,,,,,
SPY,-157.3210750162019,443.30999755859375,stock,2022-04-13,,,,,,
SPY,323.8934585944048,437.7900085449219,stock,2022-04-14,,,,,,
SPY,2.0,1.455,option,2022-04-18,459.0,2022-05-18,call,0.24652031700355903,0.27258957587306426,-0.7088282648233337
SPY,-54.51791517461285,437.9700012207031,stock,2022-04-18,,,,,,
SPY,2.0,1.455,option,2022-04-18,459.0,2022-05-18,call,0.24652031700355903,0.27258957587306426,-0.7088282648233337
SPY,-54.51791517461285,437.9700012207031,stock,2022-04-18,,,,,,
SPY,2.0,1.6600000000000001,option,2022-04-18,458.0,2022-05-18,call,0.24652031700355903,0.28293656445327686,-0.6838810432241285
SPY,-56.58731289065537,437.9700012207031,stock,2022-04-18,,,,,,
SPY,1.0,1.6600000000000001,option,2022-04-18,458.0,2022-05-18,call,0.24652031700355903,0.28293656445327686,-0.6838810432241285
SPY,-28.293656445327684,437.9700012207031,stock,2022-04-18,,,,,,
SPY,134.93320220998777,437.9700012207031,stock,2022-04-18,,,,,,
SPY,-394.5860192770301,445.0400085449219,stock,2022-04-19,,,,,,
SPY,68.36668715403351,444.7099914550781,stock,2022-04-20,,,,,,
SPY,447.4771008920715,438.05999755859375,stock,2022-04-21,,,,,,
SPY,502.41770926206556,426.0400085449219,stock,2022-04-22,,,,,,
SPY,2.0,2.23,option,2022-04-25,449.0,2022-05-25,call,0.26158712993275235,0.28657746359819714,-0.5970150079520544
SPY,-57.31549271963943,428.510009765625,stock,2022-04-25,,,,,,
SPY,2.0,2.23,option,2022-04-25,449.0,2022-05-25,call,0.26158712993275235,0.28657746359819714,-0.5970150079520544
SPY,-57.31549271963943,428.510009765625,stock,2022-04-25,,,,,,
SPY,24.760233343248146,428.510009765625,stock,2022-04-25,,,,,,
SPY,272.65347977163077,416.1000061035156,stock,2022-04-26,,,,,,
SPY,-0.39846425301678323,417.2699890136719,stock,2022-04-27,,,,,,
SPY,-166.81613725957453,427.80999755859375,stock,2022-04-28,,,,,,
SPY,240.0112377705924,412.0,stock,2022-04-29,,,,,,
SPY,8.620066030763134,414.4800109863281,stock,2022-05-02,,,,,,
SPY,-4.280091591540398,416.3800048828125,stock,2022-05-03,,,,,,
SPY,2.0,2.0300000000000002,option,2022-05-04,450.0,2022-06-03,call,0.29175678730536164,0.3056527677700398,-0.6974592039111125
SPY,-61.13055355400796,429.05999755859375,stock,2022-05-04,,,,,,
SPY,2.0,2.0300000000000002,option,2022-05-04,450.0,2022-06-03,call,0.29175678730536164,0.3056527677700398,-0.6974592039111125
SPY,-61.13055355400796,429.05999755859375,stock,2022-05-04,,,,,,
SPY,2.0,2.255,option,2022-05-04,449.0,2022-06-03,call,0.29175678730536164,0.3150402276128871,-0.6774343523392913
SPY,-63.00804552257742,429.05999755859375,stock,2022-05-04,,,,,,
SPY,2.0,2.255,option,2022-05-04,449.0,2022-06-03,call,0.29175678730536164,0.3150402276128871,-0.6774343523392913
SPY,-63.00804552257742,429.05999755859375,stock,2022-05-04,,,,,,
SPY,2.0,2.495,option,2022-05-04,448.0,2022-06-03,call,0.29175678730536164,0.3245700349072087,-0.6573202361183483
SPY,-64.91400698144174,429.05999755859375,stock,2022-05-04,,,,,,
SPY,2.0,2.495,option,2022-05-04,448.0,2022-06-03,call,0.29175678730536164,0.3245700349072087,-0.6573202361183483
SPY,-64.91400698144174,429.05999755859375,stock,2022-05-04,,,,,,
SPY,2.0,2.62,option,2022-05-04,447.5,2022-06-03,call,0.29175678730536164,0.32938695677433116,-0.6473423122963053
SPY,-65.87739135486623,429.05999755859375,stock,2022-05-04,,,,,,
SPY,2.0,2.62,option,2022-05-04,447.5,2022-06-03,call,0.29175678730536164,0.32938695677433116,-0.6473423122963053
SPY,-65.87739135486623,429.05999755859375,stock,2022-05-04,,,,,,
SPY,2.0,2.75,option,2022-05-04,447.0,2022-06-03,call,0.29175678730536164,0.33423779375481494,-0.6372064504070808
SPY,-66.84755875096299,429.05999755859375,stock,2022-05-04,,,,,,
SPY,-120.25440556884875,429.05999755859375,stock,2022-05-04,,,,,,
SPY,409.44749989759356,413.80999755859375,stock,2022-05-05,,,,,,
SPY,55.473870911305106,411.3399963378906,stock,2022-05-06,,,,,,
SPY,188.93059054506028,398.1700134277344,stock,2022-05-09,,,,,,
SPY,0.8309589335771648,399.0899963378906,stock,2022-05-10,,,,,,
SPY,51.162469372687724,392.75,stock,2022-05-11,,,,,,
SPY,8.60714272216485,392.3399963378906,stock,2022-05-12,,,,,,
SPY,-54.45501737178486,401.7200012207031,stock,2022-05-13,,,,,,
SPY,2.0,3.38,option,2022-05-16,420.0,2022-06-15,call,0.3431042110663867,0.33438718591876626,-0.5904773063385605
SPY,-66.87743718375326,400.0899963378906,stock,2022-05-16,,,,,,
SPY,2.0,3.38,option,2022-05-16,420.0,2022-06-15,call,0.3431042110663867,0.33438718591876626,-0.5904773063385605
SPY,-66.87743718375326,400.0899963378906,stock,2022-05-16,,,,,,
SPY,2.0,3.67,option,2022-05-16,419.0,2022-06-15,call,0.3431042110663867,0.3432547096150034,-0.571091995497652
SPY,-68.65094192300067,400.0899963378906,stock,2022-05-16,,,,,,
SPY,2.0,3.67,option,2022-05-16,419.0,2022-06-15,call,0.3431042110663867,0.3432547096150034,-0.571091995497652
SPY,-68.65094192300067,400.0899963378906,stock,2022-05-16,,,,,,
SPY,2.0,3.965,option,2022-05-16,418.0,2022-06-15,call,0.3431042110663867,0.3522308841947341,-0.5528986609839371
SPY,-70.44617683894681,400.0899963378906,stock,2022-05-16,,,,,,
SPY,2.0,3.965,option,2022-05-16,418.0,2022-06-15,call,0.3431042110663867,0.3522308841947341,-0.5528986609839371
SPY,-70.44617683894681,400.0899963378906,stock,2022-05-16,,,,,,
SPY,2.0,4.275,option,2022-05-16,417.0,2022-06-15,call,0.3431042110663867,0.3613119390757699,-0.5347445086235225
SPY,-72.26238781515399,400.0899963378906,stock,2022-05-16,,,,,,
SPY,2.0,4.275,option,2022-05-16,417.0,2022-06-15,call,0.3431042110663867,0.3613119390757699,-0.5347445086235225
SPY,-72.26238781515399,400.0899963378906,stock,2022-05-16,,,,,,
SPY,2.0,4.605,option,2022-05-16,416.0,2022-06-15,call,0.3431042110663867,0.3704939033961908,-0.5161557566094451
SPY,-74.09878067923816,400.0899963378906,stock,2022-05-16,,,,,,
SPY,2.0,4.605,option,2022-05-16,416.0,2022-06-15,call,0.3431042110663867,0.3704939033961908,-0.5161557566094451
SPY,-74.09878067923816,400.0899963378906,stock,2022-05-16,,,,,,
SPY,46.01156869871434,400.0899963378906,stock,2022-05-16,,,,,,
SPY,-212.13751976633665,408.32000732421875,stock,2022-05-17,,,,,,
SPY,2.0,3.83,option,2022-05-18,411.0,2022-06-17,call,0.3486562801507819,0.34065755612285425,-0.5451491244970377
SPY,-68.13151122457086,391.8599853515625,stock,2022-05-18,,,,,,
SPY,2.0,3.83,option,2022-05-18,411.0,2022-06-17,call,0.3486562801507819,0.34065755612285425,-0.5451491244970377
SPY,-68.13151122457086,391.8599853515625,stock,2022-05-18,,,,,,
SPY,2.0,4.12,option,2022-05-18,410.0,2022-06-17,call,0.3486562801507819,0.34963795755131455,-0.5280059692234508
SPY,-69.92759151026291,391.8599853515625,stock,2022-05-18,,,,,,
SPY,1.0,4.12,option,2022-05-18,410.0,2022-06-17,call,0.3486562801507819,0.34963795755131455,-0.5280059692234508
SPY,-34.96379575513146,391.8599853515625,stock,2022-05-18,,,,,,
SPY,430.1161717346876,391.8599853515625,stock,2022-05-18,,,,,,
SPY,78.79561535356015,389.4599914550781,stock,2022-05-19,,,,,,
SPY,11.468672344012418,389.6300048828125,stock,2022-05-20,,,,,,
SPY,2.0,3.615,option,2022-05-23,416.0,2022-06-22,call,0.36795760177191117,0.3531827503884126,-0.616854018099131
SPY,-70.63655007768253,396.9200134277344,stock,2022-05-23,,,,,,
SPY,2.0,3.895,option,2022-05-23,415.0,2022-06-22,call,0.36795760177191117,0.3616968090935763,-0.6006523816515495
SPY,-72.33936181871526,396.9200134277344,stock,2022-05-23,,,,,,
SPY,2.0,4.1899999999999995,option,2022-05-23,414.0,2022-06-22,call,0.36795760177191117,0.3703006796824362,-0.5843235417335054
SPY,-74.06013593648724,396.9200134277344,stock,2022-05-23,,,,,,
SPY,2.0,4.5,option,2022-05-23,413.0,2022-06-22,call,0.36795760177191117,0.3789909781004369,-0.5679222949109477
SPY,-75.79819562008738,396.9200134277344,stock,2022-05-23,,,,,,
SPY,2.0,4.83,option,2022-05-23,412.0,2022-06-22,call,0.36795760177191117,0.38776416744961195,-0.5510327813502623
SPY,-77.55283348992239,396.9200134277344,stock,2022-05-23,,,,,,
SPY,2.0,5.17,option,2022-05-23,411.0,2022-06-22,call,0.36795760177191117,0.39661656061207656,-0.53464277320498
SPY,-79.32331212241532,396.9200134277344,stock,2022-05-23,,,,,,
SPY,2.0,5.525,option,2022-05-23,410.0,2022-06-22,call,0.36795760177191117,0.40554432326922735,-0.5183107980414438
SPY,-81.10886465384547,396.9200134277344,stock,2022-05-23,,,,,,
SPY,1.0,5.9,option,2022-05-23,409.0,2022-06-22,call,0.36795760177191117,0.414543477319257,-0.5016486276236979
SPY,-41.4543477319257,396.9200134277344,stock,2022-05-23,,,,,,
SPY,-147.59894821603353,396.9200134277344,stock,2022-05-23,,,,,,
SPY,148.39411550339315,393.8900146484375,stock,2022-05-24,,,,,,
SPY,-126.7794086060301,397.3699951171875,stock,2022-05-25,,,,,,
SPY,-346.5023248456429,405.30999755859375,stock,2022-05-26,,,,,,
SPY,-492.43846331626946,415.260009765625,stock,2022-05-27,,,,,,
SPY,183.1550293061361,412.92999267578125,stock,2022-05-31,,,,,,
SPY,187.50628001979797,409.5899963378906,stock,2022-06-01,,,,,,
SPY,-420.71098484696785,417.3900146484375,stock,2022-06-02,,,,,,
SPY,392.25141862713895,410.5400085449219,stock,2022-06-03,,,,,,
SPY,-35.90423364012141,411.7900085449219,stock,2022-06-06,,,,,,
SPY,-253.79571124638187,415.739990234375,stock,2022-06-07,,,,,,
SPY,327.80930749015556,411.2200012207031,stock,2022-06-08,,,,,,
SPY,711.0363212075711,401.44000244140625,stock,2022-06-09,,,,,,
SPY,651.8662573112696,389.79998779296875,stock,2022-06-10,,,,,,
SPY,-4.0,0.10500000000000001,option,2022-06-13,411.0,2022-06-17,call,0.36215194499977915,0.008318786294919464,
SPY,3.3275145179677854,375.0,stock,2022-06-13,,,,,,
SPY,-3.0,0.11499999999999999,option,2022-06-13,410.0,2022-06-17,call,0.36215194499977915,0.00989344150628094,
SPY,2.968032451884282,375.0,stock,2022-06-13,,,,,,
SPY,416.8602766678401,375.0,stock,2022-06-13,,,,,,
SPY,22.196616677174088,373.8699951171875,stock,2022-06-14,,,,,,
SPY,2.0,3.605,option,2022-06-15,398.0,2022-07-15,call,0.3789511330869619,0.3534807731496109,-0.6114692430679894
SPY,-70.69615462992218,379.20001220703125,stock,2022-06-15,,,,,,
SPY,2.0,3.605,option,2022-06-15,398.0,2022-07-15,call,0.3789511330869619,0.3534807731496109,-0.6114692430679894
SPY,-70.69615462992218,379.20001220703125,stock,2022-06-15,,,,,,
SPY,2.0,3.87,option,2022-06-15,397.0,2022-07-15,call,0.3789511330869619,0.3621252549648598,-0.596712403607329
SPY,-72.42505099297196,379.20001220703125,stock,2022-06-15,,,,,,
SPY,2.0,3.87,option,2022-06-15,397.0,2022-07-15,call,0.3789511330869619,0.3621252549648598,-0.596712403607329
SPY,-72.42505099297196,379.20001220703125,stock,2022-06-15,,,,,,
SPY,2.0,4.145,option,2022-06-15,396.0,2022-07-15,call,0.3789511330869619,0.37086270748221917,-0.5822421531060277
SPY,-74.17254149644383,379.20001220703125,stock,2022-06-15,,,,,,
SPY,2.0,4.145,option,2022-06-15,396.0,2022-07-15,call,0.3789511330869619,0.37086270748221917,-0.5822421531060277
SPY,-74.17254149644383,379.20001220703125,stock,2022-06-15,,,,,,
SPY,2.0,4.4350000000000005,option,2022-06-15,395.0,2022-07-15,call,0.3789511330869619,0.3796896050962896,-0.5675833674230444
SPY,-75.93792101925791,379.20001220703125,stock,2022-06-15,,,,,,
SPY,2.0,4.4350000000000005,option,2022-06-15,395.0,2022-07-15,call,0.3789511330869619,0.3796896050962896,-0.5675833674230444
SPY,-75.93792101925791,379.20001220703125,stock,2022-06-15,,,,,,
SPY,2.0,4.74,option,2022-06-15,394.0,2022-07-15,call,0.3789511330869619,0.3886022586539438,-0.5527932266850535
SPY,-77.72045173078877,379.20001220703125,stock,2022-06-15,,,,,,
SPY,2.0,4.74,option,2022-06-15,394.0,2022-07-15,call,0.3789511330869619,0.3886022586539438,-0.5527932266850535
SPY,-77.72045173078877,379.20001220703125,stock,2022-06-15,,,,,,
SPY,2.0,5.0600000000000005,option,2022-06-15,393.0,2022-07-15,call,0.3789511330869619,0.39759681818676407,-0.537922887887079
SPY,-79.51936363735281,379.20001220703125,stock,2022-06-15,,,,,,
SPY,2.0,5.0600000000000005,option,2022-06-15,393.0,2022-07-15,call,0.3789511330869619,0.39759681818676407,-0.537922887887079
SPY,-79.51936363735281,379.20001220703125,stock,2022-06-15,,,,,,
SPY,-19.26034917133572,379.20001220703125,stock,2022-06-15,,,,,,
SPY,343.70037437946604,366.6499938964844,stock,2022-06-16,,,,,,
SPY,31.974337213232104,365.8599853515625,stock,2022-06-17,,,,,,
SPY,-150.11575344750162,375.07000732421875,stock,2022-06-21,,,,,,
SPY,2.0,3.98,option,2022-06-22,393.0,2022-07-22,call,0.36341257685292694,0.34540800459687193,-0.5333231520653414
SPY,-69.08160091937438,374.3900146484375,stock,2022-06-22,,,,,,
SPY,2.0,3.98,option,2022-06-22,393.0,2022-07-22,call,0.36341257685292694,0.34540800459687193,-0.5333231520653414
SPY,-69.08160091937438,374.3900146484375,stock,2022-06-22,,,,,,
SPY,2.0,4.265000000000001,option,2022-06-22,392.0,2022-07-22,call,0.36341257685292694,0.35446477699487866,-0.5175364099319394
SPY,-70.89295539897573,374.3900146484375,stock,2022-06-22,,,,,,
SPY,2.0,4.265000000000001,option,2022-06-22,392.0,2022-07-22,call,0.36341257685292694,0.35446477699487866,-0.5175364099319394
SPY,-70.89295539897573,374.3900146484375,stock,2022-06-22,,,,,,
SPY,2.0,4.5649999999999995,option,2022-06-22,391.0,2022-07-22,call,0.36341257685292694,0.3636280461029503,-0.5016596645327075
SPY,-72.72560922059006,374.3900146484375,stock,2022-06-22,,,,,,
SPY,2.0,4.5649999999999995,option,2022-06-22,391.0,2022-07-22,call,0.36341257685292694,0.3636280461029503,-0.5016596645327075
SPY,-72.72560922059006,374.3900146484375,stock,2022-06-22,,,,,,
SPY,28.284813952848367,374.3900146484375,stock,2022-06-22,,,,,,
SPY,-116.84337354872952,378.05999755859375,stock,2022-06-23,,,,,,
SPY,-448.94533953999843,390.0799865722656,stock,2022-06-24,,,,,,
SPY,80.49944039420114,388.5899963378906,stock,2022-06-27,,,,,,
SPY,343.1817703480068,380.6499938964844,stock,2022-06-28,,,,,,
SPY,1.0,3.59,option,2022-06-29,399.0,2022-07-29,call,0.37392104015817473,0.3527687836019985,-0.6082586352084204
SPY,-35.276878360199845,380.3399963378906,stock,2022-06-29,,,,,,
SPY,30.97358168283,380.3399963378906,stock,2022-06-29,,,,,,
SPY,153.60075393368163,377.25,stock,2022-06-30,,,,,,
SPY,-152.68576633261355,381.239990234375,stock,2022-07-01,,,,,,
SPY,65.58139154288529,381.9599914550781,stock,2022-07-05,,,,,,
SPY,2.0,3.31,option,2022-07-06,402.0,2022-08-05,call,0.345431469139142,0.3386322572100282,-0.5911706132060189
SPY,-67.72645144200564,383.25,stock,2022-07-06,,,,,,
SPY,1.0,3.31,option,2022-07-06,402.0,2022-08-05,call,0.345431469139142,0.3386322572100282,-0.5911706132060189
SPY,-33.86322572100282,383.25,stock,2022-07-06,,,,,,
SPY,-38.08086960162214,383.25,stock,2022-07-06,,,,,,
SPY,-317.11200089735223,388.989990234375,stock,2022-07-07,,,,,,
SPY,45.69506526597469,388.6700134277344,stock,2022-07-08,,,,,,
SPY,455.82508535807085,384.2300109863281,stock,2022-07-11,,,,,,
SPY,329.257572008623,380.8299865722656,stock,2022-07-12,,,,,,
SPY,2.0,3.335,option,2022-07-13,396.0,2022-08-12,call,0.32476094457210875,0.34021385692490774,-0.5609589587089078
SPY,-68.04277138498155,378.8299865722656,stock,2022-07-13,,,,,,
SPY,2.0,3.335,option,2022-07-13,396.0,2022-08-12,call,0.32476094457210875,0.34021385692490774,-0.5609589587089078
SPY,-68.04277138498155,378.8299865722656,stock,2022-07-13,,,,,,
SPY,2.0,3.635,option,2022-07-13,395.0,2022-08-12,call,0.32476094457210875,0.3502213549029189,-0.5402901563905244
SPY,-70.04427098058378,378.8299865722656,stock,2022-07-13,,,,,,
SPY,2.0,3.635,option,2022-07-13,395.0,2022-08-12,call,0.32476094457210875,0.3502213549029189,-0.5402901563905244
SPY,-70.04427098058378,378.8299865722656,stock,2022-07-13,,,,,,
SPY,2.0,3.955,option,2022-07-13,394.0,2022-08-12,call,0.32476094457210875,0.3603597126898762,-0.519317445910572
SPY,-72.07194253797525,378.8299865722656,stock,2022-07-13,,,,,,
SPY,2.0,3.955,option,2022-07-13,394.0,2022-08-12,call,0.32476094457210875,0.3603597126898762,-0.519317445910572
SPY,-72.07194253797525,378.8299865722656,stock,2022-07-13,,,,,,
SPY,240.5812754539251,378.8299865722656,stock,2022-07-13,,,,,,
SPY,185.2945893997341,377.9100036621094,stock,2022-07-14,,,,,,
SPY,-228.0800931739951,385.1300048828125,stock,2022-07-15,,,,,,
SPY,2.0,2.52,option,2022-07-18,401.0,2022-08-17,call,0.32430873659794685,0.3230036981911356,-0.646192310156859
SPY,-64.60073963822713,381.95001220703125,stock,2022-07-18,,,,,,
SPY,2.0,2.52,option,2022-07-18,401.0,2022-08-17,call,0.32430873659794685,0.3230036981911356,-0.646192310156859
SPY,-64.60073963822713,381.95001220703125,stock,2022-07-18,,,,,,
SPY,2.0,2.7800000000000002,option,2022-07-18,400.0,2022-08-17,call,0.32430873659794685,0.33270325834530123,-0.625186526761853
SPY,-66.54065166906025,381.95001220703125,stock,2022-07-18,,,,,,
SPY,1.0,2.7800000000000002,option,2022-07-18,400.0,2022-08-17,call,0.32430873659794685,0.33270325834530123,-0.625186526761853
SPY,-33.27032583453013,381.95001220703125,stock,2022-07-18,,,,,,
SPY,219.64950045543299,381.95001220703125,stock,2022-07-18,,,,,,
SPY,-4.0,8.195,option,2022-07-19,395.0,2022-08-12,call,0.2938560553183277,0.48684313727654976,
SPY,194.7372549106199,392.2699890136719,stock,2022-07-19,,,,,,
SPY,-4.0,8.745000000000001,option,2022-07-19,394.0,2022-08-12,call,0.2938560553183277,0.5002612748933268,
SPY,200.10450995733072,392.2699890136719,stock,2022-07-19,,,,,,
SPY,-583.5544693826179,392.2699890136719,stock,2022-07-19,,,,,,
SPY,-153.26829042279005,394.7699890136719,stock,2022-07-20,,,,,,
SPY,-323.81977865742164,398.7900085449219,stock,2022-07-21,,,,,,
SPY,1056.2445305638146,395.0899963378906,stock,2022-07-22,,,,,,
SPY,-1.0,2.865,option,2022-07-25,399.0,2022-07-29,call,0.2991920236681983,0.4006681604752862,
SPY,40.06681604752862,395.57000732421875,stock,2022-07-25,,,,,,
SPY,2.0,2.185,option,2022-07-25,415.0,2022-08-24,call,0.2991920236681983,0.30960417511429383,-0.6611344753489222
SPY,-61.92083502285877,395.57000732421875,stock,2022-07-25,,,,,,
SPY,2.0,2.185,option,2022-07-25,415.0,2022-08-24,call,0.2991920236681983,0.30960417511429383,-0.6611344753489222
SPY,-61.92083502285877,395.57000732421875,stock,2022-07-25,,,,,,
SPY,2.0,2.41,option,2022-07-25,414.0,2022-08-24,call,0.2991920236681983,0.31958971322441454,-0.642024648881872
SPY,-63.917942644882906,395.57000732421875,stock,2022-07-25,,,,,,
SPY,2.0,2.41,option,2022-07-25,414.0,2022-08-24,call,0.2991920236681983,0.31958971322441454,-0.642024648881872
SPY,-63.917942644882906,395.57000732421875,stock,2022-07-25,,,,,,
SPY,2.0,2.65,option,2022-07-25,413.0,2022-08-24,call,0.2991920236681983,0.3297324176333415,-0.6228426559496454
SPY,-65.9464835266683,395.57000732421875,stock,2022-07-25,,,,,,
SPY,2.0,2.65,option,2022-07-25,413.0,2022-08-24,call,0.2991920236681983,0.3297324176333415,-0.6228426559496454
SPY,-65.9464835266683,395.57000732421875,stock,2022-07-25,,,,,,
SPY,2.0,2.9050000000000002,option,2022-07-25,412.0,2022-08-24,call,0.2991920236681983,0.3400269555751093,-0.603681939617149
SPY,-68.00539111502187,395.57000732421875,stock,2022-07-25,,,,,,
SPY,2.0,2.9050000000000002,option,2022-07-25,412.0,2022-08-24,call,0.2991920236681983,0.3400269555751093,-0.603681939617149
SPY,-68.00539111502187,395.57000732421875,stock,2022-07-25,,,,,,
SPY,2.0,3.1799999999999997,option,2022-07-25,411.0,2022-08-24,call,0.2991920236681983,0.3504676240276694,-0.5839685006827138
SPY,-70.09352480553387,395.57000732421875,stock,2022-07-25,,,,,,
SPY,1.3024926806214836,395.57000732421875,stock,2022-07-25,,,,,,
SPY,-4.0,5.66,option,2022-07-26,396.0,2022-08-12,call,0.2841724172716216,0.4355276737282723,
SPY,174.2110694913089,390.8900146484375,stock,2022-07-26,,,,,,
SPY,193.27807618822305,390.8900146484375,stock,2022-07-26,,,,,,
SPY,-3.0,8.085,option,2022-07-27,400.0,2022-08-17,call,0.25750801309919197,0.537890271892748,
SPY,161.36708156782439,401.0400085449219,stock,2022-07-27,,,,,,
SPY,2.0,1.96,option,2022-07-27,421.0,2022-08-26,call,0.25750801309919197,0.274670483609762,-0.5934098415898332
SPY,-54.9340967219524,401.0400085449219,stock,2022-07-27,,,,,,
SPY,2.0,1.96,option,2022-07-27,421.0,2022-08-26,call,0.25750801309919197,0.274670483609762,-0.5934098415898332
SPY,-54.9340967219524,401.0400085449219,stock,2022-07-27,,,,,,
SPY,2.0,2.16,option,2022-07-27,420.0,2022-08-26,call,0.25750801309919197,0.2855150376972404,-0.57446204443882
SPY,-57.10300753944808,401.0400085449219,stock,2022-07-27,,,,,,
SPY,2.0,2.16,option,2022-07-27,420.0,2022-08-26,call,0.25750801309919197,0.2855150376972404,-0.57446204443882
SPY,-57.10300753944808,401.0400085449219,stock,2022-07-27,,,,,,
SPY,2.0,2.37,option,2022-07-27,419.0,2022-08-26,call,0.25750801309919197,0.2965858608881844,-0.5563243813690931
SPY,-59.31717217763688,401.0400085449219,stock,2022-07-27,,,,,,
SPY,2.0,2.37,option,2022-07-27,419.0,2022-08-26,call,0.25750801309919197,0.2965858608881844,-0.5563243813690931
SPY,-59.31717217763688,401.0400085449219,stock,2022-07-27,,,,,,
SPY,2.0,2.6,option,2022-07-27,418.0,2022-08-26,call,0.25750801309919197,0.30787644005242343,-0.5372228609412455
SPY,-61.575288010484684,401.0400085449219,stock,2022-07-27,,,,,,
SPY,2.0,2.6,option,2022-07-27,418.0,2022-08-26,call,0.25750801309919197,0.30787644005242343,-0.5372228609412455
SPY,-61.575288010484684,401.0400085449219,stock,2022-07-27,,,,,,
SPY,1.0,2.85,option,2022-07-27,417.0,2022-08-26,call,0.25750801309919197,0.3193796080732665,-0.5174157705543836
SPY,-31.937960807326647,401.0400085449219,stock,2022-07-27,,,,,,
SPY,-334.7755229930847,401.0400085449219,stock,2022-07-27,,,,,,
SPY,-3.0,7.62,option,2022-07-28,402.0,2022-08-05,call,0.26804456977497215,0.6127284487710579,
SPY,183.81853463131736,406.07000732421875,stock,2022-07-28,,,,,,
SPY,-4.0,11.010000000000002,option,2022-07-28,401.0,2022-08-17,call,0.26804456977497215,0.5993909615406076,
SPY,239.75638461624303,406.07000732421875,stock,2022-07-28,,,,,,
SPY,-263.3651401705986,406.07000732421875,stock,2022-07-28,,,,,,
SPY,-251.81128311439096,411.989990234375,stock,2022-07-29,,,,,,
SPY,-4.0,6.615,option,2022-08-01,414.0,2022-08-24,call,0.24236549208829555,0.4701625566684999,
SPY,188.06502266739994,410.7699890136719,stock,2022-08-01,,,,,,
SPY,-4.0,7.135,option,2022-08-01,413.0,2022-08-24,call,0.24236549208829555,0.4859954922614608,
SPY,194.39819690458432,410.7699890136719,stock,2022-08-01,,,,,,
SPY,-4.0,7.6850000000000005,option,2022-08-01,412.0,2022-08-24,call,0.24236549208829555,0.5018889810386576,
SPY,200.75559241546307,410.7699890136719,stock,2022-08-01,,,,,,
SPY,-2.0,8.254999999999999,option,2022-08-01,411.0,2022-08-24,call,0.24236549208829555,0.5178180637380742,
SPY,103.56361274761483,410.7699890136719,stock,2022-08-01,,,,,,
SPY,2.0,2.205,option,2022-08-01,430.0,2022-08-31,call,0.24236549208829555,0.27423623010569154,-0.5255501354191974
SPY,-54.847246021138304,410.7699890136719,stock,2022-08-01,,,,,,
SPY,2.0,2.205,option,2022-08-01,430.0,2022-08-31,call,0.24236549208829555,0.27423623010569154,-0.5255501354191974
SPY,-54.847246021138304,410.7699890136719,stock,2022-08-01,,,,,,
SPY,83.18435182175186,410.7699890136719,stock,2022-08-01,,,,,,
SPY,96.888228855336,408.05999755859375,stock,2022-08-02,,,,,,
SPY,-4.0,7.095000000000001,option,2022-08-03,415.0,2022-08-24,call,0.23477648692806563,0.5117327897975973,
SPY,204.69311591903892,414.45001220703125,stock,2022-08-03,,,,,,
SPY,-1.0,6.789999999999999,option,2022-08-03,417.0,2022-08-26,call,0.23477648692806563,0.48059882467749987,
SPY,48.059882467749986,414.45001220703125,stock,2022-08-03,,,,,,
SPY,2.0,1.8,option,2022-08-03,435.0,2022-09-02,call,0.23477648692806563,0.2543356153619881,-0.5627254852041459
SPY,-50.867123072397625,414.45001220703125,stock,2022-08-03,,,,,,
SPY,2.0,1.8,option,2022-08-03,435.0,2022-09-02,call,0.23477648692806563,0.2543356153619881,-0.5627254852041459
SPY,-50.867123072397625,414.45001220703125,stock,2022-08-03,,,,,,
SPY,2.0,1.99,option,2022-08-03,434.0,2022-09-02,call,0.23477648692806563,0.2654231053531132,-0.5430045613570877
SPY,-53.08462107062264,414.45001220703125,stock,2022-08-03,,,,,,
SPY,2.0,1.99,option,2022-08-03,434.0,2022-09-02,call,0.23477648692806563,0.2654231053531132,-0.5430045613570877
SPY,-53.08462107062264,414.45001220703125,stock,2022-08-03,,,,,,
SPY,2.0,2.42,option,2022-08-03,432.0,2022-09-02,call,0.23477648692806563,0.28839109116835565,-0.5023850193202458
SPY,-57.67821823367113,414.45001220703125,stock,2022-08-03,,,,,,
SPY,2.0,2.42,option,2022-08-03,432.0,2022-09-02,call,0.23477648692806563,0.28839109116835565,-0.5023850193202458
SPY,-57.67821823367113,414.45001220703125,stock,2022-08-03,,,,,,
SPY,-213.70928566219092,414.45001220703125,stock,2022-08-03,,,,,,
SPY,22.799335983834638,414.1700134277344,stock,2022-08-04,,,,,,
SPY,41.13035511109405,413.4700012207031,stock,2022-08-05,,,,,,
SPY,-4.0,4.300000000000001,option,2022-08-08,419.0,2022-08-26,call,0.2183726824642128,0.4018114400472824,
SPY,160.72457601891296,412.989990234375,stock,2022-08-08,,,,,,
SPY,-4.0,4.745,option,2022-08-08,418.0,2022-08-26,call,0.2183726824642128,0.42097989082021375,
SPY,168.3919563280855,412.989990234375,stock,2022-08-08,,,,,,
SPY,2.0,1.78,option,2022-08-08,432.0,2022-09-07,call,0.2183726824642128,0.25422198636995186,-0.5342602830374191
SPY,-50.844397273990374,412.989990234375,stock,2022-08-08,,,,,,
SPY,2.0,1.78,option,2022-08-08,432.0,2022-09-07,call,0.2183726824642128,0.25422198636995186,-0.5342602830374191
SPY,-50.844397273990374,412.989990234375,stock,2022-08-08,,,,,,
SPY,71.15848879900376,412.989990234375,stock,2022-08-08,,,,,,
SPY,74.05419740083516,411.3500061035156,stock,2022-08-09,,,,,,
SPY,-4.0,5.49,option,2022-08-10,421.0,2022-08-26,call,0.20543045840778687,0.49660753043511996,
SPY,198.64301217404798,419.989990234375,stock,2022-08-10,,,,,,
SPY,-4.0,6.029999999999999,option,2022-08-10,420.0,2022-08-26,call,0.20543045840778687,0.5186586687814342,
SPY,207.4634675125737,419.989990234375,stock,2022-08-10,,,,,,
SPY,2.0,1.4249999999999998,option,2022-08-10,440.0,2022-09-09,call,0.20543045840778687,0.23180198458431733,-0.561126719836653
SPY,-46.360396916863465,419.989990234375,stock,2022-08-10,,,,,,
SPY,2.0,1.4249999999999998,option,2022-08-10,440.0,2022-09-09,call,0.20543045840778687,0.23180198458431733,-0.561126719836653
SPY,-46.360396916863465,419.989990234375,stock,2022-08-10,,,,,,
SPY,2.0,1.76,option,2022-08-10,438.0,2022-09-09,call,0.20543045840778687,0.2560502400121269,-0.5240244001020066
SPY,-51.21004800242538,419.989990234375,stock,2022-08-10,,,,,,
SPY,2.0,1.76,option,2022-08-10,438.0,2022-09-09,call,0.20543045840778687,0.2560502400121269,-0.5240244001020066
SPY,-51.21004800242538,419.989990234375,stock,2022-08-10,,,,,,
SPY,-335.8819844003529,419.989990234375,stock,2022-08-10,,,,,,
SPY,12.793820175433723,419.989990234375,stock,2022-08-11,,,,,,
SPY,-291.0705397052066,427.1000061035156,stock,2022-08-12,,,,,,
SPY,-58.24911018322072,428.8599853515625,stock,2022-08-15,,,,,,
SPY,-4.0,5.65,option,2022-08-16,430.0,2022-08-31,call,0.2129516424644678,0.5120265491174245,
SPY,204.8106196469698,429.70001220703125,stock,2022-08-16,,,,,,
SPY,-34.364052644396764,429.70001220703125,stock,2022-08-16,,,,,,
SPY,-4.0,4.18,option,2022-08-17,432.0,2022-09-02,call,0.21304402123474941,0.4083320957036606,
SPY,163.33283828146423,426.6499938964844,stock,2022-08-17,,,,,,
SPY,2.0,1.52,option,2022-08-17,447.0,2022-09-16,call,0.21304402123474941,0.2402744479781052,-0.5754655841001474
SPY,-48.05488959562104,426.6499938964844,stock,2022-08-17,,,,,,
SPY,2.0,1.52,option,2022-08-17,447.0,2022-09-16,call,0.21304402123474941,0.2402744479781052,-0.5754655841001474
SPY,-48.05488959562104,426.6499938964844,stock,2022-08-17,,,,,,
SPY,2.0,1.705,option,2022-08-17,446.0,2022-09-16,call,0.21304402123474941,0.25182705669506505,-0.5521656224307652
SPY,-50.36541133901301,426.6499938964844,stock,2022-08-17,,,,,,
SPY,2.0,1.705,option,2022-08-17,446.0,2022-09-16,call,0.21304402123474941,0.25182705669506505,-0.5521656224307652
SPY,-50.36541133901301,426.6499938964844,stock,2022-08-17,,,,,,
SPY,2.0,1.9049999999999998,option,2022-08-17,445.0,2022-09-16,call,0.21304402123474941,0.26369332197068124,-0.5290751393982424
SPY,-52.73866439413625,426.6499938964844,stock,2022-08-17,,,,,,
SPY,1.0,1.9049999999999998,option,2022-08-17,445.0,2022-09-16,call,0.21304402123474941,0.26369332197068124,-0.5290751393982424
SPY,-26.369332197068125,426.6499938964844,stock,2022-08-17,,,,,,
SPY,137.91728462022348,426.6499938964844,stock,2022-08-17,,,,,,
SPY,-47.083925835132476,427.8900146484375,stock,2022-08-18,,,,,,
SPY,288.36233003376105,422.1400146484375,stock,2022-08-19,,,,,,
SPY,400.9997446840653,413.3500061035156,stock,2022-08-22,,,,,,
SPY,52.555272320233804,412.3500061035156,stock,2022-08-23,,,,,,
SPY,2.0,1.77,option,2022-08-24,434.0,2022-09-23,call,0.22358600725855615,0.24485866425292946,-0.5253105980124159
SPY,-48.971732850585894,413.6700134277344,stock,2022-08-24,,,,,,
SPY,2.0,1.975,option,2022-08-24,433.0,2022-09-23,call,0.22358600725855615,0.2563076229396522,-0.5011350723654534
SPY,-51.26152458793044,413.6700134277344,stock,2022-08-24,,,,,,
SPY,-14.96398865072215,413.6700134277344,stock,2022-08-24,,,,,,
SPY,-210.58672156628225,419.510009765625,stock,2022-08-25,,,,,,
SPY,468.9621829234743,405.30999755859375,stock,2022-08-26,,,,,,
SPY,2.0,2.56,option,2022-08-29,422.0,2022-09-28,call,0.27539545427034207,0.29638388510932256,-0.552076582378455
SPY,-59.27677702186451,402.6300048828125,stock,2022-08-29,,,,,,
SPY,2.0,2.8049999999999997,option,2022-08-29,421.0,2022-09-28,call,0.27539545427034207,0.3068565506579508,-0.5316791976427242
SPY,-61.371310131590164,402.6300048828125,stock,2022-08-29,,,,,,
SPY,2.0,3.065,option,2022-08-29,420.0,2022-09-28,call,0.27539545427034207,0.31751473739200176,-0.5114611738221413
SPY,-63.50294747840035,402.6300048828125,stock,2022-08-29,,,,,,
SPY,74.74009126449515,402.6300048828125,stock,2022-08-29,,,,,,
SPY,68.19904094330501,398.2099914550781,stock,2022-08-30,,,,,,
SPY,37.71155514629179,395.17999267578125,stock,2022-08-31,,,,,,
SPY,-4.839933733720002,396.4200134277344,stock,2022-09-01,,,,,,
SPY,40.22187828746172,392.239990234375,stock,2022-09-02,,,,,,
SPY,29.86591685008281,390.760009765625,stock,2022-09-06,,,,,,
SPY,-45.97195939731225,397.7799987792969,stock,2022-09-07,,,,,,
SPY,-16.937174751466117,400.3800048828125,stock,2022-09-08,,,,,,
SPY,-58.82570734718268,406.6000061035156,stock,2022-09-09,,,,,,
SPY,-2.0,2.775,option,2022-09-12,422.0,2022-09-28,call,0.22484865523957648,0.3046157046500462,
SPY,60.92314093000925,410.9700012207031,stock,2022-09-12,,,,,,
SPY,-2.0,3.0549999999999997,option,2022-09-12,421.0,2022-09-28,call,0.22484865523957648,0.3224801764945252,
SPY,64.49603529890504,410.9700012207031,stock,2022-09-12,,,,,,
SPY,-2.0,3.35,option,2022-09-12,420.0,2022-09-28,call,0.22484865523957648,0.34080820203634105,
SPY,68.16164040726821,410.9700012207031,stock,2022-09-12,,,,,,
SPY,-12.197835661301323,410.9700012207031,stock,2022-09-12,,,,,,
SPY,34.87431739939304,393.1000061035156,stock,2022-09-13,,,,,,
SPY,2.0,2.705,option,2022-09-14,414.0,2022-10-14,call,0.294727602407356,0.3063249054532172,-0.5671720723063347
SPY,-61.264981090643445,394.6000061035156,stock,2022-09-14,,,,,,
SPY,2.0,2.94,option,2022-09-14,413.0,2022-10-14,call,0.294727602407356,0.31644136177985605,-0.549858765820488
SPY,-63.28827235597121,394.6000061035156,stock,2022-09-14,,,,,,
SPY,2.0,3.19,option,2022-09-14,412.0,2022-10-14,call,0.294727602407356,0.3267220931337237,-0.532444190656742
SPY,-65.34441862674474,394.6000061035156,stock,2022-09-14,,,,,,
SPY,2.0,3.455,option,2022-09-14,411.0,2022-10-14,call,0.294727602407356,0.33716156871435765,-0.5150243820900529
SPY,-67.43231374287153,394.6000061035156,stock,2022-09-14,,,,,,
SPY,-2.962328923412656,394.6000061035156,stock,2022-09-14,,,,,,
SPY,42.41078565605136,390.1199951171875,stock,2022-09-15,,,,,,
SPY,40.14865341133802,385.55999755859375,stock,2022-09-16,,,,,,
SPY,-11.62034591242928,388.54998779296875,stock,2022-09-19,,,,,,
SPY,39.15152356804867,384.0899963378906,stock,2022-09-20,,,,,,
SPY,49.91719502150009,377.3900146484375,stock,2022-09-21,,,,,,
SPY,22.31966815138548,374.2200012207031,stock,2022-09-22,,,,,,
SPY,31.83336077431006,367.95001220703125,stock,2022-09-23,,,,,,
SPY,21.681048848685812,364.30999755859375,stock,2022-09-26,,,,,,
SPY,5.1614219661891125,363.3800048828125,stock,2022-09-27,,,,,,
SPY,-15.766312304798948,370.5299987792969,stock,2022-09-28,,,,,,
SPY,22.450595510934633,362.7900085449219,stock,2022-09-29,,,,,,
SPY,8.624012314653555,357.17999267578125,stock,2022-09-30,,,,,,
SPY,-3.742459296452352,366.6099853515625,stock,2022-10-03,,,,,,
SPY,-22.72130401286267,377.9700012207031,stock,2022-10-04,,,,,,
SPY,9.086969687805425,377.0899963378906,stock,2022-10-05,,,,,,
SPY,13.487904772036252,373.20001220703125,stock,2022-10-06,,,,,,
SPY,8.967270591228555,362.7900085449219,stock,2022-10-07,,,,,,
SPY,0.7602307317738047,360.0199890136719,stock,2022-10-10,,,,,,
SPY,2.0,3.705,option,2022-10-31,405.0,2022-11-30,call,0.3346470420131817,0.3335774331573153,-0.5222288837417812
SPY,-66.71548663146307,386.2099914550781,stock,2022-10-31,,,,,,
SPY,2.0,3.975,option,2022-10-31,404.0,2022-11-30,call,0.3346470420131817,0.34300045001251755,-0.5067136294504164
SPY,-68.6000900025035,386.2099914550781,stock,2022-10-31,,,,,,
SPY,-2.478408521907866,386.2099914550781,stock,2022-10-31,,,,,,
SPY,8.077386749983233,384.5199890136719,stock,2022-11-01,,,,,,
SPY,37.984615644791724,374.8699951171875,stock,2022-11-02,,,,,,
SPY,15.00945090684678,371.010009765625,stock,2022-11-03,,,,,,
SPY,-16.244335573331483,376.3500061035156,stock,2022-11-04,,,,,,
SPY,-7.169645022067378,379.95001220703125,stock,2022-11-07,,,,,,
SPY,-6.196178819461821,382.0,stock,2022-11-08,,,,,,
SPY,33.00514287542429,374.1300048828125,stock,2022-11-09,,,,,,
SPY,-87.82870365442517,394.69000244140625,stock,2022-11-10,,,,,,
SPY,-18.231547718683416,398.510009765625,stock,2022-11-11,,,,,,
SPY,2.0,3.36,option,2022-11-14,414.0,2022-12-14,call,0.33277751828407787,0.33566750439554266,-0.5778687209952731
SPY,-67.13350087910854,395.1199951171875,stock,2022-11-14,,,,,,
SPY,2.0,3.92,option,2022-11-14,412.0,2022-12-14,call,0.33277751828407787,0.35436676082775365,-0.5431063515946297
SPY,-70.87335216555073,395.1199951171875,stock,2022-11-14,,,,,,
SPY,2.0,4.550000000000001,option,2022-11-14,410.0,2022-12-14,call,0.33277751828407787,0.37351742770047547,-0.5073652111356507
SPY,-74.70348554009509,395.1199951171875,stock,2022-11-14,,,,,,
SPY,18.63886550298325,395.1199951171875,stock,2022-11-14,,,,,,
SPY,-36.249266507664544,398.489990234375,stock,2022-11-15,,,,,,
SPY,2.0,3.085,option,2022-11-16,415.0,2022-12-16,call,0.3227496744601408,0.3236666437611504,-0.5809044093426928
SPY,-64.73332875223008,395.45001220703125,stock,2022-11-16,,,,,,
SPY,2.0,3.3449999999999998,option,2022-11-16,414.0,2022-12-16,call,0.3227496744601408,0.3330899808394454,-0.5631022486385647
SPY,-66.61799616788909,395.45001220703125,stock,2022-11-16,,,,,,
SPY,2.0,3.62,option,2022-11-16,413.0,2022-12-16,call,0.3227496744601408,0.34264307509337855,-0.5452536458411374
SPY,-68.52861501867571,395.45001220703125,stock,2022-11-16,,,,,,
SPY,2.0,3.91,option,2022-11-16,412.0,2022-12-16,call,0.3227496744601408,0.35232141261312566,-0.5274306081642534
SPY,-70.46428252262513,395.45001220703125,stock,2022-11-16,,,,,,
SPY,2.0,4.220000000000001,option,2022-11-16,411.0,2022-12-16,call,0.3227496744601408,0.3621202090437997,-0.5091139911443922
SPY,-72.42404180875994,395.45001220703125,stock,2022-11-16,,,,,,
SPY,33.36576192805697,395.45001220703125,stock,2022-11-16,,,,,,
SPY,35.167441121469466,394.239990234375,stock,2022-11-17,,,,,,
SPY,-32.27214118592863,396.0299987792969,stock,2022-11-18,,,,,,
SPY,63.7093223676024,394.5899963378906,stock,2022-11-21,,,,,,
SPY,-125.30987361112321,399.8999938964844,stock,2022-11-22,,,,,,
SPY,2.0,1.505,option,2022-11-23,422.0,2022-12-23,call,0.30535278607930355,0.3155600547260444,-0.780737305447537
SPY,-63.11201094520889,402.4200134277344,stock,2022-11-23,,,,,,
SPY,2.0,1.885,option,2022-11-23,420.0,2022-12-23,call,0.30535278607930355,0.33509608510349664,-0.7470405663174694
SPY,-67.01921702069933,402.4200134277344,stock,2022-11-23,,,,,,
SPY,2.0,2.3449999999999998,option,2022-11-23,418.0,2022-12-23,call,0.30535278607930355,0.3551852108647124,-0.7096923170197488
SPY,-71.03704217294248,402.4200134277344,stock,2022-11-23,,,,,,
SPY,2.0,2.875,option,2022-11-23,416.0,2022-12-23,call,0.30535278607930355,0.37578438224154176,-0.6711529299144214
SPY,-75.15687644830835,402.4200134277344,stock,2022-11-23,,,,,,
SPY,2.0,3.175,option,2022-11-23,415.0,2022-12-23,call,0.30535278607930355,0.38626043448759717,-0.6507238673955887
SPY,-77.25208689751943,402.4200134277344,stock,2022-11-23,,,,,,
SPY,2.0,3.495,option,2022-11-23,414.0,2022-12-23,call,0.30535278607930355,0.3968456422265378,-0.6300806019336753
SPY,-79.36912844530755,402.4200134277344,stock,2022-11-23,,,,,,
SPY,-69.49776298307974,402.4200134277344,stock,2022-11-23,,,,,,
SPY,27.51670666612614,402.3299865722656,stock,2022-11-25,,,,,,
SPY,355.25191799722023,395.9100036621094,stock,2022-11-28,,,,,,
SPY,80.1408530431601,395.2300109863281,stock,2022-11-29,,,,,,
SPY,2.0,1.63,option,2022-11-30,428.0,2022-12-30,call,0.28164654502928865,0.29402524259930946,-0.7213558026903859
SPY,-58.80504851986189,407.67999267578125,stock,2022-11-30,,,,,,
SPY,2.0,2.01,option,2022-11-30,426.0,2022-12-30,call,0.28164654502928865,0.3143150946240463,-0.6860256266303572
SPY,-62.86301892480925,407.67999267578125,stock,2022-11-30,,,,,,
SPY,2.0,2.225,option,2022-11-30,425.0,2022-12-30,call,0.28164654502928865,0.3247165775258575,-0.6675400000236367
SPY,-64.9433155051715,407.67999267578125,stock,2022-11-30,,,,,,
SPY,2.0,2.455,option,2022-11-30,424.0,2022-12-30,call,0.28164654502928865,0.33528156486233407,-0.6489511689248266
SPY,-67.05631297246681,407.67999267578125,stock,2022-11-30,,,,,,
SPY,2.0,2.965,option,2022-11-30,422.0,2022-12-30,call,0.28164654502928865,0.3568769365230202,-0.6111880643792894
SPY,-71.37538730460405,407.67999267578125,stock,2022-11-30,,,,,,
SPY,2.0,3.5599999999999996,option,2022-11-30,420.0,2022-12-30,call,0.28164654502928865,0.37904687944323706,-0.5711128003939848
SPY,-75.80937588864741,407.67999267578125,stock,2022-11-30,,,,,,
SPY,-404.12847417754756,407.67999267578125,stock,2022-11-30,,,,,,
SPY,29.947194875583833,407.3800048828125,stock,2022-12-01,,,,,,
SPY,39.873851388381425,406.9100036621094,stock,2022-12-02,,,,,,
SPY,463.74069510454524,399.5899963378906,stock,2022-12-05,,,,,,
SPY,319.3308149104469,393.8299865722656,stock,2022-12-06,,,,,,
SPY,71.54627865771343,393.1600036621094,stock,2022-12-07,,,,,,
SPY,-101.03901263487,396.239990234375,stock,2022-12-08,,,,,,
SPY,-2.0,0.58,option,2022-12-09,410.0,2022-12-14,call,0.28986005226613837,0.11634791977565384,
SPY,23.26958395513077,393.2799987792969,stock,2022-12-09,,,,,,
SPY,197.53627177211695,393.2799987792969,stock,2022-12-09,,,,,,
SPY,-2.0,1.15,option,2022-12-12,415.0,2022-12-16,call,0.3097038197915176,0.11775986586580939,
SPY,23.551973173161876,398.95001220703125,stock,2022-12-12,,,,,,
SPY,-2.0,1.3,option,2022-12-12,414.0,2022-12-16,call,0.3097038197915176,0.1331019007655746,
SPY,26.62038015311492,398.95001220703125,stock,2022-12-12,,,,,,
SPY,-2.0,1.475,option,2022-12-12,413.0,2022-12-16,call,0.3097038197915176,0.14980853381379716,
SPY,29.961706762759434,398.95001220703125,stock,2022-12-12,,,,,,
SPY,-2.0,1.665,option,2022-12-12,412.0,2022-12-16,call,0.3097038197915176,0.16790384715143425,
SPY,33.58076943028685,398.95001220703125,stock,2022-12-12,,,,,,
SPY,-2.0,1.875,option,2022-12-12,411.0,2022-12-16,call,0.3097038197915176,0.1873976837737532,
SPY,37.47953675475064,398.95001220703125,stock,2022-12-12,,,,,,
SPY,-78.27133889786293,398.95001220703125,stock,2022-12-12,,,,,,
SPY,-60.93208942892077,401.9700012207031,stock,2022-12-13,,,,,,
SPY,2.0,2.15,option,2022-12-14,418.0,2023-01-13,call,0.28429628808191837,0.30940182507815583,-0.6529106118818062
SPY,-61.88036501563117,399.3999938964844,stock,2022-12-14,,,,,,
SPY,2.0,2.625,option,2022-12-14,416.0,2023-01-13,call,0.28429628808191837,0.33043887518260817,-0.612604718162413
SPY,-66.08777503652163,399.3999938964844,stock,2022-12-14,,,,,,
SPY,2.0,2.885,option,2022-12-14,415.0,2023-01-13,call,0.28429628808191837,0.3412063683362433,-0.5926377987227391
SPY,-68.24127366724866,399.3999938964844,stock,2022-12-14,,,,,,
SPY,2.0,3.16,option,2022-12-14,414.0,2023-01-13,call,0.28429628808191837,0.35213118212049654,-0.5728987096710565
SPY,-70.42623642409932,399.3999938964844,stock,2022-12-14,,,,,,
SPY,2.0,3.615,option,2022-12-14,412.5,2023-01-13,call,0.28429628808191837,0.36879788111371514,-0.5420288561455325
SPY,-73.75957622274302,399.3999938964844,stock,2022-12-14,,,,,,
SPY,2.0,3.7750000000000004,option,2022-12-14,412.0,2023-01-13,call,0.28429628808191837,0.3744242225661467,-0.5318611283261562
SPY,-74.88484451322934,399.3999938964844,stock,2022-12-14,,,,,,
SPY,2.0,4.115,option,2022-12-14,411.0,2023-01-13,call,0.28429628808191837,0.3857771321056607,-0.5108611509427301
SPY,-77.15542642113215,399.3999938964844,stock,2022-12-14,,,,,,
SPY,120.8267495956046,399.3999938964844,stock,2022-12-14,,,,,,
SPY,410.7304811543722,389.6300048828125,stock,2022-12-15,,,,,,
SPY,193.82684310819573,383.2699890136719,stock,2022-12-16,,,,,,
SPY,116.06427222582172,380.0199890136719,stock,2022-12-19,,,,,,
SPY,6.9512257019774,380.5400085449219,stock,2022-12-20,,,,,,
SPY,2.0,2.135,option,2022-12-21,405.0,2023-01-20,call,0.28412105619373446,0.3009497043170334,-0.6297588973995398
SPY,-60.189940863406676,386.2300109863281,stock,2022-12-21,,,,,,
SPY,2.0,2.355,option,2022-12-21,404.0,2023-01-20,call,0.28412105619373446,0.31159984216742403,-0.6103795351034731
SPY,-62.31996843348481,386.2300109863281,stock,2022-12-21,,,,,,
SPY,-74.47984263946012,386.2300109863281,stock,2022-12-21,,,,,,
SPY,119.47189041607254,380.7200012207031,stock,2022-12-22,,,,,,
SPY,-23.312386617212645,382.9100036621094,stock,2022-12-23,,,,,,
SPY,76.5656209418403,381.3999938964844,stock,2022-12-27,,,,,,
SPY,74.57086724065309,376.6600036621094,stock,2022-12-28,,,,,,
SPY,-80.12403455873644,383.44000244140625,stock,2022-12-29,,,,,,
SPY,29.603188052597964,382.42999267578125,stock,2022-12-30,,,,,,
SPY,79.53017035944413,380.82000732421875,stock,2023-01-03,,,,,,
SPY,-20.82150432463449,383.760009765625,stock,2023-01-04,,,,,,
SPY,62.92081225887453,379.3800048828125,stock,2023-01-05,,,,,,
SPY,-87.37446859778376,388.0799865722656,stock,2023-01-06,,,,,,
SPY,68.56721312788221,387.8599853515625,stock,2023-01-09,,,,,,
SPY,-9.400148463495995,390.5799865722656,stock,2023-01-10,,,,,,
SPY,-2.0,1.9249999999999998,option,2023-01-11,405.0,2023-01-20,call,0.2368366162565202,0.2782349627887334,
SPY,55.64699255774668,395.5199890136719,stock,2023-01-11,,,,,,
SPY,-2.0,2.205,option,2023-01-11,404.0,2023-01-20,call,0.2368366162565202,0.30096817506046386,
SPY,60.19363501209277,395.5199890136719,stock,2023-01-11,,,,,,
SPY,-23.892039746178177,395.5199890136719,stock,2023-01-11,,,,,,
SPY,19.89985382840712,396.9599914550781,stock,2023-01-12,,,,,,
SPY,5.120321147779176,398.5,stock,2023-01-13,,,,,,
SPY,2.0,1.335,option,2023-01-25,420.0,2023-02-24,call,0.22190936989599339,0.24336775831974566,-0.6243668712774635
SPY,-48.673551663949134,400.3500061035156,stock,2023-01-25,,,,,,
SPY,2.0,1.7,option,2023-01-25,418.0,2023-02-24,call,0.22190936989599339,0.2674703339914269,-0.5775183369071869
SPY,-53.49406679828538,400.3500061035156,stock,2023-01-25,,,,,,
SPY,2.0,2.125,option,2023-01-25,416.0,2023-02-24,call,0.22190936989599339,0.29284468388847495,-0.5320504419715942
SPY,-58.568936777694994,400.3500061035156,stock,2023-01-25,,,,,,
SPY,2.0,2.38,option,2023-01-25,415.0,2023-02-24,call,0.22190936989599339,0.30598514341981126,-0.5060502712524699
SPY,-61.19702868396225,400.3500061035156,stock,2023-01-25,,,,,,
SPY,-8.87585484173784,400.3500061035156,stock,2023-01-25,,,,,,
SPY,-46.02401830829348,404.75,stock,2023-01-26,,,,,,
SPY,-8.073072649829143,405.67999267578125,stock,2023-01-27,,,,,,
SPY,70.00180367736972,400.5899963378906,stock,2023-01-30,,,,,,
SPY,-67.60318934681537,406.4800109863281,stock,2023-01-31,,,,,,
SPY,-2.0,4.9399999999999995,option,2023-02-01,416.0,2023-02-24,call,0.20180635035719421,0.4337822441575526,
SPY,86.75644883151053,410.79998779296875,stock,2023-02-01,,,,,,
SPY,-2.0,5.425000000000001,option,2023-02-01,415.0,2023-02-24,call,0.20180635035719421,0.452541110345106,
SPY,90.5082220690212,410.79998779296875,stock,2023-02-01,,,,,,
SPY,2.0,1.33,option,2023-02-01,430.0,2023-03-03,call,0.20180635035719421,0.2320283257618826,-0.5744531157391007
SPY,-46.40566515237652,410.79998779296875,stock,2023-02-01,,,,,,
SPY,2.0,1.6949999999999998,option,2023-02-01,428.0,2023-03-03,call,0.20180635035719421,0.2573283682805072,-0.5262920410827918
SPY,-51.465673656101444,410.79998779296875,stock,2023-02-01,,,,,,
SPY,-55.890033094969894,410.79998779296875,stock,2023-02-01,,,,,,
SPY,-73.20933520162932,416.7799987792969,stock,2023-02-02,,,,,,
SPY,60.41528741743518,412.3500061035156,stock,2023-02-03,,,,,,
SPY,43.66150313080992,409.8299865722656,stock,2023-02-06,,,,,,
SPY,-69.19271850036257,415.19000244140625,stock,2023-02-07,,,,,,
SPY,-2.0,3.165,option,2023-02-08,418.0,2023-02-24,call,0.20182014339460488,0.36274030780403493,
SPY,72.54806156080699,410.6499938964844,stock,2023-02-08,,,,,,
SPY,2.0,1.435,option,2023-02-08,431.0,2023-03-10,call,0.20182014339460488,0.21811134269067384,-0.5024976401698651
SPY,-43.62226853813477,410.6499938964844,stock,2023-02-08,,,,,,
SPY,67.8855249648869,410.6499938964844,stock,2023-02-08,,,,,,
SPY,45.53957641909826,407.0899963378906,stock,2023-02-09,,,,,,
SPY,-5.177523492450291,408.0400085449219,stock,2023-02-10,,,,,,
SPY,-2.0,2.725,option,2023-02-13,420.0,2023-02-24,call,0.1965195137975823,0.3275720681255726,
SPY,65.51441362511451,412.8299865722656,stock,2023-02-13,,,,,,
SPY,-38.73131131995853,412.8299865722656,stock,2023-02-13,,,,,,
SPY,5.959661475784252,412.6400146484375,stock,2023-02-14,,,,,,
SPY,2.0,1.125,option,2023-02-15,434.0,2023-03-17,call,0.19714973418406306,0.21822037352201784,-0.6044501014936532
SPY,-43.644074704403565,413.9800109863281,stock,2023-02-15,,,,,,
SPY,2.0,1.2850000000000001,option,2023-02-15,433.0,2023-03-17,call,0.19714973418406306,0.23043823393574525,-0.578901406869246
SPY,-46.08764678714905,413.9800109863281,stock,2023-02-15,,,,,,
SPY,2.0,1.46,option,2023-02-15,432.0,2023-03-17,call,0.19714973418406306,0.2430588749407181,-0.5536282642132575
SPY,-48.61177498814362,413.9800109863281,stock,2023-02-15,,,,,,
SPY,2.0,1.66,option,2023-02-15,431.0,2023-03-17,call,0.19714973418406306,0.2560747315144717,-0.5260359474014975
SPY,-51.21494630289434,413.9800109863281,stock,2023-02-15,,,,,,
SPY,-17.74153388236372,413.9800109863281,stock,2023-02-15,,,,,,
SPY,114.15916408492242,408.2799987792969,stock,2023-02-16,,,,,,
SPY,25.047640352442166,407.260009765625,stock,2023-02-17,,,,,,
SPY,126.15566047555396,399.0899963378906,stock,2023-02-21,,,,,,
SPY,10.225958817583281,398.5400085449219,stock,2023-02-22,,,,,,
SPY,-8.570028180334726,400.6600036621094,stock,2023-02-23,,,,,,
SPY,31.259028138292393,396.3800048828125,stock,2023-02-24,,,,,,
SPY,7.302366014418694,397.7300109863281,stock,2023-02-27,,,,,,
SPY,8.67139889383018,396.260009765625,stock,2023-02-28,,,,,,
SPY,6.807927936038747,394.739990234375,stock,2023-03-01,,,,,,
SPY,-4.58394426945792,397.80999755859375,stock,2023-03-02,,,,,,
SPY,-21.125521879445095,404.19000244140625,stock,2023-03-03,,,,,,
SPY,15.752932258703822,404.4700012207031,stock,2023-03-06,,,,,,
SPY,18.081186101274508,398.2699890136719,stock,2023-03-07,,,,,,
SPY,1.1883745273342305,398.9200134277344,stock,2023-03-08,,,,,,
SPY,4.0100289844293835,391.55999755859375,stock,2023-03-09,,,,,,
SPY,0.3156565437663752,385.9100036621094,stock,2023-03-10,,,,,,
SPY,0.015878790974587366,385.3599853515625,stock,2023-03-13,,,,,,
SPY,2.0,1.39,option,2023-03-29,420.0,2023-04-28,call,0.2061843925055198,0.23853245227384212,-0.5699190000621503
SPY,-47.70649045476843,401.3500061035156,stock,2023-03-29,,,,,,
SPY,2.0,1.58,option,2023-03-29,419.0,2023-04-28,call,0.2061843925055198,0.25120456397499497,-0.5431180450950767
SPY,-50.24091279499899,401.3500061035156,stock,2023-03-29,,,,,,
SPY,2.0,1.8,option,2023-03-29,418.0,2023-04-28,call,0.2061843925055198,0.2642555723254846,-0.5130948664103292
SPY,-52.85111446509691,401.3500061035156,stock,2023-03-29,,,,,,
SPY,-7.073027011347541,401.3500061035156,stock,2023-03-29,,,,,,
SPY,-17.46530216603069,403.70001220703125,stock,2023-03-30,,,,,,
SPY,-50.27743257445249,409.3900146484375,stock,2023-03-31,,,,,,
SPY,-9.540745127949364,410.95001220703125,stock,2023-04-03,,,,,,
SPY,25.442830254182,408.6700134277344,stock,2023-04-04,,,,,,
SPY,2.0,1.49,option,2023-04-05,426.0,2023-05-05,call,0.20360849790454005,0.2422601755363828,-0.5496673341019424
SPY,-48.45203510727656,407.6000061035156,stock,2023-04-05,,,,,,
SPY,2.0,1.69,option,2023-04-05,425.0,2023-05-05,call,0.20360849790454005,0.25501559153439907,-0.522433141674583
SPY,-51.00311830687981,407.6000061035156,stock,2023-04-05,,,,,,
SPY,8.890323548741982,407.6000061035156,stock,2023-04-05,,,,,,
SPY,-20.945183225347158,409.19000244140625,stock,2023-04-06,,,,,,
SPY,12.42529511765808,409.6099853515625,stock,2023-04-10,,,,,,
SPY,3.5957831340594595,409.7200012207031,stock,2023-04-11,,,,,,
SPY,2.0,1.0750000000000002,option,2023-04-12,428.0,2023-05-12,call,0.19926783658803096,0.2182224705040468,-0.6205085798641828
SPY,-43.64449410080936,408.04998779296875,stock,2023-04-12,,,,,,
SPY,2.0,1.42,option,2023-04-12,426.0,2023-05-12,call,0.19926783658803096,0.2431448287339239,-0.5643026055368178
SPY,-48.62896574678478,408.04998779296875,stock,2023-04-12,,,,,,
SPY,2.0,1.62,option,2023-04-12,425.0,2023-05-12,call,0.19926783658803096,0.256206941761452,-0.535899218133709
SPY,-51.24138835229039,408.04998779296875,stock,2023-04-12,,,,,,
SPY,2.0,1.85,option,2023-04-12,424.0,2023-05-12,call,0.19926783658803096,0.26965782535007754,-0.5046626384453194
SPY,-53.93156507001551,408.04998779296875,stock,2023-04-12,,,,,,
SPY,25.68542868062385,408.04998779296875,stock,2023-04-12,,,,,,
SPY,-157.69278552097904,413.4700012207031,stock,2023-04-13,,,,,,
SPY,41.60787303567098,412.4599914550781,stock,2023-04-14,,,,,,
SPY,-21.520213924079144,413.94000244140625,stock,2023-04-17,,,,,,
SPY,0.01990965361272856,414.2099914550781,stock,2023-04-18,,,,,,
SPY,2.0,0.575,option,2023-04-19,434.0,2023-05-19,call,0.18887740427448763,0.2096636938593256,-0.7781852146681891
SPY,-41.93273877186512,414.1400146484375,stock,2023-04-19,,,,,,
SPY,2.0,0.795,option,2023-04-19,432.0,2023-05-19,call,0.18887740427448763,0.2350584743455273,-0.7353910642921172
SPY,-47.011694869105455,414.1400146484375,stock,2023-04-19,,,,,,
SPY,2.0,1.0950000000000002,option,2023-04-19,430.0,2023-05-19,call,0.18887740427448763,0.2621949839818597,-0.6841638676995923
SPY,-52.43899679637194,414.1400146484375,stock,2023-04-19,,,,,,
SPY,2.0,1.49,option,2023-04-19,428.0,2023-05-19,call,0.18887740427448763,0.2909890070295308,-0.6259503284401421
SPY,-58.197801405906155,414.1400146484375,stock,2023-04-19,,,,,,
SPY,2.0,2.0,option,2023-04-19,426.0,2023-05-19,call,0.18887740427448763,0.32132414834907136,-0.5611250620756012
SPY,-64.26482966981428,414.1400146484375,stock,2023-04-19,,,,,,
SPY,2.0,2.3,option,2023-04-19,425.0,2023-05-19,call,0.18887740427448763,0.3370244873658075,-0.5273711700267079
SPY,-67.4048974731615,414.1400146484375,stock,2023-04-19,,,,,,
SPY,-3.7835553795284653,414.1400146484375,stock,2023-04-19,,,,,,
SPY,146.15096745097543,411.8800048828125,stock,2023-04-20,,,,,,
SPY,4.851563501625314,412.20001220703125,stock,2023-04-21,,,,,,
SPY,60.017485583318404,412.6300048828125,stock,2023-04-24,,,,,,
SPY,368.6172268809974,406.0799865722656,stock,2023-04-25,,,,,,
SPY,2.0,0.84,option,2023-04-26,424.0,2023-05-26,call,0.17255498740034653,0.18385867151562613,-0.5716174605288169
SPY,-36.77173430312523,404.3599853515625,stock,2023-04-26,,,,,,
SPY,2.0,1.0,option,2023-04-26,423.0,2023-05-26,call,0.17255498740034653,0.19682248142012526,-0.5322124843786767
SPY,-39.36449628402505,404.3599853515625,stock,2023-04-26,,,,,,
SPY,84.46523689334424,404.3599853515625,stock,2023-04-26,,,,,,
SPY,-339.74234382759533,412.4100036621094,stock,2023-04-27,,,,,,
SPY,-114.1445299739494,415.92999267578125,stock,2023-04-28,,,,,,
SPY,104.18101258365434,415.510009765625,stock,2023-05-01,,,,,,
SPY,266.4268382438015,410.8399963378906,stock,2023-05-02,,,,,,
SPY,2.0,0.78,option,2023-05-03,428.0,2023-06-02,call,0.16513513761828522,0.17069740438267306,-0.5481672075064175
SPY,-34.13948087653461,408.0199890136719,stock,2023-05-03,,,,,,
SPY,2.0,0.92,option,2023-05-03,427.0,2023-06-02,call,0.16513513761828522,0.18352752581909254,-0.5135027010023367
SPY,-36.70550516381851,408.0199890136719,stock,2023-05-03,,,,,,
SPY,128.1445805406414,408.0199890136719,stock,2023-05-03,,,,,,
SPY,122.14117744314015,405.1300048828125,stock,2023-05-04,,,,,,
SPY,-265.6204521223919,412.6300048828125,stock,2023-05-05,,,,,,
SPY,99.91982938844312,412.739990234375,stock,2023-05-08,,,,,,
SPY,115.44914507821807,410.92999267578125,stock,2023-05-09,,,,,,
SPY,2.0,0.545,option,2023-05-10,432.0,2023-06-09,call,0.16782473519017643,0.18830723300423147,-0.7286074898329277
SPY,-37.66144660084629,412.8500061035156,stock,2023-05-10,,,,,,
SPY,2.0,0.78,option,2023-05-10,430.0,2023-06-09,call,0.16782473519017643,0.21543445309872722,-0.672871029011998
SPY,-43.086890619745446,412.8500061035156,stock,2023-05-10,,,,,,
SPY,2.0,1.11,option,2023-05-10,428.0,2023-06-09,call,0.16782473519017643,0.24484241154079578,-0.6056691071557744
SPY,-48.96848230815915,412.8500061035156,stock,2023-05-10,,,,,,
SPY,2.0,1.32,option,2023-05-10,427.0,2023-06-09,call,0.16782473519017643,0.260374082159057,-0.5674892253272751
SPY,-52.0748164318114,412.8500061035156,stock,2023-05-10,,,,,,
SPY,2.0,1.565,option,2023-05-10,426.0,2023-06-09,call,0.16782473519017643,0.2764363641705553,-0.5263710708256889
SPY,-55.28727283411106,412.8500061035156,stock,2023-05-10,,,,,,
SPY,-51.81957775735026,412.8500061035156,stock,2023-05-10,,,,,,
SPY,79.32318749771656,412.1300048828125,stock,2023-05-11,,,,,,
SPY,54.11087342893042,411.5899963378906,stock,2023-05-12,,,,,,
SPY,29.709455817669593,413.010009765625,stock,2023-05-15,,,,,,
SPY,135.0191303986451,410.25,stock,2023-05-16,,,,,,
SPY,-2.0,2.24,option,2023-05-17,395.0,2023-06-16,put,0.15553927033648515,-0.1191488636380138,1.0274746503513326
SPY,-23.82977272760276,415.2300109863281,stock,2023-05-17,,,,,,
SPY,-2.0,2.3499999999999996,option,2023-05-17,396.0,2023-06-16,put,0.15553927033648515,-0.1308142982587932,0.8967934648286219
SPY,-26.16285965175864,415.2300109863281,stock,2023-05-17,,,,,,
SPY,2.0,0.485,option,2023-05-17,435.0,2023-06-16,call,0.15553927033648515,0.1625736390346983,-0.6888585423217608
SPY,-32.51472780693966,415.2300109863281,stock,2023-05-17,,,,,,
SPY,2.0,0.575,option,2023-05-17,434.0,2023-06-16,call,0.15553927033648515,0.17558487773494214,-0.6650236784314673
SPY,-35.11697554698843,415.2300109863281,stock,2023-05-17,,,,,,
SPY,2.0,0.79,option,2023-05-17,432.0,2023-06-16,call,0.15553927033648515,0.20362585370385733,-0.6185513936004137
SPY,-40.72517074077147,415.2300109863281,stock,2023-05-17,,,,,,
SPY,-168.93179437363372,415.2300109863281,stock,2023-05-17,,,,,,
SPY,-183.73732455395452,419.2300109863281,stock,2023-05-18,,,,,,
SPY,83.55208203784508,418.6199951171875,stock,2023-05-19,,,,,,
SPY,57.7543095181477,418.7900085449219,stock,2023-05-22,,,,,,
SPY,264.0458070988653,414.0899963378906,stock,2023-05-23,,,,,,
SPY,-2.0,3.01,option,2023-05-24,391.0,2023-06-23,put,0.1667989631071375,-0.13434910359838992,1.2111651000117423
SPY,-26.869820719677982,411.0899963378906,stock,2023-05-24,,,,,,
SPY,-2.0,3.15,option,2023-05-24,392.0,2023-06-23,put,0.1667989631071375,-0.14625055625572525,1.0830569373293633
SPY,-29.25011125114505,411.0899963378906,stock,2023-05-24,,,,,,
SPY,-2.0,3.295,option,2023-05-24,393.0,2023-06-23,put,0.1667989631071375,-0.15880724241063837,0.9660462852023696
SPY,-31.761448482127676,411.0899963378906,stock,2023-05-24,,,,,,
SPY,-2.0,3.4450000000000003,option,2023-05-24,394.0,2023-06-23,put,0.1667989631071375,-0.1720159400411687,0.8589667025118773
SPY,-34.40318800823374,411.0899963378906,stock,2023-05-24,,,,,,
SPY,2.0,0.75,option,2023-05-24,430.0,2023-06-23,call,0.1667989631071375,0.18883862161852122,-0.6240136837353113
SPY,-37.76772432370424,411.0899963378906,stock,2023-05-24,,,,,,
SPY,2.0,0.89,option,2023-05-24,429.0,2023-06-23,call,0.1667989631071375,0.20228272872685,-0.5911866829066708
SPY,-40.45654574537,411.0899963378906,stock,2023-05-24,,,,,,
SPY,127.87122276932357,411.0899963378906,stock,2023-05-24,,,,,,
SPY,-62.069395299604665,414.6499938964844,stock,2023-05-25,,,,,,
SPY,-185.25952991309418,420.0199890136719,stock,2023-05-26,,,,,,
SPY,114.68480639211555,420.17999267578125,stock,2023-05-30,,,,,,
SPY,2.0,0.385,option,2023-05-31,438.0,2023-06-30,call,0.17012292512530924,0.18206090362889094,-0.8049379256324841
SPY,-36.412180725778185,417.8500061035156,stock,2023-05-31,,,,,,
SPY,2.0,0.545,option,2023-05-31,436.0,2023-06-30,call,0.17012292512530924,0.20790771524600887,-0.7667384980159716
SPY,-41.58154304920178,417.8500061035156,stock,2023-05-31,,,,,,
SPY,146.11385547181595,417.8500061035156,stock,2023-05-31,,,,,,
SPY,-174.24588978467534,421.82000732421875,stock,2023-06-01,,,,,,
SPY,-347.4071286762903,427.9200134277344,stock,2023-06-02,,,,,,
SPY,-2.0,2.41,option,2023-06-05,427.0,2023-06-09,call,0.16866262130081106,0.5215374632114619,
SPY,104.30749264229237,427.1000061035156,stock,2023-06-05,,,,,,
SPY,-2.0,3.0199999999999996,option,2023-06-05,426.0,2023-06-09,call,0.16866262130081106,0.5740939257297148,
SPY,114.81878514594297,427.1000061035156,stock,2023-06-05,,,,,,
SPY,110.04297275336711,427.1000061035156,stock,2023-06-05,,,,,,
SPY,-41.0780063473465,428.0299987792969,stock,2023-06-06,,,,,,
SPY,2.0,0.335,option,2023-06-07,446.0,2023-07-07,call,0.1591750961566411,0.17923928810497286,-0.8190229367748934
SPY,-35.847857620994574,426.54998779296875,stock,2023-06-07,,,,,,
SPY,2.0,0.4,option,2023-06-07,445.0,2023-07-07,call,0.1591750961566411,0.19240181136928658,-0.8024287547508667
SPY,-38.48036227385732,426.54998779296875,stock,2023-06-07,,,,,,
SPY,2.0,0.47,option,2023-06-07,444.0,2023-07-07,call,0.1591750961566411,0.20617064330781942,-0.7874281246559746
SPY,-41.23412866156389,426.54998779296875,stock,2023-06-07,,,,,,
SPY,2.0,0.655,option,2023-06-07,442.0,2023-07-07,call,0.1591750961566411,0.23550144910940535,-0.7504794553014826
SPY,-47.10028982188107,426.54998779296875,stock,2023-06-07,,,,,,
SPY,125.14372285407882,426.54998779296875,stock,2023-06-07,,,,,,
SPY,-204.8346173554546,429.1300048828125,stock,2023-06-08,,,,,,
SPY,225.4673340000944,429.8999938964844,stock,2023-06-09,,,,,,
SPY,-2.0,2.41,option,2023-06-12,435.0,2023-06-16,call,0.15589640825703224,0.44951151716819887,
SPY,89.90230343363977,433.79998779296875,stock,2023-06-12,,,,,,
SPY,-2.0,2.91,option,2023-06-12,434.0,2023-06-16,call,0.15589640825703224,0.5056359344704895,
SPY,101.1271868940979,433.79998779296875,stock,2023-06-12,,,,,,
SPY,-2.0,4.03,option,2023-06-12,432.0,2023-06-16,call,0.15589640825703224,0.6168246218008849,
SPY,123.36492436017699,433.79998779296875,stock,2023-06-12,,,,,,
SPY,-2.0,5.865,option,2023-06-12,430.0,2023-06-23,call,0.15589640825703224,0.6537139077704378,
SPY,130.74278155408757,433.79998779296875,stock,2023-06-12,,,,,,
SPY,-2.0,6.63,option,2023-06-12,429.0,2023-06-23,call,0.15589640825703224,0.684882832017139,
SPY,136.9765664034278,433.79998779296875,stock,2023-06-12,,,,,,
SPY,-221.94833410318222,433.79998779296875,stock,2023-06-12,,,,,,
SPY,-70.39383151728725,436.6600036621094,stock,2023-06-13,,,,,,
SPY,2.0,0.365,option,2023-06-14,458.0,2023-07-14,call,0.14279804684966763,0.14100693894996746,-0.7114860116892974
SPY,-28.201387789993493,437.17999267578125,stock,2023-06-14,,,,,,
SPY,2.0,0.49,option,2023-06-14,456.0,2023-07-14,call,0.14279804684966763,0.16629598159698677,-0.68437807632974
SPY,-33.259196319397354,437.17999267578125,stock,2023-06-14,,,,,,
SPY,2.0,0.5700000000000001,option,2023-06-14,455.0,2023-07-14,call,0.14279804684966763,0.18002225804048672,-0.6676472652542383
SPY,-36.00445160809734,437.17999267578125,stock,2023-06-14,,,,,,
SPY,2.0,0.66,option,2023-06-14,454.0,2023-07-14,call,0.14279804684966763,0.19447137248866886,-0.6510035320130397
SPY,-38.894274497733775,437.17999267578125,stock,2023-06-14,,,,,,
SPY,2.0,0.9,option,2023-06-14,452.0,2023-07-14,call,0.14279804684966763,0.2255170110484614,-0.606440785904947
SPY,-45.10340220969228,437.17999267578125,stock,2023-06-14,,,,,,
SPY,2.0,1.205,option,2023-06-14,450.0,2023-07-14,call,0.14279804684966763,0.25934371455415256,-0.5610645109113945
SPY,-51.86874291083051,437.17999267578125,stock,2023-06-14,,,,,,
SPY,2.0,1.605,option,2023-06-14,448.0,2023-07-14,call,0.14279804684966763,0.29578397561903,-0.5094798257730772
SPY,-59.156795123806006,437.17999267578125,stock,2023-06-14,,,,,,
SPY,-35.37671783026633,437.17999267578125,stock,2023-06-14,,,,,,
SPY,-2.0,6.1899999999999995,option,2023-06-15,438.0,2023-06-30,call,0.13965390984248066,0.6760075480576395,
SPY,135.2015096115279,442.6000061035156,stock,2023-06-15,,,,,,
SPY,-2.0,7.57,option,2023-06-15,436.0,2023-06-30,call,0.13965390984248066,0.7317852692698303,
SPY,146.35705385396608,442.6000061035156,stock,2023-06-15,,,,,,
SPY,-293.8681490797319,442.6000061035156,stock,2023-06-15,,,,,,
SPY,-2.0,4.025,option,2023-06-16,442.0,2023-07-07,call,0.13949017477509715,0.4727241950303474,
SPY,94.54483900606948,439.4599914550781,stock,2023-06-16,,,,,,
SPY,151.51737913526972,439.4599914550781,stock,2023-06-16,,,,,,
SPY,131.520184872317,437.17999267578125,stock,2023-06-20,,,,,,
SPY,2.0,0.365,option,2023-06-21,456.0,2023-07-21,call,0.13541778984535147,0.1237995514656634,-0.6416494550864192
SPY,-24.75991029313268,434.94000244140625,stock,2023-06-21,,,,,,
SPY,2.0,0.425,option,2023-06-21,455.0,2023-07-21,call,0.13541778984535147,0.13574188240970186,-0.6272063775780392
SPY,-27.148376481940375,434.94000244140625,stock,2023-06-21,,,,,,
SPY,2.0,0.505,option,2023-06-21,454.0,2023-07-21,call,0.13541778984535147,0.14847900858414592,-0.6033993344662862
SPY,-29.695801716829184,434.94000244140625,stock,2023-06-21,,,,,,
SPY,2.0,0.595,option,2023-06-21,453.0,2023-07-21,call,0.13541778984535147,0.16202214724085517,-0.5807465622667064
SPY,-32.40442944817104,434.94000244140625,stock,2023-06-21,,,,,,
SPY,2.0,0.705,option,2023-06-21,452.0,2023-07-21,call,0.13541778984535147,0.17637782665587143,-0.5533595281781795
SPY,-35.275565331174285,434.94000244140625,stock,2023-06-21,,,,,,
SPY,2.0,0.825,option,2023-06-21,451.0,2023-07-21,call,0.13541778984535147,0.19154748098392915,-0.5290875785550905
SPY,-38.30949619678583,434.94000244140625,stock,2023-06-21,,,,,,
SPY,74.24038928707725,434.94000244140625,stock,2023-06-21,,,,,,
SPY,-66.43235733133902,436.510009765625,stock,2023-06-22,,,,,,
SPY,193.5185005859102,433.2099914550781,stock,2023-06-23,,,,,,
SPY,142.46227250546661,431.44000244140625,stock,2023-06-26,,,,,,
SPY,-203.2393734962899,436.1700134277344,stock,2023-06-27,,,,,,
SPY,2.0,0.345,option,2023-06-28,458.0,2023-07-28,call,0.14267961227102355,0.13115489812994324,-0.7011422897414805
SPY,-26.23097962598865,436.3900146484375,stock,2023-06-28,,,,,,
SPY,2.0,0.485,option,2023-06-28,456.0,2023-07-28,call,0.14267961227102355,0.1553010011259947,-0.6589007519613737
SPY,-31.06020022519894,436.3900146484375,stock,2023-06-28,,,,,,
SPY,2.0,0.575,option,2023-06-28,455.0,2023-07-28,call,0.14267961227102355,0.16845485356434525,-0.634600154057715
SPY,-33.69097071286905,436.3900146484375,stock,2023-06-28,,,,,,
SPY,2.0,0.6799999999999999,option,2023-06-28,454.0,2023-07-28,call,0.14267961227102355,0.18233548360978985,-0.6088195504497945
SPY,-36.46709672195797,436.3900146484375,stock,2023-06-28,,,,,,
SPY,1.5979681294932675,436.3900146484375,stock,2023-06-28,,,,,,
SPY,-93.61476170244705,438.1099853515625,stock,2023-06-29,,,,,,
SPY,-433.264068449818,443.2799987792969,stock,2023-06-30,,,,,,
SPY,-2.0,1.935,option,2023-07-03,444.0,2023-07-07,call,0.13751615264584238,0.5053868396449289,
SPY,101.07736792898578,443.7900085449219,stock,2023-07-03,,,,,,
SPY,39.40276607472042,443.7900085449219,stock,2023-07-03,,,,,,
SPY,2.0,0.405,option,2023-07-05,465.0,2023-08-04,call,0.13707874175628315,0.12214070718344378,-0.6079868950594426
SPY,-24.428141436688755,443.1300048828125,stock,2023-07-05,,,,,,
SPY,149.5335066345537,443.1300048828125,stock,2023-07-05,,,,,,
SPY,402.44091476977167,439.6600036621094,stock,2023-07-06,,,,,,
SPY,126.11235900486929,438.54998779296875,stock,2023-07-07,,,,,,
SPY,58.580982355139795,439.6600036621094,stock,2023-07-10,,,,,,
SPY,-121.6772686293767,442.4599914550781,stock,2023-07-11,,,,,,
SPY,-2.0,1.07,option,2023-07-12,424.0,2023-08-11,put,0.12541868595318045,-0.07053773481883241,1.1053599875735838
SPY,-14.107546963766481,446.0199890136719,stock,2023-07-12,,,,,,
SPY,-2.0,1.1349999999999998,option,2023-07-12,425.0,2023-08-11,put,0.12541868595318045,-0.07982019182207556,0.9288616643267992
SPY,-15.964038364415112,446.0199890136719,stock,2023-07-12,,,,,,
SPY,-240.22103553978903,446.0199890136719,stock,2023-07-12,,,,,,
SPY,-2.0,2.09,option,2023-07-13,455.0,2023-07-28,call,0.1269385815988951,0.35526716206277675,
SPY,71.05343241255535,449.55999755859375,stock,2023-07-13,,,,,,
SPY,-2.0,2.4400000000000004,option,2023-07-13,454.0,2023-07-28,call,0.1269385815988951,0.38757803232152577,
SPY,77.51560646430515,449.55999755859375,stock,2023-07-13,,,,,,
SPY,-362.7278200624942,449.55999755859375,stock,2023-07-13,,,,,,
SPY,353.412946600429,449.2799987792969,stock,2023-07-14,,,,,,
SPY,-2.0,1.4849999999999999,option,2023-07-17,452.0,2023-07-21,call,0.12376561099299857,0.44133214652427916,
SPY,88.26642930485583,450.8399963378906,stock,2023-07-17,,,,,,
SPY,-2.0,1.93,option,2023-07-17,451.0,2023-07-21,call,0.12376561099299857,0.5093157990473539,
SPY,101.86315980947079,450.8399963378906,stock,2023-07-17,,,,,,
SPY,-2.0,1.14,option,2023-07-17,458.0,2023-07-28,call,0.12376561099299857,0.25810053579084513,
SPY,51.62010715816903,450.8399963378906,stock,2023-07-17,,,,,,
SPY,-2.0,1.65,option,2023-07-17,456.0,2023-07-28,call,0.12376561099299857,0.327970255679752,
SPY,65.59405113595041,450.8399963378906,stock,2023-07-17,,,,,,
SPY,-23.711444983786137,450.8399963378906,stock,2023-07-17,,,,,,
SPY,-2.0,1.045,option,2023-07-18,465.0,2023-08-04,call,0.11674736348243292,0.2049820699654396,
SPY,40.99641399308792,454.19000244140625,stock,2023-07-18,,,,,,
SPY,-153.15231923072452,454.19000244140625,stock,2023-07-18,,,,,,
SPY,-2.0,1.1949999999999998,option,2023-07-19,434.0,2023-08-18,put,0.11744909323116337,-0.06916313075328606,1.5203403142753962
SPY,-13.832626150657212,455.20001220703125,stock,2023-07-19,,,,,,
SPY,-2.0,1.275,option,2023-07-19,435.0,2023-08-18,put,0.11744909323116337,-0.07872478535688021,1.3068314628347988
SPY,-15.744957071376042,455.20001220703125,stock,2023-07-19,,,,,,
SPY,-2.0,1.3450000000000002,option,2023-07-19,436.0,2023-08-18,put,0.11744909323116337,-0.08923075448492179,1.0957797005749592
SPY,-17.84615089698436,455.20001220703125,stock,2023-07-19,,,,,,
SPY,-54.216413014713766,455.20001220703125,stock,2023-07-19,,,,,,
SPY,235.19722841318034,452.17999267578125,stock,2023-07-20,,,,,,
SPY,206.7077969614652,452.17999267578125,stock,2023-07-21,,,,,,
SPY,20.84676177759496,454.20001220703125,stock,2023-07-24,,,,,,
SPY,8.746924978351565,455.44000244140625,stock,2023-07-25,,,,,,
SPY,-2.0,1.03,option,2023-07-26,433.0,2023-08-25,put,0.11684215325999273,-0.05719498803650169,1.7277909218437664
SPY,-11.438997607300339,455.510009765625,stock,2023-07-26,,,,,,
SPY,-2.0,1.09,option,2023-07-26,434.0,2023-08-25,put,0.11684215325999273,-0.06553445062571983,1.4608166245958387
SPY,-13.106890125143966,455.510009765625,stock,2023-07-26,,,,,,
SPY,-2.0,1.16,option,2023-07-26,435.0,2023-08-25,put,0.11684215325999273,-0.07476496321845838,1.2415207671216375
SPY,-14.952992643691676,455.510009765625,stock,2023-07-26,,,,,,
SPY,-2.0,1.23,option,2023-07-26,436.0,2023-08-25,put,0.11684215325999273,-0.08493132181244967,1.0424401134514147
SPY,-16.986264362489933,455.510009765625,stock,2023-07-26,,,,,,
SPY,-2.0,1.3,option,2023-07-26,437.0,2023-08-25,put,0.11684215325999273,-0.09607353365896798,0.86229531913664
SPY,-19.214706731793598,455.510009765625,stock,2023-07-26,,,,,,
SPY,13.135389171684658,455.510009765625,stock,2023-07-26,,,,,,
SPY,-40.35541252960583,452.489990234375,stock,2023-07-27,,,,,,
SPY,65.43292256981157,456.9200134277344,stock,2023-07-28,,,,,,
SPY,20.20093140101865,457.7900085449219,stock,2023-07-31,,,,,,
SPY,-7.176080354753106,456.4800109863281,stock,2023-08-01,,,,,,
SPY,-2.0,1.66,option,2023-08-02,428.0,2023-09-01,put,0.12117715563077244,-0.06478127392463129,2.7050414192020518
SPY,-12.956254784926259,450.1300048828125,stock,2023-08-02,,,,,,
SPY,-2.0,1.75,option,2023-08-02,429.0,2023-09-01,put,0.12117715563077244,-0.07371723495245441,2.3535501906936918
SPY,-14.743446990490883,450.1300048828125,stock,2023-08-02,,,,,,
SPY,-2.0,1.84,option,2023-08-02,430.0,2023-09-01,put,0.12117715563077244,-0.08354212924324411,2.0389589418513943
SPY,-16.708425848648822,450.1300048828125,stock,2023-08-02,,,,,,
SPY,-2.0,1.9449999999999998,option,2023-08-02,431.0,2023-09-01,put,0.12117715563077244,-0.09429368141967798,1.77907810926306
SPY,-18.858736283935595,450.1300048828125,stock,2023-08-02,,,,,,
SPY,-2.0,2.05,option,2023-08-02,432.0,2023-09-01,put,0.12117715563077244,-0.10600444172176715,1.5434213470519103
SPY,-21.20088834435343,450.1300048828125,stock,2023-08-02,,,,,,
SPY,-1.0,2.17,option,2023-08-02,433.0,2023-09-01,put,0.12117715563077244,-0.11870092742155847,1.3463444855710467
SPY,-11.870092742155848,450.1300048828125,stock,2023-08-02,,,,,,
SPY,-72.26438333954952,450.1300048828125,stock,2023-08-02,,,,,,
SPY,-31.093119173458213,448.8399963378906,stock,2023-08-03,,,,,,
SPY,-65.50984465170131,446.80999755859375,stock,2023-08-04,,,,,,
SPY,166.60709491002464,450.7099914550781,stock,2023-08-07,,,,,,
SPY,-43.09068469667092,448.75,stock,2023-08-08,,,,,,
SPY,-99.22262365690844,445.75,stock,2023-08-09,,,,,,
SPY,23.799265250491153,445.9100036621094,stock,2023-08-10,,,,,,
SPY,6.53905494364254,445.6499938964844,stock,2023-08-11,,,,,,
SPY,139.2231702277939,448.1099853515625,stock,2023-08-14,,,,,,
SPY,-184.62569778289443,442.8900146484375,stock,2023-08-15,,,,,,
SPY,-2.0,2.085,option,2023-08-16,418.0,2023-09-15,put,0.13120685381121835,-0.08010604795992438,2.4192838421075633
SPY,-16.021209591984874,439.6400146484375,stock,2023-08-16,,,,,,
SPY,-2.0,2.2,option,2023-08-16,419.0,2023-09-15,put,0.13120685381121835,-0.08998699128821042,2.140132153893084
SPY,-17.997398257642082,439.6400146484375,stock,2023-08-16,,,,,,
SPY,-198.39559892308458,439.6400146484375,stock,2023-08-16,,,,,,
SPY,2.0,4.27,option,2023-08-17,437.0,2023-08-25,put,0.13086002566758811,-0.5057971351311239,
SPY,101.15942702622478,436.2900085449219,stock,2023-08-17,,,,,,
SPY,-370.4357747931604,436.2900085449219,stock,2023-08-17,,,,,,
SPY,2.0,3.33,option,2023-08-18,436.0,2023-08-25,put,0.1331894572118451,-0.4497711508427015,
SPY,89.95423016854029,436.5,stock,2023-08-18,,,,,,
SPY,213.78356921805107,436.5,stock,2023-08-18,,,,,,
SPY,236.42823857702624,439.3399963378906,stock,2023-08-21,,,,,,
SPY,-42.811349558059256,438.1499938964844,stock,2023-08-22,,,,,,
SPY,-2.0,1.88,option,2023-08-23,421.0,2023-09-22,put,0.12993129266937242,-0.07607165089493428,2.285626122041456
SPY,-15.214330178986856,443.0299987792969,stock,2023-08-23,,,,,,
SPY,-2.0,1.99,option,2023-08-23,422.0,2023-09-22,put,0.12993129266937242,-0.08560732548156025,2.021829344999143
SPY,-17.12146509631205,443.0299987792969,stock,2023-08-23,,,,,,
SPY,-2.0,2.105,option,2023-08-23,423.0,2023-09-22,put,0.12993129266937242,-0.09598532323879438,1.7868102332969031
SPY,-19.19706464775888,443.0299987792969,stock,2023-08-23,,,,,,
SPY,-2.0,2.2300000000000004,option,2023-08-23,424.0,2023-09-22,put,0.12993129266937242,-0.10723236246823531,1.5826079093748355
SPY,-21.44647249364706,443.0299987792969,stock,2023-08-23,,,,,,
SPY,-2.0,2.3600000000000003,option,2023-08-23,425.0,2023-09-22,put,0.12993129266937242,-0.1193701104723549,1.3988423898722036
SPY,-23.87402209447098,443.0299987792969,stock,2023-08-23,,,,,,
SPY,2.0,0.41500000000000004,option,2023-08-23,465.0,2023-09-22,call,0.12993129266937242,0.108123940603649,-0.5090226743656149
SPY,-21.6247881207298,443.0299987792969,stock,2023-08-23,,,,,,
SPY,244.09266704918343,443.0299987792969,stock,2023-08-23,,,,,,
SPY,-294.1785032702371,436.8900146484375,stock,2023-08-24,,,,,,
SPY,2.0,0.425,option,2023-08-25,429.0,2023-09-01,put,0.1404475687999979,-0.08686404331447495,
SPY,17.37280866289499,439.9700012207031,stock,2023-08-25,,,,,,
SPY,2.0,0.505,option,2023-08-25,430.0,2023-09-01,put,0.1404475687999979,-0.10737405973488723,
SPY,21.474811946977447,439.9700012207031,stock,2023-08-25,,,,,,
SPY,2.0,0.61,option,2023-08-25,431.0,2023-09-01,put,0.1404475687999979,-0.13110443817958584,
SPY,26.220887635917165,439.9700012207031,stock,2023-08-25,,,,,,
SPY,2.0,0.735,option,2023-08-25,432.0,2023-09-01,put,0.1404475687999979,-0.1581637698176579,
SPY,31.632753963531577,439.9700012207031,stock,2023-08-25,,,,,,
SPY,1.0,0.885,option,2023-08-25,433.0,2023-09-01,put,0.1404475687999979,-0.18857588892683141,
SPY,18.85758889268314,439.9700012207031,stock,2023-08-25,,,,,,
SPY,214.95372570376068,439.9700012207031,stock,2023-08-25,,,,,,
SPY,53.89331246769071,442.760009765625,stock,2023-08-28,,,,,,
SPY,34.33183552150289,449.1600036621094,stock,2023-08-29,,,,,,
SPY,2.0,0.33,option,2023-08-30,473.0,2023-09-29,call,0.14066055598727217,0.13144324976020144,-0.7202555594398377
SPY,-26.288649952040288,451.010009765625,stock,2023-08-30,,,,,,
SPY,2.0,0.385,option,2023-08-30,472.0,2023-09-29,call,0.14066055598727217,0.1429605050304394,-0.7056410341777664
SPY,-28.592101006087876,451.010009765625,stock,2023-08-30,,,,,,
SPY,2.0,0.445,option,2023-08-30,471.0,2023-09-29,call,0.14066055598727217,0.155167565429922,-0.692581856487533
SPY,-31.0335130859844,451.010009765625,stock,2023-08-30,,,,,,
SPY,2.0,0.52,option,2023-08-30,470.0,2023-09-29,call,0.14066055598727217,0.1680715694533535,-0.6748323795473183
SPY,-33.6143138906707,451.010009765625,stock,2023-08-30,,,,,,
SPY,2.0,0.605,option,2023-08-30,469.0,2023-09-29,call,0.14066055598727217,0.1816760428601275,-0.6569379672909126
SPY,-36.3352085720255,451.010009765625,stock,2023-08-30,,,,,,
SPY,2.0,0.705,option,2023-08-30,468.0,2023-09-29,call,0.14066055598727217,0.19598063000838423,-0.6368419270320874
SPY,-39.196126001676845,451.010009765625,stock,2023-08-30,,,,,,
SPY,2.0,0.8200000000000001,option,2023-08-30,467.0,2023-09-29,call,0.14066055598727217,0.2109808525451371,-0.6156007204277036
SPY,-42.19617050902742,451.010009765625,stock,2023-08-30,,,,,,
SPY,2.0,0.96,option,2023-08-30,466.0,2023-09-29,call,0.14066055598727217,0.22666790091132316,-0.5897283688613956
SPY,-45.33358018226463,451.010009765625,stock,2023-08-30,,,,,,
SPY,2.0,1.12,option,2023-08-30,465.0,2023-09-29,call,0.14066055598727217,0.24302846393120442,-0.5628650167992043
SPY,-48.60569278624089,451.010009765625,stock,2023-08-30,,,,,,
SPY,2.0,1.3,option,2023-08-30,464.0,2023-09-29,call,0.14066055598727217,0.2600446014430109,-0.5358055105102955
SPY,-52.00892028860218,451.010009765625,stock,2023-08-30,,,,,,
SPY,2.0,1.51,option,2023-08-30,463.0,2023-09-29,call,0.14066055598727217,0.277693664490182,-0.5058597341014749
SPY,-55.5387328980364,451.010009765625,stock,2023-08-30,,,,,,
SPY,-37.89365609499425,451.010009765625,stock,2023-08-30,,,,,,
SPY,37.995911920029286,450.3500061035156,stock,2023-08-31,,,,,,
SPY,-14.687210436205703,451.19000244140625,stock,2023-09-01,,,,,,
SPY,131.92844562124924,449.239990234375,stock,2023-09-05,,,,,,
SPY,-2.0,1.525,option,2023-09-06,424.0,2023-10-06,put,0.1394764098169973,-0.09036744243272676,1.0052921656483607
SPY,-18.07348848654535,446.2200012207031,stock,2023-09-06,,,,,,
SPY,105.8972387997809,446.2200012207031,stock,2023-09-06,,,,,,
SPY,46.038946321778134,444.8500061035156,stock,2023-09-07,,,,,,
SPY,4.771273433141753,445.5199890136719,stock,2023-09-08,,,,,,
SPY,-15.877801404885826,448.45001220703125,stock,2023-09-11,,,,,,
SPY,78.69681477137344,445.989990234375,stock,2023-09-12,,,,,,
SPY,7.546790406437319,446.510009765625,stock,2023-09-13,,,,,,
SPY,-83.70051146231707,450.3599853515625,stock,2023-09-14,,,,,,
SPY,165.9972012156991,443.3699951171875,stock,2023-09-15,,,,,,
SPY,37.50971189245466,443.6300048828125,stock,2023-09-18,,,,,,
SPY,16.514833968646496,442.7099914550781,stock,2023-09-19,,,,,,
SPY,2.0,0.485,option,2023-09-20,460.0,2023-10-20,call,0.14845485336131695,0.145195533238559,-0.6452484735295761
SPY,-29.039106647711797,438.6400146484375,stock,2023-09-20,,,,,,
SPY,2.0,0.575,option,2023-09-20,459.0,2023-10-20,call,0.14845485336131695,0.1571763873510275,-0.6187759910469296
SPY,-31.435277470205502,438.6400146484375,stock,2023-09-20,,,,,,
SPY,7.689143838370661,438.6400146484375,stock,2023-09-20,,,,,,
SPY,8.624879486311006,431.3900146484375,stock,2023-09-21,,,,,,
SPY,2.0,2.6550000000000002,option,2023-09-22,424.0,2023-10-06,put,0.15913821600331077,-0.28669965361168026,
SPY,57.33993072233605,430.4200134277344,stock,2023-09-22,,,,,,
SPY,0.09446902451576555,430.4200134277344,stock,2023-09-22,,,,,,
SPY,-0.4250421602885446,432.2300109863281,stock,2023-09-25,,,,,,
SPY,16.893931656543526,425.8800048828125,stock,2023-09-26,,,,,,
SPY,0.901276287344837,426.04998779296875,stock,2023-09-27,,,,,,
SPY,-3.103687070384579,428.5199890136719,stock,2023-09-28,,,,,,
SPY,3.2428327791803246,427.4800109863281,stock,2023-09-29,,,,,,
SPY,3.825552003963492,427.30999755859375,stock,2023-10-02,,,,,,
SPY,5.136297260415217,421.5899963378906,stock,2023-10-03,,,,,,
SPY,-0.9945260098504534,424.6600036621094,stock,2023-10-04,,,,,,
SPY,0.7033374515627178,424.5,stock,2023-10-05,,,,,,
SPY,-2.921187276010258,429.5400085449219,stock,2023-10-06,,,,,,
SPY,0.7267976600618953,432.2900085449219,stock,2023-10-09,,,,,,
SPY,-1.182482150698927,434.5400085449219,stock,2023-10-10,,,,,,
SPY,-0.7361145790253567,436.32000732421875,stock,2023-10-11,,,,,,
SPY,4.253154651826362,433.6600036621094,stock,2023-10-12,,,,,,
SPY,1.5063680028872295,431.5,stock,2023-10-13,,,,,,
SPY,0.36985360864495576,436.0400085449219,stock,2023-10-16,,,,,,
SPY,0.1568633381048487,436.0199890136719,stock,2023-10-17,,,,,,
SPY,-2.0,2.415,option,2023-10-18,409.0,2023-11-17,put,0.15554676391992578,-0.1164525174724732,1.1694475175284198
SPY,-23.29050349449464,430.2099914550781,stock,2023-10-18,,,,,,
SPY,-2.0,2.54,option,2023-10-18,410.0,2023-11-17,put,0.15554676391992578,-0.12752934880994937,1.041536097402632
SPY,-25.505869761989874,430.2099914550781,stock,2023-10-18,,,,,,
SPY,-2.0,2.67,option,2023-10-18,411.0,2023-11-17,put,0.15554676391992578,-0.1392887489482747,0.9248570642068061
SPY,-27.85774978965494,430.2099914550781,stock,2023-10-18,,,,,,
SPY,-2.0,2.8,option,2023-10-18,412.0,2023-11-17,put,0.15554676391992578,-0.15173382499689825,0.8149546417765593
SPY,-30.34676499937965,430.2099914550781,stock,2023-10-18,,,,,,
SPY,10.239830289139142,430.2099914550781,stock,2023-10-18,,,,,,
SPY,-33.12684675503994,426.42999267578125,stock,2023-10-19,,,,,,
SPY,-60.84572485992503,421.19000244140625,stock,2023-10-20,,,,,,
SPY,-3.6018510692250203,420.4599914550781,stock,2023-10-23,,,,,,
SPY,46.00562418739899,423.6300048828125,stock,2023-10-24,,,,,,
SPY,-87.27355930443724,417.54998779296875,stock,2023-10-25,,,,,,
SPY,2.0,5.43,option,2023-10-26,409.0,2023-11-17,put,0.16747202709655584,-0.37887116349449,
SPY,75.774232698898,412.54998779296875,stock,2023-10-26,,,,,,
SPY,2.0,5.76,option,2023-10-26,410.0,2023-11-17,put,0.16747202709655584,-0.40165976255578206,
SPY,80.33195251115642,412.54998779296875,stock,2023-10-26,,,,,,
SPY,2.0,6.115,option,2023-10-26,411.0,2023-11-17,put,0.16747202709655584,-0.42473116737300554,
SPY,84.9462334746011,412.54998779296875,stock,2023-10-26,,,,,,
SPY,2.0,6.484999999999999,option,2023-10-26,412.0,2023-11-17,put,0.16747202709655584,-0.4480064609947362,
SPY,89.60129219894723,412.54998779296875,stock,2023-10-26,,,,,,
SPY,-95.02621903027433,412.54998779296875,stock,2023-10-26,,,,,,
SPY,2.0,0.92,option,2023-11-01,443.0,2023-12-01,call,0.17176934994640608,0.18500688124450243,-0.5526585519521344
SPY,-37.001376248900485,422.6600036621094,stock,2023-11-01,,,,,,
SPY,2.0,0.99,option,2023-11-01,442.5,2023-12-01,call,0.17176934994640608,0.19119119683794394,-0.5382462624047182
SPY,-38.23823936758879,422.6600036621094,stock,2023-11-01,,,,,,
SPY,2.0,1.065,option,2023-11-01,442.0,2023-12-01,call,0.17176934994640608,0.19750784343693162,-0.5233599496497712
SPY,-39.501568687386325,422.6600036621094,stock,2023-11-01,,,,,,
SPY,-7.894532860454504,422.6600036621094,stock,2023-11-01,,,,,,
SPY,-72.65247148992881,430.760009765625,stock,2023-11-02,,,,,,
SPY,-40.00495472436923,434.69000244140625,stock,2023-11-03,,,,,,
SPY,-5.310624694235287,435.69000244140625,stock,2023-11-06,,,,,,
SPY,-12.922695679654794,436.92999267578125,stock,2023-11-07,,,,,,
SPY,2.0,0.51,option,2023-11-08,458.0,2023-12-08,call,0.165573481522551,0.17921251178131026,-0.7413465025529615
SPY,-35.84250235626205,437.25,stock,2023-11-08,,,,,,
SPY,2.0,0.715,option,2023-11-08,456.0,2023-12-08,call,0.165573481522551,0.20435245208872116,-0.6930042992477954
SPY,-40.87049041774423,437.25,stock,2023-11-08,,,,,,
SPY,2.0,0.835,option,2023-11-08,455.0,2023-12-08,call,0.165573481522551,0.2177173966022311,-0.6694686649794886
SPY,-43.543479320446224,437.25,stock,2023-11-08,,,,,,
SPY,2.0,0.975,option,2023-11-08,454.0,2023-12-08,call,0.165573481522551,0.23160415904363235,-0.6437111057835125
SPY,-46.32083180872647,437.25,stock,2023-11-08,,,,,,
SPY,2.0,1.32,option,2023-11-08,452.0,2023-12-08,call,0.165573481522551,0.26090280004783484,-0.5873123159994668
SPY,-52.18056000956697,437.25,stock,2023-11-08,,,,,,
SPY,2.0,1.75,option,2023-11-08,450.0,2023-12-08,call,0.165573481522551,0.2921403829792186,-0.5294599382418952
SPY,-58.42807659584373,437.25,stock,2023-11-08,,,,,,
SPY,-22.912858199084084,437.25,stock,2023-11-08,,,,,,
SPY,109.28139164673027,433.8399963378906,stock,2023-11-09,,,,,,
SPY,-202.34256282275365,440.6099853515625,stock,2023-11-10,,,,,,
SPY,36.25411577062543,440.19000244140625,stock,2023-11-13,,,,,,
SPY,-2.0,9.18,option,2023-11-14,443.0,2023-12-01,call,0.16680583052640252,0.6711038161913269,
SPY,134.22076323826536,448.7300109863281,stock,2023-11-14,,,,,,
SPY,-4.0,9.579999999999998,option,2023-11-14,442.5,2023-12-01,call,0.16680583052640252,0.6823690311031032,
SPY,272.9476124412413,448.7300109863281,stock,2023-11-14,,,,,,
SPY,-311.44590612955227,448.7300109863281,stock,2023-11-14,,,,,,
SPY,2.0,0.425,option,2023-11-15,472.0,2023-12-15,call,0.17522823333754756,0.1823470658644487,-0.8059977470922728
SPY,-36.469413172889745,449.67999267578125,stock,2023-11-15,,,,,,
SPY,2.0,0.495,option,2023-11-15,471.0,2023-12-15,call,0.17522823333754756,0.19372843438207532,-0.7907126157582286
SPY,-38.745686876415064,449.67999267578125,stock,2023-11-15,,,,,,
SPY,2.0,0.575,option,2023-11-15,470.0,2023-12-15,call,0.17522823333754756,0.20555821067789304,-0.7745736365882298
SPY,-41.111642135578606,449.67999267578125,stock,2023-11-15,,,,,,
SPY,2.0,0.665,option,2023-11-15,469.0,2023-12-15,call,0.17522823333754756,0.21783306028708277,-0.7579888284356404
SPY,-43.566612057416556,449.67999267578125,stock,2023-11-15,,,,,,
SPY,2.0,0.765,option,2023-11-15,468.0,2023-12-15,call,0.17522823333754756,0.23054783307026988,-0.7412807160075958
SPY,-46.109566614053975,449.67999267578125,stock,2023-11-15,,,,,,
SPY,2.0,0.885,option,2023-11-15,467.0,2023-12-15,call,0.17522823333754756,0.24369550745774898,-0.721554887442048
SPY,-48.739101491549796,449.67999267578125,stock,2023-11-15,,,,,,
SPY,2.0,1.0150000000000001,option,2023-11-15,466.0,2023-12-15,call,0.17522823333754756,0.25726714607952994,-0.7025833587432899
SPY,-51.453429215905985,449.67999267578125,stock,2023-11-15,,,,,,
SPY,2.0,1.17,option,2023-11-15,465.0,2023-12-15,call,0.17522823333754756,0.2712518637891871,-0.6803605624796278
SPY,-54.25037275783742,449.67999267578125,stock,2023-11-15,,,,,,
SPY,2.0,1.34,option,2023-11-15,464.0,2023-12-15,call,0.17522823333754756,0.28563680900265453,-0.6583155003595739
SPY,-57.127361800530906,449.67999267578125,stock,2023-11-15,,,,,,
SPY,2.0,1.53,option,2023-11-15,463.0,2023-12-15,call,0.17522823333754756,0.3004071591691424,-0.6354754242828179
SPY,-60.08143183382848,449.67999267578125,stock,2023-11-15,,,,,,
SPY,2.0,1.74,option,2023-11-15,462.0,2023-12-15,call,0.17522823333754756,0.3155461310706497,-0.6122368448563881
SPY,-63.10922621412994,449.67999267578125,stock,2023-11-15,,,,,,
SPY,2.0,1.98,option,2023-11-15,461.0,2023-12-15,call,0.17522823333754756,0.33103500651022477,-0.586829446878497
SPY,-66.20700130204496,449.67999267578125,stock,2023-11-15,,,,,,
SPY,-61.13154066402612,449.67999267578125,stock,2023-11-15,,,,,,
SPY,-18.73559506812711,450.2300109863281,stock,2023-11-16,,,,,,
SPY,-20.052214356188017,450.7900085449219,stock,2023-11-17,,,,,,
SPY,-2.0,7.535,option,2023-11-20,450.0,2023-12-08,call,0.1713699756597935,0.6309953264762749,
SPY,126.19906529525497,454.260009765625,stock,2023-11-20,,,,,,
SPY,-186.6898766762037,454.260009765625,stock,2023-11-20,,,,,,
SPY,77.23186481173934,453.2699890136719,stock,2023-11-21,,,,,,
SPY,-101.91884977219914,455.0199890136719,stock,2023-11-22,,,,,,
SPY,7.864705599438224,455.29998779296875,stock,2023-11-24,,,,,,
SPY,107.63046590895031,454.4800109863281,stock,2023-11-27,,,,,,
SPY,-2.0,5.4350000000000005,option,2023-11-28,452.0,2023-12-08,call,0.16729246341079537,0.617618123927602,
SPY,123.5236247855204,454.92999267578125,stock,2023-11-28,,,,,,
SPY,-15.907003337103632,454.92999267578125,stock,2023-11-28,,,,,,
SPY,-2.0,4.135,option,2023-11-29,454.0,2023-12-08,call,0.16722928656548408,0.5451686796049144,
SPY,109.03373592098289,454.6099853515625,stock,2023-11-29,,,,,,
SPY,2.0,0.27,option,2023-11-29,477.0,2023-12-29,call,0.16722928656548408,0.172450684431244,-0.863110587216572
SPY,-34.4901368862488,454.6099853515625,stock,2023-11-29,,,,,,
SPY,2.0,0.32,option,2023-11-29,476.0,2023-12-29,call,0.16722928656548408,0.18386018192067388,-0.850328690595093
SPY,-36.77203638413478,454.6099853515625,stock,2023-11-29,,,,,,
SPY,2.0,0.375,option,2023-11-29,475.0,2023-12-29,call,0.16722928656548408,0.19575389611758098,-0.837996853584011
SPY,-39.150779223516196,454.6099853515625,stock,2023-11-29,,,,,,
SPY,34.66779361524399,454.6099853515625,stock,2023-11-29,,,,,,
SPY,-114.78669090081998,456.3999938964844,stock,2023-11-30,,,,,,
SPY,-2.0,4.925000000000001,option,2023-12-01,456.0,2023-12-08,call,0.15619460134995716,0.6444122743128973,
SPY,128.88245486257946,459.1000061035156,stock,2023-12-01,,,,,,
SPY,-2.0,5.675,option,2023-12-01,455.0,2023-12-08,call,0.15619460134995716,0.6814554238828326,
SPY,136.29108477656652,459.1000061035156,stock,2023-12-01,,,,,,
SPY,-207.45917844738534,459.1000061035156,stock,2023-12-01,,,,,,
SPY,-2.0,1.7650000000000001,option,2023-12-04,458.0,2023-12-08,call,0.14868444823225382,0.44453972586587526,
SPY,88.90794517317505,456.69000244140625,stock,2023-12-04,,,,,,
SPY,250.49055725900274,456.69000244140625,stock,2023-12-04,,,,,,
SPY,36.144429846133015,456.6000061035156,stock,2023-12-05,,,,,,
SPY,2.0,0.3,option,2023-12-06,477.0,2024-01-05,call,0.14978524902689125,0.14636916972996955,-0.7922653783853083
SPY,-29.27383394599391,454.760009765625,stock,2023-12-06,,,,,,
SPY,2.0,0.36,option,2023-12-06,476.0,2024-01-05,call,0.14978524902689125,0.15786720635412743,-0.7730288143651801
SPY,-31.573441270825487,454.760009765625,stock,2023-12-06,,,,,,
SPY,2.0,0.425,option,2023-12-06,475.0,2024-01-05,call,0.14978524902689125,0.16996893598593937,-0.7556533000438431
SPY,-33.99378719718788,454.760009765625,stock,2023-12-06,,,,,,
SPY,2.0,0.505,option,2023-12-06,474.0,2024-01-05,call,0.14978524902689125,0.18267688389799674,-0.734829586090277
SPY,-36.535376779599346,454.760009765625,stock,2023-12-06,,,,,,
SPY,2.0,0.595,option,2023-12-06,473.0,2024-01-05,call,0.14978524902689125,0.19599065931430648,-0.7142202047356706
SPY,-39.198131862861295,454.760009765625,stock,2023-12-06,,,,,,
SPY,133.79822929469233,454.760009765625,stock,2023-12-06,,,,,,
SPY,-2.0,1.865,option,2023-12-07,462.0,2023-12-15,call,0.14052502500834543,0.37133841972807147,
SPY,74.2676839456143,458.2300109863281,stock,2023-12-07,,,,,,
SPY,-2.0,2.245,option,2023-12-07,461.0,2023-12-15,call,0.14052502500834543,0.4113177568637534,
SPY,82.26355137275067,458.2300109863281,stock,2023-12-07,,,,,,
SPY,-230.07577611261513,458.2300109863281,stock,2023-12-07,,,,,,
SPY,-119.13673932757615,460.20001220703125,stock,2023-12-08,,,,,,
SPY,-2.0,0.165,option,2023-12-11,472.0,2023-12-15,call,0.12898419901629427,0.061988156983735936,
SPY,12.397631396747187,461.989990234375,stock,2023-12-11,,,,,,
SPY,-2.0,0.235,option,2023-12-11,471.0,2023-12-15,call,0.12898419901629427,0.08360506317158833,
SPY,16.721012634317667,461.989990234375,stock,2023-12-11,,,,,,
SPY,-2.0,0.335,option,2023-12-11,470.0,2023-12-15,call,0.12898419901629427,0.11051040768535958,
SPY,22.102081537071918,461.989990234375,stock,2023-12-11,,,,,,
SPY,-2.0,0.455,option,2023-12-11,469.0,2023-12-15,call,0.12898419901629427,0.14319436374925415,
SPY,28.63887274985083,461.989990234375,stock,2023-12-11,,,,,,
SPY,-2.0,0.615,option,2023-12-11,468.0,2023-12-15,call,0.12898419901629427,0.18193922160697268,
SPY,36.38784432139454,461.989990234375,stock,2023-12-11,,,,,,
SPY,-2.0,0.825,option,2023-12-11,467.0,2023-12-15,call,0.12898419901629427,0.2267527090784351,
SPY,45.350541815687016,461.989990234375,stock,2023-12-11,,,,,,
SPY,-2.0,1.085,option,2023-12-11,466.0,2023-12-15,call,0.12898419901629427,0.27731769848597226,
SPY,55.463539697194456,461.989990234375,stock,2023-12-11,,,,,,
SPY,-2.0,1.395,option,2023-12-11,465.0,2023-12-15,call,0.12898419901629427,0.33296810690706624,
SPY,66.59362138141324,461.989990234375,stock,2023-12-11,,,,,,
SPY,-2.0,1.76,option,2023-12-11,464.0,2023-12-15,call,0.12898419901629427,0.39269834632195866,
SPY,78.53966926439173,461.989990234375,stock,2023-12-11,,,,,,
SPY,-2.0,2.1900000000000004,option,2023-12-11,463.0,2023-12-15,call,0.12898419901629427,0.45520946572412857,
SPY,91.0418931448257,461.989990234375,stock,2023-12-11,,,,,,
SPY,90.12756025733437,461.989990234375,stock,2023-12-11,,,,,,
SPY,-54.29971171876035,464.1000061035156,stock,2023-12-12,,,,,,
SPY,2.0,0.49,option,2023-12-13,490.0,2024-01-12,call,0.12588091633139495,0.1441937118442883,-0.6036821661601233
SPY,-28.838742368857663,470.5,stock,2023-12-13,,,,,,
SPY,2.0,1.005,option,2023-12-13,485.0,2024-01-12,call,0.12588091633139495,0.2184421959635991,-0.5184123494453486
SPY,-43.68843919271982,470.5,stock,2023-12-13,,,,,,
SPY,-218.55456061661968,470.5,stock,2023-12-13,,,,,,
SPY,-58.31348000102151,472.010009765625,stock,2023-12-14,,,,,,
SPY,-2.0,2.315,option,2023-12-15,476.0,2024-01-05,call,0.11718108422337757,0.35157999010840646,
SPY,70.3159980216813,469.3299865722656,stock,2023-12-15,,,,,,
SPY,-2.0,2.685,option,2023-12-15,475.0,2024-01-05,call,0.11718108422337757,0.379712337112597,
SPY,75.9424674225194,469.3299865722656,stock,2023-12-15,,,,,,
SPY,-2.0,3.09,option,2023-12-15,474.0,2024-01-05,call,0.11718108422337757,0.4085576668075445,
SPY,81.7115333615089,469.3299865722656,stock,2023-12-15,,,,,,
SPY,-2.0,3.54,option,2023-12-15,473.0,2024-01-05,call,0.11718108422337757,0.4379696918088566,
SPY,87.59393836177132,469.3299865722656,stock,2023-12-15,,,,,,
SPY,147.40111965842604,469.3299865722656,stock,2023-12-15,,,,,,
SPY,-2.0,2.5,option,2023-12-18,477.0,2024-01-05,call,0.1188765200100775,0.38561519068620626,
SPY,77.12303813724125,471.9700012207031,stock,2023-12-18,,,,,,
SPY,-44.70425707713382,471.9700012207031,stock,2023-12-18,,,,,,
SPY,-2.0,2.33,option,2023-12-19,477.0,2023-12-29,call,0.11926727974620367,0.4414320522294173,
SPY,88.28641044588346,474.8399963378906,stock,2023-12-19,,,,,,
SPY,-2.0,2.785,option,2023-12-19,476.0,2023-12-29,call,0.11926727974620367,0.4836350673690112,
SPY,96.72701347380223,474.8399963378906,stock,2023-12-19,,,,,,
SPY,-2.0,3.29,option,2023-12-19,475.0,2023-12-29,call,0.11926727974620367,0.5261114020264575,
SPY,105.22228040529149,474.8399963378906,stock,2023-12-19,,,,,,
SPY,-2.0,1.92,option,2023-12-19,485.0,2024-01-12,call,0.11926727974620367,0.2862620331283581,
SPY,57.25240662567161,474.8399963378906,stock,2023-12-19,,,,,,
SPY,-60.665779559592195,474.8399963378906,stock,2023-12-19,,,,,,
SPY,-2.0,1.1549999999999998,option,2023-12-20,445.0,2024-01-19,put,0.11976212834833294,-0.060697147804160356,1.707032320628874
SPY,-12.13942956083207,468.260009765625,stock,2023-12-20,,,,,,
SPY,-2.0,1.22,option,2023-12-20,446.0,2024-01-19,put,0.11976212834833294,-0.06896130091307995,1.4608200786204328
SPY,-13.79226018261599,468.260009765625,stock,2023-12-20,,,,,,
SPY,-2.0,1.29,option,2023-12-20,447.0,2024-01-19,put,0.11976212834833294,-0.07804547310708232,1.2474797050553221
SPY,-15.609094621416464,468.260009765625,stock,2023-12-20,,,,,,
SPY,-2.0,1.3650000000000002,option,2023-12-20,448.0,2024-01-19,put,0.11976212834833294,-0.08798659518883589,1.0614834328054814
SPY,-17.59731903776718,468.260009765625,stock,2023-12-20,,,,,,
SPY,-2.0,1.45,option,2023-12-20,449.0,2024-01-19,put,0.11976212834833294,-0.0988174130901639,0.9049733849152548
SPY,-19.76348261803278,468.260009765625,stock,2023-12-20,,,,,,
SPY,31.39683577656318,468.260009765625,stock,2023-12-20,,,,,,
SPY,20.53464251998665,472.70001220703125,stock,2023-12-21,,,,,,
SPY,4.760924724253972,473.6499938964844,stock,2023-12-22,,,,,,
SPY,13.308563440863894,475.6499938964844,stock,2023-12-26,,,,,,
SPY,2.0583610788056887,476.510009765625,stock,2023-12-27,,,,,,
SPY,-2.0,0.495,option,2023-12-28,490.0,2024-01-12,call,0.10733454948555628,0.12379830040595968,
SPY,24.759660081191935,476.69000244140625,stock,2023-12-28,,,,,,
SPY,10.727338314606037,476.69000244140625,stock,2023-12-28,,,,,,
SPY,-1.6214862543403994,475.30999755859375,stock,2023-12-29,,,,,,
SPY,0.21314759925601479,472.6499938964844,stock,2024-01-02,,,,,,
SPY,-2.0,1.32,option,2024-01-03,447.0,2024-02-02,put,0.11150665889410581,-0.0598206279037532,2.379201807078284
SPY,-11.96412558075064,468.7900085449219,stock,2024-01-03,,,,,,
SPY,-2.0,1.4049999999999998,option,2024-01-03,448.0,2024-02-02,put,0.11150665889410581,-0.06858948709075963,2.0626678573157764
SPY,-13.717897418151924,468.7900085449219,stock,2024-01-03,,,,,,
SPY,-2.0,1.495,option,2024-01-03,449.0,2024-02-02,put,0.11150665889410581,-0.078295248435295,1.7863855669933448
SPY,-15.659049687059001,468.7900085449219,stock,2024-01-03,,,,,,
SPY,-2.0,1.5950000000000002,option,2024-01-03,450.0,2024-02-02,put,0.11150665889410581,-0.08898354834066147,1.5521358330530606
SPY,-17.796709668132294,468.7900085449219,stock,2024-01-03,,,,,,
SPY,-2.0,1.6949999999999998,option,2024-01-03,451.0,2024-02-02,put,0.11150665889410581,-0.10069456627735884,1.3377382253741807
SPY,-20.13891325547177,468.7900085449219,stock,2024-01-03,,,,,,
SPY,-2.0,1.815,option,2024-01-03,452.0,2024-02-02,put,0.11150665889410581,-0.11346195310507201,1.1662024024944635
SPY,-22.692390621014404,468.7900085449219,stock,2024-01-03,,,,,,
SPY,-2.0,1.94,option,2024-01-03,453.0,2024-02-02,put,0.11150665889410581,-0.12731180061665825,1.011437059429562
SPY,-25.46236012333165,468.7900085449219,stock,2024-01-03,,,,,,
SPY,-2.0,2.075,option,2024-01-03,454.0,2024-02-02,put,0.11150665889410581,-0.14226168054647959,0.8761343513444843
SPY,-28.452336109295917,468.7900085449219,stock,2024-01-03,,,,,,
SPY,10.220479623212412,468.7900085449219,stock,2024-01-03,,,,,,
SPY,-26.285847293351768,467.2799987792969,stock,2024-01-04,,,,,,
SPY,22.805823538631273,467.9200134277344,stock,2024-01-05,,,,,,
SPY,113.23728551360125,474.6000061035156,stock,2024-01-08,,,,,,
SPY,-1.8465873649153188,473.8800048828125,stock,2024-01-09,,,,,,
SPY,-2.0,0.89,option,2024-01-10,453.0,2024-02-09,put,0.12201967045488049,-0.06503274753098942,0.8546676284137544
SPY,-13.006549506197885,476.55999755859375,stock,2024-01-10,,,,,,
SPY,23.418949694574103,476.55999755859375,stock,2024-01-10,,,,,,
SPY,1.9792197076101843,476.3500061035156,stock,2024-01-11,,,,,,
SPY,5.184620327774512,476.67999267578125,stock,2024-01-12,,,,,,
SPY,3.105262540256213,474.92999267578125,stock,2024-01-16,,,,,,
SPY,-1.0,1.4249999999999998,option,2024-01-17,449.0,2024-02-16,put,0.12269907276963568,-0.06655802171852343,1.8993794835833275
SPY,-6.6558021718523435,472.2900085449219,stock,2024-01-17,,,,,,
SPY,-13.205384251566159,472.2900085449219,stock,2024-01-17,,,,,,
SPY,29.69297823267092,476.489990234375,stock,2024-01-18,,,,,,
SPY,14.650156329138925,482.42999267578125,stock,2024-01-19,,,,,,
SPY,2.64115819661019,483.45001220703125,stock,2024-01-22,,,,,,
SPY,0.8984550085653908,484.8599853515625,stock,2024-01-23,,,,,,
SPY,2.0,0.48,option,2024-01-24,508.0,2024-02-23,call,0.12719540466081297,0.11796507039078069,-0.5237000325066441
SPY,-23.593014078156138,485.3900146484375,stock,2024-01-24,,,,,,
SPY,-2.6062816417196615,485.3900146484375,stock,2024-01-24,,,,,,
SPY,-5.318561181988098,488.0299987792969,stock,2024-01-25,,,,,,
SPY,2.811874563548585,487.4100036621094,stock,2024-01-26,,,,,,
SPY,-7.792691450417397,491.2699890136719,stock,2024-01-29,,,,,,
SPY,-2.0,0.99,option,2024-01-30,467.0,2024-02-29,put,0.12274007327326987,-0.06915329660645086,0.8519092987491912
SPY,-13.830659321290174,490.8900146484375,stock,2024-01-30,,,,,,
SPY,4.376229963891394,490.8900146484375,stock,2024-01-30,,,,,,
SPY,-2.0,1.19,option,2024-01-31,459.0,2024-03-01,put,0.12062037059348744,-0.06282559821544864,1.5787078704675301
SPY,-12.565119643089728,482.8800048828125,stock,2024-01-31,,,,,,
SPY,-2.0,1.26,option,2024-01-31,460.0,2024-03-01,put,0.12062037059348744,-0.07097809126310406,1.3649079409433547
SPY,-14.195618252620811,482.8800048828125,stock,2024-01-31,,,,,,
SPY,-2.0,1.33,option,2024-01-31,461.0,2024-03-01,put,0.12062037059348744,-0.07989938240399774,1.1694188117005364
SPY,-15.979876480799549,482.8800048828125,stock,2024-01-31,,,,,,
SPY,-2.0,1.4049999999999998,option,2024-01-31,462.0,2024-03-01,put,0.12062037059348744,-0.08962170480788068,0.9982766954120491
SPY,-17.924340961576135,482.8800048828125,stock,2024-01-31,,,,,,
SPY,14.033919993117003,482.8800048828125,stock,2024-01-31,,,,,,
SPY,30.6627095121585,489.20001220703125,stock,2024-02-01,,,,,,
SPY,3.3310598724142046,494.3500061035156,stock,2024-02-02,,,,,,
SPY,10.98553965796973,492.54998779296875,stock,2024-02-05,,,,,,
SPY,1.0562509830849676,493.9800109863281,stock,2024-02-06,,,,,,
SPY,2.0,0.49,option,2024-02-07,522.0,2024-03-08,call,0.1304903280860122,0.11699841731463162,-0.533323725616388
SPY,-23.399683462926323,498.1000061035156,stock,2024-02-07,,,,,,
SPY,-12.385238965911295,498.1000061035156,stock,2024-02-07,,,,,,
SPY,2.049710377422418,498.32000732421875,stock,2024-02-08,,,,,,
SPY,-17.701631909896523,501.20001220703125,stock,2024-02-09,,,,,,
SPY,11.902268261867746,500.9800109863281,stock,2024-02-12,,,,,,
SPY,48.93391989582056,494.0799865722656,stock,2024-02-13,,,,,,
SPY,2.0,0.485,option,2024-02-14,523.0,2024-03-15,call,0.13964788975602468,0.12844140729158487,-0.614690052336189
SPY,-25.688281458316975,498.57000732421875,stock,2024-02-14,,,,,,
SPY,2.0,0.56,option,2024-02-14,522.0,2024-03-15,call,0.13964788975602468,0.13874270666233146,-0.5952675566763883
SPY,-27.748541332466292,498.57000732421875,stock,2024-02-14,,,,,,
SPY,2.0,0.65,option,2024-02-14,521.0,2024-03-15,call,0.13964788975602468,0.14961414651335858,-0.5719866193467562
SPY,-29.922829302671715,498.57000732421875,stock,2024-02-14,,,,,,
SPY,2.0,0.75,option,2024-02-14,520.0,2024-03-15,call,0.13964788975602468,0.16106215534396,-0.5493701479173783
SPY,-32.212431068792,498.57000732421875,stock,2024-02-14,,,,,,
SPY,2.0,0.87,option,2024-02-14,519.0,2024-03-15,call,0.13964788975602468,0.17309075565500548,-0.52231520659684
SPY,-34.6181511310011,498.57000732421875,stock,2024-02-14,,,,,,
SPY,2.0,0.995,option,2024-02-14,518.0,2024-03-15,call,0.13964788975602468,0.18570138798784347,-0.5000168534191172
SPY,-37.14027759756869,498.57000732421875,stock,2024-02-14,,,,,,
SPY,-40.86614458965869,498.57000732421875,stock,2024-02-14,,,,,,
SPY,-75.53053485399431,502.010009765625,stock,2024-02-15,,,,,,
SPY,75.91456619541086,499.510009765625,stock,2024-02-16,,,,,,
SPY,109.00383847817447,496.760009765625,stock,2024-02-20,,,,,,
SPY,2.0,0.53,option,2024-02-21,522.0,2024-03-22,call,0.14529176457510268,0.13397598841900066,-0.6143526670701683
SPY,-26.795197683800133,497.2099914550781,stock,2024-02-21,,,,,,
SPY,2.0,0.69,option,2024-02-21,520.0,2024-03-22,call,0.14529176457510268,0.1549022619241433,-0.5802649593003039
SPY,-30.98045238482866,497.2099914550781,stock,2024-02-21,,,,,,
SPY,2.0,0.885,option,2024-02-21,518.0,2024-03-22,call,0.14529176457510268,0.17797281187926034,-0.5474401138559388
SPY,-35.59456237585207,497.2099914550781,stock,2024-02-21,,,,,,
SPY,2.0,1.145,option,2024-02-21,516.0,2024-03-22,call,0.14529176457510268,0.2031998066150607,-0.5050902859548324
SPY,-40.639961323012145,497.2099914550781,stock,2024-02-21,,,,,,
SPY,-8.322725733380032,497.2099914550781,stock,2024-02-21,,,,,,
SPY,-411.7973816983845,507.5,stock,2024-02-22,,,,,,
SPY,88.88261768353702,507.8500061035156,stock,2024-02-23,,,,,,
SPY,118.63764599207295,505.989990234375,stock,2024-02-26,,,,,,
SPY,2.0,0.43,option,2024-02-27,532.0,2024-03-28,call,0.1489153636361365,0.1421293887299277,-0.7214350432533221
SPY,-28.425877745985538,506.92999267578125,stock,2024-02-27,,,,,,
SPY,2.0,0.49,option,2024-02-27,531.0,2024-03-28,call,0.1489153636361365,0.1522735032953531,-0.708498700827653
SPY,-30.45470065907062,506.92999267578125,stock,2024-02-27,,,,,,
SPY,2.0,0.565,option,2024-02-27,530.0,2024-03-28,call,0.1489153636361365,0.162907534994357,-0.6909525959788668
SPY,-32.581506998871404,506.92999267578125,stock,2024-02-27,,,,,,
SPY,2.0,0.645,option,2024-02-27,529.0,2024-03-28,call,0.1489153636361365,0.17403440624262773,-0.6752021817543036
SPY,-34.80688124852554,506.92999267578125,stock,2024-02-27,,,,,,
SPY,-33.5607113050148,506.92999267578125,stock,2024-02-27,,,,,,
SPY,54.755352065108404,506.260009765625,stock,2024-02-28,,,,,,
SPY,-70.62342039573238,508.0799865722656,stock,2024-02-29,,,,,,
SPY,-261.7433688820564,512.8499755859375,stock,2024-03-01,,,,,,
SPY,109.4746550769381,512.2999877929688,stock,2024-03-04,,,,,,
SPY,330.7096334196569,507.17999267578125,stock,2024-03-05,,,,,,
SPY,2.0,0.49,option,2024-03-06,535.0,2024-04-05,call,0.14786845951913805,0.13996627536688994,-0.6760663856348159
SPY,-27.993255073377988,509.75,stock,2024-03-06,,,,,,
SPY,2.0,0.5700000000000001,option,2024-03-06,534.0,2024-04-05,call,0.14786845951913805,0.15002225335578734,-0.6541143548649874
SPY,-30.004450671157468,509.75,stock,2024-03-06,,,,,,
SPY,2.0,0.66,option,2024-03-06,533.0,2024-04-05,call,0.14786845951913805,0.16056893310371162,-0.6319151281252009
SPY,-32.113786620742324,509.75,stock,2024-03-06,,,,,,
SPY,2.0,0.75,option,2024-03-06,532.0,2024-04-05,call,0.14786845951913805,0.17160962484386133,-0.6150902622101274
SPY,-34.321924968772265,509.75,stock,2024-03-06,,,,,,
SPY,2.0,0.86,option,2024-03-06,531.0,2024-04-05,call,0.14786845951913805,0.1831457841591746,-0.5933362445027788
SPY,-36.62915683183492,509.75,stock,2024-03-06,,,,,,
SPY,-124.07041954811848,509.75,stock,2024-03-06,,,,,,
SPY,-369.758671971645,514.8099975585938,stock,2024-03-07,,,,,,
SPY,298.96371337927934,511.7200012207031,stock,2024-03-08,,,,,,
SPY,-2.0,0.595,option,2024-03-11,520.0,2024-03-15,call,0.16155735910716432,0.16915222088988258,
SPY,33.83044417797652,511.2799987792969,stock,2024-03-11,,,,,,
SPY,-2.0,0.76,option,2024-03-11,519.0,2024-03-15,call,0.16155735910716432,0.19941725604479682,
SPY,39.883451208959364,511.2799987792969,stock,2024-03-11,,,,,,
SPY,-2.0,0.97,option,2024-03-11,518.0,2024-03-15,call,0.16155735910716432,0.23279632498635378,
SPY,46.55926499727075,511.2799987792969,stock,2024-03-11,,,,,,
SPY,156.25097448527015,511.2799987792969,stock,2024-03-11,,,,,,
SPY,-344.94387620611104,516.780029296875,stock,2024-03-12,,,,,,
SPY,1.0,0.55,option,2024-03-13,540.0,2024-04-12,call,0.15347112267013024,0.16472401573256867,-0.7169797684028688
SPY,-16.472401573256867,515.969970703125,stock,2024-03-13,,,,,,
SPY,114.0497010034885,515.969970703125,stock,2024-03-13,,,,,,
SPY,142.1020409502015,514.9500122070312,stock,2024-03-14,,,,,,
SPY,-2.0,0.655,option,2024-03-15,520.0,2024-03-22,call,0.13749162477220078,0.1647648343779965,
SPY,32.9529668755993,509.8299865722656,stock,2024-03-15,,,,,,
SPY,-2.0,1.04,option,2024-03-15,518.0,2024-03-22,call,0.13749162477220078,0.21985770831892804,
SPY,43.97154166378561,509.8299865722656,stock,2024-03-15,,,,,,
SPY,-2.0,1.57,option,2024-03-15,516.0,2024-03-22,call,0.13749162477220078,0.284507374726241,
SPY,56.9014749452482,509.8299865722656,stock,2024-03-15,,,,,,
SPY,315.46568259150456,509.8299865722656,stock,2024-03-15,,,,,,
SPY,-2.0,0.56,option,2024-03-18,522.0,2024-03-22,call,0.13937703673009122,0.12220201384127516,
SPY,24.440402768255034,512.8599853515625,stock,2024-03-18,,,,,,
SPY,-19.19527769206935,512.8599853515625,stock,2024-03-18,,,,,,
SPY,-59.49156847817234,515.7100219726562,stock,2024-03-19,,,,,,
SPY,2.0,0.655,option,2024-03-20,545.0,2024-04-19,call,0.1398805322239697,0.1385459099668515,-0.5464852439105116
SPY,-27.7091819933703,520.47998046875,stock,2024-03-20,,,,,,
SPY,-151.54689425521187,520.47998046875,stock,2024-03-20,,,,,,
SPY,-54.72603402014162,522.2000122070312,stock,2024-03-21,,,,,,
SPY,73.82163763083088,521.2100219726562,stock,2024-03-22,,,,,,
SPY,169.80368905923044,519.77001953125,stock,2024-03-25,,,,,,
SPY,74.37306481027527,518.8099975585938,stock,2024-03-26,,,,,,
SPY,2.0,0.6799999999999999,option,2024-03-27,545.0,2024-04-26,call,0.13174623233897542,0.15388715888489146,-0.5636519676931454
SPY,-30.777431776978293,523.1699829101562,stock,2024-03-27,,,,,,
SPY,-112.69415532291029,523.1699829101562,stock,2024-03-27,,,,,,
SPY,57.50026784926796,523.0700073242188,stock,2024-03-28,,,,,,
SPY,131.55537034983743,522.1599731445312,stock,2024-04-01,,,,,,
SPY,97.26051067336095,518.8400268554688,stock,2024-04-02,,,,,,
SPY,15.78624097922367,519.4099731445312,stock,2024-04-03,,,,,,
SPY,34.58245863944008,513.0700073242188,stock,2024-04-04,,,,,,
SPY,-11.980007222212013,518.4299926757812,stock,2024-04-05,,,,,,
SPY,8.522406214983967,518.719970703125,stock,2024-04-08,,,,,,
SPY,1.2587858545044686,519.3200073242188,stock,2024-04-09,,,,,,
SPY,-2.0,1.94,option,2024-04-10,490.0,2024-05-10,put,0.1333553713146024,-0.09359228850283485,1.221931194466356
SPY,-18.718457700566972,514.1199951171875,stock,2024-04-10,,,,,,
SPY,12.607750055826834,514.1199951171875,stock,2024-04-10,,,,,,
SPY,2.2956882924024953,518.0,stock,2024-04-11,,,,,,
SPY,-3.0706781782418595,510.8500061035156,stock,2024-04-12,,,,,,
SPY,-11.551001362854812,504.45001220703125,stock,2024-04-15,,,,,,
SPY,-1.9403381886824604,503.5299987792969,stock,2024-04-16,,,,,,
SPY,-2.0,2.495,option,2024-04-17,476.0,2024-05-17,put,0.14711767925548888,-0.10521194765354236,1.3065117493236957
SPY,-21.042389530708473,500.54998779296875,stock,2024-04-17,,,,,,
SPY,-2.0,2.62,option,2024-04-17,477.0,2024-05-17,put,0.14711767925548888,-0.11455720553860627,1.1842565851433053
SPY,-22.911441107721252,500.54998779296875,stock,2024-04-17,,,,,,
SPY,-2.0,2.75,option,2024-04-17,478.0,2024-05-17,put,0.14711767925548888,-0.12445724957594084,1.0717777947259721
SPY,-24.89144991518817,500.54998779296875,stock,2024-04-17,,,,,,
SPY,-2.0,2.885,option,2024-04-17,479.0,2024-05-17,put,0.14711767925548888,-0.13491796086392505,0.9680848093401563
SPY,-26.98359217278501,500.54998779296875,stock,2024-04-17,,,,,,
SPY,-2.0,3.03,option,2024-04-17,480.0,2024-05-17,put,0.14711767925548888,-0.14594275451414784,0.875409107247283
SPY,-29.18855090282957,500.54998779296875,stock,2024-04-17,,,,,,
SPY,3.3692706380608257,500.54998779296875,stock,2024-04-17,,,,,,
SPY,-9.564650307737207,499.5199890136719,stock,2024-04-18,,,,,,
SPY,-61.83668013916923,495.1600036621094,stock,2024-04-19,,,,,,
SPY,81.46466603149136,499.7200012207031,stock,2024-04-22,,,,,,
SPY,69.11408845132966,505.6499938964844,stock,2024-04-23,,,,,,
SPY,2.0,0.76,option,2024-04-24,530.0,2024-05-24,call,0.14909003490748166,0.14648405013353338,-0.5247730101567953
SPY,-29.296810026706677,505.4100036621094,stock,2024-04-24,,,,,,
SPY,2.0,0.86,option,2024-04-24,529.0,2024-05-24,call,0.14909003490748166,0.1568597543309534,-0.5059791727206917
SPY,-31.37195086619068,505.4100036621094,stock,2024-04-24,,,,,,
SPY,-3.682533949453479,505.4100036621094,stock,2024-04-24,,,,,,
SPY,2.0,1.0750000000000002,option,2024-04-25,490.0,2024-05-10,put,0.14906542576181656,-0.16227089475934442,
SPY,32.45417895186888,503.489990234375,stock,2024-04-25,,,,,,
SPY,-7.639287638536839,503.489990234375,stock,2024-04-25,,,,,,
SPY,8.43347624763173,508.260009765625,stock,2024-04-26,,,,,,
SPY,11.221410898472449,510.05999755859375,stock,2024-04-29,,,,,,
SPY,6.982619955117109,501.9800109863281,stock,2024-04-30,,,,,,
SPY,0.8872870505967896,500.3500061035156,stock,2024-05-01,,,,,,
SPY,16.299312086299913,505.0299987792969,stock,2024-05-02,,,,,,
SPY,-9.919216940497925,511.2900085449219,stock,2024-05-03,,,,,,
SPY,-19.695690394897333,516.5700073242188,stock,2024-05-06,,,,,,
SPY,-0.824960055488333,517.1400146484375,stock,2024-05-07,,,,,,
SPY,2.0,0.625,option,2024-05-08,540.0,2024-06-07,call,0.15617664592591637,0.18278161257145253,-0.7232107019375917
SPY,-36.55632251429051,517.1900024414062,stock,2024-05-08,,,,,,
SPY,2.0,1.27,option,2024-05-08,535.0,2024-06-07,call,0.15617664592591637,0.24288444766810446,-0.60954087162097
SPY,-48.57688953362089,517.1900024414062,stock,2024-05-08,,,,,,
SPY,-3.943471611745508,517.1900024414062,stock,2024-05-08,,,,,,
SPY,-35.94859705936325,520.1699829101562,stock,2024-05-09,,,,,,
SPY,-4.806706106939956,520.8400268554688,stock,2024-05-10,,,,,,
SPY,16.541903358847527,520.9099731445312,stock,2024-05-13,,,,,,
SPY,-34.1603162194178,523.2999877929688,stock,2024-05-14,,,,,,
SPY,2.0,0.42,option,2024-05-15,555.0,2024-06-14,call,0.15409395481586446,0.16025320906388624,-0.7830219141023528
SPY,-32.05064181277725,529.780029296875,stock,2024-05-15,,,,,,
SPY,2.0,0.84,option,2024-05-15,550.0,2024-06-14,call,0.15409395481586446,0.2151830235703408,-0.701109994639048
SPY,-43.03660471406816,529.780029296875,stock,2024-05-15,,,,,,
SPY,2.0,1.62,option,2024-05-15,545.0,2024-06-14,call,0.15409395481586446,0.28033646187531225,-0.5924166159655992
SPY,-56.06729237506245,529.780029296875,stock,2024-05-15,,,,,,
SPY,-131.34508053742624,529.780029296875,stock,2024-05-15,,,,,,
SPY,36.29367093970953,528.6900024414062,stock,2024-05-16,,,,,,
SPY,-16.358222777384455,529.4500122070312,stock,2024-05-17,,,,,,
SPY,-2.0,2.775,option,2024-05-20,530.0,2024-05-24,call,0.15010660889205527,0.5205780641005089,
SPY,104.11561282010177,530.0599975585938,stock,2024-05-20,,,,,,
SPY,-2.0,3.365,option,2024-05-20,529.0,2024-05-24,call,0.15010660889205527,0.5681985274057083,
SPY,113.63970548114166,530.0599975585938,stock,2024-05-20,,,,,,
SPY,-3.233554834356866,530.0599975585938,stock,2024-05-20,,,,,,
SPY,-16.154389155421043,531.3599853515625,stock,2024-05-21,,,,,,
SPY,2.0,0.245,option,2024-05-22,555.0,2024-06-21,call,0.14582668909108884,0.14687802197225835,-0.8511487240747467
SPY,-29.37560439445167,529.8300170898438,stock,2024-05-22,,,,,,
SPY,2.0,0.405,option,2024-05-22,552.0,2024-06-21,call,0.14582668909108884,0.17871500888062108,-0.8073587312274315
SPY,-35.74300177612422,529.8300170898438,stock,2024-05-22,,,,,,
SPY,2.0,0.48,option,2024-05-22,551.0,2024-06-21,call,0.14582668909108884,0.19026999173743192,-0.7890659743056017
SPY,-38.053998347486385,529.8300170898438,stock,2024-05-22,,,,,,
SPY,2.0,0.5700000000000001,option,2024-05-22,550.0,2024-06-21,call,0.14582668909108884,0.20229503895953693,-0.7683087122880041
SPY,-40.45900779190739,529.8300170898438,stock,2024-05-22,,,,,,
SPY,2.0,0.67,option,2024-05-22,549.0,2024-06-21,call,0.14582668909108884,0.21478655680089181,-0.7477938168310567
SPY,-42.957311360178366,529.8300170898438,stock,2024-05-22,,,,,,
SPY,2.0,0.79,option,2024-05-22,548.0,2024-06-21,call,0.14582668909108884,0.22773895544536,-0.7242795976007959
SPY,-45.547791089072,529.8300170898438,stock,2024-05-22,,,,,,
SPY,2.0,0.9299999999999999,option,2024-05-22,547.0,2024-06-21,call,0.14582668909108884,0.24114458955472057,-0.6987004368943363
SPY,-48.22891791094411,529.8300170898438,stock,2024-05-22,,,,,,
SPY,2.0,1.09,option,2024-05-22,546.0,2024-06-21,call,0.14582668909108884,0.2549937122176107,-0.6718090702195706
SPY,-50.99874244352214,529.8300170898438,stock,2024-05-22,,,,,,
SPY,2.0,1.27,option,2024-05-22,545.0,2024-06-21,call,0.14582668909108884,0.26927444342872064,-0.6442074066375679
SPY,-53.85488868574413,529.8300170898438,stock,2024-05-22,,,,,,
SPY,2.0,1.47,option,2024-05-22,544.0,2024-06-21,call,0.14582668909108884,0.28397275411288436,-0.6163723703422893
SPY,-56.79455082257687,529.8300170898438,stock,2024-05-22,,,,,,
SPY,2.0,1.6949999999999998,option,2024-05-22,543.0,2024-06-21,call,0.14582668909108884,0.29907246657377046,-0.5874606242277944
SPY,-59.81449331475409,529.8300170898438,stock,2024-05-22,,,,,,
SPY,2.0,1.95,option,2024-05-22,542.0,2024-06-21,call,0.14582668909108884,0.3145552720924945,-0.5568663931819966
SPY,-62.9110544184989,529.8300170898438,stock,2024-05-22,,,,,,
SPY,1.0,2.23,option,2024-05-22,541.0,2024-06-21,call,0.14582668909108884,0.33040076622927433,-0.5262951838567468
SPY,-33.04007662292744,529.8300170898438,stock,2024-05-22,,,,,,
SPY,-18.374175482415062,529.8300170898438,stock,2024-05-22,,,,,,
SPY,211.78017742948612,525.9600219726562,stock,2024-05-23,,,,,,
SPY,-153.64498754396354,529.4400024414062,stock,2024-05-24,,,,,,
SPY,66.32985980661113,529.8099975585938,stock,2024-05-28,,,,,,
SPY,-2.0,1.63,option,2024-05-29,500.0,2024-06-28,put,0.13186755864794178,-0.07951925336543542,1.2419646572959648
SPY,-15.903850673087083,526.0999755859375,stock,2024-05-29,,,,,,
SPY,-2.0,1.71,option,2024-05-29,501.0,2024-06-28,put,0.13186755864794178,-0.0876350766829661,1.0946089905882306
SPY,-17.527015336593223,526.0999755859375,stock,2024-05-29,,,,,,
SPY,220.67504350485518,526.0999755859375,stock,2024-05-29,,,,,,
SPY,165.30489349575703,522.6099853515625,stock,2024-05-30,,,,,,
SPY,-166.5911932774777,527.3699951171875,stock,2024-05-31,,,,,,
SPY,-2.0,0.525,option,2024-06-03,535.0,2024-06-07,call,0.13235887879299804,0.1763213436112237,
SPY,35.26426872224474,527.7999877929688,stock,2024-06-03,,,,,,
SPY,88.94142714810292,527.7999877929688,stock,2024-06-03,,,,,,
SPY,8.05190681337577,528.3900146484375,stock,2024-06-04,,,,,,
SPY,-2.0,0.805,option,2024-06-05,545.0,2024-06-14,call,0.12592193927421097,0.18604898331975211,
SPY,37.20979666395042,534.6699829101562,stock,2024-06-05,,,,,,
SPY,-2.0,1.105,option,2024-06-05,508.0,2024-07-05,put,0.12592193927421097,-0.06930850287688062,0.8442685503130474
SPY,-13.861700575376123,534.6699829101562,stock,2024-06-05,,,,,,
SPY,2.0,0.265,option,2024-06-05,560.0,2024-07-05,call,0.12592193927421097,0.11150167887261309,-0.7418548442943524
SPY,-22.300335774522615,534.6699829101562,stock,2024-06-05,,,,,,
SPY,-292.7919217985139,534.6699829101562,stock,2024-06-05,,,,,,
SPY,46.702350463393934,534.6599731445312,stock,2024-06-06,,,,,,
SPY,87.93017993505828,534.010009765625,stock,2024-06-07,,,,,,
SPY,13.132558275439592,535.6599731445312,stock,2024-06-10,,,,,,
SPY,-2.0,2.025,option,2024-06-11,542.0,2024-06-21,call,0.12673195010998234,0.3567116355801197,
SPY,71.34232711602394,536.9500122070312,stock,2024-06-11,,,,,,
SPY,-1.0,2.415,option,2024-06-11,541.0,2024-06-21,call,0.12673195010998234,0.390035658970648,
SPY,39.0035658970648,536.9500122070312,stock,2024-06-11,,,,,,
SPY,-33.05707607209041,536.9500122070312,stock,2024-06-11,,,,,,
SPY,-2.0,0.96,option,2024-06-12,515.0,2024-07-12,put,0.11153249722087316,-0.051707079620618934,1.522295845166292
SPY,-10.341415924123787,541.3599853515625,stock,2024-06-12,,,,,,
SPY,-2.0,1.01,option,2024-06-12,516.0,2024-07-12,put,0.11153249722087316,-0.05845749306524661,1.2996993323862696
SPY,-11.691498613049323,541.3599853515625,stock,2024-06-12,,,,,,
SPY,-2.0,1.07,option,2024-06-12,517.0,2024-07-12,put,0.11153249722087316,-0.06586625471362928,1.117996542197652
SPY,-13.173250942725856,541.3599853515625,stock,2024-06-12,,,,,,
SPY,-227.07678392546694,541.3599853515625,stock,2024-06-12,,,,,,
SPY,-29.758401166339997,542.4500122070312,stock,2024-06-13,,,,,,
SPY,16.52216380542322,542.780029296875,stock,2024-06-14,,,,,,
SPY,-2.0,1.9449999999999998,option,2024-06-17,547.0,2024-06-21,call,0.10380448531132913,0.5299426604567762,
SPY,105.98853209135524,547.0999755859375,stock,2024-06-17,,,,,,
SPY,-2.0,2.52,option,2024-06-17,546.0,2024-06-21,call,0.10380448531132913,0.5961961433070657,
SPY,119.23922866141314,547.0999755859375,stock,2024-06-17,,,,,,
SPY,-2.0,3.165,option,2024-06-17,545.0,2024-06-21,call,0.10380448531132913,0.6599071503875658,
SPY,131.98143007751315,547.0999755859375,stock,2024-06-17,,,,,,
SPY,-2.0,3.875,option,2024-06-17,544.0,2024-06-21,call,0.10380448531132913,0.7194525260696483,
SPY,143.89050521392966,547.0999755859375,stock,2024-06-17,,,,,,
SPY,-2.0,4.67,option,2024-06-17,543.0,2024-06-21,call,0.10380448531132913,0.7735331322164631,
SPY,154.70662644329263,547.0999755859375,stock,2024-06-17,,,,,,
SPY,-321.31747625674734,547.0999755859375,stock,2024-06-17,,,,,,
SPY,-54.34348419624161,548.489990234375,stock,2024-06-18,,,,,,
SPY,221.5128515428848,547.0,stock,2024-06-20,,,,,,
SPY,270.47755704449935,544.510009765625,stock,2024-06-21,,,,,,
SPY,12.576430269575473,542.739990234375,stock,2024-06-24,,,,,,
SPY,0.3431724597398489,544.8300170898438,stock,2024-06-25,,,,,,
SPY,-2.0,1.065,option,2024-06-26,519.0,2024-07-26,put,0.10574762947601567,-0.0433932700504146,2.590906642029889
SPY,-8.67865401008292,545.510009765625,stock,2024-06-26,,,,,,
SPY,-2.0,1.125,option,2024-06-26,520.0,2024-07-26,put,0.10574762947601567,-0.04956313146878344,2.251938558012521
SPY,-9.912626293756688,545.510009765625,stock,2024-06-26,,,,,,
SPY,-2.0,1.185,option,2024-06-26,521.0,2024-07-26,put,0.10574762947601567,-0.056399973929188274,1.9468002257947856
SPY,-11.279994785837655,545.510009765625,stock,2024-06-26,,,,,,
SPY,-2.0,1.26,option,2024-06-26,522.0,2024-07-26,put,0.10574762947601567,-0.0639440911645539,1.7047926963414957
SPY,-12.788818232910781,545.510009765625,stock,2024-06-26,,,,,,
SPY,-2.0,1.295,option,2024-06-26,522.5,2024-07-26,put,0.10574762947601567,-0.06799347273103096,1.5861344065149443
SPY,-13.598694546206191,545.510009765625,stock,2024-06-26,,,,,,
SPY,-2.0,1.335,option,2024-06-26,523.0,2024-07-26,put,0.10574762947601567,-0.07223389597504948,1.482250153643085
SPY,-14.446779195009896,545.510009765625,stock,2024-06-26,,,,,,
SPY,-1.0,1.415,option,2024-06-26,524.0,2024-07-26,put,0.10574762947601567,-0.0813052779974377,1.2865059848261635
SPY,-8.13052779974377,545.510009765625,stock,2024-06-26,,,,,,
SPY,15.413013513904176,545.510009765625,stock,2024-06-26,,,,,,
SPY,10.831322973131956,546.3699951171875,stock,2024-06-27,,,,,,
SPY,-5.585150225059525,544.219970703125,stock,2024-06-28,,,,,,
SPY,-2.0,0.97,option,2024-07-01,519.0,2024-07-31,put,0.0991038158159469,-0.03480261441130861,3.5023164111091347
SPY,-6.9605228822617216,545.3400268554688,stock,2024-07-01,,,,,,
SPY,-2.0,1.025,option,2024-07-01,520.0,2024-07-31,put,0.0991038158159469,-0.040342874252216165,3.015199740238217
SPY,-8.068574850443234,545.3400268554688,stock,2024-07-01,,,,,,
SPY,30.705064786900138,545.3400268554688,stock,2024-07-01,,,,,,
SPY,26.4622861317574,549.010009765625,stock,2024-07-02,,,,,,
SPY,11.984007954260123,551.4600219726562,stock,2024-07-03,,,,,,
SPY,22.381114723189594,554.6400146484375,stock,2024-07-05,,,,,,
SPY,4.2083050094212675,555.280029296875,stock,2024-07-08,,,,,,
SPY,1.3129246270310548,555.8200073242188,stock,2024-07-09,,,,,,
SPY,-2.0,1.12,option,2024-07-10,534.0,2024-08-09,put,0.09524227589946428,-0.02863918487090933,5.56764667438842
SPY,-5.727836974181866,561.3200073242188,stock,2024-07-10,,,,,,
SPY,3.7599526736778355,561.3200073242188,stock,2024-07-10,,,,,,
SPY,-5.297582296359516,556.47998046875,stock,2024-07-11,,,,,,
SPY,5.089884055234872,559.989990234375,stock,2024-07-12,,,,,,
SPY,2.284816520196233,561.530029296875,stock,2024-07-15,,,,,,
SPY,1.6114949120007105,564.8599853515625,stock,2024-07-16,,,,,,
SPY,-2.0,1.5,option,2024-07-17,530.0,2024-08-16,put,0.09522226310759534,-0.029376143498834995,7.614222472921015
SPY,-5.875228699766999,556.9400024414062,stock,2024-07-17,,,,,,
SPY,-2.0,1.5750000000000002,option,2024-07-17,531.0,2024-08-16,put,0.09522226310759534,-0.03430398479421304,6.577157005776626
SPY,-6.860796958842608,556.9400024414062,stock,2024-07-17,,,,,,
SPY,-1.0,1.65,option,2024-07-17,532.0,2024-08-16,put,0.09522226310759534,-0.03988064059023155,5.677554016156661
SPY,-3.9880640590231553,556.9400024414062,stock,2024-07-17,,,,,,
SPY,-1.0228815557030755,556.9400024414062,stock,2024-07-17,,,,,,
SPY,-15.523262215679686,552.6599731445312,stock,2024-07-18,,,,,,
SPY,-20.925792334110746,548.989990234375,stock,2024-07-19,,,,,,
SPY,36.350580083752234,554.6500244140625,stock,2024-07-22,,,,,,
SPY,-1.4003956819694503,553.780029296875,stock,2024-07-23,,,,,,
SPY,-106.44034950372307,541.22998046875,stock,2024-07-24,,,,,,
SPY,2.0,5.015000000000001,option,2024-07-25,534.0,2024-08-09,put,0.1495587486064015,-0.3607825207121411,
SPY,72.15650414242822,538.4099731445312,stock,2024-07-25,,,,,,
SPY,1.0,5.460000000000001,option,2024-07-25,532.0,2024-08-16,put,0.1495587486064015,-0.3338713480129628,
SPY,33.387134801296284,538.4099731445312,stock,2024-07-25,,,,,,
SPY,-66.63782889681295,538.4099731445312,stock,2024-07-25,,,,,,
SPY,47.793548512868384,544.4400024414062,stock,2024-07-26,,,,,,
SPY,7.118772534443657,544.760009765625,stock,2024-07-29,,,,,,
SPY,-15.184221091814393,542.0,stock,2024-07-30,,,,,,
SPY,39.48762127949328,550.8099975585938,stock,2024-07-31,,,,,,
SPY,-28.082442969467756,543.010009765625,stock,2024-08-01,,,,,,
SPY,-107.53649484400086,532.9000244140625,stock,2024-08-02,,,,,,
SPY,2.0,16.915,option,2024-08-05,530.0,2024-08-16,put,0.2052306371526754,-0.7309868896580349,
SPY,146.19737793160698,517.3800048828125,stock,2024-08-05,,,,,,
SPY,2.0,17.46,option,2024-08-05,531.0,2024-08-16,put,0.2052306371526754,-0.7481593167850534,
SPY,149.63186335701067,517.3800048828125,stock,2024-08-05,,,,,,
SPY,-151.22037131681424,517.3800048828125,stock,2024-08-05,,,,,,
SPY,2.0,0.665,option,2024-08-14,570.0,2024-09-13,call,0.22391850703356198,0.24929143244944146,-0.8676596372276324
SPY,-49.85828648988829,543.75,stock,2024-08-14,,,,,,
SPY,2.0,1.38,option,2024-08-14,565.0,2024-09-13,call,0.22391850703356198,0.2947798376985637,-0.7801509291730703
SPY,-58.95596753971274,543.75,stock,2024-08-14,,,,,,
SPY,2.0,1.58,option,2024-08-14,564.0,2024-09-13,call,0.22391850703356198,0.30436780365111027,-0.7589339629219385
SPY,-60.87356073022205,543.75,stock,2024-08-14,,,,,,
SPY,2.0,1.8,option,2024-08-14,563.0,2024-09-13,call,0.22391850703356198,0.3141095303996244,-0.7368700337774066
SPY,-62.82190607992489,543.75,stock,2024-08-14,,,,,,
SPY,2.0,1.92,option,2024-08-14,562.5,2024-09-13,call,0.22391850703356198,0.3190365603016619,-0.7252245586695182
SPY,-63.80731206033238,543.75,stock,2024-08-14,,,,,,
SPY,2.0,2.05,option,2024-08-14,562.0,2024-09-13,call,0.22391850703356198,0.3240001958896408,-0.7127528894098076
SPY,-64.80003917792816,543.75,stock,2024-08-14,,,,,,
SPY,2.0,2.32,option,2024-08-14,561.0,2024-09-13,call,0.22391850703356198,0.3340346433724789,-0.6882700120500657
SPY,-66.80692867449578,543.75,stock,2024-08-14,,,,,,
SPY,2.0,2.615,option,2024-08-14,560.0,2024-09-13,call,0.22391850703356198,0.3442073859258055,-0.6629180531757091
SPY,-68.84147718516111,543.75,stock,2024-08-14,,,,,,
SPY,2.0,2.94,option,2024-08-14,559.0,2024-09-13,call,0.22391850703356198,0.35451261213865737,-0.6362790237961591
SPY,-70.90252242773147,543.75,stock,2024-08-14,,,,,,
SPY,2.0,3.285,option,2024-08-14,558.0,2024-09-13,call,0.22391850703356198,0.36494419297063896,-0.6097910709083252
SPY,-72.9888385941278,543.75,stock,2024-08-14,,,,,,
SPY,2.0,3.465,option,2024-08-14,557.5,2024-09-13,call,0.22391850703356198,0.3702053661457443,-0.5966294530995122
SPY,-74.04107322914885,543.75,stock,2024-08-14,,,,,,
SPY,2.0,3.6550000000000002,option,2024-08-14,557.0,2024-09-13,call,0.22391850703356198,0.37549568978962944,-0.5829643591419054
SPY,-75.09913795792589,543.75,stock,2024-08-14,,,,,,
SPY,2.0,4.045,option,2024-08-14,556.0,2024-09-13,call,0.22391850703356198,0.38616036358682226,-0.5564822943770256
SPY,-77.23207271736445,543.75,stock,2024-08-14,,,,,,
SPY,-35.11465113060301,543.75,stock,2024-08-14,,,,,,
SPY,-257.876017776344,553.0700073242188,stock,2024-08-15,,,,,,
SPY,-31.046845183525036,554.3099975585938,stock,2024-08-16,,,,,,
SPY,-149.79745380657658,559.6099853515625,stock,2024-08-19,,,,,,
SPY,32.43461314884492,558.7000122070312,stock,2024-08-20,,,,,,
SPY,-58.90701250445781,560.6199951171875,stock,2024-08-21,,,,,,
SPY,149.61335063734822,556.219970703125,stock,2024-08-22,,,,,,
SPY,-196.1544823371554,562.1300048828125,stock,2024-08-23,,,,,,
SPY,52.90972484998619,560.7899780273438,stock,2024-08-26,,,,,,
SPY,-26.197290153780784,561.5599975585938,stock,2024-08-27,,,,,,
SPY,129.40948465924976,558.2999877929688,stock,2024-08-28,,,,,,
SPY,3.838417617509279,558.3499755859375,stock,2024-08-29,,,,,,
SPY,-215.13337705961862,563.6799926757812,stock,2024-08-30,,,,,,
SPY,555.0884163981725,552.0800170898438,stock,2024-09-03,,,,,,
SPY,78.79985242694104,550.9500122070312,stock,2024-09-04,,,,,,
SPY,95.5761990440746,549.6099853515625,stock,2024-09-05,,,,,,
SPY,414.5787885922269,540.3599853515625,stock,2024-09-06,,,,,,
SPY,-47.662447996080836,546.4099731445312,stock,2024-09-09,,,,,,
SPY,-26.457298801721066,548.7899780273438,stock,2024-09-10,,,,,,
SPY,2.0,0.76,option,2024-09-11,580.0,2024-10-11,call,0.22777016615889437,0.26339153841213864,-0.8642807961062119
SPY,-52.67830768242773,554.4199829101562,stock,2024-09-11,,,,,,
SPY,2.0,0.87,option,2024-09-11,579.0,2024-10-11,call,0.22777016615889437,0.2720920395483294,-0.8511819625375082
SPY,-54.41840790966588,554.4199829101562,stock,2024-09-11,,,,,,
SPY,2.0,1.0,option,2024-09-11,578.0,2024-10-11,call,0.22777016615889437,0.280948505136257,-0.8360854615502146
SPY,-56.1897010272514,554.4199829101562,stock,2024-09-11,,,,,,
SPY,2.0,1.14,option,2024-09-11,577.0,2024-10-11,call,0.22777016615889437,0.28995768741807293,-0.8208669120680768
SPY,-57.991537483614586,554.4199829101562,stock,2024-09-11,,,,,,
SPY,2.0,1.3,option,2024-09-11,576.0,2024-10-11,call,0.22777016615889437,0.29911604368751965,-0.8040975362991095
SPY,-59.82320873750393,554.4199829101562,stock,2024-09-11,,,,,,
SPY,2.0,1.48,option,2024-09-11,575.0,2024-10-11,call,0.22777016615889437,0.30841973670220535,-0.7860286175313488
SPY,-61.68394734044107,554.4199829101562,stock,2024-09-11,,,,,,
SPY,2.0,1.68,option,2024-09-11,574.0,2024-10-11,call,0.22777016615889437,0.3178646359693764,-0.7668839002097643
SPY,-63.57292719387529,554.4199829101562,stock,2024-09-11,,,,,,
SPY,1.0,1.895,option,2024-09-11,573.0,2024-10-11,call,0.22777016615889437,0.3274463199262672,-0.7475284191882242
SPY,-32.74463199262672,554.4199829101562,stock,2024-09-11,,,,,,
SPY,-283.6676277080936,554.4199829101562,stock,2024-09-11,,,,,,
SPY,-438.502852074574,559.0900268554688,stock,2024-09-12,,,,,,
SPY,998.5499797416069,562.010009765625,stock,2024-09-13,,,,,,
SPY,2.382768264467522,562.8400268554688,stock,2024-09-16,,,,,,
SPY,1.8279389631970275,563.0700073242188,stock,2024-09-17,,,,,,
SPY,2.0,1.275,option,2024-09-18,585.0,2024-10-18,call,0.18156727487630653,0.2316378571525181,-0.6684133438458717
SPY,-46.327571430503625,561.4000244140625,stock,2024-09-18,,,,,,
SPY,2.0,2.15,option,2024-09-18,580.0,2024-10-18,call,0.18156727487630653,0.28482671892758243,-0.574195007682259
SPY,-56.96534378551649,561.4000244140625,stock,2024-09-18,,,,,,
SPY,2.0,2.38,option,2024-09-18,579.0,2024-10-18,call,0.18156727487630653,0.2961828064142311,-0.5527768017334732
SPY,-59.236561282846225,561.4000244140625,stock,2024-09-18,,,,,,
SPY,2.0,2.63,option,2024-09-18,578.0,2024-10-18,call,0.18156727487630653,0.3077623901544566,-0.5308024828203535
SPY,-61.55247803089132,561.4000244140625,stock,2024-09-18,,,,,,
SPY,1.0,2.9,option,2024-09-18,577.0,2024-10-18,call,0.18156727487630653,0.319557242301058,-0.5084958455558015
SPY,-31.955724230105798,561.4000244140625,stock,2024-09-18,,,,,,
SPY,23.016845254858644,561.4000244140625,stock,2024-09-18,,,,,,
SPY,-273.2234387025659,570.97998046875,stock,2024-09-19,,,,,,
SPY,91.2183413799105,568.25,stock,2024-09-20,,,,,,
SPY,-20.573877479177376,569.6699829101562,stock,2024-09-23,,,,,,
SPY,-46.76002731482168,571.2999877929688,stock,2024-09-24,,,,,,
SPY,51.76705614517694,570.0399780273438,stock,2024-09-25,,,,,,
SPY,-71.51733776626477,572.2999877929688,stock,2024-09-26,,,,,,
SPY,-2.0,4.555,option,2024-09-27,575.0,2024-10-11,call,0.1606033912187223,0.45010328702620495,
SPY,90.020657405241,571.469970703125,stock,2024-09-27,,,,,,
SPY,-2.0,5.074999999999999,option,2024-09-27,574.0,2024-10-11,call,0.1606033912187223,0.4720727242871332,
SPY,94.41454485742665,571.469970703125,stock,2024-09-27,,,,,,
SPY,-1.0,5.62,option,2024-09-27,573.0,2024-10-11,call,0.1606033912187223,0.4941659754160349,
SPY,49.416597541603494,571.469970703125,stock,2024-09-27,,,,,,
SPY,45.48289647840848,571.469970703125,stock,2024-09-27,,,,,,
SPY,-2.0,4.0600000000000005,option,2024-09-30,577.0,2024-10-11,call,0.16079109065623076,0.44464064363188194,
SPY,88.92812872637639,573.760009765625,stock,2024-09-30,,,,,,
SPY,-2.0,4.57,option,2024-09-30,576.0,2024-10-11,call,0.16079109065623076,0.4692834646767781,
SPY,93.85669293535562,573.760009765625,stock,2024-09-30,,,,,,
SPY,-40.612001657034874,573.760009765625,stock,2024-09-30,,,,,,
SPY,-2.0,1.855,option,2024-10-01,579.0,2024-10-11,call,0.15851462426224933,0.2644929133293741,
SPY,52.89858266587481,568.6199951171875,stock,2024-10-01,,,,,,
SPY,-2.0,2.165,option,2024-10-01,578.0,2024-10-11,call,0.15851462426224933,0.2864887404455747,
SPY,57.29774808911494,568.6199951171875,stock,2024-10-01,,,,,,
SPY,-2.0,3.31,option,2024-10-01,578.0,2024-10-18,call,0.15851462426224933,0.34452410049381377,
SPY,68.90482009876276,568.6199951171875,stock,2024-10-01,,,,,,
SPY,-1.0,3.715,option,2024-10-01,577.0,2024-10-18,call,0.15851462426224933,0.3633458925215013,
SPY,36.33458925215013,568.6199951171875,stock,2024-10-01,,,,,,
SPY,-2.0,3.0549999999999997,option,2024-10-01,541.0,2024-10-31,put,0.15851462426224933,-0.12413142914471376,0.8837214675830698
SPY,-24.82628582894275,568.6199951171875,stock,2024-10-01,,,,,,
SPY,2.0,0.8,option,2024-10-01,595.0,2024-10-31,call,0.15851462426224933,0.17386541588530802,-0.6617705864732342
SPY,-34.7730831770616,568.6199951171875,stock,2024-10-01,,,,,,
SPY,2.0,1.1749999999999998,option,2024-10-01,592.0,2024-10-31,call,0.15851462426224933,0.20390014099887205,-0.5940141830994109
SPY,-40.78002819977441,568.6199951171875,stock,2024-10-01,,,,,,
SPY,2.0,1.335,option,2024-10-01,591.0,2024-10-31,call,0.15851462426224933,0.2145977014148715,-0.5679977406071568
SPY,-42.9195402829743,568.6199951171875,stock,2024-10-01,,,,,,
SPY,2.0,1.505,option,2024-10-01,590.0,2024-10-31,call,0.15851462426224933,0.2256334410433639,-0.5434952040108337
SPY,-45.12668820867278,568.6199951171875,stock,2024-10-01,,,,,,
SPY,2.0,1.705,option,2024-10-01,589.0,2024-10-31,call,0.15851462426224933,0.2370028402632297,-0.5148136293518022
SPY,-47.400568052645944,568.6199951171875,stock,2024-10-01,,,,,,
SPY,160.19103800766374,568.6199951171875,stock,2024-10-01,,,,,,
SPY,2.0,0.875,option,2024-10-02,595.0,2024-11-01,call,0.16167421362451787,0.18124038455995872,-0.6557684880411281
SPY,-36.248076911991745,568.8599853515625,stock,2024-10-02,,,,,,
SPY,2.0,1.665,option,2024-10-02,590.0,2024-11-01,call,0.16167421362451787,0.2331286915098278,-0.5253759555436953
SPY,-46.625738301965555,568.8599853515625,stock,2024-10-02,,,,,,
SPY,1.177346071223198,568.8599853515625,stock,2024-10-02,,,,,,
SPY,43.49669868515751,567.8200073242188,stock,2024-10-03,,,,,,
SPY,-139.6405973747993,572.97998046875,stock,2024-10-04,,,,,,
SPY,-2.0,0.395,option,2024-10-07,580.0,2024-10-11,call,0.15804817569513194,0.10626297819177744,
SPY,21.252595638355487,567.7999877929688,stock,2024-10-07,,,,,,
SPY,230.6667156726436,567.7999877929688,stock,2024-10-07,,,,,,
SPY,-133.33637768926175,573.1699829101562,stock,2024-10-08,,,,,,
SPY,-2.0,3.91,option,2024-10-09,550.0,2024-11-08,put,0.16374177858991665,-0.13906085628438092,0.9979658986160752
SPY,-27.812171256876184,577.1400146484375,stock,2024-10-09,,,,,,
SPY,-113.7620164333859,577.1400146484375,stock,2024-10-09,,,,,,
SPY,47.37351743148812,576.1300048828125,stock,2024-10-10,,,,,,
SPY,-107.67118578030951,579.5800170898438,stock,2024-10-11,,,,,,
SPY,-2.0,6.09,option,2024-10-14,580.0,2024-10-18,call,0.1620058641933424,0.6826871520479516,
SPY,136.5374304095903,584.3200073242188,stock,2024-10-14,,,,,,
SPY,-2.0,6.885,option,2024-10-14,579.0,2024-10-18,call,0.1620058641933424,0.7180220990096507,
SPY,143.60441980193016,584.3200073242188,stock,2024-10-14,,,,,,
SPY,-178.71071644081724,584.3200073242188,stock,2024-10-14,,,,,,
SPY,156.69353656832502,579.780029296875,stock,2024-10-15,,,,,,
SPY,-2.0,3.215,option,2024-10-16,554.0,2024-11-15,put,0.14827106003599355,-0.10898102055627346,1.4287531479181639
SPY,-21.796204111254692,582.2999877929688,stock,2024-10-16,,,,,,
SPY,-2.0,3.33,option,2024-10-16,555.0,2024-11-15,put,0.14827106003599355,-0.11711367604794476,1.3046607112109154
SPY,-23.42273520958895,582.2999877929688,stock,2024-10-16,,,,,,
SPY,-2.0,3.45,option,2024-10-16,556.0,2024-11-15,put,0.14827106003599355,-0.12565145035547753,1.190731336232295
SPY,-25.13029007109551,582.2999877929688,stock,2024-10-16,,,,,,
SPY,-2.0,3.5700000000000003,option,2024-10-16,557.0,2024-11-15,put,0.14827106003599355,-0.134597698554633,1.0829806408937228
SPY,-26.9195397109266,582.2999877929688,stock,2024-10-16,,,,,,
SPY,-2.0,3.7,option,2024-10-16,558.0,2024-11-15,put,0.14827106003599355,-0.1439544591473253,0.9865444662017634
SPY,-28.79089182946506,582.2999877929688,stock,2024-10-16,,,,,,
SPY,-2.0,3.835,option,2024-10-16,559.0,2024-11-15,put,0.14827106003599355,-0.15372239256149145,0.8974347708621624
SPY,-30.74447851229829,582.2999877929688,stock,2024-10-16,,,,,,
SPY,-2.0,3.9699999999999998,option,2024-10-16,560.0,2024-11-15,put,0.14827106003599355,-0.16390072730301697,0.8126547251490791
SPY,-32.78014546060339,582.2999877929688,stock,2024-10-16,,,,,,
SPY,-50.09979957148098,582.2999877929688,stock,2024-10-16,,,,,,
SPY,25.037201998829197,582.3499755859375,stock,2024-10-17,,,,,,
SPY,42.95192733868252,584.5900268554688,stock,2024-10-18,,,,,,
SPY,-2.0,2.49,option,2024-10-21,590.0,2024-11-01,call,0.12899189446169956,0.3398902486221753,
SPY,67.97804972443507,583.6300048828125,stock,2024-10-21,,,,,,
SPY,76.61325929055783,583.6300048828125,stock,2024-10-21,,,,,,
SPY,24.50219454295377,583.3200073242188,stock,2024-10-22,,,,,,
SPY,-2.0,3.255,option,2024-10-23,550.0,2024-11-22,put,0.12652821333706504,-0.07609192119139618,3.477995900968368
SPY,-15.218384238279237,577.989990234375,stock,2024-10-23,,,,,,
SPY,-2.0,3.925,option,2024-10-23,555.0,2024-11-22,put,0.12652821333706504,-0.11852782846966359,2.1688958597273618
SPY,-23.70556569393272,577.989990234375,stock,2024-10-23,,,,,,
SPY,91.38944502303204,577.989990234375,stock,2024-10-23,,,,,,
SPY,22.565287829713405,579.239990234375,stock,2024-10-24,,,,,,
SPY,33.61453094034719,579.0399780273438,stock,2024-10-25,,,,,,
SPY,-2.0,0.185,option,2024-10-28,595.0,2024-11-01,call,0.1289370185409587,0.040702922239496335,
SPY,8.140584447899267,580.8300170898438,stock,2024-10-28,,,,,,
SPY,119.01844811052135,580.8300170898438,stock,2024-10-28,,,,,,
SPY,46.06445439835974,581.77001953125,stock,2024-10-29,,,,,,
SPY,64.02495020184756,580.010009765625,stock,2024-10-30,,,,,,
SPY,-232.63941204464476,568.6400146484375,stock,2024-10-31,,,,,,
SPY,84.65480318110008,571.0399780273438,stock,2024-11-01,,,,,,
SPY,11.165376346863788,569.8099975585938,stock,2024-11-04,,,,,,
SPY,174.0065943901885,576.7000122070312,stock,2024-11-05,,,,,,
SPY,-2.0,2.075,option,2024-11-06,562.0,2024-12-06,put,0.14069471568620925,-0.09510176791802172,0.9204201789791014
SPY,-19.020353583604344,591.0399780273438,stock,2024-11-06,,,,,,
SPY,113.71016355911706,591.0399780273438,stock,2024-11-06,,,,,,
SPY,12.601210515470877,595.6099853515625,stock,2024-11-07,,,,,,
SPY,4.312818905330063,598.1900024414062,stock,2024-11-08,,,,,,
SPY,2.452331044995094,598.760009765625,stock,2024-11-11,,,,,,
SPY,-0.8324431117973763,596.9000244140625,stock,2024-11-12,,,,,,
SPY,2.0,0.66,option,2024-11-13,625.0,2024-12-13,call,0.1503754726140794,0.15960065095649084,-0.6886111755405148
SPY,-31.920130191298167,597.1900024414062,stock,2024-11-13,,,,,,
SPY,2.0,1.225,option,2024-11-13,620.0,2024-12-13,call,0.1503754726140794,0.20903098046846036,-0.5889269422567608
SPY,-41.80619609369207,597.1900024414062,stock,2024-11-13,,,,,,
SPY,-4.151507473181148,597.1900024414062,stock,2024-11-13,,,,,,
SPY,14.771891698948743,593.3499755859375,stock,2024-11-14,,,,,,
SPY,2.0,1.65,option,2024-11-15,562.0,2024-12-06,put,0.15976135692765575,-0.121961028318329,
SPY,24.3922056636658,585.75,stock,2024-11-15,,,,,,
SPY,11.034253306175259,585.75,stock,2024-11-15,,,,,,
SPY,-0.7048481729839722,588.1500244140625,stock,2024-11-18,,,,,,
SPY,-4.2756000479096805,590.2999877929688,stock,2024-11-19,,,,,,
SPY,2.0,0.775,option,2024-11-20,620.0,2024-12-20,call,0.15983404437439325,0.15742729377707732,-0.6456800198670217
SPY,-31.485458755415465,590.5,stock,2024-11-20,,,,,,
SPY,2.0,1.0750000000000002,option,2024-11-20,617.0,2024-12-20,call,0.15983404437439325,0.18426353532603806,-0.596508058037569
SPY,-36.85270706520761,590.5,stock,2024-11-20,,,,,,
SPY,2.0,1.1949999999999998,option,2024-11-20,616.0,2024-12-20,call,0.15983404437439325,0.19383860503179196,-0.5793486271299414
SPY,-38.76772100635839,590.5,stock,2024-11-20,,,,,,
SPY,2.0,1.33,option,2024-11-20,615.0,2024-12-20,call,0.15983404437439325,0.2037272362483234,-0.5605851067258223
SPY,-40.74544724966468,590.5,stock,2024-11-20,,,,,,
SPY,2.0,1.48,option,2024-11-20,614.0,2024-12-20,call,0.15983404437439325,0.21392739226827828,-0.5407031184445832
SPY,-42.78547845365566,590.5,stock,2024-11-20,,,,,,
SPY,2.0,1.6400000000000001,option,2024-11-20,613.0,2024-12-20,call,0.15983404437439325,0.22443614686921143,-0.5215645510591906
SPY,-44.88722937384229,590.5,stock,2024-11-20,,,,,,
SPY,2.0,1.815,option,2024-11-20,612.0,2024-12-20,call,0.15983404437439325,0.23524966162306032,-0.5018707795857668
SPY,-47.049932324612065,590.5,stock,2024-11-20,,,,,,
SPY,-15.729426798125914,590.5,stock,2024-11-20,,,,,,
SPY,-51.29583656160832,593.6699829101562,stock,2024-11-21,,,,,,
SPY,-28.571908168760118,595.510009765625,stock,2024-11-22,,,,,,
SPY,-14.77118019939818,597.530029296875,stock,2024-11-25,,,,,,
SPY,-63.85413523751771,600.6500244140625,stock,2024-11-26,,,,,,
SPY,2.0,0.355,option,2024-11-27,625.0,2024-12-27,call,0.14578803208300423,0.16773232395425208,-0.8381728031582318
SPY,-33.546464790850415,598.8300170898438,stock,2024-11-27,,,,,,
SPY,2.0,0.405,option,2024-11-27,624.0,2024-12-27,call,0.14578803208300423,0.17752107354994245,-0.8280663300378153
SPY,-35.50421470998849,598.8300170898438,stock,2024-11-27,,,,,,
SPY,2.0,0.46499999999999997,option,2024-11-27,623.0,2024-12-27,call,0.14578803208300423,0.1876793873563113,-0.8159867885279081
SPY,-37.53587747126226,598.8300170898438,stock,2024-11-27,,,,,,
SPY,2.0,0.54,option,2024-11-27,622.0,2024-12-27,call,0.14578803208300423,0.1982063217894557,-0.8006178611452189
SPY,-39.64126435789114,598.8300170898438,stock,2024-11-27,,,,,,
SPY,2.0,0.62,option,2024-11-27,621.0,2024-12-27,call,0.14578803208300423,0.20909976302685734,-0.7862108050293654
SPY,-41.81995260537147,598.8300170898438,stock,2024-11-27,,,,,,
SPY,2.0,0.71,option,2024-11-27,620.0,2024-12-27,call,0.14578803208300423,0.22035638637276733,-0.7711463308871007
SPY,-44.071277274553466,598.8300170898438,stock,2024-11-27,,,,,,
SPY,1.0,0.815,option,2024-11-27,619.0,2024-12-27,call,0.14578803208300423,0.23197162127178084,-0.7542094421135054
SPY,-23.197162127178082,598.8300170898438,stock,2024-11-27,,,,,,
SPY,37.8878238395216,598.8300170898438,stock,2024-11-27,,,,,,
SPY,-117.75538607957115,602.5499877929688,stock,2024-11-29,,,,,,
SPY,8.484063435862751,603.6300048828125,stock,2024-12-02,,,,,,
SPY,8.2238301792941,603.9099731445312,stock,2024-12-03,,,,,,
SPY,-166.96528156984633,607.6599731445312,stock,2024-12-04,,,,,,
SPY,74.5731519068114,606.6599731445312,stock,2024-12-05,,,,,,
SPY,-38.22159722599629,607.8099975585938,stock,2024-12-06,,,,,,
SPY,251.35440725313322,604.6799926757812,stock,2024-12-09,,,,,,
SPY,124.01319814012903,602.7999877929688,stock,2024-12-10,,,,,,
SPY,2.0,0.325,option,2024-12-11,635.0,2025-01-10,call,0.14588914330993544,0.15868412424507106,-0.8435928311389258
SPY,-31.736824849014212,607.4600219726562,stock,2024-12-11,,,,,,
SPY,2.0,0.635,option,2024-12-11,630.0,2025-01-10,call,0.14588914330993544,0.2087186891276282,-0.7837908029445579
SPY,-41.74373782552564,607.4600219726562,stock,2024-12-11,,,,,,
SPY,2.0,1.2,option,2024-12-11,625.0,2025-01-10,call,0.14588914330993544,0.2675092324490752,-0.7043321224988384
SPY,-53.501846489815044,607.4600219726562,stock,2024-12-11,,,,,,
SPY,2.0,1.36,option,2024-12-11,624.0,2025-01-10,call,0.14588914330993544,0.2802569409577097,-0.6850604424138167
SPY,-56.05138819154194,607.4600219726562,stock,2024-12-11,,,,,,
SPY,-217.00186385085078,607.4600219726562,stock,2024-12-11,,,,,,
SPY,234.29141290063555,604.3300170898438,stock,2024-12-12,,,,,,
SPY,46.51957730736559,604.2100219726562,stock,2024-12-13,,,,,,
SPY,-16.335737917905384,606.7899780273438,stock,2024-12-16,,,,,,
SPY,233.247963490198,604.2899780273438,stock,2024-12-17,,,,,,
SPY,-2.0,5.49,option,2024-12-18,557.0,2025-01-17,put,0.16406016483152808,-0.12554328723772068,2.1263178033093
SPY,-25.108657447544136,586.280029296875,stock,2024-12-18,,,,,,
SPY,-2.0,5.615,option,2024-12-18,558.0,2025-01-17,put,0.16406016483152808,-0.13359047095926324,1.9621878020642203
SPY,-26.71809419185265,586.280029296875,stock,2024-12-18,,,,,,
SPY,438.4836448415926,586.280029296875,stock,2024-12-18,,,,,,
SPY,7.077533990653514,586.0999755859375,stock,2024-12-19,,,,,,
SPY,-3.900512735090583,591.1500244140625,stock,2024-12-20,,,,,,
SPY,13.784413857626078,594.6900024414062,stock,2024-12-23,,,,,,
SPY,-28.62765230314291,601.2999877929688,stock,2024-12-24,,,,,,
SPY,21.51626946092007,601.3400268554688,stock,2024-12-26,,,,,,
SPY,31.11561463907031,595.010009765625,stock,2024-12-27,,,,,,
SPY,15.805080657060444,588.219970703125,stock,2024-12-30,,,,,,
SPY,-0.21614080340415853,586.0800170898438,stock,2024-12-31,,,,,,
SPY,2.534678713463011,584.6400146484375,stock,2025-01-02,,,,,,
SPY,14.622180029457262,591.9500122070312,stock,2025-01-03,,,,,,
SPY,8.82104408932793,595.3599853515625,stock,2025-01-06,,,,,,
SPY,-3.9184200462456635,588.6300048828125,stock,2025-01-07,,,,,,
SPY,2.0,1.19,option,2025-01-08,615.0,2025-02-07,call,0.16774770309621967,0.20534414186834904,-0.6281224216553085
SPY,-41.06882837366981,589.489990234375,stock,2025-01-08,,,,,,
SPY,2.0,1.335,option,2025-01-08,614.0,2025-02-07,call,0.16774770309621967,0.2151013641447619,-0.6069202522781895
SPY,-43.02027282895238,589.489990234375,stock,2025-01-08,,,,,,
SPY,2.0,1.5,option,2025-01-08,613.0,2025-02-07,call,0.16774770309621967,0.22513906608158313,-0.5835692712791203
SPY,-45.02781321631662,589.489990234375,stock,2025-01-08,,,,,,
SPY,2.0,1.685,option,2025-01-08,612.0,2025-02-07,call,0.16774770309621967,0.2354539228808885,-0.5586241773941444
SPY,-47.090784576177704,589.489990234375,stock,2025-01-08,,,,,,
SPY,2.0,1.885,option,2025-01-08,611.0,2025-02-07,call,0.16774770309621967,0.2460418401572868,-0.5337902327079728
SPY,-49.20836803145736,589.489990234375,stock,2025-01-08,,,,,,
SPY,2.0,2.1,option,2025-01-08,610.0,2025-02-07,call,0.16774770309621967,0.25689794198762794,-0.5092569814583137
SPY,-51.37958839752559,589.489990234375,stock,2025-01-08,,,,,,
SPY,-11.272936668628205,589.489990234375,stock,2025-01-08,,,,,,
SPY,109.05848773914147,580.489990234375,stock,2025-01-10,,,,,,
SPY,20.80496718114173,581.3900146484375,stock,2025-01-13,,,,,,
SPY,0.5008755046443376,582.1900024414062,stock,2025-01-14,,,,,,
SPY,2.0,0.81,option,2025-01-15,620.0,2025-02-14,call,0.17172963556516474,0.1965805761362921,-0.7399108451096944
SPY,-39.31611522725842,592.780029296875,stock,2025-01-15,,,,,,
SPY,2.0,1.455,option,2025-01-15,615.0,2025-02-14,call,0.17172963556516474,0.24527550517281027,-0.6488087966390861
SPY,-49.05510103456206,592.780029296875,stock,2025-01-15,,,,,,
SPY,2.0,2.035,option,2025-01-15,612.0,2025-02-14,call,0.17172963556516474,0.27755842075491716,-0.5828458085952956
SPY,-55.511684150983434,592.780029296875,stock,2025-01-15,,,,,,
SPY,2.0,2.2649999999999997,option,2025-01-15,611.0,2025-02-14,call,0.17172963556516474,0.28879981274384403,-0.5597317707290769
SPY,-57.759962548768804,592.780029296875,stock,2025-01-15,,,,,,
SPY,2.0,2.5149999999999997,option,2025-01-15,610.0,2025-02-14,call,0.17172963556516474,0.3002699844239673,-0.5361411396856647
SPY,-60.053996884793456,592.780029296875,stock,2025-01-15,,,,,,
SPY,2.0,2.785,option,2025-01-15,609.0,2025-02-14,call,0.17172963556516474,0.3119610207712567,-0.5123001126285971
SPY,-62.39220415425134,592.780029296875,stock,2025-01-15,,,,,,
SPY,-142.51923223260906,592.780029296875,stock,2025-01-15,,,,,,
SPY,45.26405401191749,591.6400146484375,stock,2025-01-16,,,,,,
SPY,-168.46937981379466,597.5800170898438,stock,2025-01-17,,,,,,
SPY,-146.41444969153127,603.0499877929688,stock,2025-01-21,,,,,,
SPY,-122.10273737279232,606.4400024414062,stock,2025-01-22,,,,,,
SPY,-127.6128088137306,609.75,stock,2025-01-23,,,,,,
SPY,81.24937250593062,607.969970703125,stock,2025-01-24,,,,,,
SPY,404.199955699991,599.3699951171875,stock,2025-01-27,,,,,,
SPY,-202.79804760423053,604.52001953125,stock,2025-01-28,,,,,,
SPY,143.91954223332618,601.8099975585938,stock,2025-01-29,,,,,,
SPY,-131.1352303660569,605.0399780273438,stock,2025-01-30,,,,,,
SPY,183.19541027637564,601.8200073242188,stock,2025-01-31,,,,,,
SPY,-2.0,0.8200000000000001,option,2025-02-03,610.0,2025-02-07,call,0.19478191696534464,0.16839538644453744,
SPY,33.679077288907486,597.77001953125,stock,2025-02-03,,,,,,
SPY,288.32697016021245,597.77001953125,stock,2025-02-03,,,,,,
SPY,-110.67197028656719,601.780029296875,stock,2025-02-04,,,,,,
SPY,2.0,0.5,option,2025-02-05,634.0,2025-03-07,call,0.16912004354422475,0.17511894737629713,-0.814957009963291
SPY,-35.02378947525943,604.219970703125,stock,2025-02-05,,,,,,
SPY,2.0,0.5700000000000001,option,2025-02-05,633.0,2025-03-07,call,0.16912004354422475,0.18364240996178505,-0.8013070900486138
SPY,-36.72848199235701,604.219970703125,stock,2025-02-05,,,,,,
SPY,2.0,0.655,option,2025-02-05,632.0,2025-03-07,call,0.16912004354422475,0.19243381934005044,-0.7848004211048639
SPY,-38.48676386801009,604.219970703125,stock,2025-02-05,,,,,,
SPY,2.0,0.745,option,2025-02-05,631.0,2025-03-07,call,0.16912004354422475,0.20149239874150998,-0.7691466363460906
SPY,-40.29847974830199,604.219970703125,stock,2025-02-05,,,,,,
SPY,2.0,0.85,option,2025-02-05,630.0,2025-03-07,call,0.16912004354422475,0.21081675168927738,-0.7514204790735904
SPY,-42.163350337855476,604.219970703125,stock,2025-02-05,,,,,,
SPY,2.0,0.97,option,2025-02-05,629.0,2025-03-07,call,0.16912004354422475,0.2204048435821777,-0.7321012239126632
SPY,-44.08096871643554,604.219970703125,stock,2025-02-05,,,,,,
SPY,2.0,1.0950000000000002,option,2025-02-05,628.0,2025-03-07,call,0.16912004354422475,0.23025398540214093,-0.7142072847941726
SPY,-46.05079708042818,604.219970703125,stock,2025-02-05,,,,,,
SPY,-72.75953844416384,604.219970703125,stock,2025-02-05,,,,,,
SPY,-52.86134016870185,606.3200073242188,stock,2025-02-06,,,,,,
SPY,364.73824629770087,600.77001953125,stock,2025-02-07,,,,,,
SPY,-72.84721212898722,604.8499755859375,stock,2025-02-10,,,,,,
SPY,21.254190387431514,605.3099975585938,stock,2025-02-11,,,,,,
SPY,2.0,0.66,option,2025-02-12,630.0,2025-03-14,call,0.1633670687453135,0.19379997570810176,-0.777381901121664
SPY,-38.75999514162035,603.3599853515625,stock,2025-02-12,,,,,,
SPY,2.0,0.995,option,2025-02-12,627.0,2025-03-14,call,0.1633670687453135,0.22301118714780127,-0.719626216215436
SPY,-44.602237429560255,603.3599853515625,stock,2025-02-12,,,,,,
SPY,2.0,1.14,option,2025-02-12,626.0,2025-03-14,call,0.1633670687453135,0.23331199824880294,-0.6970271503362899
SPY,-46.66239964976059,603.3599853515625,stock,2025-02-12,,,,,,
SPY,2.0,1.3,option,2025-02-12,625.0,2025-03-14,call,0.1633670687453135,0.24388862638685233,-0.6739120459919247
SPY,-48.777725277370465,603.3599853515625,stock,2025-02-12,,,,,,
SPY,148.0262135945241,603.3599853515625,stock,2025-02-12,,,,,,
SPY,-380.1538887891421,609.72998046875,stock,2025-02-13,,,,,,
SPY,416.1057320167556,609.7000122070312,stock,2025-02-14,,,,,,
SPY,5.0447958906293024,611.489990234375,stock,2025-02-18,,,,,,
SPY,2.0,0.315,option,2025-02-19,643.0,2025-03-21,call,0.15617654736347603,0.15611061129961512,-0.8565834442136653
SPY,-31.222122259923026,612.9299926757812,stock,2025-02-19,,,,,,
SPY,2.0,0.36,option,2025-02-19,642.0,2025-03-21,call,0.15617654736347603,0.16457910734509917,-0.8465347159726043
SPY,-32.91582146901983,612.9299926757812,stock,2025-02-19,,,,,,
SPY,2.0,0.41000000000000003,option,2025-02-19,641.0,2025-03-21,call,0.15617654736347603,0.17335364102520756,-0.8362257993514619
SPY,-34.67072820504151,612.9299926757812,stock,2025-02-19,,,,,,
SPY,2.0,0.47,option,2025-02-19,640.0,2025-03-21,call,0.15617654736347603,0.18243475378293278,-0.823945188153257
SPY,-36.48695075658656,612.9299926757812,stock,2025-02-19,,,,,,
SPY,2.0,0.535,option,2025-02-19,639.0,2025-03-21,call,0.15617654736347603,0.19182223245889674,-0.8119272118304619
SPY,-38.36444649177935,612.9299926757812,stock,2025-02-19,,,,,,
SPY,1.0,0.61,option,2025-02-19,638.0,2025-03-21,call,0.15617654736347603,0.2015150786874999,-0.7986010781858273
SPY,-20.15150786874999,612.9299926757812,stock,2025-02-19,,,,,,
SPY,-39.666364197080426,612.9299926757812,stock,2025-02-19,,,,,,
SPY,124.3250509156316,610.3800048828125,stock,2025-02-20,,,,,,
SPY,349.02650520481205,599.9400024414062,stock,2025-02-21,,,,,,
SPY,117.46076254092793,597.2100219726562,stock,2025-02-24,,,,,,
SPY,62.83771431106072,594.239990234375,stock,2025-02-25,,,,,,
SPY,-2.0,3.35,option,2025-02-26,565.0,2025-03-28,put,0.15553943032539322,-0.11467754274771669,1.2188595863461298
SPY,-22.935508549543336,594.5399780273438,stock,2025-02-26,,,,,,
SPY,-2.0,4.039999999999999,option,2025-02-26,570.0,2025-03-28,put,0.15553943032539322,-0.1575838732215482,0.807502845935052
SPY,-31.516774644309642,594.5399780273438,stock,2025-02-26,,,,,,
SPY,2.0,0.76,option,2025-02-26,624.0,2025-03-28,call,0.15553943032539322,0.15258745659515915,-0.631549639030563
SPY,-30.51749131903183,594.5399780273438,stock,2025-02-26,,,,,,
SPY,13.408472599070905,594.5399780273438,stock,2025-02-26,,,,,,
SPY,62.841961272628204,585.0499877929688,stock,2025-02-27,,,,,,
SPY,-25.71306040174831,594.1799926757812,stock,2025-02-28,,,,,,
SPY,50.93389970027402,583.77001953125,stock,2025-03-03,,,,,,
SPY,-22.24224038614684,576.8599853515625,stock,2025-03-04,,,,,,
SPY,29.726007594196837,583.0599975585938,stock,2025-03-05,,,,,,
SPY,-50.26101367494702,572.7100219726562,stock,2025-03-06,,,,,,
SPY,21.552071779499368,575.9199829101562,stock,2025-03-07,,,,,,
SPY,2.0,14.61,option,2025-03-10,565.0,2025-03-28,put,0.2082872190988242,-0.5406407886527076,
SPY,108.12815773054152,560.5800170898438,stock,2025-03-10,,,,,,
SPY,2.0,17.185000000000002,option,2025-03-10,570.0,2025-03-28,put,0.2082872190988242,-0.6150594551243183,
SPY,123.01189102486364,560.5800170898438,stock,2025-03-10,,,,,,
SPY,-100.10369766374383,560.5800170898438,stock,2025-03-10,,,,,,
SPY,0.1724127298402449,555.9199829101562,stock,2025-03-11,,,,,,
SPY,-2.0,5.574999999999999,option,2025-03-12,531.0,2025-04-11,put,0.19181644153819805,-0.16167164630144204,1.0736692398093548
SPY,-32.334329260288406,558.8699951171875,stock,2025-03-12,,,,,,
SPY,-2.0,5.765000000000001,option,2025-03-12,532.0,2025-04-11,put,0.19181644153819805,-0.17019438987768754,1.0100063443668554
SPY,-34.03887797553751,558.8699951171875,stock,2025-03-12,,,,,,
SPY,-2.0,5.965,option,2025-03-12,533.0,2025-04-11,put,0.19181644153819805,-0.17898289277999813,0.9513091634883379
SPY,-35.79657855599962,558.8699951171875,stock,2025-03-12,,,,,,
SPY,-2.0,6.165,option,2025-03-12,534.0,2025-04-11,put,0.19181644153819805,-0.18803436936077333,0.8939818291390319
SPY,-37.606873872154665,558.8699951171875,stock,2025-03-12,,,,,,
SPY,-2.0,6.385,option,2025-03-12,535.0,2025-04-11,put,0.19181644153819805,-0.19734536131435076,0.8438935867917919
SPY,-39.46907226287016,558.8699951171875,stock,2025-03-12,,,,,,
SPY,8.437716846203593,558.8699951171875,stock,2025-03-12,,,,,,
SPY,-66.07302659097427,551.4199829101562,stock,2025-03-13,,,,,,
SPY,103.38076432340287,562.8099975585938,stock,2025-03-14,,,,,,
SPY,39.699554348740776,567.1500244140625,stock,2025-03-17,,,,,,
SPY,2.0,1.9649999999999999,option,2025-03-18,589.0,2025-04-17,call,0.21078962466562218,0.2272450167504267,-0.5466279129311851
SPY,-45.449003350085334,561.02001953125,stock,2025-03-18,,,,,,
SPY,2.0,2.1550000000000002,option,2025-03-18,588.0,2025-04-17,call,0.21078962466562218,0.23581419053669167,-0.5260973931285159
SPY,-47.16283810733833,561.02001953125,stock,2025-03-18,,,,,,
SPY,2.0,2.365,option,2025-03-18,587.0,2025-04-17,call,0.21078962466562218,0.24457359578415844,-0.5040654434863672
SPY,-48.91471915683169,561.02001953125,stock,2025-03-18,,,,,,
SPY,-42.89439373372488,561.02001953125,stock,2025-03-18,,,,,,
SPY,11.873504121361528,567.1300048828125,stock,2025-03-19,,,,,,
SPY,2.0,2.46,option,2025-03-20,535.0,2025-04-11,put,0.21408491124056186,-0.12949662202491952,
SPY,25.899324404983904,565.489990234375,stock,2025-03-20,,,,,,
SPY,2.2869580541708743,565.489990234375,stock,2025-03-20,,,,,,
SPY,2.0,1.75,option,2025-03-21,531.0,2025-04-11,put,0.21326594509525157,-0.10554382452674682,
SPY,21.108764905349364,563.97998046875,stock,2025-03-21,,,,,,
SPY,2.0,1.835,option,2025-03-21,532.0,2025-04-11,put,0.21326594509525157,-0.11241200632270598,
SPY,22.482401264541195,563.97998046875,stock,2025-03-21,,,,,,
SPY,2.0,1.93,option,2025-03-21,533.0,2025-04-11,put,0.21326594509525157,-0.11957993642233289,
SPY,23.915987284466578,563.97998046875,stock,2025-03-21,,,,,,
SPY,2.0,2.0300000000000002,option,2025-03-21,534.0,2025-04-11,put,0.21326594509525157,-0.1270500338668077,
SPY,25.410006773361538,563.97998046875,stock,2025-03-21,,,,,,
SPY,-10.428289516840643,563.97998046875,stock,2025-03-21,,,,,,
SPY,-58.737670172846904,574.0800170898438,stock,2025-03-24,,,,,,
SPY,-7.70369123092577,575.4600219726562,stock,2025-03-25,,,,,,
SPY,2.0,1.13,option,2025-03-26,597.0,2025-04-25,call,0.22004380235024312,0.23721491550070078,-0.7666272040920165
SPY,-47.442983100140154,568.5900268554688,stock,2025-03-26,,,,,,
SPY,2.0,1.27,option,2025-03-26,596.0,2025-04-25,call,0.22004380235024312,0.24550116543206552,-0.749199649089854
SPY,-49.100233086413105,568.5900268554688,stock,2025-03-26,,,,,,
SPY,2.0,1.415,option,2025-03-26,595.0,2025-04-25,call,0.22004380235024312,0.25395475895007913,-0.7326922746508683
SPY,-50.790951790015825,568.5900268554688,stock,2025-03-26,,,,,,
SPY,2.0,1.5750000000000002,option,2025-03-26,594.0,2025-04-25,call,0.22004380235024312,0.26257325150587224,-0.7152628698963966
SPY,-52.51465030117445,568.5900268554688,stock,2025-03-26,,,,,,
SPY,2.0,1.755,option,2025-03-26,593.0,2025-04-25,call,0.22004380235024312,0.27135389551706224,-0.6962426810923511
SPY,-54.27077910341245,568.5900268554688,stock,2025-03-26,,,,,,
SPY,2.0,1.955,option,2025-03-26,592.0,2025-04-25,call,0.22004380235024312,0.28029363830132364,-0.6759143102742239
SPY,-56.05872766026473,568.5900268554688,stock,2025-03-26,,,,,,
SPY,2.0,2.165,option,2025-03-26,591.0,2025-04-25,call,0.22004380235024312,0.2893891208548983,-0.6561163048860774
SPY,-57.877824170979665,568.5900268554688,stock,2025-03-26,,,,,,
SPY,2.0,2.395,option,2025-03-26,590.0,2025-04-25,call,0.22004380235024312,0.2986366775071636,-0.6353496360727727
SPY,-59.72733550143272,568.5900268554688,stock,2025-03-26,,,,,,
SPY,2.0,2.64,option,2025-03-26,589.0,2025-04-25,call,0.22004380235024312,0.30803233647949235,-0.6145490855980309
SPY,-61.60646729589847,568.5900268554688,stock,2025-03-26,,,,,,
SPY,2.0,2.9050000000000002,option,2025-03-26,588.0,2025-04-25,call,0.22004380235024312,0.3175718213734919,-0.5931057315816535
SPY,-63.51436427469837,568.5900268554688,stock,2025-03-26,,,,,,
SPY,33.15305587891689,568.5900268554688,stock,2025-03-26,,,,,,
SPY,50.836134198495074,567.0800170898438,stock,2025-03-27,,,,,,
SPY,272.76602176284024,555.6599731445312,stock,2025-03-28,,,,,,
SPY,2.0,1.5350000000000001,option,2025-03-31,587.0,2025-04-30,call,0.22563299525483863,0.24603209092024475,-0.7001279679413198
SPY,-49.20641818404895,559.3900146484375,stock,2025-03-31,,,,,,
SPY,2.0,1.705,option,2025-03-31,586.0,2025-04-30,call,0.22563299525483863,0.25441157940533454,-0.681223299829237
SPY,-50.88231588106691,559.3900146484375,stock,2025-03-31,,,,,,
SPY,2.0,1.895,option,2025-03-31,585.0,2025-04-30,call,0.22563299525483863,0.2629529454454881,-0.6607814786522417
SPY,-52.59058908909762,559.3900146484375,stock,2025-03-31,,,,,,
SPY,2.0,2.105,option,2025-03-31,584.0,2025-04-30,call,0.22563299525483863,0.2716535285655136,-0.6390858067052899
SPY,-54.330705713102724,559.3900146484375,stock,2025-03-31,,,,,,
SPY,2.0,2.325,option,2025-03-31,583.0,2025-04-30,call,0.22563299525483863,0.28051037428381975,-0.6180297870930238
SPY,-56.10207485676395,559.3900146484375,stock,2025-03-31,,,,,,
SPY,2.0,2.565,option,2025-03-31,582.0,2025-04-30,call,0.22563299525483863,0.28952023285477213,-0.5960556627091689
SPY,-57.90404657095443,559.3900146484375,stock,2025-03-31,,,,,,
SPY,2.0,2.825,option,2025-03-31,581.0,2025-04-30,call,0.22563299525483863,0.2986795588368714,-0.5733684990833716
SPY,-59.73591176737428,559.3900146484375,stock,2025-03-31,,,,,,
SPY,-45.00072777220395,559.3900146484375,stock,2025-03-31,,,,,,
SPY,-33.92819963131328,560.969970703125,stock,2025-04-01,,,,,,
SPY,-111.53440487275459,564.52001953125,stock,2025-04-02,,,,,,
SPY,762.7929924006064,536.7000122070312,stock,2025-04-03,,,,,,
SPY,209.1571477457254,505.2799987792969,stock,2025-04-04,,,,,,
SPY,7.80263032044656,504.3800048828125,stock,2025-04-07,,,,,,
SPY,6.489989481581165,496.4800109863281,stock,2025-04-08,,,,,,
SPY,-311.64761145956635,548.6199951171875,stock,2025-04-09,,,,,,
SPY,271.7328434324269,524.5800170898438,stock,2025-04-10,,,,,,
SPY,-42.76648717058515,533.9400024414062,stock,2025-04-11,,,,,,
SPY,-3.213610221074715,539.1199951171875,stock,2025-04-14,,,,,,
SPY,22.958905188466257,537.6099853515625,stock,2025-04-15,,,,,,
SPY,51.14318466159639,525.6599731445312,stock,2025-04-16,,,,,,
SPY,2.3939437722936763,526.4099731445312,stock,2025-04-17,,,,,,
SPY,12.43795116949061,513.8800048828125,stock,2025-04-21,,,,,,
SPY,-1.615945664736466,527.25,stock,2025-04-22,,,,,,
SPY,2.0,4.67,option,2025-04-23,562.0,2025-05-23,call,0.5098501887546156,0.4024013512055586,-0.7747636485149094
SPY,-80.48027024111171,535.4199829101562,stock,2025-04-23,,,,,,
SPY,2.0,4.965,option,2025-04-23,561.0,2025-05-23,call,0.5098501887546156,0.40712289850104233,-0.7644966338587212
SPY,-81.42457970020847,535.4199829101562,stock,2025-04-23,,,,,,
SPY,2.0,5.28,option,2025-04-23,560.0,2025-05-23,call,0.5098501887546156,0.4118664409507027,-0.7536824413727485
SPY,-82.37328819014054,535.4199829101562,stock,2025-04-23,,,,,,
SPY,-5.553324910932361,535.4199829101562,stock,2025-04-23,,,,,,
SPY,-46.13608440864033,546.6900024414062,stock,2025-04-24,,,,,,
SPY,-13.699981494227984,550.6400146484375,stock,2025-04-25,,,,,,
SPY,22.723131238418873,550.8499755859375,stock,2025-04-28,,,,,,
SPY,-9.943583644091817,554.3200073242188,stock,2025-04-29,,,,,,
SPY,2.0,3.125,option,2025-04-30,582.0,2025-05-30,call,0.4826753514372559,0.39427212644393383,-0.842415850227053
SPY,-78.85442528878677,554.5399780273438,stock,2025-04-30,,,,,,
SPY,2.0,3.39,option,2025-04-30,581.0,2025-05-30,call,0.4826753514372559,0.39906266205990726,-0.8319665329349621
SPY,-79.81253241198145,554.5399780273438,stock,2025-04-30,,,,,,
SPY,2.0,3.67,option,2025-04-30,580.0,2025-05-30,call,0.4826753514372559,0.40387674042601646,-0.8211763632298265
SPY,-80.77534808520329,554.5399780273438,stock,2025-04-30,,,,,,
SPY,2.0,3.97,option,2025-04-30,579.0,2025-05-30,call,0.4826753514372559,0.4087137678235887,-0.8098302826462592
SPY,-81.74275356471775,554.5399780273438,stock,2025-04-30,,,,,,
SPY,2.0,4.285,option,2025-04-30,578.0,2025-05-30,call,0.4826753514372559,0.4135731371925785,-0.7981991739851547
SPY,-82.71462743851569,554.5399780273438,stock,2025-04-30,,,,,,
SPY,2.0,4.619999999999999,option,2025-04-30,577.0,2025-05-30,call,0.4826753514372559,0.4184542282611624,-0.7860734697880111
SPY,-83.69084565223248,554.5399780273438,stock,2025-04-30,,,,,,
SPY,2.0,4.965,option,2025-04-30,576.0,2025-05-30,call,0.4826753514372559,0.42335640768600347,-0.7739409923237001
SPY,-84.6712815372007,554.5399780273438,stock,2025-04-30,,,,,,
SPY,-6.901776410901292,554.5399780273438,stock,2025-04-30,,,,,,
SPY,-37.19210441310574,558.469970703125,stock,2025-05-01,,,,,,
SPY,-85.68061892336542,566.760009765625,stock,2025-05-02,,,,,,
SPY,45.123273386337885,563.510009765625,stock,2025-05-05,,,,,,
SPY,59.15388567858797,558.7999877929688,stock,2025-05-06,,,,,,
SPY,-23.271221987474135,561.1500244140625,stock,2025-05-07,,,,,,
SPY,-43.60956533254701,565.0599975585938,stock,2025-05-08,,,,,,
SPY,12.794495189184985,564.3400268554688,stock,2025-05-09,,,,,,
SPY,-2.0,24.8,option,2025-05-12,560.0,2025-05-23,call,0.47679039531176953,0.7064518682411437,
SPY,141.29037364822875,582.989990234375,stock,2025-05-12,,,,,,
SPY,-241.33607634075486,582.989990234375,stock,2025-05-12,,,,,,
SPY,-2.0,26.405,option,2025-05-13,562.0,2025-05-23,call,0.4864400955883378,0.723075743295381,
SPY,144.6151486590762,586.8400268554688,stock,2025-05-13,,,,,,
SPY,-2.0,27.35,option,2025-05-13,561.0,2025-05-23,call,0.4864400955883378,0.7304327094042018,
SPY,146.08654188084037,586.8400268554688,stock,2025-05-13,,,,,,
SPY,-51.16491009594651,586.8400268554688,stock,2025-05-13,,,,,,
SPY,-7.910347435626605,587.5900268554688,stock,2025-05-14,,,,,,
SPY,-28.333164157952055,590.4600219726562,stock,2025-05-15,,,,,,
SPY,-38.09357354524249,594.2000122070312,stock,2025-05-16,,,,,,
SPY,-21.35398018544356,594.8499755859375,stock,2025-05-19,,,,,,
SPY,15.184335977306972,592.8499755859375,stock,2025-05-20,,,,,,
SPY,114.10135769467223,582.8599853515625,stock,2025-05-21,,,,,,
SPY,-2.0,9.510000000000002,option,2025-05-22,578.0,2025-05-30,call,0.2788566165575796,0.6008264363768244,
SPY,120.16528727536489,583.0900268554688,stock,2025-05-22,,,,,,
SPY,-2.0,10.215,option,2025-05-22,577.0,2025-05-30,call,0.2788566165575796,0.6169311433382497,
SPY,123.38622866764995,583.0900268554688,stock,2025-05-22,,,,,,
SPY,-2.0,10.935,option,2025-05-22,576.0,2025-05-30,call,0.2788566165575796,0.6328636156698869,
SPY,126.57272313397738,583.0900268554688,stock,2025-05-22,,,,,,
SPY,-27.93910119973603,583.0900268554688,stock,2025-05-22,,,,,,
SPY,-2.0,5.984999999999999,option,2025-05-23,579.0,2025-05-30,call,0.23308298964455235,0.51880553132368,
SPY,103.761106264736,579.1099853515625,stock,2025-05-23,,,,,,
SPY,32.349944171999184,579.1099853515625,stock,2025-05-23,,,,,,
SPY,-99.58680566787339,591.1500244140625,stock,2025-05-27,,,,,,
SPY,2.0,1.395,option,2025-05-28,615.0,2025-06-27,call,0.23659056840766693,0.270759379719597,-0.7816021453330111
SPY,-54.1518759439194,587.72998046875,stock,2025-05-28,,,,,,
SPY,2.0,2.23,option,2025-05-28,610.0,2025-06-27,call,0.23659056840766693,0.31200837435019524,-0.7113963236258722
SPY,-62.401674870039045,587.72998046875,stock,2025-05-28,,,,,,
SPY,2.0,3.425,option,2025-05-28,605.0,2025-06-27,call,0.23659056840766693,0.35612997523818557,-0.6306127480178154
SPY,-71.22599504763711,587.72998046875,stock,2025-05-28,,,,,,
SPY,2.0,4.705,option,2025-05-28,601.0,2025-06-27,call,0.23659056840766693,0.39318628378351983,-0.5588938359470116
SPY,-78.63725675670396,587.72998046875,stock,2025-05-28,,,,,,
SPY,2.0,5.074999999999999,option,2025-05-28,600.0,2025-06-27,call,0.23659056840766693,0.4026581857636835,-0.540214319271863
SPY,-80.5316371527367,587.72998046875,stock,2025-05-28,,,,,,
SPY,1.0,5.465,option,2025-05-28,599.0,2025-06-27,call,0.23659056840766693,0.4122035159293371,-0.5213886611400566
SPY,-41.22035159293371,587.72998046875,stock,2025-05-28,,,,,,
SPY,6.564024806254665,587.72998046875,stock,2025-05-28,,,,,,
SPY,-80.4478498394572,590.0499877929688,stock,2025-05-29,,,,,,
SPY,451.4588395787068,589.3900146484375,stock,2025-05-30,,,,,,
SPY,-26.003635920915002,592.7100219726562,stock,2025-06-02,,,,,,
SPY,2.0,0.875,option,2025-06-03,625.0,2025-07-03,call,0.20220995194721247,0.22374495346857665,-0.7981554779326729
SPY,-44.74899069371533,596.0900268554688,stock,2025-06-03,,,,,,
SPY,2.0,1.475,option,2025-06-03,620.0,2025-07-03,call,0.20220995194721247,0.2672822868381114,-0.7303281651477874
SPY,-53.45645736762228,596.0900268554688,stock,2025-06-03,,,,,,
SPY,2.0,2.4,option,2025-06-03,615.0,2025-07-03,call,0.20220995194721247,0.31512384021045103,-0.6483025259550872
SPY,-63.02476804209021,596.0900268554688,stock,2025-06-03,,,,,,
SPY,2.0,3.7350000000000003,option,2025-06-03,610.0,2025-07-03,call,0.20220995194721247,0.3667162768767127,-0.5563985113592508
SPY,-73.34325537534254,596.0900268554688,stock,2025-06-03,,,,,,
SPY,-44.72997850775681,596.0900268554688,stock,2025-06-03,,,,,,
SPY,9.397345481508893,595.9299926757812,stock,2025-06-04,,,,,,
SPY,64.7016617284163,593.0499877929688,stock,2025-06-05,,,,,,
SPY,-118.67205001611795,599.1400146484375,stock,2025-06-06,,,,,,
SPY,6.725416731670322,599.6799926757812,stock,2025-06-09,,,,,,
SPY,-72.73071456173591,603.0800170898438,stock,2025-06-10,,,,,,
SPY,46.658389034020544,601.3599853515625,stock,2025-06-11,,,,,,
SPY,-2.0,8.58,option,2025-06-12,600.0,2025-06-27,call,0.18107069508143123,0.5931915815491232,
SPY,118.63831630982465,603.75,stock,2025-06-12,,,,,,
SPY,-1.0,9.25,option,2025-06-12,599.0,2025-06-27,call,0.18107069508143123,0.6107235335513768,
SPY,61.07235335513768,603.75,stock,2025-06-12,,,,,,
SPY,-58.09494776147142,603.75,stock,2025-06-12,,,,,,
SPY,145.59936653919078,597.0,stock,2025-06-13,,,,,,
SPY,-2.0,6.6899999999999995,option,2025-06-16,601.0,2025-06-27,call,0.18132960014158575,0.5576781259226965,
SPY,111.5356251845393,602.6799926757812,stock,2025-06-16,,,,,,
SPY,-96.53355475999872,602.6799926757812,stock,2025-06-16,,,,,,
SPY,110.23698263145033,597.530029296875,stock,2025-06-17,,,,,,
SPY,2.0,1.14,option,2025-06-18,625.0,2025-07-18,call,0.18127227422013495,0.20892283763355113,-0.6812479539963224
SPY,-41.78456752671023,597.4400024414062,stock,2025-06-18,,,,,,
SPY,2.0,1.28,option,2025-06-18,624.0,2025-07-18,call,0.18127227422013495,0.21788611306256633,-0.6609004885179931
SPY,-43.57722261251327,597.4400024414062,stock,2025-06-18,,,,,,
SPY,2.0,1.43,option,2025-06-18,623.0,2025-07-18,call,0.18127227422013495,0.22708211420955404,-0.640852601736764
SPY,-45.41642284191081,597.4400024414062,stock,2025-06-18,,,,,,
SPY,2.0,1.5950000000000002,option,2025-06-18,622.0,2025-07-18,call,0.18127227422013495,0.23650828310983807,-0.6200146674304418
SPY,-47.301656621967616,597.4400024414062,stock,2025-06-18,,,,,,
SPY,2.0,1.775,option,2025-06-18,621.0,2025-07-18,call,0.18127227422013495,0.2461615297856492,-0.5986498460195048
SPY,-49.23230595712984,597.4400024414062,stock,2025-06-18,,,,,,
SPY,2.0,1.97,option,2025-06-18,620.0,2025-07-18,call,0.18127227422013495,0.2560382244199485,-0.5769816763181093
SPY,-51.2076448839897,597.4400024414062,stock,2025-06-18,,,,,,
SPY,2.0,2.1799999999999997,option,2025-06-18,619.0,2025-07-18,call,0.18127227422013495,0.26613419141332045,-0.5551990432292804
SPY,-53.22683828266409,597.4400024414062,stock,2025-06-18,,,,,,
SPY,2.0,2.415,option,2025-06-18,618.0,2025-07-18,call,0.18127227422013495,0.2764447054214876,-0.5315206887710919
SPY,-55.28894108429752,597.4400024414062,stock,2025-06-18,,,,,,
SPY,-3.2832635155524414,597.4400024414062,stock,2025-06-18,,,,,,
SPY,156.75909352357178,594.280029296875,stock,2025-06-20,,,,,,
SPY,-132.3808708277536,600.1500244140625,stock,2025-06-23,,,,,,
SPY,-282.85681377808993,606.780029296875,stock,2025-06-24,,,,,,
SPY,-2.0,3.38,option,2025-06-25,610.0,2025-07-03,call,0.15532660428632888,0.43865290309725913,
SPY,87.73058061945183,607.1199951171875,stock,2025-06-25,,,,,,
SPY,12.558524242054759,607.1199951171875,stock,2025-06-25,,,,,,
SPY,-252.21325576372215,611.8699951171875,stock,2025-06-26,,,,,,
SPY,-2.0,6.41,option,2025-06-27,618.0,2025-07-18,call,0.1558675247896324,0.4797452901808299,
SPY,95.94905803616598,614.9099731445312,stock,2025-06-27,,,,,,
SPY,257.70750908388044,614.9099731445312,stock,2025-06-27,,,,,,
SPY,-2.0,5.525,option,2025-06-30,622.0,2025-07-18,call,0.1558890730562733,0.4536753135933859,
SPY,90.73506271867718,617.8499755859375,stock,2025-06-30,,,,,,
SPY,-2.0,6.02,option,2025-06-30,621.0,2025-07-18,call,0.1558890730562733,0.4721357068919457,
SPY,94.42714137838914,617.8499755859375,stock,2025-06-30,,,,,,
SPY,-2.0,6.545,option,2025-06-30,620.0,2025-07-18,call,0.1558890730562733,0.4906860387372869,
SPY,98.13720774745738,617.8499755859375,stock,2025-06-30,,,,,,
SPY,-2.0,7.095000000000001,option,2025-06-30,619.0,2025-07-18,call,0.1558890730562733,0.509286512733294,
SPY,101.85730254665879,617.8499755859375,stock,2025-06-30,,,,,,
SPY,-74.44728073843328,617.8499755859375,stock,2025-06-30,,,,,,
SPY,-2.0,4.8149999999999995,option,2025-07-01,623.0,2025-07-18,call,0.15541614702913073,0.4279108536904015,
SPY,85.5821707380803,617.6500244140625,stock,2025-07-01,,,,,,
SPY,2.0,1.17,option,2025-07-01,645.0,2025-07-31,call,0.15541614702913073,0.18055143253051698,-0.5572430314521815
SPY,-36.11028650610339,617.6500244140625,stock,2025-07-01,,,,,,
SPY,17.9532693252485,617.6500244140625,stock,2025-07-01,,,,,,
SPY,-2.0,5.295,option,2025-07-02,624.0,2025-07-18,call,0.1555137760382569,0.4593421064981188,
SPY,91.86842129962376,620.4500122070312,stock,2025-07-02,,,,,,
SPY,2.0,0.98,option,2025-07-02,650.0,2025-08-01,call,0.1555137760382569,0.1624555566810934,-0.5788007774456104
SPY,-32.49111133621868,620.4500122070312,stock,2025-07-02,,,,,,
SPY,-89.215875905448,620.4500122070312,stock,2025-07-02,,,,,,
SPY,-2.0,7.105,option,2025-07-03,625.0,2025-07-18,call,0.15501639266097525,0.5352478028813652,
SPY,107.04956057627304,625.3400268554688,stock,2025-07-03,,,,,,
SPY,281.1914632555152,625.3400268554688,stock,2025-07-03,,,,,,
SPY,28.807425969600786,620.6799926757812,stock,2025-07-07,,,,,,
SPY,3.726700267359739,620.3400268554688,stock,2025-07-08,,,,,,
SPY,-2.0,2.275,option,2025-07-09,593.0,2025-08-08,put,0.14298982837142116,-0.0957839334984586,0.9447777781444933
SPY,-19.156786699691718,624.0599975585938,stock,2025-07-09,,,,,,
SPY,-2.0,2.365,option,2025-07-09,594.0,2025-08-08,put,0.14298982837142116,-0.10296196775058164,0.8529898079338223
SPY,-20.592393550116327,624.0599975585938,stock,2025-07-09,,,,,,
SPY,-10.31283927639642,624.0599975585938,stock,2025-07-09,,,,,,
SPY,-0.17542043728922252,625.8200073242188,stock,2025-07-10,,,,,,
SPY,8.830363247056667,623.6199951171875,stock,2025-07-11,,,,,,
SPY,10.370084351380578,624.8099975585938,stock,2025-07-14,,,,,,
SPY,-2.0,0.365,option,2025-07-15,650.0,2025-08-01,call,0.12668759998378337,0.0646967120562033,
SPY,12.93934241124066,622.1400146484375,stock,2025-07-15,,,,,,
SPY,18.68414007834226,622.1400146484375,stock,2025-07-15,,,,,,
SPY,-2.0,2.92,option,2025-07-16,594.0,2025-08-15,put,0.1277992459590025,-0.07815684969066228,2.56689103042267
SPY,-15.631369938132455,624.219970703125,stock,2025-07-16,,,,,,
SPY,-2.0,3.0300000000000002,option,2025-07-16,595.0,2025-08-15,put,0.1277992459590025,-0.08508321802193497,2.345290609874069
SPY,-17.016643604386992,624.219970703125,stock,2025-07-16,,,,,,
SPY,-2.0,3.1399999999999997,option,2025-07-16,596.0,2025-08-15,put,0.1277992459590025,-0.09244693464701081,2.1388807952155253
SPY,-18.489386929402162,624.219970703125,stock,2025-07-16,,,,,,
SPY,-2.0,3.26,option,2025-07-16,597.0,2025-08-15,put,0.1277992459590025,-0.10025840148899845,1.9558219937073142
SPY,-20.05168029779969,624.219970703125,stock,2025-07-16,,,,,,
SPY,-2.0,3.38,option,2025-07-16,598.0,2025-08-15,put,0.1277992459590025,-0.10852671408790049,1.784493631681147
SPY,-21.705342817580096,624.219970703125,stock,2025-07-16,,,,,,
SPY,-2.0,3.505,option,2025-07-16,599.0,2025-08-15,put,0.1277992459590025,-0.11725953686081503,1.628037308771883
SPY,-23.451907372163006,624.219970703125,stock,2025-07-16,,,,,,
SPY,-2.0,3.6399999999999997,option,2025-07-16,600.0,2025-08-15,put,0.1277992459590025,-0.1264629843580476,1.4882598286050248
SPY,-25.29259687160952,624.219970703125,stock,2025-07-16,,,,,,
SPY,-2.0,3.775,option,2025-07-16,601.0,2025-08-15,put,0.1277992459590025,-0.13614151001798147,1.356626290581087
SPY,-27.228302003596294,624.219970703125,stock,2025-07-16,,,,,,
SPY,-1.0,3.92,option,2025-07-16,602.0,2025-08-15,put,0.1277992459590025,-0.146297803890727,1.23851241217681
SPY,-14.6297803890727,624.219970703125,stock,2025-07-16,,,,,,
SPY,18.645145296935375,624.219970703125,stock,2025-07-16,,,,,,
SPY,49.18495419024273,628.0399780273438,stock,2025-07-17,,,,,,
SPY,4.209026000869898,627.5800170898438,stock,2025-07-18,,,,,,
SPY,35.9011249248898,628.77001953125,stock,2025-07-21,,,,,,
SPY,9.927981998270907,628.8599853515625,stock,2025-07-22,,,,,,
SPY,29.565533600645736,634.2100219726562,stock,2025-07-23,,,,,,
SPY,8.181167117726446,634.4199829101562,stock,2025-07-24,,,,,,
SPY,6.505739067843049,637.0999755859375,stock,2025-07-25,,,,,,
SPY,27.114341056074707,636.9400024414062,stock,2025-07-28,,,,,,
SPY,17.795283062205577,635.260009765625,stock,2025-07-29,,,,,,
SPY,16.02415630441559,634.4600219726562,stock,2025-07-30,,,,,,
SPY,0.3523876872881093,632.0800170898438,stock,2025-07-31,,,,,,
SPY,-68.19578329607695,621.719970703125,stock,2025-08-01,,,,,,
SPY,80.61430942298394,631.1699829101562,stock,2025-08-04,,,,,,
SPY,-4.636272485342246,627.969970703125,stock,2025-08-05,,,,,,
SPY,12.069795748226465,632.780029296875,stock,2025-08-06,,,,,,
SPY,1.177114014622925,632.25,stock,2025-08-07,,,,,,
SPY,2.359573213013011,637.1799926757812,stock,2025-08-08,,,,,,
SPY,0.2965947457796658,635.9199829101562,stock,2025-08-11,,,,,,
SPY,-2.0,1.95,option,2025-08-13,613.0,2025-09-12,put,0.12252251440699623,-0.06575750081848486,1.9516765555836872
SPY,-13.151500163696973,644.8900146484375,stock,2025-08-13,,,,,,
SPY,-2.0,2.0300000000000002,option,2025-08-13,614.0,2025-09-12,put,0.12252251440699623,-0.07190480337350869,1.765316650598687
SPY,-14.380960674701736,644.8900146484375,stock,2025-08-13,,,,,,
SPY,2.0,0.535,option,2025-08-13,675.0,2025-09-12,call,0.12252251440699623,0.1084608118167884,-0.5410160851692414
SPY,-21.69216236335768,644.8900146484375,stock,2025-08-13,,,,,,
SPY,0.6340514447845145,644.8900146484375,stock,2025-08-13,,,,,,
SPY,2.0454731814043505,644.9500122070312,stock,2025-08-14,,,,,,
SPY,1.2045649452697234,643.4400024414062,stock,2025-08-15,,,,,,
SPY,6.381096529271282,643.2999877929688,stock,2025-08-18,,,,,,
SPY,-2.038559990287837,639.8099975585938,stock,2025-08-19,,,,,,
SPY,-2.0,2.6900000000000004,option,2025-08-20,607.0,2025-09-19,put,0.12772614084211875,-0.07662347742150188,2.2928388199319363
SPY,-15.324695484300378,638.1099853515625,stock,2025-08-20,,,,,,
SPY,-2.0,2.79,option,2025-08-20,608.0,2025-09-19,put,0.12772614084211875,-0.0833013295204047,2.092122511019126
SPY,-16.66026590408094,638.1099853515625,stock,2025-08-20,,,,,,
SPY,-2.0,2.9000000000000004,option,2025-08-20,609.0,2025-09-19,put,0.12772614084211875,-0.09039547583634988,1.9149028373493593
SPY,-18.079095167269976,638.1099853515625,stock,2025-08-20,,,,,,
SPY,-2.0,3.01,option,2025-08-20,610.0,2025-09-19,put,0.12772614084211875,-0.09791597247374217,1.7485131899525097
SPY,-19.583194494748433,638.1099853515625,stock,2025-08-20,,,,,,
SPY,-2.0,3.12,option,2025-08-20,611.0,2025-09-19,put,0.12772614084211875,-0.10587170863469475,1.5924783614666014
SPY,-21.17434172693895,638.1099853515625,stock,2025-08-20,,,,,,
SPY,-2.0,3.24,option,2025-08-20,612.0,2025-09-19,put,0.12772614084211875,-0.11427029327026283,1.453867110021161
SPY,-22.854058654052565,638.1099853515625,stock,2025-08-20,,,,,,
SPY,-2.0,3.3600000000000003,option,2025-08-20,613.0,2025-09-19,put,0.12772614084211875,-0.12311794661075837,1.3232680793910097
SPY,-24.623589322151673,638.1099853515625,stock,2025-08-20,,,,,,
SPY,-2.0,3.49,option,2025-08-20,614.0,2025-09-19,put,0.12772614084211875,-0.13241939787350887,1.2066846283235055
SPY,-26.483879574701774,638.1099853515625,stock,2025-08-20,,,,,,
SPY,2.0,0.41000000000000003,option,2025-08-20,670.0,2025-09-19,call,0.12772614084211875,0.10229551933219883,-0.6338534672352304
SPY,-20.459103866439765,638.1099853515625,stock,2025-08-20,,,,,,
SPY,2.0,0.77,option,2025-08-20,665.0,2025-09-19,call,0.12772614084211875,0.14366055391910126,-0.5452539528976027
SPY,-28.732110783820254,638.1099853515625,stock,2025-08-20,,,,,,
SPY,8.154638294552857,638.1099853515625,stock,2025-08-20,,,,,,
SPY,-20.21465630740418,635.5499877929688,stock,2025-08-21,,,,,,
SPY,81.53580171741709,645.3099975585938,stock,2025-08-22,,,,,,
SPY,17.530935787227214,642.469970703125,stock,2025-08-25,,,,,,
SPY,17.194939536212964,645.1599731445312,stock,2025-08-26,,,,,,
SPY,2.0,0.5,option,2025-08-27,675.0,2025-09-26,call,0.12820651260523766,0.13455569999002953,-0.6853120146187481
SPY,-26.911139998005908,646.6300048828125,stock,2025-08-27,,,,,,
SPY,2.0,0.9299999999999999,option,2025-08-27,670.0,2025-09-26,call,0.12820651260523766,0.18330804749641788,-0.6016391744562777
SPY,-36.66160949928358,646.6300048828125,stock,2025-08-27,,,,,,
SPY,5.163710973961301,646.6300048828125,stock,2025-08-27,,,,,,
SPY,-3.0748817606503422,648.9199829101562,stock,2025-08-28,,,,,,
SPY,31.146078393201776,645.0499877929688,stock,2025-08-29,,,,,,
SPY,51.18143869201312,640.27001953125,stock,2025-09-02,,,,,,
SPY,2.0,0.375,option,2025-09-03,675.0,2025-10-03,call,0.1417486366501393,0.1343498426095115,-0.7848098940105864
SPY,-26.869968521902297,643.739990234375,stock,2025-09-03,,,,,,
SPY,2.0,0.425,option,2025-09-03,674.0,2025-10-03,call,0.1417486366501393,0.14240432205004816,-0.7729710204352567
SPY,-28.48086441000963,643.739990234375,stock,2025-09-03,,,,,,
SPY,2.0,0.485,option,2025-09-03,673.0,2025-10-03,call,0.1417486366501393,0.1507919453542897,-0.7586130401904015
SPY,-30.15838907085794,643.739990234375,stock,2025-09-03,,,,,,
SPY,2.0,0.555,option,2025-09-03,672.0,2025-10-03,call,0.1417486366501393,0.15951535727711946,-0.7424139546725186
SPY,-31.90307145542389,643.739990234375,stock,2025-09-03,,,,,,
SPY,2.0,0.63,option,2025-09-03,671.0,2025-10-03,call,0.1417486366501393,0.16857638279874637,-0.7270997546598685
SPY,-33.71527655974928,643.739990234375,stock,2025-09-03,,,,,,
SPY,0.34581702474343956,643.739990234375,stock,2025-09-03,,,,,,
SPY,-71.83481953127433,649.1199951171875,stock,2025-09-04,,,,,,
SPY,51.52238573411986,647.239990234375,stock,2025-09-05,,,,,,
SPY,15.561896322366252,648.8300170898438,stock,2025-09-08,,,,,,
SPY,-16.21213166912468,650.3300170898438,stock,2025-09-09,,,,,,
SPY,-27.657244271897625,652.2100219726562,stock,2025-09-10,,,,,,
SPY,-134.5579270502676,657.6300048828125,stock,2025-09-11,,,,,,
SPY,23.20106405646809,657.4099731445312,stock,2025-09-12,,,,,,
SPY,-64.32867743605554,660.9099731445312,stock,2025-09-15,,,,,,
SPY,-2.0,2.145,option,2025-09-16,672.0,2025-10-03,call,0.1210698811054044,0.27185702767778647,
SPY,54.371405535557294,660.0,stock,2025-09-16,,,,,,
SPY,-2.0,2.41,option,2025-09-16,671.0,2025-10-03,call,0.1210698811054044,0.29108739169611464,
SPY,58.21747833922293,660.0,stock,2025-09-16,,,,,,
SPY,72.35468803104067,660.0,stock,2025-09-16,,,,,,
SPY,-2.0,2.645,option,2025-09-17,627.0,2025-10-17,put,0.11919902048029557,-0.06303486160579874,3.2328927926489133
SPY,-12.606972321159748,659.1799926757812,stock,2025-09-17,,,,,,
SPY,-2.0,2.7350000000000003,option,2025-09-17,628.0,2025-10-17,put,0.11919902048029557,-0.06901697808852947,2.9338834534260814
SPY,-13.803395617705894,659.1799926757812,stock,2025-09-17,,,,,,
SPY,55.529334884838605,659.1799926757812,stock,2025-09-17,,,,,,
SPY,-58.36894737657545,662.260009765625,stock,2025-09-18,,,,,,
SPY,-2.0,2.185,option,2025-09-19,673.0,2025-10-03,call,0.11791027534970608,0.2992277729238154,
SPY,59.845554584763086,663.7000122070312,stock,2025-09-19,,,,,,
SPY,53.950962431300624,663.7000122070312,stock,2025-09-19,,,,,,
SPY,-2.0,1.5,option,2025-09-22,670.0,2025-09-26,call,0.115825511829973,0.3635247599229804,
SPY,72.70495198459608,666.8400268554688,stock,2025-09-22,,,,,,
SPY,-2.0,2.2199999999999998,option,2025-09-22,675.0,2025-10-03,call,0.115825511829973,0.2955812385372899,
SPY,59.11624770745798,666.8400268554688,stock,2025-09-22,,,,,,
SPY,-2.0,2.545,option,2025-09-22,674.0,2025-10-03,call,0.115825511829973,0.32153208151690593,
SPY,64.30641630338118,666.8400268554688,stock,2025-09-22,,,,,,
SPY,-7.232103343490772,666.8400268554688,stock,2025-09-22,,,,,,
SPY,21.553972606542658,663.2100219726562,stock,2025-09-23,,,,,,
SPY,-2.0,2.67,option,2025-09-24,629.0,2025-10-24,put,0.11357991507280402,-0.055318830566382426,4.2130056465380115
SPY,-11.063766113276486,661.0999755859375,stock,2025-09-24,,,,,,
SPY,-2.0,2.76,option,2025-09-24,630.0,2025-10-24,put,0.11357991507280402,-0.06098610038220065,3.8077244189313504
SPY,-12.197220076440129,661.0999755859375,stock,2025-09-24,,,,,,
SPY,-2.0,2.855,option,2025-09-24,631.0,2025-10-24,put,0.11357991507280402,-0.06708735663777354,3.446036992549263
SPY,-13.417471327554708,661.0999755859375,stock,2025-09-24,,,,,,
SPY,-2.0,2.955,option,2025-09-24,632.0,2025-10-24,put,0.11357991507280402,-0.07363951779082711,3.1222554089894494
SPY,-14.727903558165423,661.0999755859375,stock,2025-09-24,,,,,,
SPY,-2.0,3.0549999999999997,option,2025-09-24,633.0,2025-10-24,put,0.11357991507280402,-0.08065851139399527,2.8252873016873425
SPY,-16.131702278799054,661.0999755859375,stock,2025-09-24,,,,,,
SPY,-2.0,3.165,option,2025-09-24,634.0,2025-10-24,put,0.11357991507280402,-0.0881590958984646,2.5641660562022768
SPY,-17.63181917969292,661.0999755859375,stock,2025-09-24,,,,,,
SPY,-2.0,3.275,option,2025-09-24,635.0,2025-10-24,put,0.11357991507280402,-0.09615468267549399,2.3233320758211407
SPY,-19.2309365350988,661.0999755859375,stock,2025-09-24,,,,,,
SPY,-2.0,3.3899999999999997,option,2025-09-24,636.0,2025-10-24,put,0.11357991507280402,-0.1046571603759614,2.1058327303557225
SPY,-20.93143207519228,661.0999755859375,stock,2025-09-24,,,,,,
SPY,19.4134167755511,661.0999755859375,stock,2025-09-24,,,,,,
SPY,-30.11151768507301,658.0499877929688,stock,2025-09-25,,,,,,
SPY,52.17549014207584,661.8200073242188,stock,2025-09-26,,,,,,
SPY,33.628082453139434,663.6799926757812,stock,2025-09-29,,,,,,
SPY,22.73423792697107,666.1799926757812,stock,2025-09-30,,,,,,
SPY,16.244542601944744,668.4500122070312,stock,2025-10-01,,,,,,
SPY,6.7625653710627684,669.219970703125,stock,2025-10-02,,,,,,
SPY,3.2239744144143296,669.2100219726562,stock,2025-10-03,,,,,,
SPY,14.499426102076509,671.6099853515625,stock,2025-10-06,,,,,,
SPY,-3.1083060857361113,669.1199951171875,stock,2025-10-07,,,,,,
SPY,8.843060457332626,673.1099853515625,stock,2025-10-08,,,,,,
SPY,-0.8409780961962303,671.1599731445312,stock,2025-10-09,,,,,,
SPY,-104.0441975815024,653.02001953125,stock,2025-10-10,,,,,,
SPY,98.59301466585526,663.0399780273438,stock,2025-10-13,,,,,,
SPY,1.4193957081508923,662.22998046875,stock,2025-10-14,,,,,,
SPY,7.255143343857217,665.1699829101562,stock,2025-10-15,,,,,,
SPY,-3.96707278885808,660.6400146484375,stock,2025-10-16,,,,,,
SPY,6.164544505520242,664.3900146484375,stock,2025-10-17,,,,,,
SPY,1.5274823870112364,671.2999877929688,stock,2025-10-20,,,,,,
SPY,-2.0,3.745,option,2025-10-22,635.0,2025-11-21,put,0.14966199843350717,-0.10868355526755968,1.4516931217486462
SPY,-21.736711053511936,667.7999877929688,stock,2025-10-22,,,,,,
SPY,-2.0,3.855,option,2025-10-22,636.0,2025-11-21,put,0.14966199843350717,-0.11567561133366333,1.339387645848944
SPY,-23.135122266732665,667.7999877929688,stock,2025-10-22,,,,,,
SPY,2.0,0.92,option,2025-10-22,700.0,2025-11-21,call,0.14966199843350717,0.14968887000749292,-0.577705858985198
SPY,-29.937774001498585,667.7999877929688,stock,2025-10-22,,,,,,
SPY,2.0,1.025,option,2025-10-22,699.0,2025-11-21,call,0.14966199843350717,0.15758084734365252,-0.558572334121739
SPY,-31.516169468730503,667.7999877929688,stock,2025-10-22,,,,,,
SPY,2.0,1.145,option,2025-10-22,698.0,2025-11-21,call,0.14966199843350717,0.1657532639250771,-0.5370220299131061
SPY,-33.150652785015424,667.7999877929688,stock,2025-10-22,,,,,,
SPY,2.0,1.28,option,2025-10-22,697.0,2025-11-21,call,0.14966199843350717,0.17420708545576213,-0.5137114163766365
SPY,-34.84141709115243,667.7999877929688,stock,2025-10-22,,,,,,
SPY,-4.265594505387874,667.7999877929688,stock,2025-10-22,,,,,,
SPY,-15.380383206226753,671.760009765625,stock,2025-10-23,,,,,,
SPY,-31.998299254840056,677.25,stock,2025-10-24,,,,,,
SPY,-57.34365645006531,685.239990234375,stock,2025-10-27,,,,,,
SPY,-2.0,5.245,option,2025-10-28,698.0,2025-11-21,call,0.1552190042538016,0.3761733817173033,
SPY,75.23467634346066,687.0599975585938,stock,2025-10-28,,,,,,
SPY,-2.0,5.645,option,2025-10-28,697.0,2025-11-21,call,0.1552190042538016,0.3899206651848032,
SPY,77.98413303696063,687.0599975585938,stock,2025-10-28,,,,,,
SPY,-16.904609037618528,687.0599975585938,stock,2025-10-28,,,,,,
SPY,-2.0,4.9399999999999995,option,2025-10-29,699.0,2025-11-21,call,0.1550302995429322,0.3629720795485538,
SPY,72.59441590971076,687.3900146484375,stock,2025-10-29,,,,,,
SPY,2.0,1.26,option,2025-10-29,720.0,2025-11-28,call,0.1550302995429322,0.16265097064683193,-0.5104357668929728
SPY,-32.530194129366386,687.3900146484375,stock,2025-10-29,,,,,,
SPY,-1.9300133289650248,687.3900146484375,stock,2025-10-29,,,,,,
SPY,-2.0,2.8099999999999996,option,2025-10-30,700.0,2025-11-21,call,0.15465479301363416,0.24465283258393483,
SPY,48.93056651678697,679.8300170898438,stock,2025-10-30,,,,,,
SPY,26.711834250572167,679.8300170898438,stock,2025-10-30,,,,,,
SPY,0.9909124353578811,682.0599975585938,stock,2025-10-31,,,,,,
SPY,4.545847361262432,683.3400268554688,stock,2025-11-03,,,,,,
SPY,4.847189948703516,675.239990234375,stock,2025-11-04,,,,,,
SPY,2.0,1.18,option,2025-11-05,710.0,2025-12-05,call,0.16338247577074141,0.1737917575661213,-0.5933371356696403
SPY,-34.75835151322426,677.5800170898438,stock,2025-11-05,,,,,,
SPY,2.0,1.3,option,2025-11-05,709.0,2025-12-05,call,0.16338247577074141,0.1816232334728094,-0.5761546155861567
SPY,-36.32464669456188,677.5800170898438,stock,2025-11-05,,,,,,
SPY,2.0,1.4249999999999998,option,2025-11-05,708.0,2025-12-05,call,0.16338247577074141,0.1896834176764461,-0.5602177226237317
SPY,-37.93668353528922,677.5800170898438,stock,2025-11-05,,,,,,
SPY,2.0,1.565,option,2025-11-05,707.0,2025-12-05,call,0.16338247577074141,0.19797179255915798,-0.5425509995358585
SPY,-39.594358511831594,677.5800170898438,stock,2025-11-05,,,,,,
SPY,2.0,1.7149999999999999,option,2025-11-05,706.0,2025-12-05,call,0.16338247577074141,0.20648739246012393,-0.5249446432684097
SPY,-41.29747849202479,677.5800170898438,stock,2025-11-05,,,,,,
SPY,2.0,1.885,option,2025-11-05,705.0,2025-12-05,call,0.16338247577074141,0.21522879099492775,-0.5049044836062198
SPY,-43.04575819898555,677.5800170898438,stock,2025-11-05,,,,,,
SPY,-8.44511028902312,677.5800170898438,stock,2025-11-05,,,,,,
SPY,76.11513565229309,670.3099975585938,stock,2025-11-06,,,,,,
SPY,3.043127247770329,670.969970703125,stock,2025-11-07,,,,,,
SPY,-84.99495970731164,681.4400024414062,stock,2025-11-10,,,,,,
SPY,-12.219689349315125,683.0,stock,2025-11-11,,,,,,
SPY,2.0,1.4649999999999999,option,2025-11-12,715.0,2025-12-12,call,0.17291823053821517,0.19642658693723153,-0.5942931961884809
SPY,-39.285317387446305,683.3800048828125,stock,2025-11-12,,,,,,
SPY,2.0,2.24,option,2025-11-12,710.0,2025-12-12,call,0.17291823053821517,0.23795463262623912,-0.5153551908273657
SPY,-47.59092652524782,683.3800048828125,stock,2025-11-12,,,,,,
SPY,-0.15580128275696836,683.3800048828125,stock,2025-11-12,,,,,,
SPY,173.10279994136044,672.0399780273438,stock,2025-11-13,,,,,,
SPY,11.8169549079546,671.9299926757812,stock,2025-11-14,,,,,,
SPY,87.31742343085281,665.6699829101562,stock,2025-11-17,,,,,,
SPY,41.03871066182014,660.0800170898438,stock,2025-11-18,,,,,,
SPY,-2.0,6.08,option,2025-11-19,630.0,2025-12-19,put,0.18461559569645591,-0.15586535291734882,1.076740369080159
SPY,-31.173070583469766,662.6300048828125,stock,2025-11-19,,,,,,
SPY,-2.0,6.25,option,2025-11-19,631.0,2025-12-19,put,0.18461559569645591,-0.16314085805474177,1.0160923898882048
SPY,-32.62817161094836,662.6300048828125,stock,2025-11-19,,,,,,
SPY,-2.0,6.41,option,2025-11-19,632.0,2025-12-19,put,0.18461559569645591,-0.17062150389059538,0.9541516998710309
SPY,-34.12430077811908,662.6300048828125,stock,2025-11-19,,,,,,
SPY,-2.0,6.575,option,2025-11-19,633.0,2025-12-19,put,0.18461559569645591,-0.1783058606304101,0.8957495561502377
SPY,-35.66117212608202,662.6300048828125,stock,2025-11-19,,,,,,
SPY,-2.0,6.74,option,2025-11-19,634.0,2025-12-19,put,0.18461559569645591,-0.1861921067270602,0.83925640593824
SPY,-37.23842134541204,662.6300048828125,stock,2025-11-19,,,,,,
SPY,1.4578996270073006,662.6300048828125,stock,2025-11-19,,,,,,
SPY,-37.46200277456971,652.530029296875,stock,2025-11-20,,,,,,
SPY,45.57232518275825,659.030029296875,stock,2025-11-21,,,,,,
SPY,55.32285887079976,668.72998046875,stock,2025-11-24,,,,,,
SPY,0.9742681213043234,675.02001953125,stock,2025-11-25,,,,,,
SPY,2.0,1.09,option,2025-11-26,710.0,2025-12-26,call,0.17363514777535188,0.20644761699226194,-0.7163142592653851
SPY,-41.28952339845239,679.6799926757812,stock,2025-11-26,,,,,,
SPY,2.0,1.2,option,2025-11-26,709.0,2025-12-26,call,0.17363514777535188,0.2146191854536944,-0.702852391970422
SPY,-42.92383709073888,679.6799926757812,stock,2025-11-26,,,,,,
SPY,2.0,1.315,option,2025-11-26,708.0,2025-12-26,call,0.17363514777535188,0.2229876222174938,-0.6900370332497033
SPY,-44.597524443498756,679.6799926757812,stock,2025-11-26,,,,,,
SPY,2.0,1.4449999999999998,option,2025-11-26,707.0,2025-12-26,call,0.17363514777535188,0.23155106673642395,-0.675617318928399
SPY,-46.31021334728479,679.6799926757812,stock,2025-11-26,,,,,,
SPY,2.0,1.585,option,2025-11-26,706.0,2025-12-26,call,0.17363514777535188,0.24030728202761492,-0.6609707911095631
SPY,-48.06145640552298,679.6799926757812,stock,2025-11-26,,,,,,
SPY,2.0,1.7349999999999999,option,2025-11-26,705.0,2025-12-26,call,0.17363514777535188,0.24925364919808385,-0.6462167917463546
SPY,-49.85072983961677,679.6799926757812,stock,2025-11-26,,,,,,
SPY,-22.34540120821918,679.6799926757812,stock,2025-11-26,,,,,,
SPY,-23.25433433981881,683.3900146484375,stock,2025-11-28,,,,,,
