symbol,quantity,price,trade_type,timestamp,strike,expiry,option_type,implied_vol,delta,mispricing_pct
SPY,-2.0,1.4049999999999998,option,2020-02-19,322.0,2020-03-20,put,0.13516609178584893,-0.09025623490018031,1.5192761908821888
SPY,-18.051246980036062,338.3399963378906,stock,2020-02-19,,,,,,
SPY,-2.0,1.4049999999999998,option,2020-02-19,322.0,2020-03-20,put,0.13516609178584893,-0.09025623490018031,1.5192761908821888
SPY,-18.051246980036062,338.3399963378906,stock,2020-02-19,,,,,,
SPY,-2.0,1.505,option,2020-02-19,323.0,2020-03-20,put,0.13516609178584893,-0.10398616003541616,1.2756385150329124
SPY,-20.79723200708323,338.3399963378906,stock,2020-02-19,,,,,,
SPY,-2.0,1.505,option,2020-02-19,323.0,2020-03-20,put,0.13516609178584893,-0.10398616003541616,1.2756385150329124
SPY,-20.79723200708323,338.3399963378906,stock,2020-02-19,,,,,,
SPY,-2.0,1.61,option,2020-02-19,324.0,2020-03-20,put,0.13516609178584893,-0.1191214981249229,1.0637860956971141
SPY,-23.82429962498458,338.3399963378906,stock,2020-02-19,,,,,,
SPY,-2.0,1.61,option,2020-02-19,324.0,2020-03-20,put,0.13516609178584893,-0.1191214981249229,1.0637860956971141
SPY,-23.82429962498458,338.3399963378906,stock,2020-02-19,,,,,,
SPY,-2.0,1.73,option,2020-02-19,325.0,2020-03-20,put,0.13516609178584893,-0.13569551803823565,0.889802070281846
SPY,-27.13910360764713,338.3399963378906,stock,2020-02-19,,,,,,
SPY,-2.0,1.73,option,2020-02-19,325.0,2020-03-20,put,0.13516609178584893,-0.13569551803823565,0.889802070281846
SPY,-27.13910360764713,338.3399963378906,stock,2020-02-19,,,,,,
SPY,2.0,0.125,option,2020-02-19,355.0,2020-03-20,call,0.13516609178584893,0.11927867603065362,-0.8346269210710078
SPY,-23.855735206130724,338.3399963378906,stock,2020-02-19,,,,,,
SPY,2.0,0.125,option,2020-02-19,355.0,2020-03-20,call,0.13516609178584893,0.11927867603065362,-0.8346269210710078
SPY,-23.855735206130724,338.3399963378906,stock,2020-02-19,,,,,,
SPY,2.0,0.165,option,2020-02-19,354.0,2020-03-20,call,0.13516609178584893,0.13440540917599963,-0.8113273135786229
SPY,-26.88108183519993,338.3399963378906,stock,2020-02-19,,,,,,
SPY,2.0,0.165,option,2020-02-19,354.0,2020-03-20,call,0.13516609178584893,0.13440540917599963,-0.8113273135786229
SPY,-26.88108183519993,338.3399963378906,stock,2020-02-19,,,,,,
SPY,2.0,0.20500000000000002,option,2020-02-19,353.0,2020-03-20,call,0.13516609178584893,0.15084775949755425,-0.7966831890809254
SPY,-30.16955189951085,338.3399963378906,stock,2020-02-19,,,,,,
SPY,2.0,0.20500000000000002,option,2020-02-19,353.0,2020-03-20,call,0.13516609178584893,0.15084775949755425,-0.7966831890809254
SPY,-30.16955189951085,338.3399963378906,stock,2020-02-19,,,,,,
SPY,2.0,0.255,option,2020-02-19,352.0,2020-03-20,call,0.13516609178584893,0.16862925968357406,-0.7798739958944887
SPY,-33.72585193671481,338.3399963378906,stock,2020-02-19,,,,,,
SPY,2.0,0.255,option,2020-02-19,352.0,2020-03-20,call,0.13516609178584893,0.16862925968357406,-0.7798739958944887
SPY,-33.72585193671481,338.3399963378906,stock,2020-02-19,,,,,,
SPY,2.0,0.325,option,2020-02-19,351.0,2020-03-20,call,0.13516609178584893,0.18776033996007785,-0.7549604711521463
SPY,-37.55206799201557,338.3399963378906,stock,2020-02-19,,,,,,
SPY,2.0,0.325,option,2020-02-19,351.0,2020-03-20,call,0.13516609178584893,0.18776033996007785,-0.7549604711521463
SPY,-37.55206799201557,338.3399963378906,stock,2020-02-19,,,,,,
SPY,2.0,0.425,option,2020-02-19,350.0,2020-03-20,call,0.13516609178584893,0.20823693899463913,-0.7191562430985108
SPY,-41.647387798927824,338.3399963378906,stock,2020-02-19,,,,,,
SPY,2.0,0.425,option,2020-02-19,350.0,2020-03-20,call,0.13516609178584893,0.20823693899463913,-0.7191562430985108
SPY,-41.647387798927824,338.3399963378906,stock,2020-02-19,,,,,,
SPY,2.0,0.545,option,2020-02-19,349.0,2020-03-20,call,0.13516609178584893,0.23003931544905126,-0.6832712719292566
SPY,-46.00786308981025,338.3399963378906,stock,2020-02-19,,,,,,
SPY,3.2464618104289826,338.3399963378906,stock,2020-02-19,,,,,,
SPY,46.7073904314259,336.95001220703125,stock,2020-02-20,,,,,,
SPY,39.3455261719754,333.4800109863281,stock,2020-02-21,,,,,,
SPY,4.0,8.8,option,2020-02-24,325.0,2020-03-20,put,0.17761668738961864,-0.5501613607292766,
SPY,220.06454429171063,322.4200134277344,stock,2020-02-24,,,,,,
SPY,-2.0,4.0600000000000005,option,2020-02-24,308.0,2020-03-25,put,0.17761668738961864,-0.16946158760186814,1.6693556888808152
SPY,-33.89231752037362,322.4200134277344,stock,2020-02-24,,,,,,
SPY,-2.0,4.0600000000000005,option,2020-02-24,308.0,2020-03-25,put,0.17761668738961864,-0.16946158760186814,1.6693556888808152
SPY,-33.89231752037362,322.4200134277344,stock,2020-02-24,,,,,,
SPY,-2.0,4.26,option,2020-02-24,309.0,2020-03-25,put,0.17761668738961864,-0.18602555248991282,1.4884921952763919
SPY,-37.20511049798256,322.4200134277344,stock,2020-02-24,,,,,,
SPY,-2.0,4.26,option,2020-02-24,309.0,2020-03-25,put,0.17761668738961864,-0.18602555248991282,1.4884921952763919
SPY,-37.20511049798256,322.4200134277344,stock,2020-02-24,,,,,,
SPY,-2.0,4.475,option,2020-02-24,310.0,2020-03-25,put,0.17761668738961864,-0.20349945849367357,1.3300577029571437
SPY,-40.69989169873472,322.4200134277344,stock,2020-02-24,,,,,,
SPY,-2.0,4.475,option,2020-02-24,310.0,2020-03-25,put,0.17761668738961864,-0.20349945849367357,1.3300577029571437
SPY,-40.69989169873472,322.4200134277344,stock,2020-02-24,,,,,,
SPY,-2.0,4.6899999999999995,option,2020-02-24,311.0,2020-03-25,put,0.17761668738961864,-0.22185620675488948,1.1835667909093197
SPY,-44.3712413509779,322.4200134277344,stock,2020-02-24,,,,,,
SPY,-2.0,4.6899999999999995,option,2020-02-24,311.0,2020-03-25,put,0.17761668738961864,-0.22185620675488948,1.1835667909093197
SPY,-44.3712413509779,322.4200134277344,stock,2020-02-24,,,,,,
SPY,-2.0,4.93,option,2020-02-24,312.0,2020-03-25,put,0.17761668738961864,-0.24106052374226627,1.0587613926054307
SPY,-48.21210474845326,322.4200134277344,stock,2020-02-24,,,,,,
SPY,-2.0,4.93,option,2020-02-24,312.0,2020-03-25,put,0.17761668738961864,-0.24106052374226627,1.0587613926054307
SPY,-48.21210474845326,322.4200134277344,stock,2020-02-24,,,,,,
SPY,-322.39291696729214,322.4200134277344,stock,2020-02-24,,,,,,
SPY,4.0,12.815000000000001,option,2020-02-25,322.0,2020-03-20,put,0.17859892425180127,-0.725459652762549,
SPY,290.1838611050196,312.6499938964844,stock,2020-02-25,,,,,,
SPY,4.0,13.440000000000001,option,2020-02-25,323.0,2020-03-20,put,0.17859892425180127,-0.7475644598506235,
SPY,299.02578394024937,312.6499938964844,stock,2020-02-25,,,,,,
SPY,4.0,14.09,option,2020-02-25,324.0,2020-03-20,put,0.17859892425180127,-0.7686300366121908,
SPY,307.45201464487633,312.6499938964844,stock,2020-02-25,,,,,,
SPY,-690.0428935427898,312.6499938964844,stock,2020-02-25,,,,,,
SPY,-2.0,4.32,option,2020-02-26,296.0,2020-03-27,put,0.1805670600855415,-0.14833693631384803,2.415665374103333
SPY,-29.66738726276961,311.5,stock,2020-02-26,,,,,,
SPY,-2.0,4.32,option,2020-02-26,296.0,2020-03-27,put,0.1805670600855415,-0.14833693631384803,2.415665374103333
SPY,-29.66738726276961,311.5,stock,2020-02-26,,,,,,
SPY,-2.0,4.545,option,2020-02-26,297.0,2020-03-27,put,0.1805670600855415,-0.16392802734392764,2.171120306212533
SPY,-32.785605468785526,311.5,stock,2020-02-26,,,,,,
SPY,-2.0,4.545,option,2020-02-26,297.0,2020-03-27,put,0.1805670600855415,-0.16392802734392764,2.171120306212533
SPY,-32.785605468785526,311.5,stock,2020-02-26,,,,,,
SPY,-2.0,4.665,option,2020-02-26,297.5,2020-03-27,put,0.1805670600855415,-0.17208755852569912,2.0615185185084677
SPY,-34.41751170513982,311.5,stock,2020-02-26,,,,,,
SPY,-2.0,4.665,option,2020-02-26,297.5,2020-03-27,put,0.1805670600855415,-0.17208755852569912,2.0615185185084677
SPY,-34.41751170513982,311.5,stock,2020-02-26,,,,,,
SPY,-2.0,4.785,option,2020-02-26,298.0,2020-03-27,put,0.1805670600855415,-0.18048741891800912,1.9562683705077268
SPY,-36.097483783601824,311.5,stock,2020-02-26,,,,,,
SPY,-2.0,4.785,option,2020-02-26,298.0,2020-03-27,put,0.1805670600855415,-0.18048741891800912,1.9562683705077268
SPY,-36.097483783601824,311.5,stock,2020-02-26,,,,,,
SPY,-56.43043137150413,311.5,stock,2020-02-26,,,,,,
SPY,-1175.0251794595215,297.510009765625,stock,2020-02-27,,,,,,
SPY,-114.97983710547749,296.260009765625,stock,2020-02-28,,,,,,
SPY,1117.5660805137024,309.0899963378906,stock,2020-03-02,,,,,,
SPY,4.0,14.32,option,2020-03-03,308.0,2020-03-25,put,0.255668349834687,-0.6429430188218792,
SPY,257.1772075287517,300.239990234375,stock,2020-03-03,,,,,,
SPY,4.0,14.844999999999999,option,2020-03-03,309.0,2020-03-25,put,0.255668349834687,-0.662018610697045,
SPY,264.807444278818,300.239990234375,stock,2020-03-03,,,,,,
SPY,4.0,15.395,option,2020-03-03,310.0,2020-03-25,put,0.255668349834687,-0.680627334146475,
SPY,272.25093365859,300.239990234375,stock,2020-03-03,,,,,,
SPY,4.0,15.79,option,2020-03-03,311.0,2020-03-25,put,0.255668349834687,-0.6987341122505256,
SPY,279.49364490021026,300.239990234375,stock,2020-03-03,,,,,,
SPY,4.0,16.560000000000002,option,2020-03-03,312.0,2020-03-25,put,0.255668349834687,-0.7163077901406647,
SPY,286.5231160562659,300.239990234375,stock,2020-03-03,,,,,,
SPY,-666.5329574514358,300.239990234375,stock,2020-03-03,,,,,,
SPY,-2.0,6.1,option,2020-03-04,298.0,2020-04-03,put,0.2567970806086128,-0.23572598116802967,0.8486706433962089
SPY,-47.14519623360594,312.8599853515625,stock,2020-03-04,,,,,,
SPY,-2.0,6.1,option,2020-03-04,298.0,2020-04-03,put,0.2567970806086128,-0.23572598116802967,0.8486706433962089
SPY,-47.14519623360594,312.8599853515625,stock,2020-03-04,,,,,,
SPY,2.0,1.72,option,2020-03-04,328.0,2020-04-03,call,0.2567970806086128,0.2800259369110052,-0.5530459961317091
SPY,-56.005187382201036,312.8599853515625,stock,2020-03-04,,,,,,
SPY,2.0,1.72,option,2020-03-04,328.0,2020-04-03,call,0.2567970806086128,0.2800259369110052,-0.5530459961317091
SPY,-56.005187382201036,312.8599853515625,stock,2020-03-04,,,,,,
SPY,2.0,1.835,option,2020-03-04,327.5,2020-04-03,call,0.2567970806086128,0.2870434064766695,-0.5386694453452835
SPY,-57.4086812953339,312.8599853515625,stock,2020-03-04,,,,,,
SPY,2.0,1.835,option,2020-03-04,327.5,2020-04-03,call,0.2567970806086128,0.2870434064766695,-0.5386694453452835
SPY,-57.4086812953339,312.8599853515625,stock,2020-03-04,,,,,,
SPY,2.0,1.96,option,2020-03-04,327.0,2020-04-03,call,0.2567970806086128,0.2941539885797892,-0.5231553945594394
SPY,-58.830797715957836,312.8599853515625,stock,2020-03-04,,,,,,
SPY,2.0,1.96,option,2020-03-04,327.0,2020-04-03,call,0.2567970806086128,0.2941539885797892,-0.5231553945594394
SPY,-58.830797715957836,312.8599853515625,stock,2020-03-04,,,,,,
SPY,445.6307919341777,312.8599853515625,stock,2020-03-04,,,,,,
SPY,-238.33777154547056,302.4599914550781,stock,2020-03-05,,,,,,
SPY,-208.74374881809806,297.4599914550781,stock,2020-03-06,,,,,,
SPY,4.0,25.4,option,2020-03-09,296.0,2020-03-27,put,0.2659955745661323,-0.8963397623200055,
SPY,358.5359049280022,274.2300109863281,stock,2020-03-09,,,,,,
SPY,4.0,26.085,option,2020-03-09,297.0,2020-03-27,put,0.2659955745661323,-0.9062589694962031,
SPY,362.50358779848125,274.2300109863281,stock,2020-03-09,,,,,,
SPY,8.0,26.445,option,2020-03-09,297.5,2020-03-27,put,0.2659955745661323,-0.9109359170985126,
SPY,728.7487336788101,274.2300109863281,stock,2020-03-09,,,,,,
SPY,4.0,27.72,option,2020-03-09,298.0,2020-04-03,put,0.2659955745661323,-0.8761686351481957,
SPY,350.4674540592783,274.2300109863281,stock,2020-03-09,,,,,,
SPY,-2.0,12.094999999999999,option,2020-03-09,265.0,2020-04-08,put,0.2659955745661323,-0.30549884737791544,1.8450217237624227
SPY,-61.09976947558309,274.2300109863281,stock,2020-03-09,,,,,,
SPY,-2.0,12.094999999999999,option,2020-03-09,265.0,2020-04-08,put,0.2659955745661323,-0.30549884737791544,1.8450217237624227
SPY,-61.09976947558309,274.2300109863281,stock,2020-03-09,,,,,,
SPY,-2.0,13.92,option,2020-03-09,270.0,2020-04-08,put,0.2659955745661323,-0.3960692708633712,1.2663295664693497
SPY,-79.21385417267423,274.2300109863281,stock,2020-03-09,,,,,,
SPY,-2.0,13.92,option,2020-03-09,270.0,2020-04-08,put,0.2659955745661323,-0.3960692708633712,1.2663295664693497
SPY,-79.21385417267423,274.2300109863281,stock,2020-03-09,,,,,,
SPY,-2.0,14.315000000000001,option,2020-03-09,271.0,2020-04-08,put,0.2659955745661323,-0.41486158324570355,1.1766461021292036
SPY,-82.97231664914071,274.2300109863281,stock,2020-03-09,,,,,,
SPY,-2.0,14.315000000000001,option,2020-03-09,271.0,2020-04-08,put,0.2659955745661323,-0.41486158324570355,1.1766461021292036
SPY,-82.97231664914071,274.2300109863281,stock,2020-03-09,,,,,,
SPY,-2.0,14.7,option,2020-03-09,272.0,2020-04-08,put,0.2659955745661323,-0.43378054998487015,1.090961748866259
SPY,-86.75610999697403,274.2300109863281,stock,2020-03-09,,,,,,
SPY,-2.0,14.7,option,2020-03-09,272.0,2020-04-08,put,0.2659955745661323,-0.43378054998487015,1.090961748866259
SPY,-86.75610999697403,274.2300109863281,stock,2020-03-09,,,,,,
SPY,-2.0,15.100000000000001,option,2020-03-09,273.0,2020-04-08,put,0.2659955745661323,-0.45278226497019114,1.012527483209833
SPY,-90.55645299403822,274.2300109863281,stock,2020-03-09,,,,,,
SPY,-2.0,15.100000000000001,option,2020-03-09,273.0,2020-04-08,put,0.2659955745661323,-0.45278226497019114,1.012527483209833
SPY,-90.55645299403822,274.2300109863281,stock,2020-03-09,,,,,,
SPY,-749.7027315742516,274.2300109863281,stock,2020-03-09,,,,,,
SPY,-2.0,10.2,option,2020-03-10,274.0,2020-04-09,put,0.33586804923654245,-0.27496223891157145,1.0633439711719885
SPY,-54.992447782314294,288.4200134277344,stock,2020-03-10,,,,,,
SPY,-2.0,10.2,option,2020-03-10,274.0,2020-04-09,put,0.33586804923654245,-0.27496223891157145,1.0633439711719885
SPY,-54.992447782314294,288.4200134277344,stock,2020-03-10,,,,,,
SPY,-2.0,10.5,option,2020-03-10,275.0,2020-04-09,put,0.33586804923654245,-0.28772610810143484,0.9971106500747259
SPY,-57.545221620286966,288.4200134277344,stock,2020-03-10,,,,,,
SPY,-2.0,10.5,option,2020-03-10,275.0,2020-04-09,put,0.33586804923654245,-0.28772610810143484,0.9971106500747259
SPY,-57.545221620286966,288.4200134277344,stock,2020-03-10,,,,,,
SPY,-2.0,10.82,option,2020-03-10,276.0,2020-04-09,put,0.33586804923654245,-0.3007154727306658,0.9372400314030249
SPY,-60.143094546133156,288.4200134277344,stock,2020-03-10,,,,,,
SPY,-2.0,10.82,option,2020-03-10,276.0,2020-04-09,put,0.33586804923654245,-0.3007154727306658,0.9372400314030249
SPY,-60.143094546133156,288.4200134277344,stock,2020-03-10,,,,,,
SPY,414.33411288964004,288.4200134277344,stock,2020-03-10,,,,,,
SPY,-645.8763327768029,274.3599853515625,stock,2020-03-11,,,,,,
SPY,4.0,31.665,option,2020-03-12,270.0,2020-04-08,put,0.4457416301691597,-0.7373304573545137,
SPY,294.9321829418055,248.11000061035156,stock,2020-03-12,,,,,,
SPY,4.0,32.25,option,2020-03-12,271.0,2020-04-08,put,0.4457416301691597,-0.7471765019779907,
SPY,298.8706007911963,248.11000061035156,stock,2020-03-12,,,,,,
SPY,4.0,32.85,option,2020-03-12,272.0,2020-04-08,put,0.4457416301691597,-0.7567895559393661,
SPY,302.7158223757465,248.11000061035156,stock,2020-03-12,,,,,,
SPY,4.0,33.459999999999994,option,2020-03-12,273.0,2020-04-08,put,0.4457416301691597,-0.7661673151287761,
SPY,306.4669260515104,248.11000061035156,stock,2020-03-12,,,,,,
SPY,4.0,34.32,option,2020-03-12,274.0,2020-04-09,put,0.4457416301691597,-0.7705157798596589,
SPY,308.20631194386357,248.11000061035156,stock,2020-03-12,,,,,,
SPY,4.0,34.94,option,2020-03-12,275.0,2020-04-09,put,0.4457416301691597,-0.7793662777744937,
SPY,311.7465111097975,248.11000061035156,stock,2020-03-12,,,,,,
SPY,4.0,35.575,option,2020-03-12,276.0,2020-04-09,put,0.4457416301691597,-0.7879869081315616,
SPY,315.1947632526246,248.11000061035156,stock,2020-03-12,,,,,,
SPY,-1064.0981364131471,248.11000061035156,stock,2020-03-12,,,,,,
SPY,164.22248281627722,269.32000732421875,stock,2020-03-13,,,,,,
SPY,-2.0,16.875,option,2020-03-16,230.0,2020-04-15,put,0.4503589015924995,-0.34381437938291937,1.2060512620850303
SPY,-68.76287587658388,239.85000610351562,stock,2020-03-16,,,,,,
SPY,-2.0,16.875,option,2020-03-16,230.0,2020-04-15,put,0.4503589015924995,-0.34381437938291937,1.2060512620850303
SPY,-68.76287587658388,239.85000610351562,stock,2020-03-16,,,,,,
SPY,-2.0,15.875,option,2020-03-16,251.0,2020-04-15,call,0.4503589015924995,0.391795477465128,0.9914821859072557
SPY,78.35909549302559,239.85000610351562,stock,2020-03-16,,,,,,
SPY,-2.0,15.875,option,2020-03-16,251.0,2020-04-15,call,0.4503589015924995,0.391795477465128,0.9914821859072557
SPY,78.35909549302559,239.85000610351562,stock,2020-03-16,,,,,,
SPY,-2.0,16.380000000000003,option,2020-03-16,250.0,2020-04-15,call,0.4503589015924995,0.403722355227945,0.968802855687315
SPY,80.744471045589,239.85000610351562,stock,2020-03-16,,,,,,
SPY,-2.0,16.380000000000003,option,2020-03-16,250.0,2020-04-15,call,0.4503589015924995,0.403722355227945,0.968802855687315
SPY,80.744471045589,239.85000610351562,stock,2020-03-16,,,,,,
SPY,-2.0,16.89,option,2020-03-16,249.0,2020-04-15,call,0.4503589015924995,0.41578777321348387,0.9459391644167854
SPY,83.15755464269678,239.85000610351562,stock,2020-03-16,,,,,,
SPY,-2.0,16.89,option,2020-03-16,249.0,2020-04-15,call,0.4503589015924995,0.41578777321348387,0.9459391644167854
SPY,83.15755464269678,239.85000610351562,stock,2020-03-16,,,,,,
SPY,-2.0,18.845,option,2020-03-16,235.0,2020-04-15,put,0.4503589015924995,-0.40690747627716195,0.9286975224769837
SPY,-81.38149525543238,239.85000610351562,stock,2020-03-16,,,,,,
SPY,-2.0,18.845,option,2020-03-16,235.0,2020-04-15,put,0.4503589015924995,-0.40690747627716195,0.9286975224769837
SPY,-81.38149525543238,239.85000610351562,stock,2020-03-16,,,,,,
SPY,-220.83325933286645,239.85000610351562,stock,2020-03-16,,,,,,
SPY,378.44584404713294,252.8000030517578,stock,2020-03-17,,,,,,
SPY,4.0,30.619999999999997,option,2020-03-18,265.0,2020-04-08,put,0.46540353355050734,-0.7972436603607651,
SPY,318.897464144306,240.0,stock,2020-03-18,,,,,,
SPY,-2.0,15.58,option,2020-03-18,228.0,2020-04-17,put,0.46540353355050734,-0.32151621334073655,1.1597559642653348
SPY,-64.3032426681473,240.0,stock,2020-03-18,,,,,,
SPY,-2.0,15.58,option,2020-03-18,228.0,2020-04-17,put,0.46540353355050734,-0.32151621334073655,1.1597559642653348
SPY,-64.3032426681473,240.0,stock,2020-03-18,,,,,,
SPY,-2.0,15.934999999999999,option,2020-03-18,229.0,2020-04-17,put,0.46540353355050734,-0.3333565718060596,1.0994543304849578
SPY,-66.67131436121193,240.0,stock,2020-03-18,,,,,,
SPY,-2.0,15.934999999999999,option,2020-03-18,229.0,2020-04-17,put,0.46540353355050734,-0.3333565718060596,1.0994543304849578
SPY,-66.67131436121193,240.0,stock,2020-03-18,,,,,,
SPY,-2.0,16.29,option,2020-03-18,230.0,2020-04-17,put,0.46540353355050734,-0.3453126786346653,1.0416533059386783
SPY,-69.06253572693306,240.0,stock,2020-03-18,,,,,,
SPY,-2.0,16.29,option,2020-03-18,230.0,2020-04-17,put,0.46540353355050734,-0.3453126786346653,1.0416533059386783
SPY,-69.06253572693306,240.0,stock,2020-03-18,,,,,,
SPY,-333.06812983483735,240.0,stock,2020-03-18,,,,,,
SPY,19.974710150492854,240.50999450683594,stock,2020-03-19,,,,,,
SPY,4.0,15.030000000000001,option,2020-03-20,230.0,2020-04-15,put,0.4703608089411323,-0.49165797422313995,
SPY,196.66318968925597,228.8000030517578,stock,2020-03-20,,,,,,
SPY,4.0,4.71,option,2020-03-20,251.0,2020-04-15,call,0.4703608089411323,0.2498100079933933,
SPY,-99.92400319735732,228.8000030517578,stock,2020-03-20,,,,,,
SPY,4.0,5.035,option,2020-03-20,250.0,2020-04-15,call,0.4703608089411323,0.26001856769358195,
SPY,-104.00742707743278,228.8000030517578,stock,2020-03-20,,,,,,
SPY,4.0,5.375,option,2020-03-20,249.0,2020-04-15,call,0.4703608089411323,0.2704802671303199,
SPY,-108.19210685212796,228.8000030517578,stock,2020-03-20,,,,,,
SPY,4.0,17.295,option,2020-03-20,235.0,2020-04-15,put,0.4703608089411323,-0.5597762464357394,
SPY,223.91049857429576,228.8000030517578,stock,2020-03-20,,,,,,
SPY,4.0,15.55,option,2020-03-20,230.0,2020-04-17,put,0.4703608089411323,-0.490111225640955,
SPY,196.044490256382,228.8000030517578,stock,2020-03-20,,,,,,
SPY,-469.2609170556956,228.8000030517578,stock,2020-03-20,,,,,,
SPY,4.0,16.130000000000003,option,2020-03-23,228.0,2020-04-17,put,0.4737582546198433,-0.5473124038731993,
SPY,218.92496154927974,222.9499969482422,stock,2020-03-23,,,,,,
SPY,4.0,16.630000000000003,option,2020-03-23,229.0,2020-04-17,put,0.4737582546198433,-0.561262422984991,
SPY,224.50496919399637,222.9499969482422,stock,2020-03-23,,,,,,
SPY,-67.16630904983808,222.9499969482422,stock,2020-03-23,,,,,,
SPY,-2.0,10.5,option,2020-03-30,249.0,2020-04-29,put,0.35937730369210885,-0.29169375823019794,1.0119461611094054
SPY,-58.33875164603959,261.6499938964844,stock,2020-03-30,,,,,,
SPY,-2.0,10.5,option,2020-03-30,249.0,2020-04-29,put,0.35937730369210885,-0.29169375823019794,1.0119461611094054
SPY,-58.33875164603959,261.6499938964844,stock,2020-03-30,,,,,,
SPY,-2.0,10.79,option,2020-03-30,250.0,2020-04-29,put,0.35937730369210885,-0.3051861990504131,0.9429681047409676
SPY,-61.037239810082625,261.6499938964844,stock,2020-03-30,,,,,,
SPY,-2.0,10.79,option,2020-03-30,250.0,2020-04-29,put,0.35937730369210885,-0.3051861990504131,0.9429681047409676
SPY,-61.037239810082625,261.6499938964844,stock,2020-03-30,,,,,,
SPY,-2.0,11.085,option,2020-03-30,251.0,2020-04-29,put,0.35937730369210885,-0.3188932627209895,0.8781367810147115
SPY,-63.7786525441979,261.6499938964844,stock,2020-03-30,,,,,,
SPY,-2.0,11.085,option,2020-03-30,251.0,2020-04-29,put,0.35937730369210885,-0.3188932627209895,0.8781367810147115
SPY,-63.7786525441979,261.6499938964844,stock,2020-03-30,,,,,,
SPY,-2.0,11.385000000000002,option,2020-03-30,252.0,2020-04-29,put,0.35937730369210885,-0.3327966439149358,0.8171558830017392
SPY,-66.55932878298717,261.6499938964844,stock,2020-03-30,,,,,,
SPY,-2.0,11.385000000000002,option,2020-03-30,252.0,2020-04-29,put,0.35937730369210885,-0.3327966439149358,0.8171558830017392
SPY,-66.55932878298717,261.6499938964844,stock,2020-03-30,,,,,,
SPY,-9.00035645731134,261.6499938964844,stock,2020-03-30,,,,,,
SPY,-83.29292664152013,257.75,stock,2020-03-31,,,,,,
SPY,-2.0,10.855,option,2020-04-01,234.0,2020-05-01,put,0.35447568473458935,-0.2860051327384503,1.3043649340887278
SPY,-57.20102654769006,246.14999389648438,stock,2020-04-01,,,,,,
SPY,-2.0,10.855,option,2020-04-01,234.0,2020-05-01,put,0.35447568473458935,-0.2860051327384503,1.3043649340887278
SPY,-57.20102654769006,246.14999389648438,stock,2020-04-01,,,,,,
SPY,-2.0,11.175,option,2020-04-01,235.0,2020-05-01,put,0.35447568473458935,-0.300441455372634,1.217626961393907
SPY,-60.0882910745268,246.14999389648438,stock,2020-04-01,,,,,,
SPY,-2.0,11.175,option,2020-04-01,235.0,2020-05-01,put,0.35447568473458935,-0.300441455372634,1.217626961393907
SPY,-60.0882910745268,246.14999389648438,stock,2020-04-01,,,,,,
SPY,-2.0,11.504999999999999,option,2020-04-01,236.0,2020-05-01,put,0.35447568473458935,-0.31513482418081984,1.1372947818677244
SPY,-63.02696483616397,246.14999389648438,stock,2020-04-01,,,,,,
SPY,-2.0,11.504999999999999,option,2020-04-01,236.0,2020-05-01,put,0.35447568473458935,-0.31513482418081984,1.1372947818677244
SPY,-63.02696483616397,246.14999389648438,stock,2020-04-01,,,,,,
SPY,-2.0,11.835,option,2020-04-01,237.0,2020-05-01,put,0.35447568473458935,-0.3300626718911608,1.061047753312478
SPY,-66.01253437823216,246.14999389648438,stock,2020-04-01,,,,,,
SPY,-2.0,11.835,option,2020-04-01,237.0,2020-05-01,put,0.35447568473458935,-0.3300626718911608,1.061047753312478
SPY,-66.01253437823216,246.14999389648438,stock,2020-04-01,,,,,,
SPY,-2.0,12.175,option,2020-04-01,238.0,2020-05-01,put,0.35447568473458935,-0.345201556146,0.9903245428697367
SPY,-69.0403112292,246.14999389648438,stock,2020-04-01,,,,,,
SPY,-2.0,12.175,option,2020-04-01,238.0,2020-05-01,put,0.35447568473458935,-0.345201556146,0.9903245428697367
SPY,-69.0403112292,246.14999389648438,stock,2020-04-01,,,,,,
SPY,-2.0,12.524999999999999,option,2020-04-01,239.0,2020-05-01,put,0.35447568473458935,-0.36052728323199545,0.9246382118906485
SPY,-72.10545664639909,246.14999389648438,stock,2020-04-01,,,,,,
SPY,-2.0,12.524999999999999,option,2020-04-01,239.0,2020-05-01,put,0.35447568473458935,-0.36052728323199545,0.9246382118906485
SPY,-72.10545664639909,246.14999389648438,stock,2020-04-01,,,,,,
SPY,-2.0,12.885000000000002,option,2020-04-01,240.0,2020-05-01,put,0.35447568473458935,-0.3760150355539249,0.8635534487460259
SPY,-75.20300711078498,246.14999389648438,stock,2020-04-01,,,,,,
SPY,-2.0,12.885000000000002,option,2020-04-01,240.0,2020-05-01,put,0.35447568473458935,-0.3760150355539249,0.8635534487460259
SPY,-75.20300711078498,246.14999389648438,stock,2020-04-01,,,,,,
SPY,-304.0792334572847,246.14999389648438,stock,2020-04-01,,,,,,
SPY,4.0,11.44,option,2020-04-02,249.0,2020-04-29,put,0.46880097922921826,-0.43929200079127917,
SPY,175.71680031651167,251.8300018310547,stock,2020-04-02,,,,,,
SPY,4.0,11.805,option,2020-04-02,250.0,2020-04-29,put,0.46880097922921826,-0.45171481939619296,
SPY,180.6859277584772,251.8300018310547,stock,2020-04-02,,,,,,
SPY,4.0,12.18,option,2020-04-02,251.0,2020-04-29,put,0.46880097922921826,-0.4641352444889474,
SPY,185.65409779557896,251.8300018310547,stock,2020-04-02,,,,,,
SPY,4.0,12.555,option,2020-04-02,252.0,2020-04-29,put,0.46880097922921826,-0.47654114430969885,
SPY,190.61645772387953,251.8300018310547,stock,2020-04-02,,,,,,
SPY,4.0,8.05,option,2020-04-02,236.0,2020-05-01,put,0.46880097922921826,-0.2885007578248032,
SPY,115.40030312992128,251.8300018310547,stock,2020-04-02,,,,,,
SPY,4.0,8.309999999999999,option,2020-04-02,237.0,2020-05-01,put,0.46880097922921826,-0.299523491702131,
SPY,119.8093966808524,251.8300018310547,stock,2020-04-02,,,,,,
SPY,4.0,8.58,option,2020-04-02,238.0,2020-05-01,put,0.46880097922921826,-0.3106856437092671,
SPY,124.27425748370683,251.8300018310547,stock,2020-04-02,,,,,,
SPY,4.0,8.86,option,2020-04-02,239.0,2020-05-01,put,0.46880097922921826,-0.321976935668864,
SPY,128.7907742675456,251.8300018310547,stock,2020-04-02,,,,,,
SPY,4.0,9.145,option,2020-04-02,240.0,2020-05-01,put,0.46880097922921826,-0.33338684375770833,
SPY,133.35473750308333,251.8300018310547,stock,2020-04-02,,,,,,
SPY,288.8830560304955,251.8300018310547,stock,2020-04-02,,,,,,
SPY,4.0,7.199999999999999,option,2020-04-03,234.0,2020-05-01,put,0.4464084392511909,-0.29517024848660434,
SPY,118.06809939464173,248.19000244140625,stock,2020-04-03,,,,,,
SPY,4.0,7.46,option,2020-04-03,235.0,2020-05-01,put,0.4464084392511909,-0.30718244552421337,
SPY,122.87297820968534,248.19000244140625,stock,2020-04-03,,,,,,
SPY,-62.97124052565489,248.19000244140625,stock,2020-04-03,,,,,,
SPY,-2.0,7.119999999999999,option,2020-04-13,262.0,2020-05-13,put,0.29540057716012647,-0.25402447793154725,0.9173005341640783
SPY,-50.80489558630945,275.6600036621094,stock,2020-04-13,,,,,,
SPY,-2.0,7.119999999999999,option,2020-04-13,262.0,2020-05-13,put,0.29540057716012647,-0.25402447793154725,0.9173005341640783
SPY,-50.80489558630945,275.6600036621094,stock,2020-04-13,,,,,,
SPY,-2.0,7.380000000000001,option,2020-04-13,263.0,2020-05-13,put,0.29540057716012647,-0.26865166430671783,0.8437784262604706
SPY,-53.73033286134357,275.6600036621094,stock,2020-04-13,,,,,,
SPY,-2.0,7.380000000000001,option,2020-04-13,263.0,2020-05-13,put,0.29540057716012647,-0.26865166430671783,0.8437784262604706
SPY,-53.73033286134357,275.6600036621094,stock,2020-04-13,,,,,,
SPY,-4.569214133345653,275.6600036621094,stock,2020-04-13,,,,,,
SPY,82.7142165909934,283.7900085449219,stock,2020-04-14,,,,,,
SPY,-2.0,7.234999999999999,option,2020-04-15,264.0,2020-05-15,put,0.29560435828805615,-0.25421013395821723,0.9302658640376116
SPY,-50.84202679164345,277.760009765625,stock,2020-04-15,,,,,,
SPY,-2.0,7.234999999999999,option,2020-04-15,264.0,2020-05-15,put,0.29560435828805615,-0.25421013395821723,0.9302658640376116
SPY,-50.84202679164345,277.760009765625,stock,2020-04-15,,,,,,
SPY,-2.0,7.495,option,2020-04-15,265.0,2020-05-15,put,0.29560435828805615,-0.2687203731244693,0.8563752115256389
SPY,-53.744074624893855,277.760009765625,stock,2020-04-15,,,,,,
SPY,-2.0,7.495,option,2020-04-15,265.0,2020-05-15,put,0.29560435828805615,-0.2687203731244693,0.8563752115256389
SPY,-53.744074624893855,277.760009765625,stock,2020-04-15,,,,,,
SPY,-59.415393341871535,277.760009765625,stock,2020-04-15,,,,,,
SPY,34.26392469573271,279.1000061035156,stock,2020-04-16,,,,,,
SPY,143.72886355778067,286.6400146484375,stock,2020-04-17,,,,,,
SPY,-2.0,8.17,option,2020-04-20,268.0,2020-05-20,put,0.28752885398507766,-0.2542324775917615,1.2128598879070396
SPY,-50.8464955183523,281.5899963378906,stock,2020-04-20,,,,,,
SPY,-2.0,8.17,option,2020-04-20,268.0,2020-05-20,put,0.28752885398507766,-0.2542324775917615,1.2128598879070396
SPY,-50.8464955183523,281.5899963378906,stock,2020-04-20,,,,,,
SPY,-2.0,8.440000000000001,option,2020-04-20,269.0,2020-05-20,put,0.28752885398507766,-0.2689313201384014,1.1202643852424206
SPY,-53.786264027680275,281.5899963378906,stock,2020-04-20,,,,,,
SPY,-2.0,8.440000000000001,option,2020-04-20,269.0,2020-05-20,put,0.28752885398507766,-0.2689313201384014,1.1202643852424206
SPY,-53.786264027680275,281.5899963378906,stock,2020-04-20,,,,,,
SPY,-2.0,8.71,option,2020-04-20,270.0,2020-05-20,put,0.28752885398507766,-0.28398814220313484,1.0327705702773962
SPY,-56.797628440626966,281.5899963378906,stock,2020-04-20,,,,,,
SPY,-2.0,8.71,option,2020-04-20,270.0,2020-05-20,put,0.28752885398507766,-0.28398814220313484,1.0327705702773962
SPY,-56.797628440626966,281.5899963378906,stock,2020-04-20,,,,,,
SPY,-2.0,8.995000000000001,option,2020-04-20,271.0,2020-05-20,put,0.28752885398507766,-0.29937913386070536,0.9533843124322449
SPY,-59.875826772141075,281.5899963378906,stock,2020-04-20,,,,,,
SPY,-2.0,8.995000000000001,option,2020-04-20,271.0,2020-05-20,put,0.28752885398507766,-0.29937913386070536,0.9533843124322449
SPY,-59.875826772141075,281.5899963378906,stock,2020-04-20,,,,,,
SPY,-2.0,9.285,option,2020-04-20,272.0,2020-05-20,put,0.28752885398507766,-0.31507889299945124,0.8791667440942299
SPY,-63.01577859989025,281.5899963378906,stock,2020-04-20,,,,,,
SPY,-2.0,9.285,option,2020-04-20,272.0,2020-05-20,put,0.28752885398507766,-0.31507889299945124,0.8791667440942299
SPY,-63.01577859989025,281.5899963378906,stock,2020-04-20,,,,,,
SPY,-2.0,9.59,option,2020-04-20,273.0,2020-05-20,put,0.28752885398507766,-0.3310605697644531,0.8116173610612628
SPY,-66.21211395289062,281.5899963378906,stock,2020-04-20,,,,,,
SPY,-2.0,9.59,option,2020-04-20,273.0,2020-05-20,put,0.28752885398507766,-0.3310605697644531,0.8116173610612628
SPY,-66.21211395289062,281.5899963378906,stock,2020-04-20,,,,,,
SPY,-82.9001579920864,281.5899963378906,stock,2020-04-20,,,,,,
SPY,-528.8716999997112,273.0400085449219,stock,2020-04-21,,,,,,
SPY,410.545897341089,279.1000061035156,stock,2020-04-22,,,,,,
SPY,12.312409451747499,279.0799865722656,stock,2020-04-23,,,,,,
SPY,243.2926114175272,282.9700012207031,stock,2020-04-24,,,,,,
SPY,262.0126783503182,287.04998779296875,stock,2020-04-27,,,,,,
SPY,-40.95654651828937,285.7300109863281,stock,2020-04-28,,,,,,
SPY,313.8358547120039,293.2099914550781,stock,2020-04-29,,,,,,
SPY,-68.72895954838839,290.4800109863281,stock,2020-04-30,,,,,,
SPY,-330.0086419190582,282.7900085449219,stock,2020-05-01,,,,,,
SPY,-2.0,6.08,option,2020-05-04,270.0,2020-06-03,put,0.26221114692331005,-0.23830306716422078,0.9610890241264021
SPY,-47.66061343284416,283.57000732421875,stock,2020-05-04,,,,,,
SPY,-2.0,6.08,option,2020-05-04,270.0,2020-06-03,put,0.26221114692331005,-0.23830306716422078,0.9610890241264021
SPY,-47.66061343284416,283.57000732421875,stock,2020-05-04,,,,,,
SPY,-1.0,6.33,option,2020-05-04,271.0,2020-06-03,put,0.26221114692331005,-0.2537952816752359,0.8782460586253352
SPY,-25.379528167523592,283.57000732421875,stock,2020-05-04,,,,,,
SPY,124.10979488553032,283.57000732421875,stock,2020-05-04,,,,,,
SPY,180.22866048018437,286.19000244140625,stock,2020-05-05,,,,,,
SPY,-72.25828074186091,284.25,stock,2020-05-06,,,,,,
SPY,206.1182697322599,287.67999267578125,stock,2020-05-07,,,,,,
SPY,190.90423066832872,292.44000244140625,stock,2020-05-08,,,,,,
SPY,2.0,1.53,option,2020-05-11,307.0,2020-06-10,call,0.24509656486154247,0.2643365434547825,-0.5198193795680508
SPY,-52.867308690956506,292.5,stock,2020-05-11,,,,,,
SPY,2.0,1.53,option,2020-05-11,307.0,2020-06-10,call,0.24509656486154247,0.2643365434547825,-0.5198193795680508
SPY,-52.867308690956506,292.5,stock,2020-05-11,,,,,,
SPY,73.6582544582659,292.5,stock,2020-05-11,,,,,,
SPY,-102.73756201896339,286.6700134277344,stock,2020-05-12,,,,,,
SPY,-2.0,5.915,option,2020-05-13,268.0,2020-06-12,put,0.25867827949166944,-0.2336974930130531,0.9991774873041634
SPY,-46.73949860261062,281.6000061035156,stock,2020-05-13,,,,,,
SPY,-2.0,5.915,option,2020-05-13,268.0,2020-06-12,put,0.25867827949166944,-0.2336974930130531,0.9991774873041634
SPY,-46.73949860261062,281.6000061035156,stock,2020-05-13,,,,,,
SPY,-2.0,6.155,option,2020-05-13,269.0,2020-06-12,put,0.25867827949166944,-0.24936051759960143,0.9094217135472868
SPY,-49.87210351992029,281.6000061035156,stock,2020-05-13,,,,,,
SPY,-2.0,6.155,option,2020-05-13,269.0,2020-06-12,put,0.25867827949166944,-0.24936051759960143,0.9094217135472868
SPY,-49.87210351992029,281.6000061035156,stock,2020-05-13,,,,,,
SPY,-184.65363283101908,281.6000061035156,stock,2020-05-13,,,,,,
SPY,241.6365114348755,284.9700012207031,stock,2020-05-14,,,,,,
SPY,101.09264991312915,286.2799987792969,stock,2020-05-15,,,,,,
SPY,198.34936815946617,295.0,stock,2020-05-18,,,,,,
SPY,-1.3694016803847546,291.9700012207031,stock,2020-05-19,,,,,,
SPY,17.347970310608588,296.92999267578125,stock,2020-05-20,,,,,,
SPY,-4.0,1.42,option,2020-05-21,307.0,2020-06-10,call,0.21391223487497021,0.21823470150252416,
SPY,87.29388060100966,294.8800048828125,stock,2020-05-21,,,,,,
SPY,21.03635142108516,294.8800048828125,stock,2020-05-21,,,,,,
SPY,10.315435301976294,295.44000244140625,stock,2020-05-22,,,,,,
SPY,38.529103214984005,299.0799865722656,stock,2020-05-26,,,,,,
SPY,-2.0,4.210000000000001,option,2020-05-27,289.0,2020-06-26,put,0.2122114807093208,-0.19386944470933576,1.0642210638153897
SPY,-38.77388894186715,303.5299987792969,stock,2020-05-27,,,,,,
SPY,-2.0,4.210000000000001,option,2020-05-27,289.0,2020-06-26,put,0.2122114807093208,-0.19386944470933576,1.0642210638153897
SPY,-38.77388894186715,303.5299987792969,stock,2020-05-27,,,,,,
SPY,-2.0,4.41,option,2020-05-27,290.0,2020-06-26,put,0.2122114807093208,-0.2098480381667014,0.952620156879927
SPY,-41.969607633340274,303.5299987792969,stock,2020-05-27,,,,,,
SPY,-2.0,4.41,option,2020-05-27,290.0,2020-06-26,put,0.2122114807093208,-0.2098480381667014,0.952620156879927
SPY,-41.969607633340274,303.5299987792969,stock,2020-05-27,,,,,,
SPY,-2.0,4.609999999999999,option,2020-05-27,291.0,2020-06-26,put,0.2122114807093208,-0.22651668233613087,0.84800324271161
SPY,-45.303336467226174,303.5299987792969,stock,2020-05-27,,,,,,
SPY,-2.0,4.609999999999999,option,2020-05-27,291.0,2020-06-26,put,0.2122114807093208,-0.22651668233613087,0.84800324271161
SPY,-45.303336467226174,303.5299987792969,stock,2020-05-27,,,,,,
SPY,4.213175494173825,303.5299987792969,stock,2020-05-27,,,,,,
SPY,-5.59310764985554,302.9700012207031,stock,2020-05-28,,,,,,
SPY,33.41228392650774,304.32000732421875,stock,2020-05-29,,,,,,
SPY,-2.0,4.42,option,2020-06-01,291.0,2020-07-01,put,0.21201907691598584,-0.19486240570808566,1.140803658066422
SPY,-38.97248114161713,305.54998779296875,stock,2020-06-01,,,,,,
SPY,-2.0,4.42,option,2020-06-01,291.0,2020-07-01,put,0.21201907691598584,-0.19486240570808566,1.140803658066422
SPY,-38.97248114161713,305.54998779296875,stock,2020-06-01,,,,,,
SPY,-2.0,4.625,option,2020-06-01,292.0,2020-07-01,put,0.21201907691598584,-0.2107913709749103,1.0243905443986239
SPY,-42.158274194982056,305.54998779296875,stock,2020-06-01,,,,,,
SPY,-2.0,4.625,option,2020-06-01,292.0,2020-07-01,put,0.21201907691598584,-0.2107913709749103,1.0243905443986239
SPY,-42.158274194982056,305.54998779296875,stock,2020-06-01,,,,,,
SPY,-2.0,4.84,option,2020-06-01,293.0,2020-07-01,put,0.21201907691598584,-0.22740105900968755,0.9193725780305624
SPY,-45.48021180193751,305.54998779296875,stock,2020-06-01,,,,,,
SPY,-2.0,4.84,option,2020-06-01,293.0,2020-07-01,put,0.21201907691598584,-0.22740105900968755,0.9193725780305624
SPY,-45.48021180193751,305.54998779296875,stock,2020-06-01,,,,,,
SPY,-2.0,5.0649999999999995,option,2020-06-01,294.0,2020-07-01,put,0.21201907691598584,-0.2446635004934845,0.8243440881610333
SPY,-48.9327000986969,305.54998779296875,stock,2020-06-01,,,,,,
SPY,-2.0,5.0649999999999995,option,2020-06-01,294.0,2020-07-01,put,0.21201907691598584,-0.2446635004934845,0.8243440881610333
SPY,-48.9327000986969,305.54998779296875,stock,2020-06-01,,,,,,
SPY,28.979038099396746,305.54998779296875,stock,2020-06-01,,,,,,
SPY,-2.0,4.09,option,2020-06-02,293.0,2020-07-02,put,0.21072216567636182,-0.1872281604105216,1.0808699887106221
SPY,-37.44563208210432,308.0799865722656,stock,2020-06-02,,,,,,
SPY,114.41424557746296,308.0799865722656,stock,2020-06-02,,,,,,
SPY,160.79890395746315,312.17999267578125,stock,2020-06-03,,,,,,
SPY,-13.576750960509848,311.3599853515625,stock,2020-06-04,,,,,,
SPY,202.821042477764,319.3399963378906,stock,2020-06-05,,,,,,
SPY,72.5330150239598,323.20001220703125,stock,2020-06-08,,,,,,
SPY,-17.006475515532003,320.7900085449219,stock,2020-06-09,,,,,,
SPY,-2.0,4.5600000000000005,option,2020-06-10,304.0,2020-07-10,put,0.2149038940393989,-0.2006729935349676,1.0089708195202545
SPY,-40.134598706993515,319.0,stock,2020-06-10,,,,,,
SPY,-2.0,4.5600000000000005,option,2020-06-10,304.0,2020-07-10,put,0.2149038940393989,-0.2006729935349676,1.0089708195202545
SPY,-40.134598706993515,319.0,stock,2020-06-10,,,,,,
SPY,-1.0,4.765000000000001,option,2020-06-10,305.0,2020-07-10,put,0.2149038940393989,-0.215958226786233,0.9091940757697696
SPY,-21.5958226786233,319.0,stock,2020-06-10,,,,,,
SPY,-16.671997905902515,319.0,stock,2020-06-10,,,,,,
SPY,-828.2541236715515,300.6099853515625,stock,2020-06-11,,,,,,
SPY,4.0,10.815000000000001,option,2020-06-12,304.0,2020-07-10,put,0.2867759471857612,-0.48011836109142214,
SPY,192.04734443656886,304.2099914550781,stock,2020-06-12,,,,,,
SPY,1.0,11.235,option,2020-06-12,305.0,2020-07-10,put,0.2867759471857612,-0.4966049955258782,
SPY,49.66049955258782,304.2099914550781,stock,2020-06-12,,,,,,
SPY,275.6124381617649,304.2099914550781,stock,2020-06-12,,,,,,
SPY,-2.0,5.745,option,2020-06-15,292.0,2020-07-15,put,0.25343074378610303,-0.22642922782834396,0.8960101698138698
SPY,-45.285845565668794,307.04998779296875,stock,2020-06-15,,,,,,
SPY,-2.0,5.745,option,2020-06-15,292.0,2020-07-15,put,0.25343074378610303,-0.22642922782834396,0.8960101698138698
SPY,-45.285845565668794,307.04998779296875,stock,2020-06-15,,,,,,
SPY,-2.0,5.975,option,2020-06-15,293.0,2020-07-15,put,0.25343074378610303,-0.2408398361638373,0.8182909875478734
SPY,-48.16796723276746,307.04998779296875,stock,2020-06-15,,,,,,
SPY,-2.0,5.975,option,2020-06-15,293.0,2020-07-15,put,0.25343074378610303,-0.2408398361638373,0.8182909875478734
SPY,-48.16796723276746,307.04998779296875,stock,2020-06-15,,,,,,
SPY,194.0373261167651,307.04998779296875,stock,2020-06-15,,,,,,
SPY,254.08356037092477,312.9599914550781,stock,2020-06-16,,,,,,
SPY,-2.0,5.87,option,2020-06-17,297.0,2020-07-17,put,0.25252349433541943,-0.23440445006400945,0.8306596900597076
SPY,-46.88089001280189,311.6600036621094,stock,2020-06-17,,,,,,
SPY,-1.0,5.87,option,2020-06-17,297.0,2020-07-17,put,0.25252349433541943,-0.23440445006400945,0.8306596900597076
SPY,-23.440445006400946,311.6600036621094,stock,2020-06-17,,,,,,
SPY,-20.90746692003782,311.6600036621094,stock,2020-06-17,,,,,,
SPY,24.84974783111832,311.7799987792969,stock,2020-06-18,,,,,,
SPY,-95.22932967255521,308.6400146484375,stock,2020-06-19,,,,,,
SPY,-1.0,4.9,option,2020-06-22,296.0,2020-07-22,put,0.21395142135263134,-0.1994868995359006,1.244218762538141
SPY,-19.94868995359006,310.6199951171875,stock,2020-06-22,,,,,,
SPY,141.86910357205045,310.6199951171875,stock,2020-06-22,,,,,,
SPY,57.321653851881045,312.04998779296875,stock,2020-06-23,,,,,,
SPY,-274.50875811854087,304.0899963378906,stock,2020-06-24,,,,,,
SPY,178.42172940391535,307.3500061035156,stock,2020-06-25,,,,,,
SPY,-372.5067148199926,300.04998779296875,stock,2020-06-26,,,,,,
SPY,-2.0,4.875,option,2020-06-29,290.0,2020-07-29,put,0.2308236461603706,-0.2138214308809543,0.9258116424238334
SPY,-42.76428617619086,304.4599914550781,stock,2020-06-29,,,,,,
SPY,-2.0,4.875,option,2020-06-29,290.0,2020-07-29,put,0.2308236461603706,-0.2138214308809543,0.9258116424238334
SPY,-42.76428617619086,304.4599914550781,stock,2020-06-29,,,,,,
SPY,-2.0,5.095,option,2020-06-29,291.0,2020-07-29,put,0.2308236461603706,-0.22928217277679386,0.8375793569272163
SPY,-45.856434555358774,304.4599914550781,stock,2020-06-29,,,,,,
SPY,-2.0,5.095,option,2020-06-29,291.0,2020-07-29,put,0.2308236461603706,-0.22928217277679386,0.8375793569272163
SPY,-45.856434555358774,304.4599914550781,stock,2020-06-29,,,,,,
SPY,382.6449507524503,304.4599914550781,stock,2020-06-29,,,,,,
SPY,150.04850395011357,308.3599853515625,stock,2020-06-30,,,,,,
SPY,70.59839477109472,310.5199890136719,stock,2020-07-01,,,,,,
SPY,52.93584434190042,312.2300109863281,stock,2020-07-02,,,,,,
SPY,-2.0,4.050000000000001,option,2020-07-06,302.0,2020-08-05,put,0.20862378654122998,-0.19201446722179472,0.9587152884358173
SPY,-38.402893444358945,317.04998779296875,stock,2020-07-06,,,,,,
SPY,-2.0,4.050000000000001,option,2020-07-06,302.0,2020-08-05,put,0.20862378654122998,-0.19201446722179472,0.9587152884358173
SPY,-38.402893444358945,317.04998779296875,stock,2020-07-06,,,,,,
SPY,-2.0,4.234999999999999,option,2020-07-06,303.0,2020-08-05,put,0.20862378654122998,-0.20747150718054908,0.8540748508060766
SPY,-41.494301436109815,317.04998779296875,stock,2020-07-06,,,,,,
SPY,-2.0,4.234999999999999,option,2020-07-06,303.0,2020-08-05,put,0.20862378654122998,-0.20747150718054908,0.8540748508060766
SPY,-41.494301436109815,317.04998779296875,stock,2020-07-06,,,,,,
SPY,124.75123278561054,317.04998779296875,stock,2020-07-06,,,,,,
SPY,-73.48695721356603,313.7799987792969,stock,2020-07-07,,,,,,
SPY,-2.0,4.234999999999999,option,2020-07-08,301.0,2020-08-07,put,0.2009334808313911,-0.18103101483717599,1.3012501371735183
SPY,-36.206202967435196,316.17999267578125,stock,2020-07-08,,,,,,
SPY,-2.0,4.234999999999999,option,2020-07-08,301.0,2020-08-07,put,0.2009334808313911,-0.18103101483717599,1.3012501371735183
SPY,-36.206202967435196,316.17999267578125,stock,2020-07-08,,,,,,
SPY,-2.0,4.42,option,2020-07-08,302.0,2020-08-07,put,0.2009334808313911,-0.19658954249091076,1.161710993566352
SPY,-39.31790849818215,316.17999267578125,stock,2020-07-08,,,,,,
SPY,-2.0,4.42,option,2020-07-08,302.0,2020-08-07,put,0.2009334808313911,-0.19658954249091076,1.161710993566352
SPY,-39.31790849818215,316.17999267578125,stock,2020-07-08,,,,,,
SPY,-2.0,4.615,option,2020-07-08,303.0,2020-08-07,put,0.2009334808313911,-0.21287656477196482,1.036879083040351
SPY,-42.57531295439296,316.17999267578125,stock,2020-07-08,,,,,,
SPY,-2.0,4.615,option,2020-07-08,303.0,2020-08-07,put,0.2009334808313911,-0.21287656477196482,1.036879083040351
SPY,-42.57531295439296,316.17999267578125,stock,2020-07-08,,,,,,
SPY,-2.0,4.824999999999999,option,2020-07-08,304.0,2020-08-07,put,0.2009334808313911,-0.22986768039023397,0.9268165484083867
SPY,-45.97353607804679,316.17999267578125,stock,2020-07-08,,,,,,
SPY,69.61758593609163,316.17999267578125,stock,2020-07-08,,,,,,
SPY,-67.5446129328812,314.3800048828125,stock,2020-07-09,,,,,,
SPY,164.41752684122525,317.5899963378906,stock,2020-07-10,,,,,,
SPY,-65.62345730662905,314.8399963378906,stock,2020-07-13,,,,,,
SPY,176.47202379832143,318.9200134277344,stock,2020-07-14,,,,,,
SPY,-2.0,4.105,option,2020-07-15,306.0,2020-08-14,put,0.19683643874765086,-0.1704854029896844,1.4150123710135347
SPY,-34.09708059793688,321.8500061035156,stock,2020-07-15,,,,,,
SPY,-2.0,4.105,option,2020-07-15,306.0,2020-08-14,put,0.19683643874765086,-0.1704854029896844,1.4150123710135347
SPY,-34.09708059793688,321.8500061035156,stock,2020-07-15,,,,,,
SPY,-2.0,4.295,option,2020-07-15,307.0,2020-08-14,put,0.19683643874765086,-0.18554525613559159,1.2694843245618002
SPY,-37.109051227118314,321.8500061035156,stock,2020-07-15,,,,,,
SPY,-1.0,4.295,option,2020-07-15,307.0,2020-08-14,put,0.19683643874765086,-0.18554525613559159,1.2694843245618002
SPY,-18.554525613559157,321.8500061035156,stock,2020-07-15,,,,,,
SPY,95.3639865399349,321.8500061035156,stock,2020-07-15,,,,,,
SPY,-24.137657729821484,320.7900085449219,stock,2020-07-16,,,,,,
SPY,50.575117133045964,321.7200012207031,stock,2020-07-17,,,,,,
SPY,-2.0,3.27,option,2020-07-20,309.0,2020-08-19,put,0.17105784114718575,-0.14806724160397633,1.630515704119802
SPY,-29.613448320795264,324.32000732421875,stock,2020-07-20,,,,,,
SPY,-2.0,3.27,option,2020-07-20,309.0,2020-08-19,put,0.17105784114718575,-0.14806724160397633,1.630515704119802
SPY,-29.613448320795264,324.32000732421875,stock,2020-07-20,,,,,,
SPY,122.97381144664968,324.32000732421875,stock,2020-07-20,,,,,,
SPY,36.945683266756376,325.010009765625,stock,2020-07-21,,,,,,
SPY,-1.0,3.325,option,2020-07-22,311.0,2020-08-21,put,0.16894772228121896,-0.1389471721076757,1.9085652892001166
SPY,-13.89471721076757,326.8599853515625,stock,2020-07-22,,,,,,
SPY,61.85514591289004,326.8599853515625,stock,2020-07-22,,,,,,
SPY,-98.9195258192141,322.9599914550781,stock,2020-07-23,,,,,,
SPY,-60.56693559751167,320.8800048828125,stock,2020-07-24,,,,,,
SPY,143.62079976062836,323.2200012207031,stock,2020-07-27,,,,,,
SPY,-45.02285507813299,321.1700134277344,stock,2020-07-28,,,,,,
SPY,-2.0,3.165,option,2020-07-29,309.0,2020-08-28,put,0.14856540378451485,-0.10495043609436672,3.473440920154694
SPY,-20.99008721887334,325.1199951171875,stock,2020-07-29,,,,,,
SPY,-2.0,3.165,option,2020-07-29,309.0,2020-08-28,put,0.14856540378451485,-0.10495043609436672,3.473440920154694
SPY,-20.99008721887334,325.1199951171875,stock,2020-07-29,,,,,,
SPY,-2.0,3.32,option,2020-07-29,310.0,2020-08-28,put,0.14856540378451485,-0.11940250249803719,3.0110844940624317
SPY,-23.880500499607436,325.1199951171875,stock,2020-07-29,,,,,,
SPY,-1.0,3.32,option,2020-07-29,310.0,2020-08-28,put,0.14856540378451485,-0.11940250249803719,3.0110844940624317
SPY,-11.940250249803718,325.1199951171875,stock,2020-07-29,,,,,,
SPY,118.722455492368,325.1199951171875,stock,2020-07-29,,,,,,
SPY,-18.245489675581624,323.9599914550781,stock,2020-07-30,,,,,,
SPY,82.90175591293267,326.5199890136719,stock,2020-07-31,,,,,,
SPY,68.2612573390472,328.7900085449219,stock,2020-08-03,,,,,,
SPY,21.93428320629981,330.05999755859375,stock,2020-08-04,,,,,,
SPY,-2.0,3.0949999999999998,option,2020-08-05,316.0,2020-09-04,put,0.14375528034091134,-0.10257867226946238,3.552456406279144
SPY,-20.515734453892478,332.1099853515625,stock,2020-08-05,,,,,,
SPY,-2.0,3.0949999999999998,option,2020-08-05,316.0,2020-09-04,put,0.14375528034091134,-0.10257867226946238,3.552456406279144
SPY,-20.515734453892478,332.1099853515625,stock,2020-08-05,,,,,,
SPY,-2.0,3.25,option,2020-08-05,317.0,2020-09-04,put,0.14375528034091134,-0.11695820902137699,3.0765326537788704
SPY,-23.391641804275398,332.1099853515625,stock,2020-08-05,,,,,,
SPY,-2.0,3.25,option,2020-08-05,317.0,2020-09-04,put,0.14375528034091134,-0.11695820902137699,3.0765326537788704
SPY,-23.391641804275398,332.1099853515625,stock,2020-08-05,,,,,,
SPY,16.47722510011326,332.1099853515625,stock,2020-08-05,,,,,,
SPY,40.62778941428201,334.3299865722656,stock,2020-08-06,,,,,,
SPY,8.52384004549046,334.57000732421875,stock,2020-08-07,,,,,,
SPY,-2.0,2.78,option,2020-08-10,319.0,2020-09-09,put,0.14549524005770822,-0.10128091865699029,3.0596829480161403
SPY,-20.25618373139806,335.57000732421875,stock,2020-08-10,,,,,,
SPY,-2.0,2.78,option,2020-08-10,319.0,2020-09-09,put,0.14549524005770822,-0.10128091865699029,3.0596829480161403
SPY,-20.25618373139806,335.57000732421875,stock,2020-08-10,,,,,,
SPY,-2.0,2.92,option,2020-08-10,320.0,2020-09-09,put,0.14549524005770822,-0.11521513798817307,2.646887057284065
SPY,-23.043027597634612,335.57000732421875,stock,2020-08-10,,,,,,
SPY,-2.0,2.92,option,2020-08-10,320.0,2020-09-09,put,0.14549524005770822,-0.11521513798817307,2.646887057284065
SPY,-23.043027597634612,335.57000732421875,stock,2020-08-10,,,,,,
SPY,-2.0,3.065,option,2020-08-10,321.0,2020-09-09,put,0.14549524005770822,-0.13041110910911136,2.2891410094325284
SPY,-26.082221821822273,335.57000732421875,stock,2020-08-10,,,,,,
SPY,-2.0,3.065,option,2020-08-10,321.0,2020-09-09,put,0.14549524005770822,-0.13041110910911136,2.2891410094325284
SPY,-26.082221821822273,335.57000732421875,stock,2020-08-10,,,,,,
SPY,-1.0,3.22,option,2020-08-10,322.0,2020-09-09,put,0.14549524005770822,-0.14688636377019626,1.9826459452608456
SPY,-14.688636377019627,335.57000732421875,stock,2020-08-10,,,,,,
SPY,14.435770779345884,335.57000732421875,stock,2020-08-10,,,,,,
SPY,-78.56595218992666,332.79998779296875,stock,2020-08-11,,,,,,
SPY,141.84969652543617,337.44000244140625,stock,2020-08-12,,,,,,
SPY,-5.479440640470939,336.8299865722656,stock,2020-08-13,,,,,,
SPY,8.493668962749009,336.8399963378906,stock,2020-08-14,,,,,,
SPY,-2.0,2.76,option,2020-08-17,322.0,2020-09-16,put,0.14512740787387032,-0.1113361909029682,2.5781015053675107
SPY,-22.26723818059364,337.9100036621094,stock,2020-08-17,,,,,,
SPY,-2.0,2.76,option,2020-08-17,322.0,2020-09-16,put,0.14512740787387032,-0.1113361909029682,2.5781015053675107
SPY,-22.26723818059364,337.9100036621094,stock,2020-08-17,,,,,,
SPY,-2.0,2.895,option,2020-08-17,323.0,2020-09-16,put,0.14512740787387032,-0.1261197124591028,2.223002665413163
SPY,-25.223942491820562,337.9100036621094,stock,2020-08-17,,,,,,
SPY,-1.0,2.895,option,2020-08-17,323.0,2020-09-16,put,0.14512740787387032,-0.1261197124591028,2.223002665413163
SPY,-12.611971245910281,337.9100036621094,stock,2020-08-17,,,,,,
SPY,39.57994961871171,337.9100036621094,stock,2020-08-17,,,,,,
SPY,29.08185391104103,338.6400146484375,stock,2020-08-18,,,,,,
SPY,-2.0,3.225,option,2020-08-19,321.0,2020-09-18,put,0.1495239132297053,-0.1130613539773021,2.988678779947798
SPY,-22.61227079546042,337.2300109863281,stock,2020-08-19,,,,,,
SPY,-2.0,3.225,option,2020-08-19,321.0,2020-09-18,put,0.1495239132297053,-0.1130613539773021,2.988678779947798
SPY,-22.61227079546042,337.2300109863281,stock,2020-08-19,,,,,,
SPY,-29.75806852325139,337.2300109863281,stock,2020-08-19,,,,,,
SPY,44.90757128922916,338.2799987792969,stock,2020-08-20,,,,,,
SPY,42.63279681716517,339.4800109863281,stock,2020-08-21,,,,,,
SPY,-1.0,2.95,option,2020-08-24,326.0,2020-09-23,put,0.14877838786959788,-0.10635142487532234,2.884475109383706
SPY,-10.635142487532235,342.9200134277344,stock,2020-08-24,,,,,,
SPY,85.19599607877711,342.9200134277344,stock,2020-08-24,,,,,,
SPY,20.392741888019778,344.1199951171875,stock,2020-08-25,,,,,,
SPY,29.760047099973868,347.57000732421875,stock,2020-08-26,,,,,,
SPY,6.308062529456614,348.3299865722656,stock,2020-08-27,,,,,,
SPY,8.811825190661832,350.5799865722656,stock,2020-08-28,,,,,,
SPY,-2.0,3.685,option,2020-08-31,332.0,2020-09-30,put,0.17973962363839796,-0.14824610748583555,1.612455361575451
SPY,-29.64922149716711,349.30999755859375,stock,2020-08-31,,,,,,
SPY,-2.0,3.685,option,2020-08-31,332.0,2020-09-30,put,0.17973962363839796,-0.14824610748583555,1.612455361575451
SPY,-29.64922149716711,349.30999755859375,stock,2020-08-31,,,,,,
SPY,-2.0,3.84,option,2020-08-31,333.0,2020-09-30,put,0.17973962363839796,-0.1621596886164105,1.433432157998101
SPY,-32.431937723282104,349.30999755859375,stock,2020-08-31,,,,,,
SPY,-1.0,3.84,option,2020-08-31,333.0,2020-09-30,put,0.17973962363839796,-0.1621596886164105,1.433432157998101
SPY,-16.215968861641052,349.30999755859375,stock,2020-08-31,,,,,,
SPY,-3.1252386128009206,349.30999755859375,stock,2020-08-31,,,,,,
SPY,36.12293198661477,352.6000061035156,stock,2020-09-01,,,,,,
SPY,37.41187937637599,357.70001220703125,stock,2020-09-02,,,,,,
SPY,-110.83990508618378,345.3900146484375,stock,2020-09-03,,,,,,
SPY,-40.9829606259226,342.57000732421875,stock,2020-09-04,,,,,,
SPY,-221.01782207997263,333.2099914550781,stock,2020-09-08,,,,,,
SPY,-2.0,4.975,option,2020-09-09,325.0,2020-10-09,put,0.19867451247811962,-0.2008300520733971,1.2285823815523784
SPY,-40.16601041467942,339.7900085449219,stock,2020-09-09,,,,,,
SPY,-2.0,4.975,option,2020-09-09,325.0,2020-10-09,put,0.19867451247811962,-0.2008300520733971,1.2285823815523784
SPY,-40.16601041467942,339.7900085449219,stock,2020-09-09,,,,,,
SPY,-2.0,5.905,option,2020-09-09,329.0,2020-10-09,put,0.19867451247811962,-0.26634789874592835,0.8265594843029027
SPY,-53.26957974918567,339.7900085449219,stock,2020-09-09,,,,,,
SPY,-2.0,5.905,option,2020-09-09,329.0,2020-10-09,put,0.19867451247811962,-0.26634789874592835,0.8265594843029027
SPY,-53.26957974918567,339.7900085449219,stock,2020-09-09,,,,,,
SPY,191.62011520176486,339.7900085449219,stock,2020-09-09,,,,,,
SPY,-229.72776784642224,333.8900146484375,stock,2020-09-10,,,,,,
SPY,22.103773186094458,334.05999755859375,stock,2020-09-11,,,,,,
SPY,-2.0,4.66,option,2020-09-14,325.0,2020-10-14,put,0.18819892463327098,-0.20909473896187403,1.1032809052556487
SPY,-41.81894779237481,338.4599914550781,stock,2020-09-14,,,,,,
SPY,-2.0,4.66,option,2020-09-14,325.0,2020-10-14,put,0.18819892463327098,-0.20909473896187403,1.1032809052556487
SPY,-41.81894779237481,338.4599914550781,stock,2020-09-14,,,,,,
SPY,-2.0,5.390000000000001,option,2020-09-14,328.0,2020-10-14,put,0.18819892463327098,-0.2613242315470541,0.8153713348074637
SPY,-52.264846309410814,338.4599914550781,stock,2020-09-14,,,,,,
SPY,-2.0,5.390000000000001,option,2020-09-14,328.0,2020-10-14,put,0.18819892463327098,-0.2613242315470541,0.8153713348074637
SPY,-52.264846309410814,338.4599914550781,stock,2020-09-14,,,,,,
SPY,196.8945800046156,338.4599914550781,stock,2020-09-14,,,,,,
SPY,91.48563972567099,340.1700134277344,stock,2020-09-15,,,,,,
SPY,-2.0,4.01,option,2020-09-16,322.0,2020-10-16,put,0.18826839980722118,-0.1584622229897421,1.5716951270474773
SPY,-31.692444597948423,338.82000732421875,stock,2020-09-16,,,,,,
SPY,-2.0,4.01,option,2020-09-16,322.0,2020-10-16,put,0.18826839980722118,-0.1584622229897421,1.5716951270474773
SPY,-31.692444597948423,338.82000732421875,stock,2020-09-16,,,,,,
SPY,-2.0,4.195,option,2020-09-16,323.0,2020-10-16,put,0.18826839980722118,-0.1727510765150717,1.413265199173207
SPY,-34.55021530301434,338.82000732421875,stock,2020-09-16,,,,,,
SPY,-2.0,4.195,option,2020-09-16,323.0,2020-10-16,put,0.18826839980722118,-0.1727510765150717,1.413265199173207
SPY,-34.55021530301434,338.82000732421875,stock,2020-09-16,,,,,,
SPY,-2.0,4.390000000000001,option,2020-09-16,324.0,2020-10-16,put,0.18826839980722118,-0.18778759598340222,1.271414674864635
SPY,-37.557519196680445,338.82000732421875,stock,2020-09-16,,,,,,
SPY,-2.0,4.390000000000001,option,2020-09-16,324.0,2020-10-16,put,0.18826839980722118,-0.18778759598340222,1.271414674864635
SPY,-37.557519196680445,338.82000732421875,stock,2020-09-16,,,,,,
SPY,-60.70275118027172,338.82000732421875,stock,2020-09-16,,,,,,
SPY,-198.58534443341273,335.8399963378906,stock,2020-09-17,,,,,,
SPY,1.0,1.275,option,2020-09-18,326.0,2020-09-23,put,0.18778334197641064,-0.25593997837363525,
SPY,25.593997837363524,330.6499938964844,stock,2020-09-18,,,,,,
SPY,4.0,5.26,option,2020-09-18,332.0,2020-09-30,put,0.18778334197641064,-0.5405593433959801,
SPY,216.22373735839204,330.6499938964844,stock,2020-09-18,,,,,,
SPY,3.0,5.725,option,2020-09-18,333.0,2020-09-30,put,0.18778334197641064,-0.5754131422345599,
SPY,172.62394267036797,330.6499938964844,stock,2020-09-18,,,,,,
SPY,4.0,5.9,option,2020-09-18,329.0,2020-10-09,put,0.18778334197641064,-0.4464455357783913,
SPY,178.57821431135653,330.6499938964844,stock,2020-09-18,,,,,,
SPY,4.0,6.195,option,2020-09-18,328.0,2020-10-14,put,0.18778334197641064,-0.4259109234646653,
SPY,170.36436938586613,330.6499938964844,stock,2020-09-18,,,,,,
SPY,-436.1386513025284,330.6499938964844,stock,2020-09-18,,,,,,
SPY,-2.0,4.93,option,2020-09-21,315.0,2020-10-21,put,0.19139364776254345,-0.23053230265537938,0.9938582734016628
SPY,-46.106460531075875,326.9700012207031,stock,2020-09-21,,,,,,
SPY,-2.0,4.93,option,2020-09-21,315.0,2020-10-21,put,0.19139364776254345,-0.23053230265537938,0.9938582734016628
SPY,-46.106460531075875,326.9700012207031,stock,2020-09-21,,,,,,
SPY,-161.83796610130764,326.9700012207031,stock,2020-09-21,,,,,,
SPY,188.99436817961987,330.29998779296875,stock,2020-09-22,,,,,,
SPY,4.0,7.51,option,2020-09-23,325.0,2020-10-09,put,0.18826839980722118,-0.5652146721439892,
SPY,226.0858688575957,322.6400146484375,stock,2020-09-23,,,,,,
SPY,4.0,8.295,option,2020-09-23,325.0,2020-10-14,put,0.18826839980722118,-0.5547556752996339,
SPY,221.90227011985354,322.6400146484375,stock,2020-09-23,,,,,,
SPY,4.0,8.370000000000001,option,2020-09-23,324.0,2020-10-16,put,0.18826839980722118,-0.5255945737938666,
SPY,210.23782951754666,322.6400146484375,stock,2020-09-23,,,,,,
SPY,-2.0,4.355,option,2020-09-23,307.0,2020-10-23,put,0.18826839980722118,-0.16402569919654741,1.8086508448551737
SPY,-32.80513983930948,322.6400146484375,stock,2020-09-23,,,,,,
SPY,-2.0,4.355,option,2020-09-23,307.0,2020-10-23,put,0.18826839980722118,-0.16402569919654741,1.8086508448551737
SPY,-32.80513983930948,322.6400146484375,stock,2020-09-23,,,,,,
SPY,-2.0,4.57,option,2020-09-23,308.0,2020-10-23,put,0.18826839980722118,-0.17936298481186552,1.6325227184335114
SPY,-35.8725969623731,322.6400146484375,stock,2020-09-23,,,,,,
SPY,-2.0,4.57,option,2020-09-23,308.0,2020-10-23,put,0.18826839980722118,-0.17936298481186552,1.6325227184335114
SPY,-35.8725969623731,322.6400146484375,stock,2020-09-23,,,,,,
SPY,-2.0,4.79,option,2020-09-23,309.0,2020-10-23,put,0.18826839980722118,-0.1955180705279349,1.471768160483909
SPY,-39.103614105586985,322.6400146484375,stock,2020-09-23,,,,,,
SPY,-2.0,4.79,option,2020-09-23,309.0,2020-10-23,put,0.18826839980722118,-0.1955180705279349,1.471768160483909
SPY,-39.103614105586985,322.6400146484375,stock,2020-09-23,,,,,,
SPY,-2.0,5.025,option,2020-09-23,310.0,2020-10-23,put,0.18826839980722118,-0.21247056991800195,1.329541578971002
SPY,-42.49411398360039,322.6400146484375,stock,2020-09-23,,,,,,
SPY,-2.0,5.025,option,2020-09-23,310.0,2020-10-23,put,0.18826839980722118,-0.21247056991800195,1.329541578971002
SPY,-42.49411398360039,322.6400146484375,stock,2020-09-23,,,,,,
SPY,-2.0,5.27,option,2020-09-23,311.0,2020-10-23,put,0.18826839980722118,-0.2301935805985451,1.2010457674100279
SPY,-46.03871611970902,322.6400146484375,stock,2020-09-23,,,,,,
SPY,-2.0,5.27,option,2020-09-23,311.0,2020-10-23,put,0.18826839980722118,-0.2301935805985451,1.2010457674100279
SPY,-46.03871611970902,322.6400146484375,stock,2020-09-23,,,,,,
SPY,-2.0,5.525,option,2020-09-23,312.0,2020-10-23,put,0.18826839980722118,-0.24865376144264095,1.0846479802778655
SPY,-49.730752288528194,322.6400146484375,stock,2020-09-23,,,,,,
SPY,-2.0,5.525,option,2020-09-23,312.0,2020-10-23,put,0.18826839980722118,-0.24865376144264095,1.0846479802778655
SPY,-49.730752288528194,322.6400146484375,stock,2020-09-23,,,,,,
SPY,-2.0,5.785,option,2020-09-23,313.0,2020-10-23,put,0.18826839980722118,-0.2678115031249346,0.9772421069732878
SPY,-53.562300624986925,322.6400146484375,stock,2020-09-23,,,,,,
SPY,-2.0,5.785,option,2020-09-23,313.0,2020-10-23,put,0.18826839980722118,-0.2678115031249346,0.9772421069732878
SPY,-53.562300624986925,322.6400146484375,stock,2020-09-23,,,,,,
SPY,-2.0,6.0649999999999995,option,2020-09-23,314.0,2020-10-23,put,0.18826839980722118,-0.28762119073348014,0.8827539769746374
SPY,-57.52423814669603,322.6400146484375,stock,2020-09-23,,,,,,
SPY,-471.68675667903887,322.6400146484375,stock,2020-09-23,,,,,,
SPY,4.0,7.08,option,2020-09-24,322.0,2020-10-16,put,0.21718405303598096,-0.45427225673780924,
SPY,181.7089026951237,323.5,stock,2020-09-24,,,,,,
SPY,4.0,7.465,option,2020-09-24,323.0,2020-10-16,put,0.21718405303598096,-0.47738378343959564,
SPY,190.95351337583827,323.5,stock,2020-09-24,,,,,,
SPY,79.06467072981523,323.5,stock,2020-09-24,,,,,,
SPY,278.4628209431102,328.7300109863281,stock,2020-09-25,,,,,,
SPY,232.68567650848368,334.19000244140625,stock,2020-09-28,,,,,,
SPY,-39.939833820605685,332.3699951171875,stock,2020-09-29,,,,,,
SPY,83.42819674819316,334.8900146484375,stock,2020-09-30,,,,,,
SPY,57.58850829098609,337.0400085449219,stock,2020-10-01,,,,,,
SPY,-56.96970894478535,333.8399963378906,stock,2020-10-02,,,,,,
SPY,-2.0,5.255,option,2020-10-05,325.0,2020-11-04,put,0.21220689353585886,-0.21549941886595503,1.0083012467797574
SPY,-43.099883773191,339.760009765625,stock,2020-10-05,,,,,,
SPY,-2.0,5.255,option,2020-10-05,325.0,2020-11-04,put,0.21220689353585886,-0.21549941886595503,1.0083012467797574
SPY,-43.099883773191,339.760009765625,stock,2020-10-05,,,,,,
SPY,131.06755536920392,339.760009765625,stock,2020-10-05,,,,,,
SPY,-85.15591300256719,334.92999267578125,stock,2020-10-06,,,,,,
SPY,-2.0,4.890000000000001,option,2020-10-07,324.0,2020-11-06,put,0.21632978973031688,-0.19195311164453366,1.120643360643218
SPY,-38.39062232890673,340.760009765625,stock,2020-10-07,,,,,,
SPY,-2.0,4.890000000000001,option,2020-10-07,324.0,2020-11-06,put,0.21632978973031688,-0.19195311164453366,1.120643360643218
SPY,-38.39062232890673,340.760009765625,stock,2020-10-07,,,,,,
SPY,113.84384444243474,340.760009765625,stock,2020-10-07,,,,,,
SPY,53.46248600643534,343.7799987792969,stock,2020-10-08,,,,,,
SPY,39.32252906936445,346.8500061035156,stock,2020-10-09,,,,,,
SPY,51.00687236407846,352.42999267578125,stock,2020-10-12,,,,,,
SPY,-9.534520278903159,350.1300048828125,stock,2020-10-13,,,,,,
SPY,-10.661350452585246,347.92999267578125,stock,2020-10-14,,,,,,
SPY,0.9613553696879364,347.5,stock,2020-10-15,,,,,,
SPY,2.6046201145394647,347.2900085449219,stock,2020-10-16,,,,,,
SPY,-31.146724183134673,342.010009765625,stock,2020-10-19,,,,,,
SPY,18.692312823915962,343.3800048828125,stock,2020-10-20,,,,,,
SPY,-2.0,4.960000000000001,option,2020-10-21,326.0,2020-11-20,put,0.1832901054346626,-0.15626149358812857,2.289310057883809
SPY,-31.252298717625713,342.7300109863281,stock,2020-10-21,,,,,,
SPY,-2.0,4.960000000000001,option,2020-10-21,326.0,2020-11-20,put,0.1832901054346626,-0.15626149358812857,2.289310057883809
SPY,-31.252298717625713,342.7300109863281,stock,2020-10-21,,,,,,
SPY,-3.3180058871857696,342.7300109863281,stock,2020-10-21,,,,,,
SPY,33.074224380147406,344.6099853515625,stock,2020-10-22,,,,,,
SPY,20.792410522370126,345.7799987792969,stock,2020-10-23,,,,,,
SPY,-2.0,6.57,option,2020-10-26,325.0,2020-11-25,put,0.1840597587549751,-0.18981624493977578,2.425925578565909
SPY,-37.963248987955154,339.3900146484375,stock,2020-10-26,,,,,,
SPY,-2.0,6.57,option,2020-10-26,325.0,2020-11-25,put,0.1840597587549751,-0.18981624493977578,2.425925578565909
SPY,-37.963248987955154,339.3900146484375,stock,2020-10-26,,,,,,
SPY,-2.0,7.915,option,2020-10-26,330.0,2020-11-25,put,0.1840597587549751,-0.2778490606211388,1.5051641004888674
SPY,-55.56981212422776,339.3900146484375,stock,2020-10-26,,,,,,
SPY,-2.0,7.915,option,2020-10-26,330.0,2020-11-25,put,0.1840597587549751,-0.2778490606211388,1.5051641004888674
SPY,-55.56981212422776,339.3900146484375,stock,2020-10-26,,,,,,
SPY,-2.0,9.49,option,2020-10-26,335.0,2020-11-25,put,0.1840597587549751,-0.38046345634607714,0.9392231925791893
SPY,-76.09269126921544,339.3900146484375,stock,2020-10-26,,,,,,
SPY,-2.0,9.49,option,2020-10-26,335.0,2020-11-25,put,0.1840597587549751,-0.38046345634607714,0.9392231925791893
SPY,-76.09269126921544,339.3900146484375,stock,2020-10-26,,,,,,
SPY,-77.31793873201255,339.3900146484375,stock,2020-10-26,,,,,,
SPY,-35.02317017368742,338.2200012207031,stock,2020-10-27,,,,,,
SPY,-2.0,9.005,option,2020-10-28,315.0,2020-11-27,put,0.19442843970895457,-0.23902695114257233,2.420430505997191
SPY,-47.80539022851447,326.6600036621094,stock,2020-10-28,,,,,,
SPY,-2.0,9.005,option,2020-10-28,315.0,2020-11-27,put,0.19442843970895457,-0.23902695114257233,2.420430505997191
SPY,-47.80539022851447,326.6600036621094,stock,2020-10-28,,,,,,
SPY,-2.0,9.77,option,2020-10-28,317.5,2020-11-27,put,0.19442843970895457,-0.28514787161262745,1.9320886518423421
SPY,-57.02957432252549,326.6600036621094,stock,2020-10-28,,,,,,
SPY,-2.0,9.77,option,2020-10-28,317.5,2020-11-27,put,0.19442843970895457,-0.28514787161262745,1.9320886518423421
SPY,-57.02957432252549,326.6600036621094,stock,2020-10-28,,,,,,
SPY,-2.0,10.59,option,2020-10-28,320.0,2020-11-27,put,0.19442843970895457,-0.33472308402758955,1.548920821983031
SPY,-66.94461680551791,326.6600036621094,stock,2020-10-28,,,,,,
SPY,-2.0,10.59,option,2020-10-28,320.0,2020-11-27,put,0.19442843970895457,-0.33472308402758955,1.548920821983031
SPY,-66.94461680551791,326.6600036621094,stock,2020-10-28,,,,,,
SPY,-2.0,5.47,option,2020-10-28,342.5,2020-11-27,call,0.19442843970895457,0.2141404934110936,1.5312553020352293
SPY,42.828098682218716,326.6600036621094,stock,2020-10-28,,,,,,
SPY,-2.0,5.47,option,2020-10-28,342.5,2020-11-27,call,0.19442843970895457,0.2141404934110936,1.5312553020352293
SPY,42.828098682218716,326.6600036621094,stock,2020-10-28,,,,,,
SPY,-669.3333154907114,326.6600036621094,stock,2020-10-28,,,,,,
SPY,326.9795938108886,329.9800109863281,stock,2020-10-29,,,,,,
SPY,4.0,15.28,option,2020-10-30,335.0,2020-11-25,put,0.21974274215341258,-0.6575532068089137,
SPY,263.0212827235655,326.5400085449219,stock,2020-10-30,,,,,,
SPY,-317.67957237188904,326.5400085449219,stock,2020-10-30,,,,,,
SPY,-2.0,6.880000000000001,option,2020-11-02,314.0,2020-12-02,put,0.22799626884103466,-0.20399179449745208,1.6974492846509392
SPY,-40.79835889949042,330.20001220703125,stock,2020-11-02,,,,,,
SPY,-2.0,6.880000000000001,option,2020-11-02,314.0,2020-12-02,put,0.22799626884103466,-0.20399179449745208,1.6974492846509392
SPY,-40.79835889949042,330.20001220703125,stock,2020-11-02,,,,,,
SPY,410.8788400874479,330.20001220703125,stock,2020-11-02,,,,,,
SPY,486.29816256673655,336.0299987792969,stock,2020-11-03,,,,,,
SPY,4.0,9.305,option,2020-11-04,342.5,2020-11-27,call,0.22259202537179637,0.5331281006972532,
SPY,-213.2512402789013,343.5400085449219,stock,2020-11-04,,,,,,
SPY,-2.0,5.03,option,2020-11-04,327.0,2020-12-04,put,0.22259202537179637,-0.20301762422229563,0.955061312329356
SPY,-40.60352484445913,343.5400085449219,stock,2020-11-04,,,,,,
SPY,-2.0,5.03,option,2020-11-04,327.0,2020-12-04,put,0.22259202537179637,-0.20301762422229563,0.955061312329356
SPY,-40.60352484445913,343.5400085449219,stock,2020-11-04,,,,,,
SPY,-2.0,5.13,option,2020-11-04,327.5,2020-12-04,put,0.22259202537179637,-0.20984805234715165,0.9104905791752865
SPY,-41.96961046943033,343.5400085449219,stock,2020-11-04,,,,,,
SPY,-2.0,5.13,option,2020-11-04,327.5,2020-12-04,put,0.22259202537179637,-0.20984805234715165,0.9104905791752865
SPY,-41.96961046943033,343.5400085449219,stock,2020-11-04,,,,,,
SPY,355.27831161559993,343.5400085449219,stock,2020-11-04,,,,,,
SPY,203.44278360020903,350.239990234375,stock,2020-11-05,,,,,,
SPY,10.097844033912395,350.1600036621094,stock,2020-11-06,,,,,,
SPY,97.36702608519509,354.55999755859375,stock,2020-11-09,,,,,,
SPY,2.497389075321749,354.0400085449219,stock,2020-11-10,,,,,,
SPY,-2.0,3.28,option,2020-11-11,339.0,2020-12-11,put,0.17657255824923654,-0.1442268166112597,1.3998018990668808
SPY,-28.845363322251938,356.6700134277344,stock,2020-11-11,,,,,,
SPY,-2.0,3.28,option,2020-11-11,339.0,2020-12-11,put,0.17657255824923654,-0.1442268166112597,1.3998018990668808
SPY,-28.845363322251938,356.6700134277344,stock,2020-11-11,,,,,,
SPY,-1.0,3.425,option,2020-11-11,340.0,2020-12-11,put,0.17657255824923654,-0.15785000968615104,1.239078468741222
SPY,-15.785000968615105,356.6700134277344,stock,2020-11-11,,,,,,
SPY,27.43524055980621,356.6700134277344,stock,2020-11-11,,,,,,
SPY,-46.613724879166966,353.2099914550781,stock,2020-11-12,,,,,,
SPY,79.44084408655687,358.1000061035156,stock,2020-11-13,,,,,,
SPY,-1.0,3.16,option,2020-11-16,345.0,2020-12-16,put,0.17620707210421702,-0.14891578549011042,1.1902814911968176
SPY,-14.891578549011042,362.57000732421875,stock,2020-11-16,,,,,,
SPY,53.81224239695509,362.57000732421875,stock,2020-11-16,,,,,,
SPY,-10.834326470526875,360.6199951171875,stock,2020-11-17,,,,,,
SPY,-39.318175449176024,356.2799987792969,stock,2020-11-18,,,,,,
SPY,23.490935145574785,357.7799987792969,stock,2020-11-19,,,,,,
SPY,-21.568456464589552,355.3299865722656,stock,2020-11-20,,,,,,
SPY,-2.0,3.455,option,2020-11-23,340.0,2020-12-23,put,0.15950709995150705,-0.12426947894030271,2.3627262096214627
SPY,-24.85389578806054,357.4599914550781,stock,2020-11-23,,,,,,
SPY,-1.0,3.455,option,2020-11-23,340.0,2020-12-23,put,0.15950709995150705,-0.12426947894030271,2.3627262096214627
SPY,-12.42694789403027,357.4599914550781,stock,2020-11-23,,,,,,
SPY,39.81129203542584,357.4599914550781,stock,2020-11-23,,,,,,
SPY,61.4135759646547,363.2200012207031,stock,2020-11-24,,,,,,
SPY,0.4595773893279471,362.6600036621094,stock,2020-11-25,,,,,,
SPY,14.004814638315654,363.6700134277344,stock,2020-11-27,,,,,,
SPY,-2.0,2.85,option,2020-11-30,345.0,2020-12-30,put,0.15317607578158518,-0.12333482903151749,1.8806352901395653
SPY,-24.666965806303498,362.05999755859375,stock,2020-11-30,,,,,,
SPY,-2.0,2.85,option,2020-11-30,345.0,2020-12-30,put,0.15317607578158518,-0.12333482903151749,1.8806352901395653
SPY,-24.666965806303498,362.05999755859375,stock,2020-11-30,,,,,,
SPY,-2.0,3.705,option,2020-11-30,350.0,2020-12-30,put,0.15317607578158518,-0.20303741332350378,1.0046723869440604
SPY,-40.607482664700754,362.05999755859375,stock,2020-11-30,,,,,,
SPY,-2.0,3.705,option,2020-11-30,350.0,2020-12-30,put,0.15317607578158518,-0.20303741332350378,1.0046723869440604
SPY,-40.607482664700754,362.05999755859375,stock,2020-11-30,,,,,,
SPY,-4.869392117293415,362.05999755859375,stock,2020-11-30,,,,,,
SPY,-2.0,2.93,option,2020-12-01,348.0,2020-12-31,put,0.15453197177767894,-0.11530148274621355,2.152341568112193
SPY,-23.060296549242707,366.0199890136719,stock,2020-12-01,,,,,,
SPY,-2.0,2.93,option,2020-12-01,348.0,2020-12-31,put,0.15453197177767894,-0.11530148274621355,2.152341568112193
SPY,-23.060296549242707,366.0199890136719,stock,2020-12-01,,,,,,
SPY,-2.0,3.08,option,2020-12-01,349.0,2020-12-31,put,0.15453197177767894,-0.12838921629151634,1.9051027873926611
SPY,-25.67784325830327,366.0199890136719,stock,2020-12-01,,,,,,
SPY,-2.0,3.08,option,2020-12-01,349.0,2020-12-31,put,0.15453197177767894,-0.12838921629151634,1.9051027873926611
SPY,-25.67784325830327,366.0199890136719,stock,2020-12-01,,,,,,
SPY,-2.0,3.24,option,2020-12-01,350.0,2020-12-31,put,0.15453197177767894,-0.14243233232578367,1.6884287092195094
SPY,-28.486466465156735,366.0199890136719,stock,2020-12-01,,,,,,
SPY,-1.0,3.24,option,2020-12-01,350.0,2020-12-31,put,0.15453197177767894,-0.14243233232578367,1.6884287092195094
SPY,-14.243233232578367,366.0199890136719,stock,2020-12-01,,,,,,
SPY,57.29763548849912,366.0199890136719,stock,2020-12-01,,,,,,
SPY,29.211559882390887,366.7900085449219,stock,2020-12-02,,,,,,
SPY,6.665355057609759,366.69000244140625,stock,2020-12-03,,,,,,
SPY,75.53684917134328,369.8500061035156,stock,2020-12-04,,,,,,
SPY,-2.0,3.8449999999999998,option,2020-12-07,355.0,2021-01-06,put,0.1547016876590266,-0.17442196233240426,1.4522304146794842
SPY,-34.884392466480854,369.0899963378906,stock,2020-12-07,,,,,,
SPY,-2.0,3.8449999999999998,option,2020-12-07,355.0,2021-01-06,put,0.1547016876590266,-0.17442196233240426,1.4522304146794842
SPY,-34.884392466480854,369.0899963378906,stock,2020-12-07,,,,,,
SPY,-2.0,4.92,option,2020-12-07,360.0,2021-01-06,put,0.1547016876590266,-0.26714034175098167,0.8039320134672632
SPY,-53.428068350196334,369.0899963378906,stock,2020-12-07,,,,,,
SPY,-2.0,4.92,option,2020-12-07,360.0,2021-01-06,put,0.1547016876590266,-0.26714034175098167,0.8039320134672632
SPY,-53.428068350196334,369.0899963378906,stock,2020-12-07,,,,,,
SPY,1.8214227142900086,369.0899963378906,stock,2020-12-07,,,,,,
SPY,44.168086371838115,370.1700134277344,stock,2020-12-08,,,,,,
SPY,-2.0,3.4299999999999997,option,2020-12-09,349.0,2021-01-08,put,0.1547016876590266,-0.11822340871648174,2.5672136996298645
SPY,-23.644681743296346,366.8500061035156,stock,2020-12-09,,,,,,
SPY,-1.0,3.4299999999999997,option,2020-12-09,349.0,2021-01-08,put,0.1547016876590266,-0.11822340871648174,2.5672136996298645
SPY,-11.822340871648173,366.8500061035156,stock,2020-12-09,,,,,,
SPY,-102.01917604640906,366.8500061035156,stock,2020-12-09,,,,,,
SPY,8.528720292241488,366.7300109863281,stock,2020-12-10,,,,,,
SPY,-4.308189831488676,366.29998779296875,stock,2020-12-11,,,,,,
SPY,-2.0,4.5,option,2020-12-14,350.0,2021-01-13,put,0.15702405628085275,-0.16589864976667168,2.047648315370113
SPY,-33.17972995333434,364.6600036621094,stock,2020-12-14,,,,,,
SPY,-2.0,4.5,option,2020-12-14,350.0,2021-01-13,put,0.15702405628085275,-0.16589864976667168,2.047648315370113
SPY,-33.17972995333434,364.6600036621094,stock,2020-12-14,,,,,,
SPY,-1.0,5.58,option,2020-12-14,355.0,2021-01-13,put,0.15702405628085275,-0.25610262826077657,1.1575289665451929
SPY,-25.61026282607766,364.6600036621094,stock,2020-12-14,,,,,,
SPY,-33.70580682149647,364.6600036621094,stock,2020-12-14,,,,,,
SPY,239.94026616431788,369.5899963378906,stock,2020-12-15,,,,,,
SPY,-1.0,3.3899999999999997,option,2020-12-16,352.0,2021-01-15,put,0.1580489605319514,-0.12105612641000452,2.321034191740024
SPY,-12.105612641000452,370.1700134277344,stock,2020-12-16,,,,,,
SPY,33.67605823674261,370.1700134277344,stock,2020-12-16,,,,,,
SPY,75.51452724007235,372.239990234375,stock,2020-12-17,,,,,,
SPY,-78.72202300793927,369.17999267578125,stock,2020-12-18,,,,,,
SPY,3.2093736061121305,367.8599853515625,stock,2020-12-21,,,,,,
SPY,-4.964643607304442,367.239990234375,stock,2020-12-22,,,,,,
SPY,-2.0,3.47,option,2020-12-23,350.0,2021-01-22,put,0.15483591731906077,-0.1224876273244393,2.4459516669806933
SPY,-24.497525464887858,367.57000732421875,stock,2020-12-23,,,,,,
SPY,-1.0,3.47,option,2020-12-23,350.0,2021-01-22,put,0.15483591731906077,-0.1224876273244393,2.4459516669806933
SPY,-12.248762732443929,367.57000732421875,stock,2020-12-23,,,,,,
SPY,27.872140668630927,367.57000732421875,stock,2020-12-23,,,,,,
SPY,67.31180462793327,369.0,stock,2020-12-24,,,,,,
SPY,128.6651673859666,372.1700134277344,stock,2020-12-28,,,,,,
SPY,0.0592385264440054,371.4599914550781,stock,2020-12-29,,,,,,
SPY,-2.0,3.34,option,2020-12-30,354.0,2021-01-29,put,0.1530921905887141,-0.11725734450305736,2.497182035635928
SPY,-23.451468900611474,371.989990234375,stock,2020-12-30,,,,,,
SPY,-2.0,3.34,option,2020-12-30,354.0,2021-01-29,put,0.1530921905887141,-0.11725734450305736,2.497182035635928
SPY,-23.451468900611474,371.989990234375,stock,2020-12-30,,,,,,
SPY,-2.0,3.49,option,2020-12-30,355.0,2021-01-29,put,0.1530921905887141,-0.13039240578327527,2.208365282047973
SPY,-26.07848115665505,371.989990234375,stock,2020-12-30,,,,,,
SPY,-2.0,3.49,option,2020-12-30,355.0,2021-01-29,put,0.1530921905887141,-0.13039240578327527,2.208365282047973
SPY,-26.07848115665505,371.989990234375,stock,2020-12-30,,,,,,
SPY,14.63564814552003,371.989990234375,stock,2020-12-30,,,,,,
SPY,53.00674476867843,373.8800048828125,stock,2020-12-31,,,,,,
SPY,-2.0,5.105,option,2021-01-04,355.0,2021-02-03,put,0.1777013259851997,-0.21018265917879242,1.227857060478142
SPY,-42.03653183575848,368.7900085449219,stock,2021-01-04,,,,,,
SPY,-2.0,5.105,option,2021-01-04,355.0,2021-02-03,put,0.1777013259851997,-0.21018265917879242,1.227857060478142
SPY,-42.03653183575848,368.7900085449219,stock,2021-01-04,,,,,,
SPY,-2.0,5.76,option,2021-01-04,358.0,2021-02-03,put,0.1777013259851997,-0.26088906622104857,0.8927584322958788
SPY,-52.177813244209716,368.7900085449219,stock,2021-01-04,,,,,,
SPY,-2.0,5.76,option,2021-01-04,358.0,2021-02-03,put,0.1777013259851997,-0.26088906622104857,0.8927584322958788
SPY,-52.177813244209716,368.7900085449219,stock,2021-01-04,,,,,,
SPY,-55.482241562541944,368.7900085449219,stock,2021-01-04,,,,,,
SPY,93.82748903127734,371.3299865722656,stock,2021-01-05,,,,,,
SPY,-2.0,3.7800000000000002,option,2021-01-06,355.0,2021-02-05,put,0.1794450527155464,-0.14737969459764133,1.5285044837332051
SPY,-29.475938919528268,373.54998779296875,stock,2021-01-06,,,,,,
SPY,-2.0,3.7800000000000002,option,2021-01-06,355.0,2021-02-05,put,0.1794450527155464,-0.14737969459764133,1.5285044837332051
SPY,-29.475938919528268,373.54998779296875,stock,2021-01-06,,,,,,
SPY,-2.0,3.94,option,2021-01-06,356.0,2021-02-05,put,0.1794450527155464,-0.16034045951373366,1.3720661924008064
SPY,-32.06809190274673,373.54998779296875,stock,2021-01-06,,,,,,
SPY,-2.0,3.94,option,2021-01-06,356.0,2021-02-05,put,0.1794450527155464,-0.16034045951373366,1.3720661924008064
SPY,-32.06809190274673,373.54998779296875,stock,2021-01-06,,,,,,
SPY,-2.0,4.1,option,2021-01-06,357.0,2021-02-05,put,0.1794450527155464,-0.17398485707829037,1.2270479293101544
SPY,-34.79697141565807,373.54998779296875,stock,2021-01-06,,,,,,
SPY,-1.0,4.1,option,2021-01-06,357.0,2021-02-05,put,0.1794450527155464,-0.17398485707829037,1.2270479293101544
SPY,-17.398485707829035,373.54998779296875,stock,2021-01-06,,,,,,
SPY,54.23004896701628,373.54998779296875,stock,2021-01-06,,,,,,
SPY,171.32194645005868,379.1000061035156,stock,2021-01-07,,,,,,
SPY,53.54638669044967,381.260009765625,stock,2021-01-08,,,,,,
SPY,-2.0,3.675,option,2021-01-11,360.0,2021-02-10,put,0.15321729358554026,-0.11282533109653414,2.9582982295461977
SPY,-22.56506621930683,378.69000244140625,stock,2021-01-11,,,,,,
SPY,-1.0,3.675,option,2021-01-11,360.0,2021-02-10,put,0.15321729358554026,-0.11282533109653414,2.9582982295461977
SPY,-11.282533109653414,378.69000244140625,stock,2021-01-11,,,,,,
SPY,-22.446147838137367,378.69000244140625,stock,2021-01-11,,,,,,
SPY,13.974290097371302,378.7699890136719,stock,2021-01-12,,,,,,
SPY,-2.0,3.22,option,2021-01-13,361.0,2021-02-12,put,0.1501649158847346,-0.1077977861688253,2.73079365899179
SPY,-21.55955723376506,379.7900085449219,stock,2021-01-13,,,,,,
SPY,-2.0,3.22,option,2021-01-13,361.0,2021-02-12,put,0.1501649158847346,-0.1077977861688253,2.73079365899179
SPY,-21.55955723376506,379.7900085449219,stock,2021-01-13,,,,,,
SPY,-1.0,3.36,option,2021-01-13,362.0,2021-02-12,put,0.1501649158847346,-0.120183561850425,2.410078063519553
SPY,-12.0183561850425,379.7900085449219,stock,2021-01-13,,,,,,
SPY,31.108394911744053,379.7900085449219,stock,2021-01-13,,,,,,
SPY,-23.855596686491893,378.4599914550781,stock,2021-01-14,,,,,,
SPY,-76.82801861957122,375.70001220703125,stock,2021-01-15,,,,,,
SPY,155.59128775869982,378.6499938964844,stock,2021-01-19,,,,,,
SPY,-1.0,3.0599999999999996,option,2021-01-20,365.0,2021-02-19,put,0.15176714595675608,-0.1113780310845498,2.3348603168055178
SPY,-11.13780310845498,383.8900146484375,stock,2021-01-20,,,,,,
SPY,103.52589408932582,383.8900146484375,stock,2021-01-20,,,,,,
SPY,13.307803278967988,384.239990234375,stock,2021-01-21,,,,,,
SPY,-7.3361875071124505,382.8800048828125,stock,2021-01-22,,,,,,
SPY,-2.0,4.1,option,2021-01-25,370.0,2021-02-24,put,0.15323707279086252,-0.17673385518663465,1.4933758397877277
SPY,-35.34677103732693,384.3900146484375,stock,2021-01-25,,,,,,
SPY,-1.0,4.1,option,2021-01-25,370.0,2021-02-24,put,0.15323707279086252,-0.17673385518663465,1.4933758397877277
SPY,-17.673385518663466,384.3900146484375,stock,2021-01-25,,,,,,
SPY,36.7339975738548,384.3900146484375,stock,2021-01-25,,,,,,
SPY,0.40046534987412485,383.7900085449219,stock,2021-01-26,,,,,,
SPY,-190.97218889910746,374.4100036621094,stock,2021-01-27,,,,,,
SPY,109.57724332506534,377.6300048828125,stock,2021-01-28,,,,,,
SPY,-245.44641963525564,370.07000732421875,stock,2021-01-29,,,,,,
SPY,-2.0,5.54,option,2021-02-01,358.0,2021-03-03,put,0.19389479217172315,-0.17083669553264214,1.8242152414913737
SPY,-34.16733910652843,376.2300109863281,stock,2021-02-01,,,,,,
SPY,-2.0,5.54,option,2021-02-01,358.0,2021-03-03,put,0.19389479217172315,-0.17083669553264214,1.8242152414913737
SPY,-34.16733910652843,376.2300109863281,stock,2021-02-01,,,,,,
SPY,-2.0,5.73,option,2021-02-01,359.0,2021-03-03,put,0.19389479217172315,-0.1838781684014248,1.660885138800311
SPY,-36.775633680284955,376.2300109863281,stock,2021-02-01,,,,,,
SPY,-2.0,5.73,option,2021-02-01,359.0,2021-03-03,put,0.19389479217172315,-0.1838781684014248,1.660885138800311
SPY,-36.775633680284955,376.2300109863281,stock,2021-02-01,,,,,,
SPY,260.71748793737225,376.2300109863281,stock,2021-02-01,,,,,,
SPY,129.4306968629846,381.54998779296875,stock,2021-02-02,,,,,,
SPY,-2.0,3.485,option,2021-02-03,364.0,2021-03-05,put,0.15725273784518382,-0.1311624136829347,2.014929373984211
SPY,-26.232482736586938,381.8500061035156,stock,2021-02-03,,,,,,
SPY,-2.0,3.485,option,2021-02-03,364.0,2021-03-05,put,0.15725273784518382,-0.1311624136829347,2.014929373984211
SPY,-26.232482736586938,381.8500061035156,stock,2021-02-03,,,,,,
SPY,-2.0,3.635,option,2021-02-03,365.0,2021-03-05,put,0.15725273784518382,-0.1445588805272765,1.7883676379631814
SPY,-28.9117761054553,381.8500061035156,stock,2021-02-03,,,,,,
SPY,-2.0,3.635,option,2021-02-03,365.0,2021-03-05,put,0.15725273784518382,-0.1445588805272765,1.7883676379631814
SPY,-28.9117761054553,381.8500061035156,stock,2021-02-03,,,,,,
SPY,6.199661377342551,381.8500061035156,stock,2021-02-03,,,,,,
SPY,106.46285774828985,386.19000244140625,stock,2021-02-04,,,,,,
SPY,33.813713171138886,387.7099914550781,stock,2021-02-05,,,,,,
SPY,-2.0,3.54,option,2021-02-08,375.0,2021-03-10,put,0.1498829048526301,-0.15795500722758948,1.4967912793447495
SPY,-31.591001445517897,390.510009765625,stock,2021-02-08,,,,,,
SPY,-2.0,3.54,option,2021-02-08,375.0,2021-03-10,put,0.1498829048526301,-0.15795500722758948,1.4967912793447495
SPY,-31.591001445517897,390.510009765625,stock,2021-02-08,,,,,,
SPY,-2.0,4.025,option,2021-02-08,378.0,2021-03-10,put,0.1498829048526301,-0.20683197443936796,1.015797235961757
SPY,-41.36639488787359,390.510009765625,stock,2021-02-08,,,,,,
SPY,-2.0,4.025,option,2021-02-08,378.0,2021-03-10,put,0.1498829048526301,-0.20683197443936796,1.015797235961757
SPY,-41.36639488787359,390.510009765625,stock,2021-02-08,,,,,,
SPY,-2.0,4.205,option,2021-02-08,379.0,2021-03-10,put,0.1498829048526301,-0.2248311794113228,0.8899670636563127
SPY,-44.96623588226456,390.510009765625,stock,2021-02-08,,,,,,
SPY,-1.0,4.205,option,2021-02-08,379.0,2021-03-10,put,0.1498829048526301,-0.2248311794113228,0.8899670636563127
SPY,-22.48311794113228,390.510009765625,stock,2021-02-08,,,,,,
SPY,46.580529243410055,390.510009765625,stock,2021-02-08,,,,,,
SPY,3.2819090387947227,390.25,stock,2021-02-09,,,,,,
SPY,-2.0,3.245,option,2021-02-10,371.0,2021-03-12,put,0.15034913715243478,-0.11063568954790193,2.5424749112482026
SPY,-22.127137909580384,390.0799865722656,stock,2021-02-10,,,,,,
SPY,4.5839676634902915,390.0799865722656,stock,2021-02-10,,,,,,
SPY,30.986026173042028,390.7099914550781,stock,2021-02-11,,,,,,
SPY,63.355931118573714,392.6400146484375,stock,2021-02-12,,,,,,
SPY,34.86896331780954,392.29998779296875,stock,2021-02-16,,,,,,
SPY,-2.0,3.3499999999999996,option,2021-02-17,373.0,2021-03-19,put,0.15034913715243478,-0.10833962439090628,2.7293396902722513
SPY,-21.667924878181253,392.3900146484375,stock,2021-02-17,,,,,,
SPY,-2.0,3.3499999999999996,option,2021-02-17,373.0,2021-03-19,put,0.15034913715243478,-0.10833962439090628,2.7293396902722513
SPY,-21.667924878181253,392.3900146484375,stock,2021-02-17,,,,,,
SPY,-1.0,3.4850000000000003,option,2021-02-17,374.0,2021-03-19,put,0.15034913715243478,-0.12033940505226637,2.4136798686436323
SPY,-12.033940505226637,392.3900146484375,stock,2021-02-17,,,,,,
SPY,2.0,0.6,option,2021-02-17,412.0,2021-03-19,call,0.15034913715243478,0.14192756263665074,-0.5016708726760861
SPY,-28.38551252733015,392.3900146484375,stock,2021-02-17,,,,,,
SPY,2.0,0.6,option,2021-02-17,412.0,2021-03-19,call,0.15034913715243478,0.14192756263665074,-0.5016708726760861
SPY,-28.38551252733015,392.3900146484375,stock,2021-02-17,,,,,,
SPY,12.32448408214622,392.3900146484375,stock,2021-02-17,,,,,,
SPY,-26.779929334075742,390.7200012207031,stock,2021-02-18,,,,,,
SPY,-3.7125748932986937,390.0299987792969,stock,2021-02-19,,,,,,
SPY,-1.0,4.23,option,2021-02-22,370.0,2021-03-24,put,0.1476485412967219,-0.13070430911729836,2.8666216220401872
SPY,-13.070430911729837,387.0299987792969,stock,2021-02-22,,,,,,
SPY,-49.44341985798701,387.0299987792969,stock,2021-02-22,,,,,,
SPY,35.09733659484384,387.5,stock,2021-02-23,,,,,,
SPY,-2.0,3.255,option,2021-02-24,372.5,2021-03-26,put,0.14873352702975412,-0.10698329255650263,2.7259616390295687
SPY,-21.396658511300526,391.7699890136719,stock,2021-02-24,,,,,,
SPY,-2.0,3.255,option,2021-02-24,372.5,2021-03-26,put,0.14873352702975412,-0.10698329255650263,2.7259616390295687
SPY,-21.396658511300526,391.7699890136719,stock,2021-02-24,,,,,,
SPY,133.75348597196844,391.7699890136719,stock,2021-02-24,,,,,,
SPY,-396.8951670666836,382.3299865722656,stock,2021-02-25,,,,,,
SPY,-116.32011987873987,380.3599853515625,stock,2021-02-26,,,,,,
SPY,544.9667274164186,389.5799865722656,stock,2021-03-01,,,,,,
SPY,-4.0,0.125,option,2021-03-02,412.0,2021-03-19,call,0.15477896388888499,0.029216286611687157,
SPY,11.686514644674864,386.5400085449219,stock,2021-03-02,,,,,,
SPY,-90.572580249933,386.5400085449219,stock,2021-03-02,,,,,,
SPY,-286.7646925346712,381.4200134277344,stock,2021-03-03,,,,,,
SPY,3.0,6.01,option,2021-03-04,379.0,2021-03-10,put,0.19463278350473096,-0.5914462096791973,
SPY,177.43386290375918,376.70001220703125,stock,2021-03-04,,,,,,
SPY,-389.0627850920206,376.70001220703125,stock,2021-03-04,,,,,,
SPY,495.479651336793,383.6300048828125,stock,2021-03-05,,,,,,
SPY,-2.0,4.5600000000000005,option,2021-03-08,365.0,2021-04-07,put,0.19007923659921336,-0.18960914581093657,1.0483426466297185
SPY,-37.921829162187315,381.7200012207031,stock,2021-03-08,,,,,,
SPY,-2.0,4.5600000000000005,option,2021-03-08,365.0,2021-04-07,put,0.19007923659921336,-0.18960914581093657,1.0483426466297185
SPY,-37.921829162187315,381.7200012207031,stock,2021-03-08,,,,,,
SPY,-0.012858483947368882,381.7200012207031,stock,2021-03-08,,,,,,
SPY,245.12959737773815,387.1700134277344,stock,2021-03-09,,,,,,
SPY,-2.0,3.535,option,2021-03-10,371.0,2021-04-09,put,0.16240132984042305,-0.13389632396306062,1.827749081726465
SPY,-26.779264792612125,389.5799865722656,stock,2021-03-10,,,,,,
SPY,-2.0,3.535,option,2021-03-10,371.0,2021-04-09,put,0.16240132984042305,-0.13389632396306062,1.827749081726465
SPY,-26.779264792612125,389.5799865722656,stock,2021-03-10,,,,,,
SPY,-2.0,3.755,option,2021-03-10,372.5,2021-04-09,put,0.16240132984042305,-0.15350963356686553,1.5349919700944672
SPY,-30.701926713373105,389.5799865722656,stock,2021-03-10,,,,,,
SPY,-2.0,3.755,option,2021-03-10,372.5,2021-04-09,put,0.16240132984042305,-0.15350963356686553,1.5349919700944672
SPY,-30.701926713373105,389.5799865722656,stock,2021-03-10,,,,,,
SPY,-2.0,3.995,option,2021-03-10,374.0,2021-04-09,put,0.16240132984042305,-0.17484748696007468,1.2899954436391754
SPY,-34.96949739201494,389.5799865722656,stock,2021-03-10,,,,,,
SPY,-2.0,3.995,option,2021-03-10,374.0,2021-04-09,put,0.16240132984042305,-0.17484748696007468,1.2899954436391754
SPY,-34.96949739201494,389.5799865722656,stock,2021-03-10,,,,,,
SPY,-2.0,4.165,option,2021-03-10,375.0,2021-04-09,put,0.16240132984042305,-0.19001809329573294,1.147826055769533
SPY,-38.00361865914659,389.5799865722656,stock,2021-03-10,,,,,,
SPY,-2.0,4.165,option,2021-03-10,375.0,2021-04-09,put,0.16240132984042305,-0.19001809329573294,1.147826055769533
SPY,-38.00361865914659,389.5799865722656,stock,2021-03-10,,,,,,
SPY,-2.0,4.345000000000001,option,2021-03-10,376.0,2021-04-09,put,0.16240132984042305,-0.20592827869902897,1.02098569221806
SPY,-41.185655739805796,389.5799865722656,stock,2021-03-10,,,,,,
SPY,-2.0,4.345000000000001,option,2021-03-10,376.0,2021-04-09,put,0.16240132984042305,-0.20592827869902897,1.02098569221806
SPY,-41.185655739805796,389.5799865722656,stock,2021-03-10,,,,,,
SPY,-2.0,4.63,option,2021-03-10,377.5,2021-04-09,put,0.16240132984042305,-0.2311340144954549,0.8535395045011386
SPY,-46.22680289909098,389.5799865722656,stock,2021-03-10,,,,,,
SPY,26.68103270756565,389.5799865722656,stock,2021-03-10,,,,,,
SPY,167.33267456170276,393.5299987792969,stock,2021-03-11,,,,,,
SPY,30.044009228114966,394.05999755859375,stock,2021-03-12,,,,,,
SPY,-2.0,3.17,option,2021-03-15,380.0,2021-04-14,put,0.15287062343478341,-0.15289865061056396,1.2482645198192517
SPY,-30.579730122112792,396.4100036621094,stock,2021-03-15,,,,,,
SPY,96.66003649309366,396.4100036621094,stock,2021-03-15,,,,,,
SPY,-0.7434666137108081,395.9100036621094,stock,2021-03-16,,,,,,
SPY,2.0,0.635,option,2021-03-17,417.0,2021-04-16,call,0.1543207710635676,0.14990305929338832,-0.5253798757071654
SPY,-29.980611858677662,397.260009765625,stock,2021-03-17,,,,,,
SPY,2.0,0.635,option,2021-03-17,417.0,2021-04-16,call,0.1543207710635676,0.14990305929338832,-0.5253798757071654
SPY,-29.980611858677662,397.260009765625,stock,2021-03-17,,,,,,
SPY,2.0,0.725,option,2021-03-17,416.0,2021-04-16,call,0.1543207710635676,0.16290687440547785,-0.5113404842081848
SPY,-32.58137488109557,397.260009765625,stock,2021-03-17,,,,,,
SPY,2.0,0.725,option,2021-03-17,416.0,2021-04-16,call,0.1543207710635676,0.16290687440547785,-0.5113404842081848
SPY,-32.58137488109557,397.260009765625,stock,2021-03-17,,,,,,
SPY,51.624316031915946,397.260009765625,stock,2021-03-17,,,,,,
SPY,-100.3724179825804,391.4800109863281,stock,2021-03-18,,,,,,
SPY,-46.50658480890524,389.4800109863281,stock,2021-03-19,,,,,,
SPY,-2.0,2.51,option,2021-03-22,375.0,2021-04-21,put,0.15474983867526193,-0.13731384637196686,1.0288445473438712
SPY,-27.462769274393374,392.5899963378906,stock,2021-03-22,,,,,,
SPY,-2.0,2.51,option,2021-03-22,375.0,2021-04-21,put,0.15474983867526193,-0.13731384637196686,1.0288445473438712
SPY,-27.462769274393374,392.5899963378906,stock,2021-03-22,,,,,,
SPY,2.0,0.79,option,2021-03-22,410.0,2021-04-21,call,0.15474983867526193,0.17909744680636158,-0.5228409481659736
SPY,-35.81948936127232,392.5899963378906,stock,2021-03-22,,,,,,
SPY,2.0,0.79,option,2021-03-22,410.0,2021-04-21,call,0.15474983867526193,0.17909744680636158,-0.5228409481659736
SPY,-35.81948936127232,392.5899963378906,stock,2021-03-22,,,,,,
SPY,150.94775937546407,392.5899963378906,stock,2021-03-22,,,,,,
SPY,-66.88443526018918,389.5,stock,2021-03-23,,,,,,
SPY,2.0,3.69,option,2021-03-24,380.0,2021-04-14,put,0.16729879077792306,-0.305512219407455,
SPY,61.102443881491,387.5199890136719,stock,2021-03-24,,,,,,
SPY,-2.0,3.13,option,2021-03-24,370.0,2021-04-23,put,0.16729879077792306,-0.1531920420044215,1.0661178370059186
SPY,-30.6384084008843,387.5199890136719,stock,2021-03-24,,,,,,
SPY,-2.0,3.28,option,2021-03-24,371.0,2021-04-23,put,0.16729879077792306,-0.16688073834017492,0.9447904311966879
SPY,-33.37614766803498,387.5199890136719,stock,2021-03-24,,,,,,
SPY,2.0,0.815,option,2021-03-24,406.0,2021-04-23,call,0.16729879077792306,0.1806137128675589,-0.5428320124716438
SPY,-36.12274257351178,387.5199890136719,stock,2021-03-24,,,,,,
SPY,2.0,0.9450000000000001,option,2021-03-24,405.0,2021-04-23,call,0.16729879077792306,0.1944504615343413,-0.5171851987904058
SPY,-38.89009230686826,387.5199890136719,stock,2021-03-24,,,,,,
SPY,-58.194798747004285,387.5199890136719,stock,2021-03-24,,,,,,
SPY,101.86709212646443,389.70001220703125,stock,2021-03-25,,,,,,
SPY,105.5030393697125,395.9800109863281,stock,2021-03-26,,,,,,
SPY,-2.0,2.02,option,2021-03-29,406.0,2021-04-23,call,0.1525051372897639,0.26806634933348694,
SPY,53.61326986669739,395.7799987792969,stock,2021-03-29,,,,,,
SPY,-2.0,2.31,option,2021-03-29,405.0,2021-04-23,call,0.1525051372897639,0.288803330463275,
SPY,57.760666092655,395.7799987792969,stock,2021-03-29,,,,,,
SPY,-2.0,3.2649999999999997,option,2021-03-29,380.0,2021-04-28,put,0.1525051372897639,-0.16107455857220887,1.1782788391894685
SPY,-32.214911714441776,395.7799987792969,stock,2021-03-29,,,,,,
SPY,-2.0,3.2649999999999997,option,2021-03-29,380.0,2021-04-28,put,0.1525051372897639,-0.16107455857220887,1.1782788391894685
SPY,-32.214911714441776,395.7799987792969,stock,2021-03-29,,,,,,
SPY,72.2444054652758,395.7799987792969,stock,2021-03-29,,,,,,
SPY,12.392849304973396,394.7300109863281,stock,2021-03-30,,,,,,
SPY,34.711333508545025,396.3299865722656,stock,2021-03-31,,,,,,
SPY,-0.73128419332361,400.6099853515625,stock,2021-04-01,,,,,,
SPY,-4.0,2.73,option,2021-04-05,410.0,2021-04-21,call,0.15018276866793773,0.3944734231725694,
SPY,157.78936926902776,406.3599853515625,stock,2021-04-05,,,,,,
SPY,-60.50612382281754,406.3599853515625,stock,2021-04-05,,,,,,
SPY,15.57811220702361,406.1199951171875,stock,2021-04-06,,,,,,
SPY,-2.0,2.0549999999999997,option,2021-04-07,387.0,2021-05-07,put,0.1516329162967219,-0.11595127915606018,1.0152590009139946
SPY,-23.190255831212035,406.5899963378906,stock,2021-04-07,,,,,,
SPY,-2.0,2.0549999999999997,option,2021-04-07,387.0,2021-05-07,put,0.1516329162967219,-0.11595127915606018,1.0152590009139946
SPY,-23.190255831212035,406.5899963378906,stock,2021-04-07,,,,,,
SPY,2.0,0.67,option,2021-04-07,425.0,2021-05-07,call,0.1516329162967219,0.1687464939662388,-0.5704399131539581
SPY,-33.74929879324776,406.5899963378906,stock,2021-04-07,,,,,,
SPY,2.0,0.67,option,2021-04-07,425.0,2021-05-07,call,0.1516329162967219,0.1687464939662388,-0.5704399131539581
SPY,-33.74929879324776,406.5899963378906,stock,2021-04-07,,,,,,
SPY,2.0,0.94,option,2021-04-07,422.5,2021-05-07,call,0.1516329162967219,0.2051355118020739,-0.5292549244360328
SPY,-41.02710236041478,406.5899963378906,stock,2021-04-07,,,,,,
SPY,2.0,0.94,option,2021-04-07,422.5,2021-05-07,call,0.1516329162967219,0.2051355118020739,-0.5292549244360328
SPY,-41.02710236041478,406.5899963378906,stock,2021-04-07,,,,,,
SPY,9.588768773983517,406.5899963378906,stock,2021-04-07,,,,,,
SPY,-35.685684556238854,408.5199890136719,stock,2021-04-08,,,,,,
SPY,-90.72953612537961,411.489990234375,stock,2021-04-09,,,,,,
SPY,-2.0,2.07,option,2021-04-12,392.0,2021-05-12,put,0.1516329162967219,-0.11818152366514756,0.9589874661125691
SPY,-23.63630473302951,411.6400146484375,stock,2021-04-12,,,,,,
SPY,-2.0,2.07,option,2021-04-12,392.0,2021-05-12,put,0.1516329162967219,-0.11818152366514756,0.9589874661125691
SPY,-23.63630473302951,411.6400146484375,stock,2021-04-12,,,,,,
SPY,-2.0,2.18,option,2021-04-12,393.0,2021-05-12,put,0.1516329162967219,-0.1301846064001555,0.8324023502546145
SPY,-26.036921280031102,411.6400146484375,stock,2021-04-12,,,,,,
SPY,-2.0,2.18,option,2021-04-12,393.0,2021-05-12,put,0.1516329162967219,-0.1301846064001555,0.8324023502546145
SPY,-26.036921280031102,411.6400146484375,stock,2021-04-12,,,,,,
SPY,2.0,0.505,option,2021-04-12,432.0,2021-05-12,call,0.1516329162967219,0.1466357976527311,-0.6191592767840267
SPY,-29.327159530546222,411.6400146484375,stock,2021-04-12,,,,,,
SPY,2.0,0.505,option,2021-04-12,432.0,2021-05-12,call,0.1516329162967219,0.1466357976527311,-0.6191592767840267
SPY,-29.327159530546222,411.6400146484375,stock,2021-04-12,,,,,,
SPY,2.0,0.575,option,2021-04-12,431.0,2021-05-12,call,0.1516329162967219,0.15922180977569195,-0.6084741878175804
SPY,-31.84436195513839,411.6400146484375,stock,2021-04-12,,,,,,
SPY,2.0,0.575,option,2021-04-12,431.0,2021-05-12,call,0.1516329162967219,0.15922180977569195,-0.6084741878175804
SPY,-31.84436195513839,411.6400146484375,stock,2021-04-12,,,,,,
SPY,2.0,0.6599999999999999,option,2021-04-12,430.0,2021-05-12,call,0.1516329162967219,0.17252680322483227,-0.5934901192966597
SPY,-34.50536064496645,411.6400146484375,stock,2021-04-12,,,,,,
SPY,2.0,0.6599999999999999,option,2021-04-12,430.0,2021-05-12,call,0.1516329162967219,0.17252680322483227,-0.5934901192966597
SPY,-34.50536064496645,411.6400146484375,stock,2021-04-12,,,,,,
SPY,2.0,0.76,option,2021-04-12,429.0,2021-05-12,call,0.1516329162967219,0.18655352192392372,-0.5758035824077702
SPY,-37.31070438478474,411.6400146484375,stock,2021-04-12,,,,,,
SPY,63.571222676705396,411.6400146484375,stock,2021-04-12,,,,,,
SPY,-38.10481540008311,412.8599853515625,stock,2021-04-13,,,,,,
SPY,-2.0,2.03,option,2021-04-14,391.0,2021-05-14,put,0.15416142162203927,-0.11260868205157881,1.0045239517312838
SPY,-22.52173641031576,411.45001220703125,stock,2021-04-14,,,,,,
SPY,-2.0,2.03,option,2021-04-14,391.0,2021-05-14,put,0.15416142162203927,-0.11260868205157881,1.0045239517312838
SPY,-22.52173641031576,411.45001220703125,stock,2021-04-14,,,,,,
SPY,-2.0,2.13,option,2021-04-14,392.0,2021-05-14,put,0.15416142162203927,-0.12404979693014839,0.8688371073146884
SPY,-24.80995938602968,411.45001220703125,stock,2021-04-14,,,,,,
SPY,-2.0,2.13,option,2021-04-14,392.0,2021-05-14,put,0.15416142162203927,-0.12404979693014839,0.8688371073146884
SPY,-24.80995938602968,411.45001220703125,stock,2021-04-14,,,,,,
SPY,-2.0,2.185,option,2021-04-14,392.5,2021-05-14,put,0.15416142162203927,-0.13005394605579257,0.8089711311278582
SPY,-26.010789211158514,411.45001220703125,stock,2021-04-14,,,,,,
SPY,138.9835152731892,411.45001220703125,stock,2021-04-14,,,,,,
SPY,-283.87612304819726,415.8699951171875,stock,2021-04-15,,,,,,
SPY,321.6170670493537,417.260009765625,stock,2021-04-16,,,,,,
SPY,-2.0,2.2199999999999998,option,2021-04-19,395.0,2021-05-19,put,0.15475689586520333,-0.11822584147718374,1.039106267252902
SPY,-23.645168295436747,415.2099914550781,stock,2021-04-19,,,,,,
SPY,-1.0,2.2199999999999998,option,2021-04-19,395.0,2021-05-19,put,0.15475689586520333,-0.11822584147718374,1.039106267252902
SPY,-11.822584147718374,415.2099914550781,stock,2021-04-19,,,,,,
SPY,2.0,0.75,option,2021-04-19,432.0,2021-05-19,call,0.15475689586520333,0.20207259988793658,-0.6324782214303482
SPY,-40.41451997758732,415.2099914550781,stock,2021-04-19,,,,,,
SPY,2.0,0.75,option,2021-04-19,432.0,2021-05-19,call,0.15475689586520333,0.20207259988793658,-0.6324782214303482
SPY,-40.41451997758732,415.2099914550781,stock,2021-04-19,,,,,,
SPY,2.0,1.025,option,2021-04-19,430.0,2021-05-19,call,0.15475689586520333,0.23280171080077333,-0.5814346078335493
SPY,-46.56034216015467,415.2099914550781,stock,2021-04-19,,,,,,
SPY,116.77888190257362,415.2099914550781,stock,2021-04-19,,,,,,
SPY,102.3903332852253,412.1700134277344,stock,2021-04-20,,,,,,
SPY,-2.0,2.435,option,2021-04-21,396.0,2021-05-21,put,0.1576468723666682,-0.12448443785647001,1.0562658560264115
SPY,-24.896887571294002,416.07000732421875,stock,2021-04-21,,,,,,
SPY,-2.0,2.435,option,2021-04-21,396.0,2021-05-21,put,0.1576468723666682,-0.12448443785647001,1.0562658560264115
SPY,-24.896887571294002,416.07000732421875,stock,2021-04-21,,,,,,
SPY,2.0,0.435,option,2021-04-21,436.0,2021-05-21,call,0.1576468723666682,0.16446488050289204,-0.7290866192411208
SPY,-32.89297610057841,416.07000732421875,stock,2021-04-21,,,,,,
SPY,-84.31522629855965,416.07000732421875,stock,2021-04-21,,,,,,
SPY,128.71854894998307,412.2699890136719,stock,2021-04-22,,,,,,
SPY,-98.23110178111546,416.739990234375,stock,2021-04-23,,,,,,
SPY,2.0,0.42000000000000004,option,2021-04-26,438.0,2021-05-26,call,0.16117500957369943,0.16527812873135078,-0.7465484985267702
SPY,-33.05562574627016,417.6099853515625,stock,2021-04-26,,,,,,
SPY,2.0,0.42000000000000004,option,2021-04-26,438.0,2021-05-26,call,0.16117500957369943,0.16527812873135078,-0.7465484985267702
SPY,-33.05562574627016,417.6099853515625,stock,2021-04-26,,,,,,
SPY,2.0,0.8,option,2021-04-26,434.0,2021-05-26,call,0.16117500957369943,0.21933341178912458,-0.6628150068441125
SPY,-43.866682357824914,417.6099853515625,stock,2021-04-26,,,,,,
SPY,56.24990897588181,417.6099853515625,stock,2021-04-26,,,,,,
SPY,40.26261077344819,417.5199890136719,stock,2021-04-27,,,,,,
SPY,-2.0,2.335,option,2021-04-28,397.0,2021-05-28,put,0.15923248943209786,-0.12373980088437753,0.9599404044771159
SPY,-24.747960176875505,417.3999938964844,stock,2021-04-28,,,,,,
SPY,-2.0,2.335,option,2021-04-28,397.0,2021-05-28,put,0.15923248943209786,-0.12373980088437753,0.9599404044771159
SPY,-24.747960176875505,417.3999938964844,stock,2021-04-28,,,,,,
SPY,41.303844850353364,417.3999938964844,stock,2021-04-28,,,,,,
SPY,-136.18047756242424,420.05999755859375,stock,2021-04-29,,,,,,
SPY,226.77697633612587,417.29998779296875,stock,2021-04-30,,,,,,
SPY,-2.0,2.75,option,2021-05-03,400.0,2021-06-02,put,0.15597542461276193,-0.14590342834040038,0.9200193579264306
SPY,-29.180685668080073,418.20001220703125,stock,2021-05-03,,,,,,
SPY,93.08916359697832,418.20001220703125,stock,2021-05-03,,,,,,
SPY,204.2460245568736,415.6199951171875,stock,2021-05-04,,,,,,
SPY,62.28185952981765,415.75,stock,2021-05-05,,,,,,
SPY,-90.22755428322893,419.07000732421875,stock,2021-05-06,,,,,,
SPY,-30.45507197746494,422.1199951171875,stock,2021-05-07,,,,,,
SPY,-2.0,3.21,option,2021-05-10,400.0,2021-06-09,put,0.15287764247775218,-0.14447229053918575,1.317141231909126
SPY,-28.894458107837153,417.94000244140625,stock,2021-05-10,,,,,,
SPY,-2.0,3.21,option,2021-05-10,400.0,2021-06-09,put,0.15287764247775218,-0.14447229053918575,1.317141231909126
SPY,-28.894458107837153,417.94000244140625,stock,2021-05-10,,,,,,
SPY,2.0,0.845,option,2021-05-10,435.0,2021-06-09,call,0.15287764247775218,0.1967158781278916,-0.5691732165322878
SPY,-39.34317562557832,417.94000244140625,stock,2021-05-10,,,,,,
SPY,304.0688317621235,417.94000244140625,stock,2021-05-10,,,,,,
SPY,34.487598291276,414.2099914550781,stock,2021-05-11,,,,,,
SPY,-2.0,5.16,option,2021-05-12,386.0,2021-06-11,put,0.1805341201746528,-0.15731595633177142,1.9134740126077108
SPY,-31.463191266354286,405.4100036621094,stock,2021-05-12,,,,,,
SPY,-2.0,5.16,option,2021-05-12,386.0,2021-06-11,put,0.1805341201746528,-0.15731595633177142,1.9134740126077108
SPY,-31.463191266354286,405.4100036621094,stock,2021-05-12,,,,,,
SPY,-2.0,5.35,option,2021-05-12,387.0,2021-06-11,put,0.1805341201746528,-0.16964702707765145,1.7473708479543955
SPY,-33.92940541553029,405.4100036621094,stock,2021-05-12,,,,,,
SPY,-2.0,5.35,option,2021-05-12,387.0,2021-06-11,put,0.1805341201746528,-0.16964702707765145,1.7473708479543955
SPY,-33.92940541553029,405.4100036621094,stock,2021-05-12,,,,,,
SPY,-1.0,5.539999999999999,option,2021-05-12,388.0,2021-06-11,put,0.1805341201746528,-0.18254714086666746,1.5927017613680143
SPY,-18.254714086666745,405.4100036621094,stock,2021-05-12,,,,,,
SPY,-177.78415593598433,405.4100036621094,stock,2021-05-12,,,,,,
SPY,210.42045207536984,410.2799987792969,stock,2021-05-13,,,,,,
SPY,128.01034119593618,416.5799865722656,stock,2021-05-14,,,,,,
SPY,-2.0,2.91,option,2021-05-17,395.0,2021-06-16,put,0.16166333850741524,-0.12479098217493956,1.3910697473407607
SPY,-24.95819643498791,415.5199890136719,stock,2021-05-17,,,,,,
SPY,-2.0,2.91,option,2021-05-17,395.0,2021-06-16,put,0.16166333850741524,-0.12479098217493956,1.3910697473407607
SPY,-24.95819643498791,415.5199890136719,stock,2021-05-17,,,,,,
SPY,2.0,0.6799999999999999,option,2021-05-17,434.0,2021-06-16,call,0.16166333850741524,0.18937011709193663,-0.6534983422640984
SPY,-37.874023418387324,415.5199890136719,stock,2021-05-17,,,,,,
SPY,2.0,0.6799999999999999,option,2021-05-17,434.0,2021-06-16,call,0.16166333850741524,0.18937011709193663,-0.6534983422640984
SPY,-37.874023418387324,415.5199890136719,stock,2021-05-17,,,,,,
SPY,2.0,0.81,option,2021-05-17,433.0,2021-06-16,call,0.16166333850741524,0.2031428253170004,-0.6225195069062437
SPY,-40.62856506340008,415.5199890136719,stock,2021-05-17,,,,,,
SPY,2.0,0.81,option,2021-05-17,433.0,2021-06-16,call,0.16166333850741524,0.2031428253170004,-0.6225195069062437
SPY,-40.62856506340008,415.5199890136719,stock,2021-05-17,,,,,,
SPY,60.94806556070722,415.5199890136719,stock,2021-05-17,,,,,,
SPY,-19.409595483334463,411.94000244140625,stock,2021-05-18,,,,,,
SPY,-2.0,3.9000000000000004,option,2021-05-19,391.0,2021-06-18,put,0.1659083717715754,-0.13567038772449447,1.847665200439233
SPY,-27.134077544898894,410.8599853515625,stock,2021-05-19,,,,,,
SPY,-2.0,3.9000000000000004,option,2021-05-19,391.0,2021-06-18,put,0.1659083717715754,-0.13567038772449447,1.847665200439233
SPY,-27.134077544898894,410.8599853515625,stock,2021-05-19,,,,,,
SPY,-2.0,4.0600000000000005,option,2021-05-19,392.0,2021-06-18,put,0.1659083717715754,-0.14771618967900646,1.6677661823825634
SPY,-29.543237935801294,410.8599853515625,stock,2021-05-19,,,,,,
SPY,-2.0,4.0600000000000005,option,2021-05-19,392.0,2021-06-18,put,0.1659083717715754,-0.14771618967900646,1.6677661823825634
SPY,-29.543237935801294,410.8599853515625,stock,2021-05-19,,,,,,
SPY,-2.0,4.23,option,2021-05-19,393.0,2021-06-18,put,0.1659083717715754,-0.1604246586346355,1.5071502836909005
SPY,-32.0849317269271,410.8599853515625,stock,2021-05-19,,,,,,
SPY,2.0,0.605,option,2021-05-19,431.0,2021-06-18,call,0.1659083717715754,0.17162104500716802,-0.6558855044244822
SPY,-34.3242090014336,410.8599853515625,stock,2021-05-19,,,,,,
SPY,-6.144308995019642,410.8599853515625,stock,2021-05-19,,,,,,
SPY,118.21397271651932,415.2799987792969,stock,2021-05-20,,,,,,
SPY,19.995407575081813,414.94000244140625,stock,2021-05-21,,,,,,
SPY,-2.0,2.66,option,2021-05-24,399.0,2021-06-23,put,0.14873352702975412,-0.11191572068326794,1.694277434286222
SPY,-22.383144136653588,419.1700134277344,stock,2021-05-24,,,,,,
SPY,-2.0,2.66,option,2021-05-24,399.0,2021-06-23,put,0.14873352702975412,-0.11191572068326794,1.694277434286222
SPY,-22.383144136653588,419.1700134277344,stock,2021-05-24,,,,,,
SPY,2.0,0.44,option,2021-05-24,438.0,2021-06-23,call,0.14873352702975412,0.1658595948154774,-0.7150515531974392
SPY,-33.17191896309548,419.1700134277344,stock,2021-05-24,,,,,,
SPY,2.0,0.44,option,2021-05-24,438.0,2021-06-23,call,0.14873352702975412,0.1658595948154774,-0.7150515531974392
SPY,-33.17191896309548,419.1700134277344,stock,2021-05-24,,,,,,
SPY,87.66088208112235,419.1700134277344,stock,2021-05-24,,,,,,
SPY,24.936553487075606,418.239990234375,stock,2021-05-25,,,,,,
SPY,2.0,0.215,option,2021-05-26,440.0,2021-06-25,call,0.1476485412967219,0.13755588656272322,-0.8231181299100334
SPY,-27.511177312544643,419.07000732421875,stock,2021-05-26,,,,,,
SPY,2.0,0.215,option,2021-05-26,440.0,2021-06-25,call,0.1476485412967219,0.13755588656272322,-0.8231181299100334
SPY,-27.511177312544643,419.07000732421875,stock,2021-05-26,,,,,,
SPY,2.0,0.25,option,2021-05-26,439.0,2021-06-25,call,0.1476485412967219,0.14972494486805793,-0.8147451913873521
SPY,-29.944988973611586,419.07000732421875,stock,2021-05-26,,,,,,
SPY,2.0,0.25,option,2021-05-26,439.0,2021-06-25,call,0.1476485412967219,0.14972494486805793,-0.8147451913873521
SPY,-29.944988973611586,419.07000732421875,stock,2021-05-26,,,,,,
SPY,26.530351671768777,419.07000732421875,stock,2021-05-26,,,,,,
SPY,22.06097342141541,419.2900085449219,stock,2021-05-27,,,,,,
SPY,11.021403276853903,420.0400085449219,stock,2021-05-28,,,,,,
SPY,112.32953685562646,419.6700134277344,stock,2021-06-01,,,,,,
SPY,-2.0,2.415,option,2021-06-02,400.0,2021-07-02,put,0.1476485412967219,-0.10912773997172809,1.5341194072565776
SPY,-21.82554799434562,420.3299865722656,stock,2021-06-02,,,,,,
SPY,-2.0,2.415,option,2021-06-02,400.0,2021-07-02,put,0.1476485412967219,-0.10912773997172809,1.5341194072565776
SPY,-21.82554799434562,420.3299865722656,stock,2021-06-02,,,,,,
SPY,-2.0,2.525,option,2021-06-02,401.0,2021-07-02,put,0.1476485412967219,-0.12055969813012468,1.3466903630506688
SPY,-24.111939626024935,420.3299865722656,stock,2021-06-02,,,,,,
SPY,2.0,0.245,option,2021-06-02,441.0,2021-07-02,call,0.1476485412967219,0.1413946395831166,-0.8057338608669141
SPY,-28.27892791662332,420.3299865722656,stock,2021-06-02,,,,,,
SPY,6.95419818857409,420.3299865722656,stock,2021-06-02,,,,,,
SPY,60.79313094838053,418.7699890136719,stock,2021-06-03,,,,,,
SPY,-68.92270836885086,422.6000061035156,stock,2021-06-04,,,,,,
SPY,2.0,0.21000000000000002,option,2021-06-07,442.0,2021-07-07,call,0.1476485412967219,0.15308916573285536,-0.8497319629870406
SPY,-30.617833146571073,422.19000244140625,stock,2021-06-07,,,,,,
SPY,106.22451424910915,422.19000244140625,stock,2021-06-07,,,,,,
SPY,27.931566864765625,422.2799987792969,stock,2021-06-08,,,,,,
SPY,-2.0,2.455,option,2021-06-09,401.0,2021-07-09,put,0.1476485412967219,-0.10633324348940176,1.6501052106117151
SPY,-21.266648697880353,421.6499938964844,stock,2021-06-09,,,,,,
SPY,-2.0,2.455,option,2021-06-09,401.0,2021-07-09,put,0.1476485412967219,-0.10633324348940176,1.6501052106117151
SPY,-21.266648697880353,421.6499938964844,stock,2021-06-09,,,,,,
SPY,51.20279822778423,421.6499938964844,stock,2021-06-09,,,,,,
SPY,-32.209234557094916,423.6099853515625,stock,2021-06-10,,,,,,
SPY,8.913189463638375,424.30999755859375,stock,2021-06-11,,,,,,
SPY,-2.0,2.04,option,2021-06-14,405.0,2021-07-14,put,0.1476485412967219,-0.11253003609295797,1.0383205826222026
SPY,-22.506007218591595,425.260009765625,stock,2021-06-14,,,,,,
SPY,-2.0,2.04,option,2021-06-14,405.0,2021-07-14,put,0.1476485412967219,-0.11253003609295797,1.0383205826222026
SPY,-22.506007218591595,425.260009765625,stock,2021-06-14,,,,,,
SPY,-2.0,2.14,option,2021-06-14,406.0,2021-07-14,put,0.1476485412967219,-0.12406096948196565,0.8981118105471141
SPY,-24.812193896393133,425.260009765625,stock,2021-06-14,,,,,,
SPY,-2.0,2.14,option,2021-06-14,406.0,2021-07-14,put,0.1476485412967219,-0.12406096948196565,0.8981118105471141
SPY,-24.812193896393133,425.260009765625,stock,2021-06-14,,,,,,
SPY,99.20344823024864,425.260009765625,stock,2021-06-14,,,,,,
SPY,82.88595938275154,424.4800109863281,stock,2021-06-15,,,,,,
SPY,-2.0,2.6,option,2021-06-16,402.0,2021-07-16,put,0.1476485412967219,-0.11252950413230134,1.6172613220957672
SPY,-22.50590082646027,422.1099853515625,stock,2021-06-16,,,,,,
SPY,-2.0,2.6,option,2021-06-16,402.0,2021-07-16,put,0.1476485412967219,-0.11252950413230134,1.6172613220957672
SPY,-22.50590082646027,422.1099853515625,stock,2021-06-16,,,,,,
SPY,2.0,0.165,option,2021-06-16,443.0,2021-07-16,call,0.1476485412967219,0.1398174588953945,-0.8679073511019426
SPY,-27.963491779078897,422.1099853515625,stock,2021-06-16,,,,,,
SPY,2.0,0.165,option,2021-06-16,443.0,2021-07-16,call,0.1476485412967219,0.1398174588953945,-0.8679073511019426
SPY,-27.963491779078897,422.1099853515625,stock,2021-06-16,,,,,,
SPY,2.0,0.22999999999999998,option,2021-06-16,441.0,2021-07-16,call,0.1476485412967219,0.1649679665678928,-0.8500139995806356
SPY,-32.993593313578565,422.1099853515625,stock,2021-06-16,,,,,,
SPY,57.36477762212185,422.1099853515625,stock,2021-06-16,,,,,,
SPY,33.48232359906687,421.9700012207031,stock,2021-06-17,,,,,,
SPY,-109.66429012347008,414.9200134277344,stock,2021-06-18,,,,,,
SPY,-2.0,2.225,option,2021-06-21,400.0,2021-07-21,put,0.15875223811984202,-0.11983218297232101,0.9324083259362971
SPY,-23.966436594464202,420.8599853515625,stock,2021-06-21,,,,,,
SPY,-2.0,2.225,option,2021-06-21,400.0,2021-07-21,put,0.15875223811984202,-0.11983218297232101,0.9324083259362971
SPY,-23.966436594464202,420.8599853515625,stock,2021-06-21,,,,,,
SPY,2.0,0.305,option,2021-06-21,440.0,2021-07-21,call,0.15875223811984202,0.1792278814951812,-0.8325531699727973
SPY,-35.84557629903624,420.8599853515625,stock,2021-06-21,,,,,,
SPY,2.0,0.305,option,2021-06-21,440.0,2021-07-21,call,0.15875223811984202,0.1792278814951812,-0.8325531699727973
SPY,-35.84557629903624,420.8599853515625,stock,2021-06-21,,,,,,
SPY,2.0,0.73,option,2021-06-21,435.0,2021-07-21,call,0.15875223811984202,0.2523214330064997,-0.7418001598656705
SPY,-50.46428660129993,420.8599853515625,stock,2021-06-21,,,,,,
SPY,2.0,0.73,option,2021-06-21,435.0,2021-07-21,call,0.15875223811984202,0.2523214330064997,-0.7418001598656705
SPY,-50.46428660129993,420.8599853515625,stock,2021-06-21,,,,,,
SPY,198.98199918242994,420.8599853515625,stock,2021-06-21,,,,,,
SPY,25.88982290541817,423.1099853515625,stock,2021-06-22,,,,,,
SPY,2.0,0.215,option,2021-06-23,442.5,2021-07-23,call,0.15450720485568187,0.16365716080143955,-0.8647156208372603
SPY,-32.73143216028791,422.6000061035156,stock,2021-06-23,,,,,,
SPY,2.0,0.215,option,2021-06-23,442.5,2021-07-23,call,0.15450720485568187,0.16365716080143955,-0.8647156208372603
SPY,-32.73143216028791,422.6000061035156,stock,2021-06-23,,,,,,
SPY,2.0,0.20500000000000002,option,2021-06-23,443.0,2021-07-23,call,0.15450720485568187,0.15744061978312662,-0.8646312668212582
SPY,-31.488123956625323,422.6000061035156,stock,2021-06-23,,,,,,
SPY,2.0,0.20500000000000002,option,2021-06-23,443.0,2021-07-23,call,0.15450720485568187,0.15744061978312662,-0.8646312668212582
SPY,-31.488123956625323,422.6000061035156,stock,2021-06-23,,,,,,
SPY,2.0,0.235,option,2021-06-23,442.0,2021-07-23,call,0.15450720485568187,0.17003818814276456,-0.859037937058432
SPY,-34.007637628552914,422.6000061035156,stock,2021-06-23,,,,,,
SPY,33.34193459735565,422.6000061035156,stock,2021-06-23,,,,,,
SPY,-23.02991390701301,425.1000061035156,stock,2021-06-24,,,,,,
SPY,-18.44883743276972,426.6099853515625,stock,2021-06-25,,,,,,
SPY,2.0,0.225,option,2021-06-28,446.0,2021-07-28,call,0.1476485412967219,0.1729711652382968,-0.8634602711771128
SPY,-34.59423304765936,427.4700012207031,stock,2021-06-28,,,,,,
SPY,2.0,0.225,option,2021-06-28,446.0,2021-07-28,call,0.1476485412967219,0.1729711652382968,-0.8634602711771128
SPY,-34.59423304765936,427.4700012207031,stock,2021-06-28,,,,,,
SPY,2.0,0.265,option,2021-06-28,445.0,2021-07-28,call,0.1476485412967219,0.1868778088713281,-0.8541210752661312
SPY,-37.37556177426562,427.4700012207031,stock,2021-06-28,,,,,,
SPY,2.0,0.265,option,2021-06-28,445.0,2021-07-28,call,0.1476485412967219,0.1868778088713281,-0.8541210752661312
SPY,-37.37556177426562,427.4700012207031,stock,2021-06-28,,,,,,
SPY,2.0,0.32,option,2021-06-28,444.0,2021-07-28,call,0.1476485412967219,0.20148948417686813,-0.8399180279002593
SPY,-40.29789683537363,427.4700012207031,stock,2021-06-28,,,,,,
SPY,54.13972955303054,427.4700012207031,stock,2021-06-28,,,,,,
SPY,17.476953911593313,427.70001220703125,stock,2021-06-29,,,,,,
SPY,-2.0,1.85,option,2021-06-30,407.0,2021-07-30,put,0.1476485412967219,-0.10531355389446984,0.9902136063502709
SPY,-21.062710778893965,428.05999755859375,stock,2021-06-30,,,,,,
SPY,-2.0,1.85,option,2021-06-30,407.0,2021-07-30,put,0.1476485412967219,-0.10531355389446984,0.9902136063502709
SPY,-21.062710778893965,428.05999755859375,stock,2021-06-30,,,,,,
SPY,7.305250000980173,428.05999755859375,stock,2021-06-30,,,,,,
SPY,-101.79471860656824,430.42999267578125,stock,2021-07-01,,,,,,
SPY,-200.17201601092205,433.7200012207031,stock,2021-07-02,,,,,,
SPY,173.46351509117397,432.92999267578125,stock,2021-07-06,,,,,,
SPY,-2.0,1.98,option,2021-07-07,413.0,2021-08-06,put,0.1476485412967219,-0.10442905369499433,1.120225119939896
SPY,-20.885810738998867,434.4599914550781,stock,2021-07-07,,,,,,
SPY,-2.0,1.98,option,2021-07-07,413.0,2021-08-06,put,0.1476485412967219,-0.10442905369499433,1.120225119939896
SPY,-20.885810738998867,434.4599914550781,stock,2021-07-07,,,,,,
SPY,-2.0,2.0700000000000003,option,2021-07-07,414.0,2021-08-06,put,0.1476485412967219,-0.11515138696055616,0.9685205787617608
SPY,-23.03027739211123,434.4599914550781,stock,2021-07-07,,,,,,
SPY,-2.0,2.0700000000000003,option,2021-07-07,414.0,2021-08-06,put,0.1476485412967219,-0.11515138696055616,0.9685205787617608
SPY,-23.03027739211123,434.4599914550781,stock,2021-07-07,,,,,,
SPY,2.0,0.20500000000000002,option,2021-07-07,456.0,2021-08-06,call,0.1476485412967219,0.1393709354094796,-0.839921118308785
SPY,-27.87418708189592,434.4599914550781,stock,2021-07-07,,,,,,
SPY,-99.5294803882145,434.4599914550781,stock,2021-07-07,,,,,,
SPY,275.48778841914316,430.9200134277344,stock,2021-07-08,,,,,,
SPY,-304.1601150308097,435.5199890136719,stock,2021-07-09,,,,,,
SPY,-4.0,4.135,option,2021-07-12,435.0,2021-07-21,call,0.14873352702975412,0.585652871272071,
SPY,234.2611485088284,437.0799865722656,stock,2021-07-12,,,,,,
SPY,-2.0,1.99,option,2021-07-12,416.0,2021-08-11,put,0.14873352702975412,-0.11139968716628346,0.9439433626021603
SPY,-22.27993743325669,437.0799865722656,stock,2021-07-12,,,,,,
SPY,-2.0,1.99,option,2021-07-12,416.0,2021-08-11,put,0.14873352702975412,-0.11139968716628346,0.9439433626021603
SPY,-22.27993743325669,437.0799865722656,stock,2021-07-12,,,,,,
SPY,2.0,0.2,option,2021-07-12,458.0,2021-08-11,call,0.14873352702975412,0.1499677003441292,-0.8592028999356466
SPY,-29.99354006882584,437.0799865722656,stock,2021-07-12,,,,,,
SPY,2.0,0.2,option,2021-07-12,458.0,2021-08-11,call,0.14873352702975412,0.1499677003441292,-0.8592028999356466
SPY,-29.99354006882584,437.0799865722656,stock,2021-07-12,,,,,,
SPY,-51.01975743652495,437.0799865722656,stock,2021-07-12,,,,,,
SPY,178.97609797804998,435.5899963378906,stock,2021-07-13,,,,,,
SPY,-2.0,2.1399999999999997,option,2021-07-14,415.0,2021-08-13,put,0.15020345386386055,-0.11145540295632972,1.072364349064746
SPY,-22.291080591265946,436.239990234375,stock,2021-07-14,,,,,,
SPY,-2.0,2.1399999999999997,option,2021-07-14,415.0,2021-08-13,put,0.15020345386386055,-0.11145540295632972,1.072364349064746
SPY,-22.291080591265946,436.239990234375,stock,2021-07-14,,,,,,
SPY,-2.0,2.24,option,2021-07-14,416.0,2021-08-13,put,0.15020345386386055,-0.12242806184268518,0.9343932455610584
SPY,-24.485612368537033,436.239990234375,stock,2021-07-14,,,,,,
SPY,-2.0,2.24,option,2021-07-14,416.0,2021-08-13,put,0.15020345386386055,-0.12242806184268518,0.9343932455610584
SPY,-24.485612368537033,436.239990234375,stock,2021-07-14,,,,,,
SPY,-2.3708463716643564,436.239990234375,stock,2021-07-14,,,,,,
SPY,176.15864859284443,434.75,stock,2021-07-15,,,,,,
SPY,189.20856062808727,431.3399963378906,stock,2021-07-16,,,,,,
SPY,-2.0,3.67,option,2021-07-19,404.0,2021-08-18,put,0.15285621341586253,-0.11234244002972549,2.5493874938039522
SPY,-22.468488005945098,424.9700012207031,stock,2021-07-19,,,,,,
SPY,-2.0,3.67,option,2021-07-19,404.0,2021-08-18,put,0.15285621341586253,-0.11234244002972549,2.5493874938039522
SPY,-22.468488005945098,424.9700012207031,stock,2021-07-19,,,,,,
SPY,-2.0,3.815,option,2021-07-19,405.0,2021-08-18,put,0.15285621341586253,-0.12348285045905882,2.2873595578559835
SPY,-24.696570091811765,424.9700012207031,stock,2021-07-19,,,,,,
SPY,-1.0,3.815,option,2021-07-19,405.0,2021-08-18,put,0.15285621341586253,-0.12348285045905882,2.2873595578559835
SPY,-12.348285045905882,424.9700012207031,stock,2021-07-19,,,,,,
SPY,2.0,0.8200000000000001,option,2021-07-19,442.0,2021-08-18,call,0.15285621341586253,0.20124617060539163,-0.600540192684864
SPY,-40.249234121078324,424.9700012207031,stock,2021-07-19,,,,,,
SPY,92.00091429384489,424.9700012207031,stock,2021-07-19,,,,,,
SPY,165.2188303266637,431.05999755859375,stock,2021-07-20,,,,,,
SPY,-2.0,2.51,option,2021-07-21,413.0,2021-08-20,put,0.1492867248904719,-0.10597385072690324,1.6103589694628206
SPY,-21.194770145380648,434.54998779296875,stock,2021-07-21,,,,,,
SPY,-2.0,2.51,option,2021-07-21,413.0,2021-08-20,put,0.1492867248904719,-0.10597385072690324,1.6103589694628206
SPY,-21.194770145380648,434.54998779296875,stock,2021-07-21,,,,,,
SPY,2.0,0.215,option,2021-07-21,456.0,2021-08-20,call,0.1492867248904719,0.14322140526799465,-0.8394372058849824
SPY,-28.64428105359893,434.54998779296875,stock,2021-07-21,,,,,,
SPY,2.0,0.215,option,2021-07-21,456.0,2021-08-20,call,0.1492867248904719,0.14322140526799465,-0.8394372058849824
SPY,-28.64428105359893,434.54998779296875,stock,2021-07-21,,,,,,
SPY,18.61486793872313,434.54998779296875,stock,2021-07-21,,,,,,
SPY,59.375412653091026,435.4599914550781,stock,2021-07-22,,,,,,
SPY,-72.33232712045135,439.94000244140625,stock,2021-07-23,,,,,,
SPY,-2.0,4.710000000000001,option,2021-07-26,442.0,2021-08-18,call,0.14873352702975412,0.48400325173053793,
SPY,96.80065034610759,441.0199890136719,stock,2021-07-26,,,,,,
SPY,2.0,0.365,option,2021-07-26,460.0,2021-08-25,call,0.14873352702975412,0.17662540367883262,-0.79237077706702
SPY,-35.32508073576652,441.0199890136719,stock,2021-07-26,,,,,,
SPY,2.0,0.365,option,2021-07-26,460.0,2021-08-25,call,0.14873352702975412,0.17662540367883262,-0.79237077706702
SPY,-35.32508073576652,441.0199890136719,stock,2021-07-26,,,,,,
SPY,2.0,0.515,option,2021-07-26,458.0,2021-08-25,call,0.14873352702975412,0.20436931056099228,-0.7565236068173454
SPY,-40.87386211219845,441.0199890136719,stock,2021-07-26,,,,,,
SPY,2.0,0.515,option,2021-07-26,458.0,2021-08-25,call,0.14873352702975412,0.20436931056099228,-0.7565236068173454
SPY,-40.87386211219845,441.0199890136719,stock,2021-07-26,,,,,,
SPY,2.0,0.735,option,2021-07-26,456.0,2021-08-25,call,0.14873352702975412,0.23469209419431847,-0.7092995846008318
SPY,-46.9384188388637,441.0199890136719,stock,2021-07-26,,,,,,
SPY,102.43244338446138,441.0199890136719,stock,2021-07-26,,,,,,
SPY,211.88060709369643,439.010009765625,stock,2021-07-27,,,,,,
SPY,2.0,0.245,option,2021-07-28,460.0,2021-08-27,call,0.14911846813082835,0.14865003103672464,-0.8267643474935121
SPY,-29.73000620734493,438.8299865722656,stock,2021-07-28,,,,,,
SPY,2.0,0.245,option,2021-07-28,460.0,2021-08-27,call,0.14911846813082835,0.14865003103672464,-0.8267643474935121
SPY,-29.73000620734493,438.8299865722656,stock,2021-07-28,,,,,,
SPY,2.0,0.29000000000000004,option,2021-07-28,459.0,2021-08-27,call,0.14911846813082835,0.16076106997044054,-0.8139501526848099
SPY,-32.15221399408811,438.8299865722656,stock,2021-07-28,,,,,,
SPY,2.0,0.29000000000000004,option,2021-07-28,459.0,2021-08-27,call,0.14911846813082835,0.16076106997044054,-0.8139501526848099
SPY,-32.15221399408811,438.8299865722656,stock,2021-07-28,,,,,,
SPY,2.0,0.345,option,2021-07-28,458.0,2021-08-27,call,0.14911846813082835,0.1735273020912918,-0.7988429162056032
SPY,-34.70546041825836,438.8299865722656,stock,2021-07-28,,,,,,
SPY,71.2831852167152,438.8299865722656,stock,2021-07-28,,,,,,
SPY,-28.24095446848179,440.6499938964844,stock,2021-07-29,,,,,,
SPY,87.60555467384233,438.510009765625,stock,2021-07-30,,,,,,
SPY,-2.0,2.9050000000000002,option,2021-08-02,416.0,2021-09-01,put,0.1470244949710383,-0.10375112814865117,2.126366343284487
SPY,-20.750225629730235,437.5899963378906,stock,2021-08-02,,,,,,
SPY,-2.0,2.9050000000000002,option,2021-08-02,416.0,2021-09-01,put,0.1470244949710383,-0.10375112814865117,2.126366343284487
SPY,-20.750225629730235,437.5899963378906,stock,2021-08-02,,,,,,
SPY,2.0,0.35,option,2021-08-02,458.0,2021-09-01,call,0.1470244949710383,0.15352133104776522,-0.758208020960928
SPY,-30.704266209553044,437.5899963378906,stock,2021-08-02,,,,,,
SPY,96.29096922985788,437.5899963378906,stock,2021-08-02,,,,,,
SPY,-74.47303873941459,441.1499938964844,stock,2021-08-03,,,,,,
SPY,2.0,0.26,option,2021-08-04,460.0,2021-09-03,call,0.1476485412967219,0.1480195041658235,-0.8134472088310856
SPY,-29.603900833164698,438.9800109863281,stock,2021-08-04,,,,,,
SPY,95.07566360250857,438.9800109863281,stock,2021-08-04,,,,,,
SPY,-71.57111012421382,441.760009765625,stock,2021-08-05,,,,,,
SPY,-5.207580587607687,442.489990234375,stock,2021-08-06,,,,,,
SPY,-2.0,2.32,option,2021-08-09,422.0,2021-09-08,put,0.14684423145175118,-0.12160904728161603,1.0395494227276665
SPY,-24.32180945632321,442.1300048828125,stock,2021-08-09,,,,,,
SPY,-2.0,2.32,option,2021-08-09,422.0,2021-09-08,put,0.14684423145175118,-0.12160904728161603,1.0395494227276665
SPY,-24.32180945632321,442.1300048828125,stock,2021-08-09,,,,,,
SPY,2.0,0.2,option,2021-08-09,463.0,2021-09-08,call,0.14684423145175118,0.15021969537513002,-0.8593466818593751
SPY,-30.043939075026003,442.1300048828125,stock,2021-08-09,,,,,,
SPY,88.10250720173859,442.1300048828125,stock,2021-08-09,,,,,,
SPY,4.911901919928113,442.67999267578125,stock,2021-08-10,,,,,,
SPY,-2.0,2.1550000000000002,option,2021-08-11,422.0,2021-09-10,put,0.14684423145175118,-0.10465549214587178,1.2658046789697144
SPY,-20.931098429174355,443.7799987792969,stock,2021-08-11,,,,,,
SPY,-2.0,2.1550000000000002,option,2021-08-11,422.0,2021-09-10,put,0.14684423145175118,-0.10465549214587178,1.2658046789697144
SPY,-20.931098429174355,443.7799987792969,stock,2021-08-11,,,,,,
SPY,-2.0,2.245,option,2021-08-11,423.0,2021-09-10,put,0.14684423145175118,-0.1152171621167144,1.1002998117479172
SPY,-23.043432423342878,443.7799987792969,stock,2021-08-11,,,,,,
SPY,-23.126721118403996,443.7799987792969,stock,2021-08-11,,,,,,
SPY,-23.64885529297875,445.1099853515625,stock,2021-08-12,,,,,,
SPY,-4.750176803966273,445.9200134277344,stock,2021-08-13,,,,,,
SPY,-2.0,2.0300000000000002,option,2021-08-16,425.0,2021-09-15,put,0.14475025829196114,-0.10116959830161476,1.240234187515568
SPY,-20.233919660322954,446.9700012207031,stock,2021-08-16,,,,,,
SPY,-2.0,2.0300000000000002,option,2021-08-16,425.0,2021-09-15,put,0.14475025829196114,-0.10116959830161476,1.240234187515568
SPY,-20.233919660322954,446.9700012207031,stock,2021-08-16,,,,,,
SPY,-2.0,2.115,option,2021-08-16,426.0,2021-09-15,put,0.14475025829196114,-0.11155828145720648,1.0733600508065044
SPY,-22.311656291441295,446.9700012207031,stock,2021-08-16,,,,,,
SPY,57.573347349329815,446.9700012207031,stock,2021-08-16,,,,,,
SPY,154.95208151792457,444.0400085449219,stock,2021-08-17,,,,,,
SPY,-2.0,3.925,option,2021-08-18,418.0,2021-09-17,put,0.14887294467806955,-0.11162246241943574,2.802938621260256
SPY,-22.32449248388715,439.17999267578125,stock,2021-08-18,,,,,,
SPY,-2.0,3.925,option,2021-08-18,418.0,2021-09-17,put,0.14887294467806955,-0.11162246241943574,2.802938621260256
SPY,-22.32449248388715,439.17999267578125,stock,2021-08-18,,,,,,
SPY,-2.0,4.0649999999999995,option,2021-08-18,419.0,2021-09-17,put,0.14887294467806955,-0.12262596459998498,2.511702690838734
SPY,-24.525192919996996,439.17999267578125,stock,2021-08-18,,,,,,
SPY,68.2583948477637,439.17999267578125,stock,2021-08-18,,,,,,
SPY,39.16732975883269,439.8599853515625,stock,2021-08-19,,,,,,
SPY,49.002165800843,443.3599853515625,stock,2021-08-20,,,,,,
SPY,-2.0,2.4,option,2021-08-23,425.0,2021-09-22,put,0.14569374736666818,-0.09984108615069842,1.6716800132912193
SPY,-19.968217230139686,447.260009765625,stock,2021-08-23,,,,,,
SPY,-2.0,2.4,option,2021-08-23,425.0,2021-09-22,put,0.14569374736666818,-0.09984108615069842,1.6716800132912193
SPY,-19.968217230139686,447.260009765625,stock,2021-08-23,,,,,,
SPY,-2.0,2.495,option,2021-08-23,426.0,2021-09-22,put,0.14569374736666818,-0.11006327972204355,1.4683206856657836
SPY,-22.01265594440871,447.260009765625,stock,2021-08-23,,,,,,
SPY,86.24507064627407,447.260009765625,stock,2021-08-23,,,,,,
SPY,47.92738073782384,447.9700012207031,stock,2021-08-24,,,,,,
SPY,-2.0,2.425,option,2021-08-25,427.0,2021-09-24,put,0.14671865161776682,-0.10570086869234285,1.4925704610736472
SPY,-21.14017373846857,448.9100036621094,stock,2021-08-25,,,,,,
SPY,-1.0,2.425,option,2021-08-25,427.0,2021-09-24,put,0.14671865161776682,-0.10570086869234285,1.4925704610736472
SPY,-10.570086869234284,448.9100036621094,stock,2021-08-25,,,,,,
SPY,2.0,0.10500000000000001,option,2021-08-25,471.0,2021-09-24,call,0.14671865161776682,0.13965218591597217,-0.9203517788849335
SPY,-27.930437183194435,448.9100036621094,stock,2021-08-25,,,,,,
SPY,2.0,0.10500000000000001,option,2021-08-25,471.0,2021-09-24,call,0.14671865161776682,0.13965218591597217,-0.9203517788849335
SPY,-27.930437183194435,448.9100036621094,stock,2021-08-25,,,,,,
SPY,39.324502927914146,448.9100036621094,stock,2021-08-25,,,,,,
SPY,29.016711927648075,446.260009765625,stock,2021-08-26,,,,,,
SPY,31.165387364724367,450.25,stock,2021-08-27,,,,,,
SPY,2.0,0.615,option,2021-08-30,465.0,2021-09-29,call,0.14475025829196114,0.2707120454056697,-0.7981066047333011
SPY,-54.142409081133934,452.2300109863281,stock,2021-08-30,,,,,,
SPY,2.0,0.615,option,2021-08-30,465.0,2021-09-29,call,0.14475025829196114,0.2707120454056697,-0.7981066047333011
SPY,-54.142409081133934,452.2300109863281,stock,2021-08-30,,,,,,
SPY,2.0,1.565,option,2021-08-30,460.0,2021-09-29,call,0.14475025829196114,0.3631137488449461,-0.6560581013345781
SPY,-72.62274976898922,452.2300109863281,stock,2021-08-30,,,,,,
SPY,2.0,1.565,option,2021-08-30,460.0,2021-09-29,call,0.14475025829196114,0.3631137488449461,-0.6560581013345781
SPY,-72.62274976898922,452.2300109863281,stock,2021-08-30,,,,,,
SPY,64.28216588954422,452.2300109863281,stock,2021-08-30,,,,,,
SPY,2.0,0.11499999999999999,option,2021-08-31,474.0,2021-09-30,call,0.14729150470614571,0.13819032843978413,-0.9124836695888145
SPY,-27.638065687956825,451.55999755859375,stock,2021-08-31,,,,,,
SPY,2.0,0.11499999999999999,option,2021-08-31,474.0,2021-09-30,call,0.14729150470614571,0.13819032843978413,-0.9124836695888145
SPY,-27.638065687956825,451.55999755859375,stock,2021-08-31,,,,,,
SPY,2.0,0.135,option,2021-08-31,473.0,2021-09-30,call,0.14729150470614571,0.14952511637551547,-0.9067853061341119
SPY,-29.905023275103094,451.55999755859375,stock,2021-08-31,,,,,,
SPY,58.22904648566721,451.55999755859375,stock,2021-08-31,,,,,,
SPY,-2.0,2.24,option,2021-09-01,430.0,2021-10-01,put,0.14475025829196114,-0.10527170699477728,1.3308084159452929
SPY,-21.054341398955458,451.79998779296875,stock,2021-09-01,,,,,,
SPY,-2.0,2.24,option,2021-09-01,430.0,2021-10-01,put,0.14475025829196114,-0.10527170699477728,1.3308084159452929
SPY,-21.054341398955458,451.79998779296875,stock,2021-09-01,,,,,,
SPY,2.0,0.11499999999999999,option,2021-09-01,474.0,2021-10-01,call,0.14475025829196114,0.13664293877140654,-0.9097825755028585
SPY,-27.32858775428131,451.79998779296875,stock,2021-09-01,,,,,,
SPY,24.454336588083386,451.79998779296875,stock,2021-09-01,,,,,,
SPY,-8.334331599147621,453.19000244140625,stock,2021-09-02,,,,,,
SPY,27.96852637452943,453.0799865722656,stock,2021-09-03,,,,,,
SPY,119.58264680492098,451.4599914550781,stock,2021-09-07,,,,,,
SPY,-2.0,2.76,option,2021-09-08,429.0,2021-10-08,put,0.1462201851260676,-0.1059406722484405,1.826353846499324
SPY,-21.1881344496881,450.9100036621094,stock,2021-09-08,,,,,,
SPY,-1.0,2.76,option,2021-09-08,429.0,2021-10-08,put,0.1462201851260676,-0.1059406722484405,1.826353846499324
SPY,-10.59406722484405,450.9100036621094,stock,2021-09-08,,,,,,
SPY,2.0,0.135,option,2021-09-08,473.0,2021-10-08,call,0.1462201851260676,0.13990378891845473,-0.8979345410759227
SPY,-27.980757783690947,450.9100036621094,stock,2021-09-08,,,,,,
SPY,2.0,0.135,option,2021-09-08,473.0,2021-10-08,call,0.1462201851260676,0.13990378891845473,-0.8979345410759227
SPY,-27.980757783690947,450.9100036621094,stock,2021-09-08,,,,,,
SPY,29.182902568291865,450.9100036621094,stock,2021-09-08,,,,,,
SPY,55.084163165793385,448.9800109863281,stock,2021-09-09,,,,,,
SPY,52.48033232471596,445.44000244140625,stock,2021-09-10,,,,,,
SPY,-2.0,3.145,option,2021-09-13,425.0,2021-10-13,put,0.1498164337527766,-0.11258280071584192,1.9466202682230949
SPY,-22.516560143168384,446.5799865722656,stock,2021-09-13,,,,,,
SPY,-2.0,3.145,option,2021-09-13,425.0,2021-10-13,put,0.1498164337527766,-0.11258280071584192,1.9466202682230949
SPY,-22.516560143168384,446.5799865722656,stock,2021-09-13,,,,,,
SPY,-2.0,3.255,option,2021-09-13,426.0,2021-10-13,put,0.1498164337527766,-0.1233934937850727,1.7266983896370862
SPY,-24.678698757014537,446.5799865722656,stock,2021-09-13,,,,,,
SPY,2.0,0.515,option,2021-09-13,463.0,2021-10-13,call,0.1498164337527766,0.21741810745723633,-0.7794887590167419
SPY,-43.483621491447266,446.5799865722656,stock,2021-09-13,,,,,,
SPY,57.058368107097294,446.5799865722656,stock,2021-09-13,,,,,,
SPY,21.716152340048993,444.1700134277344,stock,2021-09-14,,,,,,
SPY,-2.0,2.84,option,2021-09-15,426.0,2021-10-15,put,0.14935032543063304,-0.10943125038236368,1.7550210467211615
SPY,-21.886250076472734,447.8800048828125,stock,2021-09-15,,,,,,
SPY,-2.0,2.84,option,2021-09-15,426.0,2021-10-15,put,0.14935032543063304,-0.10943125038236368,1.7550210467211615
SPY,-21.886250076472734,447.8800048828125,stock,2021-09-15,,,,,,
SPY,-2.0,2.955,option,2021-09-15,427.0,2021-10-15,put,0.14935032543063304,-0.12003761531492707,1.5610381441986363
SPY,-24.007523062985413,447.8800048828125,stock,2021-09-15,,,,,,
SPY,14.065799547199621,447.8800048828125,stock,2021-09-15,,,,,,
SPY,27.687538597200337,447.1700134277344,stock,2021-09-16,,,,,,
SPY,-50.33145246567906,441.3999938964844,stock,2021-09-17,,,,,,
SPY,-2.0,5.28,option,2021-09-20,414.0,2021-10-20,put,0.17749434051156687,-0.16189481394312688,1.7332759008380916
SPY,-32.37896278862537,434.0400085449219,stock,2021-09-20,,,,,,
SPY,-2.0,5.28,option,2021-09-20,414.0,2021-10-20,put,0.17749434051156687,-0.16189481394312688,1.7332759008380916
SPY,-32.37896278862537,434.0400085449219,stock,2021-09-20,,,,,,
SPY,-2.0,5.46,option,2021-09-20,415.0,2021-10-20,put,0.17749434051156687,-0.17379107878960176,1.5848215204936582
SPY,-34.758215757920354,434.0400085449219,stock,2021-09-20,,,,,,
SPY,-240.8939671023884,434.0400085449219,stock,2021-09-20,,,,,,
SPY,11.167208489090712,433.6300048828125,stock,2021-09-21,,,,,,
SPY,-2.0,3.415,option,2021-09-22,416.0,2021-10-22,put,0.14150022205233712,-0.09287402366306408,3.3641340730640508
SPY,-18.574804732612815,437.8599853515625,stock,2021-09-22,,,,,,
SPY,-2.0,3.415,option,2021-09-22,416.0,2021-10-22,put,0.14150022205233712,-0.09287402366306408,3.3641340730640508
SPY,-18.574804732612815,437.8599853515625,stock,2021-09-22,,,,,,
SPY,-2.0,3.55,option,2021-09-22,417.0,2021-10-22,put,0.14150022205233712,-0.10310113316988656,3.000172305883496
SPY,-20.62022663397731,437.8599853515625,stock,2021-09-22,,,,,,
SPY,255.22772650181767,437.8599853515625,stock,2021-09-22,,,,,,
SPY,232.94443711247996,443.17999267578125,stock,2021-09-23,,,,,,
SPY,44.94457051960283,443.9100036621094,stock,2021-09-24,,,,,,
SPY,-2.0,2.99,option,2021-09-27,422.0,2021-10-27,put,0.14190256770968576,-0.10850513794363026,2.1237848915820123
SPY,-21.701027588726053,442.6400146484375,stock,2021-09-27,,,,,,
SPY,-2.0,2.99,option,2021-09-27,422.0,2021-10-27,put,0.14190256770968576,-0.10850513794363026,2.1237848915820123
SPY,-21.701027588726053,442.6400146484375,stock,2021-09-27,,,,,,
SPY,2.0,0.33499999999999996,option,2021-09-27,463.0,2021-10-27,call,0.14190256770968576,0.14809122180184353,-0.752296859428809
SPY,-29.618244360368706,442.6400146484375,stock,2021-09-27,,,,,,
SPY,36.628244353355726,442.6400146484375,stock,2021-09-27,,,,,,
SPY,-459.2833255223246,433.7200012207031,stock,2021-09-28,,,,,,
SPY,2.0,0.59,option,2021-09-29,456.0,2021-10-29,call,0.14421858486056466,0.1334001858251539,-0.5024662015183826
SPY,-26.68003716503078,434.45001220703125,stock,2021-09-29,,,,,,
SPY,2.0,0.59,option,2021-09-29,456.0,2021-10-29,call,0.14421858486056466,0.1334001858251539,-0.5024662015183826
SPY,-26.68003716503078,434.45001220703125,stock,2021-09-29,,,,,,
SPY,100.38399769042559,434.45001220703125,stock,2021-09-29,,,,,,
SPY,-497.7822255862864,429.1400146484375,stock,2021-09-30,,,,,,
SPY,599.8888446465542,434.239990234375,stock,2021-10-01,,,,,,
SPY,-4.0,0.26,option,2021-10-04,456.0,2021-10-29,call,0.1399735515964045,0.047436691436304516,
SPY,18.974676574521805,428.6400146484375,stock,2021-10-04,,,,,,
SPY,-2.0,4.23,option,2021-10-04,408.0,2021-11-03,put,0.1399735515964045,-0.09838416938197592,4.209221839561198
SPY,-19.676833876395182,428.6400146484375,stock,2021-10-04,,,,,,
SPY,-2.0,4.23,option,2021-10-04,408.0,2021-11-03,put,0.1399735515964045,-0.09838416938197592,4.209221839561198
SPY,-19.676833876395182,428.6400146484375,stock,2021-10-04,,,,,,
SPY,-339.3678826464327,428.6400146484375,stock,2021-10-04,,,,,,
SPY,418.6231257056497,433.1000061035156,stock,2021-10-05,,,,,,
SPY,168.89509946820337,434.8999938964844,stock,2021-10-06,,,,,,
SPY,213.9151709272941,438.6600036621094,stock,2021-10-07,,,,,,
SPY,3.931543420979697,437.8599853515625,stock,2021-10-08,,,,,,
SPY,-2.0,3.435,option,2021-10-11,414.0,2021-11-10,put,0.14037589725375316,-0.10155514868780469,3.0029921261722703
SPY,-20.311029737560936,434.69000244140625,stock,2021-10-11,,,,,,
SPY,-1.0,3.435,option,2021-10-11,414.0,2021-11-10,put,0.14037589725375316,-0.10155514868780469,3.0029921261722703
SPY,-10.155514868780468,434.69000244140625,stock,2021-10-11,,,,,,
SPY,2.0,0.46499999999999997,option,2021-10-11,456.0,2021-11-10,call,0.14037589725375316,0.12960641182724414,-0.5830798809815522
SPY,-25.92128236544883,434.69000244140625,stock,2021-10-11,,,,,,
SPY,2.0,0.46499999999999997,option,2021-10-11,456.0,2021-11-10,call,0.14037589725375316,0.12960641182724414,-0.5830798809815522
SPY,-25.92128236544883,434.69000244140625,stock,2021-10-11,,,,,,
SPY,2.0,0.56,option,2021-10-11,455.0,2021-11-10,call,0.14037589725375316,0.1414780585810092,-0.5491249096484961
SPY,-28.29561171620184,434.69000244140625,stock,2021-10-11,,,,,,
SPY,2.0,0.56,option,2021-10-11,455.0,2021-11-10,call,0.14037589725375316,0.1414780585810092,-0.5491249096484961
SPY,-28.29561171620184,434.69000244140625,stock,2021-10-11,,,,,,
SPY,2.0,0.6799999999999999,option,2021-10-11,454.0,2021-11-10,call,0.14037589725375316,0.1540941222630431,-0.5074011079109908
SPY,-30.818824452608617,434.69000244140625,stock,2021-10-11,,,,,,
SPY,2.0,0.6799999999999999,option,2021-10-11,454.0,2021-11-10,call,0.14037589725375316,0.1540941222630431,-0.5074011079109908
SPY,-30.818824452608617,434.69000244140625,stock,2021-10-11,,,,,,
SPY,3.9915086264712087,434.69000244140625,stock,2021-10-11,,,,,,
SPY,23.6557592436561,433.6199951171875,stock,2021-10-12,,,,,,
SPY,-2.0,2.9450000000000003,option,2021-10-13,414.0,2021-11-12,put,0.1388571709048762,-0.09433525468244452,2.7882717608670067
SPY,-18.867050936488905,435.17999267578125,stock,2021-10-13,,,,,,
SPY,-2.0,2.9450000000000003,option,2021-10-13,414.0,2021-11-12,put,0.1388571709048762,-0.09433525468244452,2.7882717608670067
SPY,-18.867050936488905,435.17999267578125,stock,2021-10-13,,,,,,
SPY,-2.0,3.085,option,2021-10-13,415.0,2021-11-12,put,0.1388571709048762,-0.1049356511544739,2.490074139839605
SPY,-20.987130230894778,435.17999267578125,stock,2021-10-13,,,,,,
SPY,-1.0,3.085,option,2021-10-13,415.0,2021-11-12,put,0.1388571709048762,-0.1049356511544739,2.490074139839605
SPY,-10.493565115447389,435.17999267578125,stock,2021-10-13,,,,,,
SPY,2.0,0.46499999999999997,option,2021-10-13,456.0,2021-11-12,call,0.1388571709048762,0.1329118022323928,-0.5918567682035709
SPY,-26.58236044647856,435.17999267578125,stock,2021-10-13,,,,,,
SPY,2.0,0.46499999999999997,option,2021-10-13,456.0,2021-11-12,call,0.1388571709048762,0.1329118022323928,-0.5918567682035709
SPY,-26.58236044647856,435.17999267578125,stock,2021-10-13,,,,,,
SPY,2.0,0.545,option,2021-10-13,455.0,2021-11-12,call,0.1388571709048762,0.1451225862126384,-0.5706705525732726
SPY,-29.02451724252768,435.17999267578125,stock,2021-10-13,,,,,,
SPY,77.76672898566531,435.17999267578125,stock,2021-10-13,,,,,,
SPY,-50.58534711927361,442.5,stock,2021-10-14,,,,,,
SPY,-86.36561734973202,445.8699951171875,stock,2021-10-15,,,,,,
SPY,-2.0,2.1550000000000002,option,2021-10-18,425.0,2021-11-17,put,0.13965003665805,-0.09138423493133752,1.7863580193940407
SPY,-18.276846986267504,447.19000244140625,stock,2021-10-18,,,,,,
SPY,-2.0,2.1550000000000002,option,2021-10-18,425.0,2021-11-17,put,0.13965003665805,-0.09138423493133752,1.7863580193940407
SPY,-18.276846986267504,447.19000244140625,stock,2021-10-18,,,,,,
SPY,-2.0,2.245,option,2021-10-18,426.0,2021-11-17,put,0.13965003665805,-0.10140647399819136,1.561060840750468
SPY,-20.28129479963827,447.19000244140625,stock,2021-10-18,,,,,,
SPY,2.0,0.33999999999999997,option,2021-10-18,468.0,2021-11-17,call,0.13965003665805,0.14118577428324908,-0.7318650317855763
SPY,-28.237154856649816,447.19000244140625,stock,2021-10-18,,,,,,
SPY,2.0,0.33999999999999997,option,2021-10-18,468.0,2021-11-17,call,0.13965003665805,0.14118577428324908,-0.7318650317855763
SPY,-28.237154856649816,447.19000244140625,stock,2021-10-18,,,,,,
SPY,-13.435389976504325,447.19000244140625,stock,2021-10-18,,,,,,
SPY,-134.53142624038156,450.6400146484375,stock,2021-10-19,,,,,,
SPY,-2.0,2.0700000000000003,option,2021-10-20,430.0,2021-11-19,put,0.13980938609957835,-0.09199951508694093,1.6213224408417986
SPY,-18.399903017388187,452.4100036621094,stock,2021-10-20,,,,,,
SPY,-2.0,2.0700000000000003,option,2021-10-20,430.0,2021-11-19,put,0.13980938609957835,-0.09199951508694093,1.6213224408417986
SPY,-18.399903017388187,452.4100036621094,stock,2021-10-20,,,,,,
SPY,-2.0,2.16,option,2021-10-20,431.0,2021-11-19,put,0.13980938609957835,-0.10193741777033871,1.4175441789375223
SPY,-20.387483554067742,452.4100036621094,stock,2021-10-20,,,,,,
SPY,2.0,0.195,option,2021-10-20,475.0,2021-11-19,call,0.13980938609957835,0.12412700191424181,-0.8222046758917532
SPY,-24.82540038284836,452.4100036621094,stock,2021-10-20,,,,,,
SPY,-78.88091068825617,452.4100036621094,stock,2021-10-20,,,,,,
SPY,-45.6057022167238,453.5899963378906,stock,2021-10-21,,,,,,
SPY,38.732091381405155,453.1199951171875,stock,2021-10-22,,,,,,
SPY,-4.0,3.8600000000000003,option,2021-10-25,456.0,2021-11-10,call,0.14088304218173167,0.4928265424205293,
SPY,197.1306169682117,455.54998779296875,stock,2021-10-25,,,,,,
SPY,-4.0,4.455,option,2021-10-25,455.0,2021-11-10,call,0.14088304218173167,0.522506895662767,
SPY,209.0027582651068,455.54998779296875,stock,2021-10-25,,,,,,
SPY,-4.0,5.1,option,2021-10-25,454.0,2021-11-10,call,0.14088304218173167,0.5521276467377159,
SPY,220.85105869508635,455.54998779296875,stock,2021-10-25,,,,,,
SPY,-4.0,4.24,option,2021-10-25,456.0,2021-11-12,call,0.14088304218173167,0.4939650042905867,
SPY,197.58600171623468,455.54998779296875,stock,2021-10-25,,,,,,
SPY,-2.0,4.85,option,2021-10-25,455.0,2021-11-12,call,0.14088304218173167,0.521948229158816,
SPY,104.3896458317632,455.54998779296875,stock,2021-10-25,,,,,,
SPY,-2.0,2.0,option,2021-10-25,433.0,2021-11-24,put,0.14088304218173167,-0.09377947461645142,1.4389710219125504
SPY,-18.755894923290285,455.54998779296875,stock,2021-10-25,,,,,,
SPY,-2.0,2.0,option,2021-10-25,433.0,2021-11-24,put,0.14088304218173167,-0.09377947461645142,1.4389710219125504
SPY,-18.755894923290285,455.54998779296875,stock,2021-10-25,,,,,,
SPY,-1.0,2.09,option,2021-10-25,434.0,2021-11-24,put,0.14088304218173167,-0.10370462084134846,1.2576775683617556
SPY,-10.370462084134846,455.54998779296875,stock,2021-10-25,,,,,,
SPY,2.0,0.33,option,2021-10-25,474.0,2021-11-24,call,0.14088304218173167,0.17824581746147716,-0.8105284256692187
SPY,-35.64916349229543,455.54998779296875,stock,2021-10-25,,,,,,
SPY,2.0,0.33,option,2021-10-25,474.0,2021-11-24,call,0.14088304218173167,0.17824581746147716,-0.8105284256692187
SPY,-35.64916349229543,455.54998779296875,stock,2021-10-25,,,,,,
SPY,2.0,0.4,option,2021-10-25,473.0,2021-11-24,call,0.14088304218173167,0.1922097223041196,-0.7912295039543452
SPY,-38.44194446082392,455.54998779296875,stock,2021-10-25,,,,,,
SPY,2.0,0.4,option,2021-10-25,473.0,2021-11-24,call,0.14088304218173167,0.1922097223041196,-0.7912295039543452
SPY,-38.44194446082392,455.54998779296875,stock,2021-10-25,,,,,,
SPY,2.0,0.485,option,2021-10-25,472.0,2021-11-24,call,0.14088304218173167,0.2068548226037037,-0.7694922216996394
SPY,-41.37096452074074,455.54998779296875,stock,2021-10-25,,,,,,
SPY,-86.39437047467959,455.54998779296875,stock,2021-10-25,,,,,,
SPY,15.787766047737321,455.9599914550781,stock,2021-10-26,,,,,,
SPY,-2.0,2.505,option,2021-10-27,432.0,2021-11-26,put,0.13965003665805,-0.09706873288520501,1.967549142824284
SPY,-19.413746577041003,453.94000244140625,stock,2021-10-27,,,,,,
SPY,-2.0,2.505,option,2021-10-27,432.0,2021-11-26,put,0.13965003665805,-0.09706873288520501,1.967549142824284
SPY,-19.413746577041003,453.94000244140625,stock,2021-10-27,,,,,,
SPY,2.0,0.195,option,2021-10-27,476.0,2021-11-26,call,0.13965003665805,0.1304716146401626,-0.8330861329060765
SPY,-26.094322928032522,453.94000244140625,stock,2021-10-27,,,,,,
SPY,2.0,0.195,option,2021-10-27,476.0,2021-11-26,call,0.13965003665805,0.1304716146401626,-0.8330861329060765
SPY,-26.094322928032522,453.94000244140625,stock,2021-10-27,,,,,,
SPY,2.0,0.235,option,2021-10-27,475.0,2021-11-26,call,0.13965003665805,0.1419417528322786,-0.8186247643989095
SPY,-28.38835056645572,453.94000244140625,stock,2021-10-27,,,,,,
SPY,44.26945647752616,453.94000244140625,stock,2021-10-27,,,,,,
SPY,-68.88385920751918,458.32000732421875,stock,2021-10-28,,,,,,
SPY,-9.842566303423709,459.25,stock,2021-10-29,,,,,,
SPY,2.0,0.2,option,2021-11-01,482.0,2021-12-01,call,0.14555456813693185,0.14520990390102195,-0.8578055740456494
SPY,-29.04198078020439,460.0400085449219,stock,2021-11-01,,,,,,
SPY,2.0,0.2,option,2021-11-01,482.0,2021-12-01,call,0.14555456813693185,0.14520990390102195,-0.8578055740456494
SPY,-29.04198078020439,460.0400085449219,stock,2021-11-01,,,,,,
SPY,27.748877574934,460.0400085449219,stock,2021-11-01,,,,,,
SPY,-59.857392352403764,461.8999938964844,stock,2021-11-02,,,,,,
SPY,2.0,0.165,option,2021-11-03,487.5,2021-12-03,call,0.14809581455111642,0.14294535481265985,-0.883591209733684
SPY,-28.58907096253197,464.7200012207031,stock,2021-11-03,,,,,,
SPY,2.0,0.165,option,2021-11-03,487.5,2021-12-03,call,0.14809581455111642,0.14294535481265985,-0.883591209733684
SPY,-28.58907096253197,464.7200012207031,stock,2021-11-03,,,,,,
SPY,-119.53688171118213,464.7200012207031,stock,2021-11-03,,,,,,
SPY,-118.45087151729612,466.9100036621094,stock,2021-11-04,,,,,,
SPY,-95.24917462788153,468.5299987792969,stock,2021-11-05,,,,,,
SPY,-4.0,3.685,option,2021-11-08,468.0,2021-11-17,call,0.14809581455111642,0.5387815872804136,
SPY,215.51263491216542,468.92999267578125,stock,2021-11-08,,,,,,
SPY,-2.0,2.325,option,2021-11-08,446.0,2021-12-08,put,0.14809581455111642,-0.10734797940714502,1.2240353354795117
SPY,-21.469595881429004,468.92999267578125,stock,2021-11-08,,,,,,
SPY,-2.0,2.325,option,2021-11-08,446.0,2021-12-08,put,0.14809581455111642,-0.10734797940714502,1.2240353354795117
SPY,-21.469595881429004,468.92999267578125,stock,2021-11-08,,,,,,
SPY,5.390697932404471,468.92999267578125,stock,2021-11-08,,,,,,
SPY,102.39438058413366,467.3800048828125,stock,2021-11-09,,,,,,
SPY,-2.0,2.9299999999999997,option,2021-11-10,441.0,2021-12-10,put,0.14956574138522288,-0.11003942774898379,1.7234109335442749
SPY,-22.007885549796757,463.6199951171875,stock,2021-11-10,,,,,,
SPY,-1.0,2.9299999999999997,option,2021-11-10,441.0,2021-12-10,put,0.14956574138522288,-0.11003942774898379,1.7234109335442749
SPY,-11.003942774898379,463.6199951171875,stock,2021-11-10,,,,,,
SPY,202.7189549174706,463.6199951171875,stock,2021-11-10,,,,,,
SPY,18.827202644414086,463.7699890136719,stock,2021-11-11,,,,,,
SPY,-145.1155615485398,467.2699890136719,stock,2021-11-12,,,,,,
SPY,-2.0,2.295,option,2021-11-15,445.0,2021-12-15,put,0.14903930362582346,-0.11300110353008952,1.0559343110637645
SPY,-22.600220706017904,467.42999267578125,stock,2021-11-15,,,,,,
SPY,-2.0,2.295,option,2021-11-15,445.0,2021-12-15,put,0.14903930362582346,-0.11300110353008952,1.0559343110637645
SPY,-22.600220706017904,467.42999267578125,stock,2021-11-15,,,,,,
SPY,-2.0,2.395,option,2021-11-15,446.0,2021-12-15,put,0.14903930362582346,-0.12339371532196863,0.9269671449539733
SPY,-24.67874306439373,467.42999267578125,stock,2021-11-15,,,,,,
SPY,68.46512400037709,467.42999267578125,stock,2021-11-15,,,,,,
SPY,-78.6069919098216,469.2799987792969,stock,2021-11-16,,,,,,
SPY,-2.0,2.705,option,2021-11-17,445.0,2021-12-17,put,0.14903930362582346,-0.1063373319797083,1.6048912912835154
SPY,-21.26746639594166,468.1400146484375,stock,2021-11-17,,,,,,
SPY,-2.0,2.705,option,2021-11-17,445.0,2021-12-17,put,0.14903930362582346,-0.1063373319797083,1.6048912912835154
SPY,-21.26746639594166,468.1400146484375,stock,2021-11-17,,,,,,
SPY,-2.0,2.825,option,2021-11-17,446.0,2021-12-17,put,0.14903930362582346,-0.1162955541134949,1.4399479074065065
SPY,-23.25911082269898,468.1400146484375,stock,2021-11-17,,,,,,
SPY,109.48908648443793,468.1400146484375,stock,2021-11-17,,,,,,
SPY,-50.76046747142985,469.7300109863281,stock,2021-11-18,,,,,,
SPY,104.0865466309231,468.8900146484375,stock,2021-11-19,,,,,,
SPY,-2.0,3.17,option,2021-11-22,445.0,2021-12-22,put,0.14809581455111642,-0.11024668253731096,1.9443903826246383
SPY,-22.049336507462193,467.57000732421875,stock,2021-11-22,,,,,,
SPY,-2.0,3.17,option,2021-11-22,445.0,2021-12-22,put,0.14809581455111642,-0.11024668253731096,1.9443903826246383
SPY,-22.049336507462193,467.57000732421875,stock,2021-11-22,,,,,,
SPY,-2.0,3.29,option,2021-11-22,446.0,2021-12-22,put,0.14809581455111642,-0.12052849057801018,1.741155454831938
SPY,-24.10569811560204,467.57000732421875,stock,2021-11-22,,,,,,
SPY,2.0,0.725,option,2021-11-22,486.0,2021-12-22,call,0.14809581455111642,0.19749704019456593,-0.6608563062817021
SPY,-39.49940803891319,467.57000732421875,stock,2021-11-22,,,,,,
SPY,269.8369273318712,467.57000732421875,stock,2021-11-22,,,,,,
SPY,2.0,0.365,option,2021-11-23,491.0,2021-12-23,call,0.14809581455111642,0.1444676129858367,-0.7477168281578532
SPY,-28.893522597167344,468.19000244140625,stock,2021-11-23,,,,,,
SPY,86.5547395874643,468.19000244140625,stock,2021-11-23,,,,,,
SPY,109.43946470305838,469.44000244140625,stock,2021-11-24,,,,,,
SPY,-106.15289011718173,458.9700012207031,stock,2021-11-26,,,,,,
SPY,-2.0,4.64,option,2021-11-29,445.0,2021-12-29,put,0.14488910373568673,-0.13610262727896427,2.4264890865900157
SPY,-27.220525455792853,464.6000061035156,stock,2021-11-29,,,,,,
SPY,-2.0,4.64,option,2021-11-29,445.0,2021-12-29,put,0.14488910373568673,-0.13610262727896427,2.4264890865900157
SPY,-27.220525455792853,464.6000061035156,stock,2021-11-29,,,,,,
SPY,-2.0,5.52,option,2021-11-29,450.0,2021-12-29,put,0.14488910373568673,-0.20354906880542056,1.4555216321643576
SPY,-40.70981376108411,464.6000061035156,stock,2021-11-29,,,,,,
SPY,-2.0,5.52,option,2021-11-29,450.0,2021-12-29,put,0.14488910373568673,-0.20354906880542056,1.4555216321643576
SPY,-40.70981376108411,464.6000061035156,stock,2021-11-29,,,,,,
SPY,2.0,0.635,option,2021-11-29,486.0,2021-12-29,call,0.14488910373568673,0.15297507971041924,-0.5789894910168756
SPY,-30.595015942083847,464.6000061035156,stock,2021-11-29,,,,,,
SPY,2.0,0.635,option,2021-11-29,486.0,2021-12-29,call,0.14488910373568673,0.15297507971041924,-0.5789894910168756
SPY,-30.595015942083847,464.6000061035156,stock,2021-11-29,,,,,,
SPY,2.0,0.735,option,2021-11-29,485.0,2021-12-29,call,0.14488910373568673,0.16498592459855627,-0.5564559599211175
SPY,-32.99718491971125,464.6000061035156,stock,2021-11-29,,,,,,
SPY,2.0,0.735,option,2021-11-29,485.0,2021-12-29,call,0.14488910373568673,0.16498592459855627,-0.5564559599211175
SPY,-32.99718491971125,464.6000061035156,stock,2021-11-29,,,,,,
SPY,219.31889730191432,464.6000061035156,stock,2021-11-29,,,,,,
SPY,-337.3982928746734,455.55999755859375,stock,2021-11-30,,,,,,
SPY,-337.98234444183447,450.5,stock,2021-12-01,,,,,,
SPY,497.94425830329965,457.3999938964844,stock,2021-12-02,,,,,,
SPY,-217.80858342918953,453.4200134277344,stock,2021-12-03,,,,,,
SPY,2.0,0.925,option,2021-12-06,481.0,2022-01-05,call,0.1726893573725288,0.18488017183890776,-0.5874478797798751
SPY,-36.97603436778155,458.7900085449219,stock,2021-12-06,,,,,,
SPY,2.0,0.925,option,2021-12-06,481.0,2022-01-05,call,0.1726893573725288,0.18488017183890776,-0.5874478797798751
SPY,-36.97603436778155,458.7900085449219,stock,2021-12-06,,,,,,
SPY,2.0,1.0550000000000002,option,2021-12-06,480.0,2022-01-05,call,0.1726893573725288,0.19630717954479637,-0.5639128253747248
SPY,-39.26143590895927,458.7900085449219,stock,2021-12-06,,,,,,
SPY,2.0,1.0550000000000002,option,2021-12-06,480.0,2022-01-05,call,0.1726893573725288,0.19630717954479637,-0.5639128253747248
SPY,-39.26143590895927,458.7900085449219,stock,2021-12-06,,,,,,
SPY,2.0,1.2,option,2021-12-06,479.0,2022-01-05,call,0.1726893573725288,0.2081773740070249,-0.5397847357498795
SPY,-41.63547480140498,458.7900085449219,stock,2021-12-06,,,,,,
SPY,2.0,1.2,option,2021-12-06,479.0,2022-01-05,call,0.1726893573725288,0.2081773740070249,-0.5397847357498795
SPY,-41.63547480140498,458.7900085449219,stock,2021-12-06,,,,,,
SPY,423.6994311983978,458.7900085449219,stock,2021-12-06,,,,,,
SPY,-4.0,2.3899999999999997,option,2021-12-07,480.0,2022-01-05,call,0.14076641734957834,0.273585555979295,
SPY,109.43422239171801,468.2799987792969,stock,2021-12-07,,,,,,
SPY,-4.0,2.71,option,2021-12-07,479.0,2022-01-05,call,0.14076641734957834,0.29135039525406536,
SPY,116.54015810162615,468.2799987792969,stock,2021-12-07,,,,,,
SPY,79.84368884802628,468.2799987792969,stock,2021-12-07,,,,,,
SPY,-2.0,3.3449999999999998,option,2021-12-08,447.0,2022-01-07,put,0.14707669910311838,-0.11014360191436812,2.119403735927853
SPY,-22.028720382873622,469.5199890136719,stock,2021-12-08,,,,,,
SPY,-2.0,3.3449999999999998,option,2021-12-08,447.0,2022-01-07,put,0.14707669910311838,-0.11014360191436812,2.119403735927853
SPY,-22.028720382873622,469.5199890136719,stock,2021-12-08,,,,,,
SPY,2.0,0.55,option,2021-12-08,492.0,2022-01-07,call,0.14707669910311838,0.14707079057029204,-0.6266733978892983
SPY,-29.41415811405841,469.5199890136719,stock,2021-12-08,,,,,,
SPY,2.0,0.55,option,2021-12-08,492.0,2022-01-07,call,0.14707669910311838,0.14707079057029204,-0.6266733978892983
SPY,-29.41415811405841,469.5199890136719,stock,2021-12-08,,,,,,
SPY,2.0,0.625,option,2021-12-08,491.0,2022-01-07,call,0.14707669910311838,0.15845521971849308,-0.6132393735847337
SPY,-31.691043943698617,469.5199890136719,stock,2021-12-08,,,,,,
SPY,2.0,0.625,option,2021-12-08,491.0,2022-01-07,call,0.14707669910311838,0.15845521971849308,-0.6132393735847337
SPY,-31.691043943698617,469.5199890136719,stock,2021-12-08,,,,,,
SPY,14.635434296458442,469.5199890136719,stock,2021-12-08,,,,,,
SPY,58.4286964133729,466.3500061035156,stock,2021-12-09,,,,,,
SPY,-33.77294741943981,470.739990234375,stock,2021-12-10,,,,,,
SPY,-2.0,3.66,option,2021-12-13,445.0,2022-01-12,put,0.14508833583712716,-0.11540574320154162,2.29041061877442
SPY,-23.081148640308324,466.57000732421875,stock,2021-12-13,,,,,,
SPY,-1.0,3.66,option,2021-12-13,445.0,2022-01-12,put,0.14508833583712716,-0.11540574320154162,2.29041061877442
SPY,-11.540574320154162,466.57000732421875,stock,2021-12-13,,,,,,
SPY,2.0,0.63,option,2021-12-13,488.0,2022-01-12,call,0.14508833583712716,0.1540298777320746,-0.5881560036127139
SPY,-30.80597554641492,466.57000732421875,stock,2021-12-13,,,,,,
SPY,2.0,0.63,option,2021-12-13,488.0,2022-01-12,call,0.14508833583712716,0.1540298777320746,-0.5881560036127139
SPY,-30.80597554641492,466.57000732421875,stock,2021-12-13,,,,,,
SPY,141.10067417836893,466.57000732421875,stock,2021-12-13,,,,,,
SPY,41.24163128094638,463.3599853515625,stock,2021-12-14,,,,,,
SPY,-2.0,3.35,option,2021-12-15,447.5,2022-01-14,put,0.14757098850131173,-0.1057075012850417,2.265081773504848
SPY,-21.14150025700834,470.6000061035156,stock,2021-12-15,,,,,,
SPY,-2.0,3.35,option,2021-12-15,447.5,2022-01-14,put,0.14757098850131173,-0.1057075012850417,2.265081773504848
SPY,-21.14150025700834,470.6000061035156,stock,2021-12-15,,,,,,
SPY,-2.0,3.41,option,2021-12-15,448.0,2022-01-14,put,0.14757098850131173,-0.11061025180885298,2.1457037982845346
SPY,-22.122050361770597,470.6000061035156,stock,2021-12-15,,,,,,
SPY,2.0,0.45499999999999996,option,2021-12-15,494.0,2022-01-14,call,0.14757098850131173,0.1385172686737463,-0.669329133780223
SPY,-27.70345373474926,470.6000061035156,stock,2021-12-15,,,,,,
SPY,-66.09470203071052,470.6000061035156,stock,2021-12-15,,,,,,
SPY,92.14356286500455,466.45001220703125,stock,2021-12-16,,,,,,
SPY,-39.451264762356196,459.8699951171875,stock,2021-12-17,,,,,,
SPY,-4.0,0.21000000000000002,option,2021-12-20,481.0,2022-01-05,call,0.1456009930026545,0.03526076699922841,
SPY,14.104306799691363,454.9800109863281,stock,2021-12-20,,,,,,
SPY,-2.0,0.135,option,2021-12-20,494.0,2022-01-14,call,0.1456009930026545,0.016194174580522,
SPY,3.2388349161044,454.9800109863281,stock,2021-12-20,,,,,,
SPY,-2.0,4.449999999999999,option,2021-12-20,435.0,2022-01-19,put,0.1456009930026545,-0.1279631395067149,2.6024777929139513
SPY,-25.59262790134298,454.9800109863281,stock,2021-12-20,,,,,,
SPY,-2.0,4.449999999999999,option,2021-12-20,435.0,2022-01-19,put,0.1456009930026545,-0.1279631395067149,2.6024777929139513
SPY,-25.59262790134298,454.9800109863281,stock,2021-12-20,,,,,,
SPY,-2.0,5.390000000000001,option,2021-12-20,440.0,2022-01-19,put,0.1456009930026545,-0.19426617409043523,1.5865858287891315
SPY,-38.853234818087046,454.9800109863281,stock,2021-12-20,,,,,,
SPY,-1.0,5.390000000000001,option,2021-12-20,440.0,2022-01-19,put,0.1456009930026545,-0.19426617409043523,1.5865858287891315
SPY,-19.426617409043523,454.9800109863281,stock,2021-12-20,,,,,,
SPY,-83.79312051545456,454.9800109863281,stock,2021-12-20,,,,,,
SPY,365.62203581989075,463.05999755859375,stock,2021-12-21,,,,,,
SPY,-2.0,2.96,option,2021-12-22,445.0,2022-01-21,put,0.15312404331088206,-0.11658216515572883,1.4820174134096138
SPY,-23.316433031145767,467.69000244140625,stock,2021-12-22,,,,,,
SPY,-2.0,2.96,option,2021-12-22,445.0,2022-01-21,put,0.15312404331088206,-0.11658216515572883,1.4820174134096138
SPY,-23.316433031145767,467.69000244140625,stock,2021-12-22,,,,,,
SPY,-2.0,3.08,option,2021-12-22,446.0,2022-01-21,put,0.15312404331088206,-0.12691104470613013,1.3277669124060576
SPY,-25.382208941226025,467.69000244140625,stock,2021-12-22,,,,,,
SPY,2.0,0.54,option,2021-12-22,491.0,2022-01-21,call,0.15312404331088206,0.1471904381375868,-0.6466457964604212
SPY,-29.438087627517362,467.69000244140625,stock,2021-12-22,,,,,,
SPY,2.0,0.54,option,2021-12-22,491.0,2022-01-21,call,0.15312404331088206,0.1471904381375868,-0.6466457964604212
SPY,-29.438087627517362,467.69000244140625,stock,2021-12-22,,,,,,
SPY,2.0,0.605,option,2021-12-22,490.0,2022-01-21,call,0.15312404331088206,0.15814321880213533,-0.6378283429282078
SPY,-31.628643760427067,467.69000244140625,stock,2021-12-22,,,,,,
SPY,2.0,0.605,option,2021-12-22,490.0,2022-01-21,call,0.15312404331088206,0.15814321880213533,-0.6378283429282078
SPY,-31.628643760427067,467.69000244140625,stock,2021-12-22,,,,,,
SPY,89.34404020175407,467.69000244140625,stock,2021-12-22,,,,,,
SPY,12.639255668955684,470.6000061035156,stock,2021-12-23,,,,,,
SPY,2.0,0.51,option,2021-12-27,500.0,2022-01-26,call,0.14516702350497385,0.14500114564523853,-0.6489479017359955
SPY,-29.000229129047707,477.260009765625,stock,2021-12-27,,,,,,
SPY,2.0,0.51,option,2021-12-27,500.0,2022-01-26,call,0.14516702350497385,0.14500114564523853,-0.6489479017359955
SPY,-29.000229129047707,477.260009765625,stock,2021-12-27,,,,,,
SPY,2.0,0.645,option,2021-12-27,498.0,2022-01-26,call,0.14516702350497385,0.16807207310287586,-0.6304693250703507
SPY,-33.614414620575175,477.260009765625,stock,2021-12-27,,,,,,
SPY,2.0,0.645,option,2021-12-27,498.0,2022-01-26,call,0.14516702350497385,0.16807207310287586,-0.6304693250703507
SPY,-33.614414620575175,477.260009765625,stock,2021-12-27,,,,,,
SPY,-29.26601147895581,477.260009765625,stock,2021-12-27,,,,,,
SPY,77.14791476149574,476.8699951171875,stock,2021-12-28,,,,,,
SPY,-2.0,2.3049999999999997,option,2021-12-29,454.0,2022-01-28,put,0.14700701412081857,-0.10446258896437477,1.2549585851416045
SPY,-20.892517792874955,477.4800109863281,stock,2021-12-29,,,,,,
SPY,-2.0,2.3049999999999997,option,2021-12-29,454.0,2022-01-28,put,0.14700701412081857,-0.10446258896437477,1.2549585851416045
SPY,-20.892517792874955,477.4800109863281,stock,2021-12-29,,,,,,
SPY,-2.0,2.4050000000000002,option,2021-12-29,455.0,2022-01-28,put,0.14700701412081857,-0.11423273285081614,1.1107799079141136
SPY,-22.846546570163227,477.4800109863281,stock,2021-12-29,,,,,,
SPY,-2.0,2.4050000000000002,option,2021-12-29,455.0,2022-01-28,put,0.14700701412081857,-0.11423273285081614,1.1107799079141136
SPY,-22.846546570163227,477.4800109863281,stock,2021-12-29,,,,,,
SPY,2.0,0.385,option,2021-12-29,501.0,2022-01-28,call,0.14700701412081857,0.13988841631935028,-0.7265291561664986
SPY,-27.977683263870055,477.4800109863281,stock,2021-12-29,,,,,,
SPY,2.0,0.385,option,2021-12-29,501.0,2022-01-28,call,0.14700701412081857,0.13988841631935028,-0.7265291561664986
SPY,-27.977683263870055,477.4800109863281,stock,2021-12-29,,,,,,
SPY,7.529492728088329,477.4800109863281,stock,2021-12-29,,,,,,
SPY,76.02292307099052,476.1600036621094,stock,2021-12-30,,,,,,
SPY,65.76821002912781,474.9599914550781,stock,2021-12-31,,,,,,
SPY,2.0,0.315,option,2022-01-03,500.0,2022-02-02,call,0.143392187918426,0.14713482816085582,-0.7846673721993797
SPY,-29.426965632171164,477.7099914550781,stock,2022-01-03,,,,,,
SPY,2.0,0.315,option,2022-01-03,500.0,2022-02-02,call,0.143392187918426,0.14713482816085582,-0.7846673721993797
SPY,-29.426965632171164,477.7099914550781,stock,2022-01-03,,,,,,
SPY,2.0,0.425,option,2022-01-03,498.0,2022-02-02,call,0.143392187918426,0.17072495328136367,-0.758569399806231
SPY,-34.14499065627273,477.7099914550781,stock,2022-01-03,,,,,,
SPY,26.1188577032937,477.7099914550781,stock,2022-01-03,,,,,,
SPY,45.60034455632162,477.54998779296875,stock,2022-01-04,,,,,,
SPY,2.0,0.49,option,2022-01-05,491.0,2022-02-04,call,0.14416352924227854,0.1399126751400494,-0.6383909711762861
SPY,-27.98253502800988,468.3800048828125,stock,2022-01-05,,,,,,
SPY,188.35666277875708,468.3800048828125,stock,2022-01-05,,,,,,
SPY,26.94472976934304,467.94000244140625,stock,2022-01-06,,,,,,
SPY,14.340618363850112,466.0899963378906,stock,2022-01-07,,,,,,
SPY,-2.0,3.3200000000000003,option,2022-01-10,444.0,2022-02-09,put,0.14821260150790352,-0.12033463568390346,1.7816320157402048
SPY,-24.06692713678069,465.510009765625,stock,2022-01-10,,,,,,
SPY,-2.0,3.3200000000000003,option,2022-01-10,444.0,2022-02-09,put,0.14821260150790352,-0.12033463568390346,1.7816320157402048
SPY,-24.06692713678069,465.510009765625,stock,2022-01-10,,,,,,
SPY,2.0,0.5449999999999999,option,2022-01-10,487.0,2022-02-09,call,0.14821260150790352,0.1581279223504466,-0.6615277516317396
SPY,-31.62558447008932,465.510009765625,stock,2022-01-10,,,,,,
SPY,65.71170316866653,465.510009765625,stock,2022-01-10,,,,,,
SPY,50.26678536775892,469.75,stock,2022-01-11,,,,,,
SPY,-2.0,2.71,option,2022-01-12,448.0,2022-02-11,put,0.1459679001224055,-0.1042721704566818,1.7129838699766178
SPY,-20.85443409133636,471.0199890136719,stock,2022-01-12,,,,,,
SPY,-1.0,2.71,option,2022-01-12,448.0,2022-02-11,put,0.1459679001224055,-0.1042721704566818,1.7129838699766178
SPY,-10.42721704566818,471.0199890136719,stock,2022-01-12,,,,,,
SPY,2.0,0.405,option,2022-01-12,494.0,2022-02-11,call,0.1459679001224055,0.14049705731611645,-0.7079048669682521
SPY,-28.09941146322329,471.0199890136719,stock,2022-01-12,,,,,,
SPY,20.08490678272716,471.0199890136719,stock,2022-01-12,,,,,,
SPY,-28.099908890760233,464.5299987792969,stock,2022-01-13,,,,,,
SPY,25.84903052073784,464.7200012207031,stock,2022-01-14,,,,,,
SPY,-197.65033082961975,456.489990234375,stock,2022-01-18,,,,,,
SPY,4.0,7.699999999999999,option,2022-01-19,455.0,2022-01-28,put,0.15802150424838204,-0.6082828350124303,
SPY,243.3131340049721,451.75,stock,2022-01-19,,,,,,
SPY,-2.0,4.615,option,2022-01-19,430.0,2022-02-18,put,0.15802150424838204,-0.12545922744727445,2.54661106607759
SPY,-25.09184548945489,451.75,stock,2022-01-19,,,,,,
SPY,-2.0,4.615,option,2022-01-19,430.0,2022-02-18,put,0.15802150424838204,-0.12545922744727445,2.54661106607759
SPY,-25.09184548945489,451.75,stock,2022-01-19,,,,,,
SPY,-2.0,4.795,option,2022-01-19,431.0,2022-02-18,put,0.15802150424838204,-0.1363540408025794,2.3258439568179368
SPY,-27.27080816051588,451.75,stock,2022-01-19,,,,,,
SPY,-2.0,4.795,option,2022-01-19,431.0,2022-02-18,put,0.15802150424838204,-0.1363540408025794,2.3258439568179368
SPY,-27.27080816051588,451.75,stock,2022-01-19,,,,,,
SPY,-2.0,4.984999999999999,option,2022-01-19,432.0,2022-02-18,put,0.15802150424838204,-0.14785154869976758,2.1274090024540824
SPY,-29.570309739953515,451.75,stock,2022-01-19,,,,,,
SPY,-241.2110094235708,451.75,stock,2022-01-19,,,,,,
SPY,4.0,10.675,option,2022-01-20,454.0,2022-01-28,put,0.19149898109079053,-0.7096431094949397,
SPY,283.85724379797585,446.75,stock,2022-01-20,,,,,,
SPY,3.0,10.760000000000002,option,2022-01-20,448.0,2022-02-11,put,0.19149898109079053,-0.5134693875764229,
SPY,154.04081627292686,446.75,stock,2022-01-20,,,,,,
SPY,-331.55876552392016,446.75,stock,2022-01-20,,,,,,
SPY,4.0,13.075,option,2022-01-21,444.0,2022-02-09,put,0.1911550670588081,-0.613830658662448,
SPY,245.5322634649792,437.9800109863281,stock,2022-01-21,,,,,,
SPY,-11.482710674797431,437.9800109863281,stock,2022-01-21,,,,,,
SPY,-2.0,6.715,option,2022-01-24,420.0,2022-02-23,put,0.19359189567208934,-0.187002157995229,1.6148601258691924
SPY,-37.4004315990458,439.8399963378906,stock,2022-01-24,,,,,,
SPY,-2.0,6.715,option,2022-01-24,420.0,2022-02-23,put,0.19359189567208934,-0.187002157995229,1.6148601258691924
SPY,-37.4004315990458,439.8399963378906,stock,2022-01-24,,,,,,
SPY,-2.0,7.880000000000001,option,2022-01-24,425.0,2022-02-23,put,0.19359189567208934,-0.24959386766680347,1.108775392998639
SPY,-49.91877353336069,439.8399963378906,stock,2022-01-24,,,,,,
SPY,-2.0,7.880000000000001,option,2022-01-24,425.0,2022-02-23,put,0.19359189567208934,-0.24959386766680347,1.108775392998639
SPY,-49.91877353336069,439.8399963378906,stock,2022-01-24,,,,,,
SPY,37.6566316750571,439.8399963378906,stock,2022-01-24,,,,,,
SPY,-162.98692926251562,434.4700012207031,stock,2022-01-25,,,,,,
SPY,-2.0,7.26,option,2022-01-26,412.0,2022-02-25,put,0.19303833541513135,-0.16564196604378956,2.355787362420379
SPY,-33.12839320875791,433.3800048828125,stock,2022-01-26,,,,,,
SPY,-2.0,7.26,option,2022-01-26,412.0,2022-02-25,put,0.19303833541513135,-0.16564196604378956,2.355787362420379
SPY,-33.12839320875791,433.3800048828125,stock,2022-01-26,,,,,,
SPY,-2.0,7.720000000000001,option,2022-01-26,414.0,2022-02-25,put,0.19303833541513135,-0.18834055850021492,2.0322807763580446
SPY,-37.668111700042985,433.3800048828125,stock,2022-01-26,,,,,,
SPY,-2.0,7.720000000000001,option,2022-01-26,414.0,2022-02-25,put,0.19303833541513135,-0.18834055850021492,2.0322807763580446
SPY,-37.668111700042985,433.3800048828125,stock,2022-01-26,,,,,,
SPY,-2.0,7.949999999999999,option,2022-01-26,415.0,2022-02-25,put,0.19303833541513135,-0.2003323084240175,1.8851599836986066
SPY,-40.0664616848035,433.3800048828125,stock,2022-01-26,,,,,,
SPY,-2.0,7.949999999999999,option,2022-01-26,415.0,2022-02-25,put,0.19303833541513135,-0.2003323084240175,1.8851599836986066
SPY,-40.0664616848035,433.3800048828125,stock,2022-01-26,,,,,,
SPY,-2.0,8.195,option,2022-01-26,416.0,2022-02-25,put,0.19303833541513135,-0.21274100823028008,1.7520664100968741
SPY,-42.548201646056015,433.3800048828125,stock,2022-01-26,,,,,,
SPY,-2.0,8.195,option,2022-01-26,416.0,2022-02-25,put,0.19303833541513135,-0.21274100823028008,1.7520664100968741
SPY,-42.548201646056015,433.3800048828125,stock,2022-01-26,,,,,,
SPY,-1.0,8.705,option,2022-01-26,418.0,2022-02-25,put,0.19303833541513135,-0.23876433232903915,1.5143476333347328
SPY,-23.876433232903914,433.3800048828125,stock,2022-01-26,,,,,,
SPY,-46.6388419310957,433.3800048828125,stock,2022-01-26,,,,,,
SPY,-112.10798129488447,431.239990234375,stock,2022-01-27,,,,,,
SPY,554.3487203602136,441.95001220703125,stock,2022-01-28,,,,,,
SPY,-1.0,4.96,option,2022-01-31,428.0,2022-03-02,put,0.15609517749667307,-0.12005546503154163,3.0902367938715165
SPY,-12.005546503154163,449.9100036621094,stock,2022-01-31,,,,,,
SPY,312.9806417000516,449.9100036621094,stock,2022-01-31,,,,,,
SPY,85.52929104587793,452.95001220703125,stock,2022-02-01,,,,,,
SPY,2.0,0.69,option,2022-02-02,480.0,2022-03-04,call,0.14984964069247383,0.14334584138696277,-0.5127212231155585
SPY,-28.669168277392554,457.3500061035156,stock,2022-02-02,,,,,,
SPY,2.0,0.69,option,2022-02-02,480.0,2022-03-04,call,0.14984964069247383,0.14334584138696277,-0.5127212231155585
SPY,-28.669168277392554,457.3500061035156,stock,2022-02-02,,,,,,
SPY,86.93296970241968,457.3500061035156,stock,2022-02-02,,,,,,
SPY,-4.0,0.45999999999999996,option,2022-02-03,480.0,2022-03-04,call,0.1491985958468928,0.045486227627859005,
SPY,18.1944910511436,446.6000061035156,stock,2022-02-03,,,,,,
SPY,-177.3468074358469,446.6000061035156,stock,2022-02-03,,,,,,
SPY,80.11253096205736,448.70001220703125,stock,2022-02-04,,,,,,
SPY,20.49023173797277,447.260009765625,stock,2022-02-07,,,,,,
SPY,100.318943097622,450.94000244140625,stock,2022-02-08,,,,,,
SPY,2.0,0.8200000000000001,option,2022-02-09,480.0,2022-03-11,call,0.16534032520175118,0.1703978907467869,-0.5759888022454083
SPY,-34.07957814935738,457.5400085449219,stock,2022-02-09,,,,,,
SPY,2.0,0.8200000000000001,option,2022-02-09,480.0,2022-03-11,call,0.16534032520175118,0.1703978907467869,-0.5759888022454083
SPY,-34.07957814935738,457.5400085449219,stock,2022-02-09,,,,,,
SPY,2.0,0.935,option,2022-02-09,479.0,2022-03-11,call,0.16534032520175118,0.181781305729582,-0.5542731230441004
SPY,-36.3562611459164,457.5400085449219,stock,2022-02-09,,,,,,
SPY,2.0,0.935,option,2022-02-09,479.0,2022-03-11,call,0.16534032520175118,0.181781305729582,-0.5542731230441004
SPY,-36.3562611459164,457.5400085449219,stock,2022-02-09,,,,,,
SPY,2.0,1.0550000000000002,option,2022-02-09,478.0,2022-03-11,call,0.16534032520175118,0.1936541587887603,-0.5357720691499396
SPY,-38.73083175775206,457.5400085449219,stock,2022-02-09,,,,,,
SPY,2.0,1.0550000000000002,option,2022-02-09,478.0,2022-03-11,call,0.16534032520175118,0.1936541587887603,-0.5357720691499396
SPY,-38.73083175775206,457.5400085449219,stock,2022-02-09,,,,,,
SPY,2.0,1.205,option,2022-02-09,477.0,2022-03-11,call,0.16534032520175118,0.20601451292873252,-0.5099797984540785
SPY,-41.2029025857465,457.5400085449219,stock,2022-02-09,,,,,,
SPY,2.0,1.205,option,2022-02-09,477.0,2022-03-11,call,0.16534032520175118,0.20601451292873252,-0.5099797984540785
SPY,-41.2029025857465,457.5400085449219,stock,2022-02-09,,,,,,
SPY,96.79495492021005,457.5400085449219,stock,2022-02-09,,,,,,
SPY,62.40179357560712,449.32000732421875,stock,2022-02-10,,,,,,
SPY,-153.45326029596401,440.4599914550781,stock,2022-02-11,,,,,,
SPY,73.90266338318644,439.0199890136719,stock,2022-02-14,,,,,,
SPY,199.642560915685,446.1000061035156,stock,2022-02-15,,,,,,
SPY,23.28250467862064,446.6000061035156,stock,2022-02-16,,,,,,
SPY,-95.22173727514271,437.05999755859375,stock,2022-02-17,,,,,,
SPY,7.671944699825886,434.2300109863281,stock,2022-02-18,,,,,,
SPY,1.0,5.505000000000001,option,2022-02-22,428.0,2022-03-02,put,0.223932509990937,-0.4485984578234773,
SPY,44.859845782347726,429.57000732421875,stock,2022-02-22,,,,,,
SPY,58.63273946273923,429.57000732421875,stock,2022-02-22,,,,,,
SPY,-2.0,7.16,option,2022-02-23,402.0,2022-03-25,put,0.223932509990937,-0.20835369015511807,1.1776266507492126
SPY,-41.67073803102361,421.95001220703125,stock,2022-02-23,,,,,,
SPY,-2.0,7.16,option,2022-02-23,402.0,2022-03-25,put,0.223932509990937,-0.20835369015511807,1.1776266507492126
SPY,-41.67073803102361,421.95001220703125,stock,2022-02-23,,,,,,
SPY,-2.0,7.66,option,2022-02-23,404.0,2022-03-25,put,0.223932509990937,-0.23121720256578882,1.0342757478285218
SPY,-46.243440513157765,421.95001220703125,stock,2022-02-23,,,,,,
SPY,-2.0,7.66,option,2022-02-23,404.0,2022-03-25,put,0.223932509990937,-0.23121720256578882,1.0342757478285218
SPY,-46.243440513157765,421.95001220703125,stock,2022-02-23,,,,,,
SPY,-2.0,7.92,option,2022-02-23,405.0,2022-03-25,put,0.223932509990937,-0.24310914734373723,0.9689454642593783
SPY,-48.62182946874745,421.95001220703125,stock,2022-02-23,,,,,,
SPY,-2.0,7.92,option,2022-02-23,405.0,2022-03-25,put,0.223932509990937,-0.24310914734373723,0.9689454642593783
SPY,-48.62182946874745,421.95001220703125,stock,2022-02-23,,,,,,
SPY,-2.0,8.185,option,2022-02-23,406.0,2022-03-25,put,0.223932509990937,-0.2552937283987172,0.9070405065416595
SPY,-51.058745679743446,421.95001220703125,stock,2022-02-23,,,,,,
SPY,-2.0,8.185,option,2022-02-23,406.0,2022-03-25,put,0.223932509990937,-0.2552937283987172,0.9070405065416595
SPY,-51.058745679743446,421.95001220703125,stock,2022-02-23,,,,,,
SPY,-98.80742909297479,421.95001220703125,stock,2022-02-23,,,,,,
SPY,300.5563911965789,428.29998779296875,stock,2022-02-24,,,,,,
SPY,121.25256727218397,437.75,stock,2022-02-25,,,,,,
SPY,-2.0,6.5600000000000005,option,2022-02-28,415.0,2022-03-30,put,0.21889933166146924,-0.1929238860860456,1.1792630038885081
SPY,-38.58477721720912,436.6300048828125,stock,2022-02-28,,,,,,
SPY,-2.0,6.5600000000000005,option,2022-02-28,415.0,2022-03-30,put,0.21889933166146924,-0.1929238860860456,1.1792630038885081
SPY,-38.58477721720912,436.6300048828125,stock,2022-02-28,,,,,,
SPY,-2.0,6.775,option,2022-02-28,416.0,2022-03-30,put,0.21889933166146924,-0.20360269652981122,1.1001177308443981
SPY,-40.72053930596225,436.6300048828125,stock,2022-02-28,,,,,,
SPY,-2.0,6.775,option,2022-02-28,416.0,2022-03-30,put,0.21889933166146924,-0.20360269652981122,1.1001177308443981
SPY,-40.72053930596225,436.6300048828125,stock,2022-02-28,,,,,,
SPY,-2.0,7.22,option,2022-02-28,418.0,2022-03-30,put,0.21889933166146924,-0.22590634764038742,0.9555405087578456
SPY,-45.181269528077486,436.6300048828125,stock,2022-02-28,,,,,,
SPY,-2.0,7.22,option,2022-02-28,418.0,2022-03-30,put,0.21889933166146924,-0.22590634764038742,0.9555405087578456
SPY,-45.181269528077486,436.6300048828125,stock,2022-02-28,,,,,,
SPY,-2.0,7.695,option,2022-02-28,420.0,2022-03-30,put,0.21889933166146924,-0.24941363793504778,0.8295283096517677
SPY,-49.882727587009555,436.6300048828125,stock,2022-02-28,,,,,,
SPY,-2.0,7.695,option,2022-02-28,420.0,2022-03-30,put,0.21889933166146924,-0.24941363793504778,0.8295283096517677
SPY,-49.882727587009555,436.6300048828125,stock,2022-02-28,,,,,,
SPY,0.8917256821462729,436.6300048828125,stock,2022-02-28,,,,,,
SPY,-2.0,7.595,option,2022-03-01,409.0,2022-03-31,put,0.21847492751718212,-0.19593902299572186,1.5166990563790266
SPY,-39.18780459914437,429.9800109863281,stock,2022-03-01,,,,,,
SPY,-2.0,7.595,option,2022-03-01,409.0,2022-03-31,put,0.21847492751718212,-0.19593902299572186,1.5166990563790266
SPY,-39.18780459914437,429.9800109863281,stock,2022-03-01,,,,,,
SPY,-2.0,7.825,option,2022-03-01,410.0,2022-03-31,put,0.21847492751718212,-0.20689892208656468,1.4174081985101918
SPY,-41.37978441731293,429.9800109863281,stock,2022-03-01,,,,,,
SPY,-197.7707307172566,429.9800109863281,stock,2022-03-01,,,,,,
SPY,299.60030548801257,437.8900146484375,stock,2022-03-02,,,,,,
SPY,-54.10972386480316,435.7099914550781,stock,2022-03-03,,,,,,
SPY,-112.23689246075776,432.1700134277344,stock,2022-03-04,,,,,,
SPY,-578.8689997011211,419.42999267578125,stock,2022-03-07,,,,,,
SPY,-185.05440231617405,416.25,stock,2022-03-08,,,,,,
SPY,649.2502373316604,427.4100036621094,stock,2022-03-09,,,,,,
SPY,-76.25854227190878,425.4800109863281,stock,2022-03-10,,,,,,
SPY,4.0,9.965,option,2022-03-11,418.0,2022-03-30,put,0.23798366126657178,-0.45159695387905097,
SPY,180.63878155162038,420.07000732421875,stock,2022-03-11,,,,,,
SPY,4.0,10.815,option,2022-03-11,420.0,2022-03-30,put,0.23798366126657178,-0.4865512300483008,
SPY,194.62049201932032,420.07000732421875,stock,2022-03-11,,,,,,
SPY,-291.50130443835496,420.07000732421875,stock,2022-03-11,,,,,,
SPY,-2.0,7.220000000000001,option,2022-03-14,398.0,2022-04-13,put,0.23794297752023388,-0.22909517254749256,0.8444177966517137
SPY,-45.819034509498515,417.0,stock,2022-03-14,,,,,,
SPY,-2.0,7.220000000000001,option,2022-03-14,398.0,2022-04-13,put,0.23794297752023388,-0.22909517254749256,0.8444177966517137
SPY,-45.819034509498515,417.0,stock,2022-03-14,,,,,,
SPY,-106.91856380315028,417.0,stock,2022-03-14,,,,,,
SPY,-2.0,6.824999999999999,option,2022-03-15,405.0,2022-04-14,put,0.2180879169428413,-0.19147797575779513,1.3544220362169064
SPY,-38.29559515155903,426.1700134277344,stock,2022-03-15,,,,,,
SPY,-2.0,6.824999999999999,option,2022-03-15,405.0,2022-04-14,put,0.2180879169428413,-0.19147797575779513,1.3544220362169064
SPY,-38.29559515155903,426.1700134277344,stock,2022-03-15,,,,,,
SPY,484.15913825546806,426.1700134277344,stock,2022-03-15,,,,,,
SPY,334.14433682626134,435.6199951171875,stock,2022-03-16,,,,,,
SPY,114.81116644007713,441.07000732421875,stock,2022-03-17,,,,,,
SPY,51.530495393590265,444.5199890136719,stock,2022-03-18,,,,,,
SPY,29.463973005386652,444.3900146484375,stock,2022-03-21,,,,,,
SPY,31.32913762785274,449.5899963378906,stock,2022-03-22,,,,,,
SPY,-17.036147807454675,443.79998779296875,stock,2022-03-23,,,,,,
SPY,27.2109326583764,450.489990234375,stock,2022-03-24,,,,,,
SPY,5.4681060933432,452.69000244140625,stock,2022-03-25,,,,,,
SPY,2.0,0.645,option,2022-03-28,478.0,2022-04-27,call,0.1775438755404963,0.1916522394108161,-0.730789212931809
SPY,-38.33044788216322,455.9100036621094,stock,2022-03-28,,,,,,
SPY,2.0,0.645,option,2022-03-28,478.0,2022-04-27,call,0.1775438755404963,0.1916522394108161,-0.730789212931809
SPY,-38.33044788216322,455.9100036621094,stock,2022-03-28,,,,,,
SPY,2.0,0.745,option,2022-03-28,477.0,2022-04-27,call,0.1775438755404963,0.20307726506786927,-0.7111388436846516
SPY,-40.615453013573855,455.9100036621094,stock,2022-03-28,,,,,,
SPY,2.0,0.745,option,2022-03-28,477.0,2022-04-27,call,0.1775438755404963,0.20307726506786927,-0.7111388436846516
SPY,-40.615453013573855,455.9100036621094,stock,2022-03-28,,,,,,
SPY,2.0,0.865,option,2022-03-28,476.0,2022-04-27,call,0.1775438755404963,0.21492468583852037,-0.6881104317860232
SPY,-42.984937167704075,455.9100036621094,stock,2022-03-28,,,,,,
SPY,2.0,0.865,option,2022-03-28,476.0,2022-04-27,call,0.1775438755404963,0.21492468583852037,-0.6881104317860232
SPY,-42.984937167704075,455.9100036621094,stock,2022-03-28,,,,,,
SPY,2.0,0.995,option,2022-03-28,475.0,2022-04-27,call,0.1775438755404963,0.227190167235856,-0.6660277564736546
SPY,-45.4380334471712,455.9100036621094,stock,2022-03-28,,,,,,
SPY,2.0,0.995,option,2022-03-28,475.0,2022-04-27,call,0.1775438755404963,0.227190167235856,-0.6660277564736546
SPY,-45.4380334471712,455.9100036621094,stock,2022-03-28,,,,,,
SPY,2.0,1.155,option,2022-03-28,474.0,2022-04-27,call,0.1775438755404963,0.2398677078677538,-0.6387387703537996
SPY,-47.97354157355076,455.9100036621094,stock,2022-03-28,,,,,,
SPY,2.0,1.155,option,2022-03-28,474.0,2022-04-27,call,0.1775438755404963,0.2398677078677538,-0.6387387703537996
SPY,-47.97354157355076,455.9100036621094,stock,2022-03-28,,,,,,
SPY,2.0,1.32,option,2022-03-28,473.0,2022-04-27,call,0.1775438755404963,0.25294959773973463,-0.6148644123463917
SPY,-50.58991954794693,455.9100036621094,stock,2022-03-28,,,,,,
SPY,2.0,1.32,option,2022-03-28,473.0,2022-04-27,call,0.1775438755404963,0.25294959773973463,-0.6148644123463917
SPY,-50.58991954794693,455.9100036621094,stock,2022-03-28,,,,,,
SPY,2.0,1.52,option,2022-03-28,472.0,2022-04-27,call,0.1775438755404963,0.2664263868391763,-0.5858758438939795
SPY,-53.28527736783526,455.9100036621094,stock,2022-03-28,,,,,,
SPY,2.0,1.52,option,2022-03-28,472.0,2022-04-27,call,0.1775438755404963,0.2664263868391763,-0.5858758438939795
SPY,-53.28527736783526,455.9100036621094,stock,2022-03-28,,,,,,
SPY,25.821462401229383,455.9100036621094,stock,2022-03-28,,,,,,
SPY,-206.24321979293134,461.54998779296875,stock,2022-03-29,,,,,,
SPY,2.0,0.89,option,2022-03-30,480.0,2022-04-29,call,0.17680523570895335,0.2011027412784553,-0.6512971351026889
SPY,-40.22054825569106,458.70001220703125,stock,2022-03-30,,,,,,
SPY,2.0,0.89,option,2022-03-30,480.0,2022-04-29,call,0.17680523570895335,0.2011027412784553,-0.6512971351026889
SPY,-40.22054825569106,458.70001220703125,stock,2022-03-30,,,,,,
SPY,2.0,1.1549999999999998,option,2022-03-30,478.0,2022-04-29,call,0.17680523570895335,0.22502980015467183,-0.6082980456262908
SPY,-45.00596003093437,458.70001220703125,stock,2022-03-30,,,,,,
SPY,2.0,1.1549999999999998,option,2022-03-30,478.0,2022-04-29,call,0.17680523570895335,0.22502980015467183,-0.6082980456262908
SPY,-45.00596003093437,458.70001220703125,stock,2022-03-30,,,,,,
SPY,2.0,1.495,option,2022-03-30,476.0,2022-04-29,call,0.17680523570895335,0.2506018195029356,-0.5593266984668339
SPY,-50.120363900587115,458.70001220703125,stock,2022-03-30,,,,,,
SPY,2.0,1.495,option,2022-03-30,476.0,2022-04-29,call,0.17680523570895335,0.2506018195029356,-0.5593266984668339
SPY,-50.120363900587115,458.70001220703125,stock,2022-03-30,,,,,,
SPY,2.0,1.6949999999999998,option,2022-03-30,475.0,2022-04-29,call,0.17680523570895335,0.2639851481340194,-0.5334850667260858
SPY,-52.797029626803884,458.70001220703125,stock,2022-03-30,,,,,,
SPY,2.0,1.6949999999999998,option,2022-03-30,475.0,2022-04-29,call,0.17680523570895335,0.2639851481340194,-0.5334850667260858
SPY,-52.797029626803884,458.70001220703125,stock,2022-03-30,,,,,,
SPY,2.0,1.915,option,2022-03-30,474.0,2022-04-29,call,0.17680523570895335,0.27775280668979674,-0.5073604247018918
SPY,-55.55056133795935,458.70001220703125,stock,2022-03-30,,,,,,
SPY,139.96317955244098,458.70001220703125,stock,2022-03-30,,,,,,
SPY,416.00828115379625,451.6400146484375,stock,2022-03-31,,,,,,
SPY,-41.7540046930722,452.9200134277344,stock,2022-04-01,,,,,,
SPY,2.0,0.535,option,2022-04-04,479.0,2022-05-04,call,0.18148094829440256,0.1964200312044796,-0.7885596484326957
SPY,-39.28400624089592,456.79998779296875,stock,2022-04-04,,,,,,
SPY,2.0,0.535,option,2022-04-04,479.0,2022-05-04,call,0.18148094829440256,0.1964200312044796,-0.7885596484326957
SPY,-39.28400624089592,456.79998779296875,stock,2022-04-04,,,,,,
SPY,2.0,0.62,option,2022-04-04,478.0,2022-05-04,call,0.18148094829440256,0.20773343172109315,-0.7718629738930374
SPY,-41.54668634421863,456.79998779296875,stock,2022-04-04,,,,,,
SPY,2.0,0.62,option,2022-04-04,478.0,2022-05-04,call,0.18148094829440256,0.20773343172109315,-0.7718629738930374
SPY,-41.54668634421863,456.79998779296875,stock,2022-04-04,,,,,,
SPY,2.0,0.72,option,2022-04-04,477.0,2022-05-04,call,0.18148094829440256,0.2194478165191705,-0.753092275375265
SPY,-43.8895633038341,456.79998779296875,stock,2022-04-04,,,,,,
SPY,2.0,0.72,option,2022-04-04,477.0,2022-05-04,call,0.18148094829440256,0.2194478165191705,-0.753092275375265
SPY,-43.8895633038341,456.79998779296875,stock,2022-04-04,,,,,,
SPY,-139.70369147541027,456.79998779296875,stock,2022-04-04,,,,,,
SPY,411.6679047141172,451.0299987792969,stock,2022-04-05,,,,,,
SPY,2.0,0.915,option,2022-04-06,468.0,2022-05-06,call,0.18976973232150215,0.21007023840044564,-0.6749297012488065
SPY,-42.01404768008913,446.5199890136719,stock,2022-04-06,,,,,,
SPY,2.0,0.915,option,2022-04-06,468.0,2022-05-06,call,0.18976973232150215,0.21007023840044564,-0.6749297012488065
SPY,-42.01404768008913,446.5199890136719,stock,2022-04-06,,,,,,
SPY,2.0,1.07,option,2022-04-06,467.0,2022-05-06,call,0.18976973232150215,0.22158213348760136,-0.6450672106004642
SPY,-44.31642669752027,446.5199890136719,stock,2022-04-06,,,,,,
SPY,259.7137738208445,446.5199890136719,stock,2022-04-06,,,,,,
SPY,-88.25041123629481,448.7699890136719,stock,2022-04-07,,,,,,
SPY,97.64153909094554,447.57000732421875,stock,2022-04-08,,,,,,
SPY,-2.0,4.45,option,2022-04-11,418.0,2022-05-11,put,0.17304309543490548,-0.13825167915284764,1.839893029500668
SPY,-27.650335830569528,439.9200134277344,stock,2022-04-11,,,,,,
SPY,368.0018653312974,439.9200134277344,stock,2022-04-11,,,,,,
SPY,52.24462093742683,438.2900085449219,stock,2022-04-12,,,,,,
SPY,2.0,0.955,option,2022-04-13,465.0,2022-05-13,call,0.21562725719332834,0.23723779445362375,-0.742040032132197
SPY,-47.44755889072475,443.30999755859375,stock,2022-04-13,,,,,,
SPY,-86.99376140238797,443.30999755859375,stock,2022-04-13,,,,,,
SPY,143.37882047302412,437.7900085449219,stock,2022-04-14,,,,,,
SPY,59.59695816764673,437.9700012207031,stock,2022-04-18,,,,,,
SPY,-81.70717699285072,445.0400085449219,stock,2022-04-19,,,,,,
SPY,-2.0,3.295,option,2022-04-20,423.0,2022-05-20,put,0.15241683658480784,-0.11412650297432136,1.9961832640866175
SPY,-22.825300594864274,444.7099914550781,stock,2022-04-20,,,,,,
SPY,29.734689835901655,444.7099914550781,stock,2022-04-20,,,,,,
SPY,67.9973426216692,438.05999755859375,stock,2022-04-21,,,,,,
SPY,-30.675004216323146,426.0400085449219,stock,2022-04-22,,,,,,
SPY,26.93251689131185,428.510009765625,stock,2022-04-25,,,,,,
SPY,-108.57087542376907,416.1000061035156,stock,2022-04-26,,,,,,
SPY,2.0,9.115,option,2022-04-27,418.0,2022-05-11,put,0.30299893912912057,-0.4978308162535542,
SPY,99.56616325071084,417.2699890136719,stock,2022-04-27,,,,,,
SPY,2.0,13.34,option,2022-04-27,423.0,2022-05-20,put,0.30299893912912057,-0.5535319723292923,
SPY,110.70639446585847,417.2699890136719,stock,2022-04-27,,,,,,
SPY,28.124530483154015,417.2699890136719,stock,2022-04-27,,,,,,
SPY,-4.706852293075604,427.80999755859375,stock,2022-04-28,,,,,,
SPY,6.079919572976223,412.0,stock,2022-04-29,,,,,,
SPY,2.0,3.56,option,2022-05-02,435.0,2022-06-01,call,0.3272479587519233,0.32613293069926724,-0.5493192840491641
SPY,-65.22658613985345,414.4800109863281,stock,2022-05-02,,,,,,
SPY,2.0,3.56,option,2022-05-02,435.0,2022-06-01,call,0.3272479587519233,0.32613293069926724,-0.5493192840491641
SPY,-65.22658613985345,414.4800109863281,stock,2022-05-02,,,,,,
SPY,2.0,3.86,option,2022-05-02,434.0,2022-06-01,call,0.3272479587519233,0.33502279928163525,-0.5290374515730928
SPY,-67.00455985632705,414.4800109863281,stock,2022-05-02,,,,,,
SPY,2.0,3.86,option,2022-05-02,434.0,2022-06-01,call,0.3272479587519233,0.33502279928163525,-0.5290374515730928
SPY,-67.00455985632705,414.4800109863281,stock,2022-05-02,,,,,,
SPY,3.3540838755033633,414.4800109863281,stock,2022-05-02,,,,,,
SPY,-11.979580203610226,416.3800048828125,stock,2022-05-03,,,,,,
SPY,2.0,2.0300000000000002,option,2022-05-04,450.0,2022-06-03,call,0.27079423484445264,0.2898597614966184,-0.6509758904511718
SPY,-57.97195229932368,429.05999755859375,stock,2022-05-04,,,,,,
SPY,2.0,2.0300000000000002,option,2022-05-04,450.0,2022-06-03,call,0.27079423484445264,0.2898597614966184,-0.6509758904511718
SPY,-57.97195229932368,429.05999755859375,stock,2022-05-04,,,,,,
SPY,2.0,2.255,option,2022-05-04,449.0,2022-06-03,call,0.27079423484445264,0.29974350220922763,-0.6293779416967304
SPY,-59.948700441845524,429.05999755859375,stock,2022-05-04,,,,,,
SPY,2.0,2.255,option,2022-05-04,449.0,2022-06-03,call,0.27079423484445264,0.29974350220922763,-0.6293779416967304
SPY,-59.948700441845524,429.05999755859375,stock,2022-05-04,,,,,,
SPY,2.0,2.495,option,2022-05-04,448.0,2022-06-03,call,0.27079423484445264,0.3097996263256919,-0.6078302641220354
SPY,-61.95992526513838,429.05999755859375,stock,2022-05-04,,,,,,
SPY,2.0,2.495,option,2022-05-04,448.0,2022-06-03,call,0.27079423484445264,0.3097996263256919,-0.6078302641220354
SPY,-61.95992526513838,429.05999755859375,stock,2022-05-04,,,,,,
SPY,2.0,2.62,option,2022-05-04,447.5,2022-06-03,call,0.27079423484445264,0.3148907718703525,-0.5972025306531669
SPY,-62.978154374070506,429.05999755859375,stock,2022-05-04,,,,,,
SPY,2.0,2.62,option,2022-05-04,447.5,2022-06-03,call,0.27079423484445264,0.3148907718703525,-0.5972025306531669
SPY,-62.978154374070506,429.05999755859375,stock,2022-05-04,,,,,,
SPY,2.0,2.75,option,2022-05-04,447.0,2022-06-03,call,0.27079423484445264,0.3200230901630361,-0.5864306289901381
SPY,-64.00461803260723,429.05999755859375,stock,2022-05-04,,,,,,
SPY,2.0,2.75,option,2022-05-04,447.0,2022-06-03,call,0.27079423484445264,0.3200230901630361,-0.5864306289901381
SPY,-64.00461803260723,429.05999755859375,stock,2022-05-04,,,,,,
SPY,2.0,3.0300000000000002,option,2022-05-04,446.0,2022-06-03,call,0.27079423484445264,0.3304084448153024,-0.5638221349562103
SPY,-66.08168896306049,429.05999755859375,stock,2022-05-04,,,,,,
SPY,2.0,3.0300000000000002,option,2022-05-04,446.0,2022-06-03,call,0.27079423484445264,0.3304084448153024,-0.5638221349562103
SPY,-66.08168896306049,429.05999755859375,stock,2022-05-04,,,,,,
SPY,2.0,3.33,option,2022-05-04,445.0,2022-06-03,call,0.27079423484445264,0.3409498394897177,-0.5409462630207738
SPY,-68.18996789794353,429.05999755859375,stock,2022-05-04,,,,,,
SPY,2.0,3.33,option,2022-05-04,445.0,2022-06-03,call,0.27079423484445264,0.3409498394897177,-0.5409462630207738
SPY,-68.18996789794353,429.05999755859375,stock,2022-05-04,,,,,,
SPY,2.0,3.6399999999999997,option,2022-05-04,444.0,2022-06-03,call,0.27079423484445264,0.351641026334359,-0.5192583645683673
SPY,-70.3282052668718,429.05999755859375,stock,2022-05-04,,,,,,
SPY,-85.52880078831792,429.05999755859375,stock,2022-05-04,,,,,,
SPY,-4.0,3.2350000000000003,option,2022-05-05,435.0,2022-06-01,call,0.23000552711129832,0.22436681623105825,
SPY,89.7467264924233,413.80999755859375,stock,2022-05-05,,,,,,
SPY,-4.0,3.5250000000000004,option,2022-05-05,434.0,2022-06-01,call,0.23000552711129832,0.23553556178789986,
SPY,94.21422471515994,413.80999755859375,stock,2022-05-05,,,,,,
SPY,-4.0,1.415,option,2022-05-05,445.0,2022-06-03,call,0.23000552711129832,0.14038398601585206,
SPY,56.15359440634082,413.80999755859375,stock,2022-05-05,,,,,,
SPY,-2.0,1.57,option,2022-05-05,444.0,2022-06-03,call,0.23000552711129832,0.14826695972700976,
SPY,29.653391945401953,413.80999755859375,stock,2022-05-05,,,,,,
SPY,656.8841789144069,413.80999755859375,stock,2022-05-05,,,,,,
SPY,54.99392217329115,411.3399963378906,stock,2022-05-06,,,,,,
SPY,203.55056699263005,398.1700134277344,stock,2022-05-09,,,,,,
SPY,0.29609222687719594,399.0899963378906,stock,2022-05-10,,,,,,
SPY,56.041511537376245,392.75,stock,2022-05-11,,,,,,
SPY,9.03200688121904,392.3399963378906,stock,2022-05-12,,,,,,
SPY,-61.05211571059592,401.7200012207031,stock,2022-05-13,,,,,,
SPY,43.328944865433165,400.0899963378906,stock,2022-05-16,,,,,,
SPY,-67.2665536649991,408.32000732421875,stock,2022-05-17,,,,,,
SPY,-2.0,7.13,option,2022-05-18,374.0,2022-06-17,put,0.23538634833932567,-0.2268181813107497,0.9858605564770854
SPY,-45.36363626214994,391.8599853515625,stock,2022-05-18,,,,,,
SPY,-2.0,7.13,option,2022-05-18,374.0,2022-06-17,put,0.23538634833932567,-0.2268181813107497,0.9858605564770854
SPY,-45.36363626214994,391.8599853515625,stock,2022-05-18,,,,,,
SPY,-2.0,7.41,option,2022-05-18,375.0,2022-06-17,put,0.23538634833932567,-0.23891481376296175,0.9277113689681677
SPY,-47.782962752592354,391.8599853515625,stock,2022-05-18,,,,,,
SPY,-2.0,7.41,option,2022-05-18,375.0,2022-06-17,put,0.23538634833932567,-0.23891481376296175,0.9277113689681677
SPY,-47.782962752592354,391.8599853515625,stock,2022-05-18,,,,,,
SPY,-2.0,7.695,option,2022-05-18,376.0,2022-06-17,put,0.23538634833932567,-0.2513223797282387,0.8721289599207451
SPY,-50.26447594564773,391.8599853515625,stock,2022-05-18,,,,,,
SPY,-2.0,7.695,option,2022-05-18,376.0,2022-06-17,put,0.23538634833932567,-0.2513223797282387,0.8721289599207451
SPY,-50.26447594564773,391.8599853515625,stock,2022-05-18,,,,,,
SPY,-2.0,7.995,option,2022-05-18,377.0,2022-06-17,put,0.23538634833932567,-0.2640282387334426,0.8212930091416956
SPY,-52.80564774668852,391.8599853515625,stock,2022-05-18,,,,,,
SPY,-2.0,7.995,option,2022-05-18,377.0,2022-06-17,put,0.23538634833932567,-0.2640282387334426,0.8212930091416956
SPY,-52.80564774668852,391.8599853515625,stock,2022-05-18,,,,,,
SPY,115.70567503193871,391.8599853515625,stock,2022-05-18,,,,,,
SPY,4.0,6.734999999999999,option,2022-05-19,374.0,2022-06-17,put,0.31092179832101513,-0.30325445505102844,
SPY,121.30178202041138,389.4599914550781,stock,2022-05-19,,,,,,
SPY,4.0,7.015000000000001,option,2022-05-19,375.0,2022-06-17,put,0.31092179832101513,-0.31398180521436325,
SPY,125.5927220857453,389.4599914550781,stock,2022-05-19,,,,,,
SPY,4.0,7.305,option,2022-05-19,376.0,2022-06-17,put,0.31092179832101513,-0.32483950562981123,
SPY,129.93580225192449,389.4599914550781,stock,2022-05-19,,,,,,
SPY,4.0,7.605,option,2022-05-19,377.0,2022-06-17,put,0.31092179832101513,-0.33581865909854913,
SPY,134.32746363941965,389.4599914550781,stock,2022-05-19,,,,,,
SPY,-102.72530398996156,389.4599914550781,stock,2022-05-19,,,,,,
SPY,3.027886178505914,389.6300048828125,stock,2022-05-20,,,,,,
SPY,-1.9239527900166156,396.9200134277344,stock,2022-05-23,,,,,,
SPY,7.822287223277719,393.8900146484375,stock,2022-05-24,,,,,,
SPY,-0.9303928658367995,397.3699951171875,stock,2022-05-25,,,,,,
SPY,-10.012805361166361,405.30999755859375,stock,2022-05-26,,,,,,
SPY,-39.020641365009965,415.260009765625,stock,2022-05-27,,,,,,
SPY,-2.0,5.35,option,2022-05-31,393.0,2022-06-30,put,0.19755381164193797,-0.17598527260754904,1.3478502705547168
SPY,-35.197054521509806,412.92999267578125,stock,2022-05-31,,,,,,
SPY,-2.0,5.35,option,2022-05-31,393.0,2022-06-30,put,0.19755381164193797,-0.17598527260754904,1.3478502705547168
SPY,-35.197054521509806,412.92999267578125,stock,2022-05-31,,,,,,
SPY,-2.0,5.585,option,2022-05-31,394.0,2022-06-30,put,0.19755381164193797,-0.1878346583116075,1.2560474064147136
SPY,-37.5669316623215,412.92999267578125,stock,2022-05-31,,,,,,
SPY,-2.0,5.585,option,2022-05-31,394.0,2022-06-30,put,0.19755381164193797,-0.1878346583116075,1.2560474064147136
SPY,-37.5669316623215,412.92999267578125,stock,2022-05-31,,,,,,
SPY,-2.0,5.824999999999999,option,2022-05-31,395.0,2022-06-30,put,0.19755381164193797,-0.2001326107987038,1.169370122566247
SPY,-40.026522159740765,412.92999267578125,stock,2022-05-31,,,,,,
SPY,-2.0,5.824999999999999,option,2022-05-31,395.0,2022-06-30,put,0.19755381164193797,-0.2001326107987038,1.169370122566247
SPY,-40.026522159740765,412.92999267578125,stock,2022-05-31,,,,,,
SPY,-2.0,6.074999999999999,option,2022-05-31,396.0,2022-06-30,put,0.19755381164193797,-0.2128694087006915,1.0892513277839124
SPY,-42.5738817401383,412.92999267578125,stock,2022-05-31,,,,,,
SPY,-2.0,6.074999999999999,option,2022-05-31,396.0,2022-06-30,put,0.19755381164193797,-0.2128694087006915,1.0892513277839124
SPY,-42.5738817401383,412.92999267578125,stock,2022-05-31,,,,,,
SPY,-2.0,6.335,option,2022-05-31,397.0,2022-06-30,put,0.19755381164193797,-0.2260333203624828,1.0150298108936455
SPY,-45.20666407249656,412.92999267578125,stock,2022-05-31,,,,,,
SPY,-2.0,6.335,option,2022-05-31,397.0,2022-06-30,put,0.19755381164193797,-0.2260333203624828,1.0150298108936455
SPY,-45.20666407249656,412.92999267578125,stock,2022-05-31,,,,,,
SPY,-2.0,6.605,option,2022-05-31,398.0,2022-06-30,put,0.19755381164193797,-0.23961062726588334,0.9461293550239346
SPY,-47.92212545317667,412.92999267578125,stock,2022-05-31,,,,,,
SPY,-2.0,6.605,option,2022-05-31,398.0,2022-06-30,put,0.19755381164193797,-0.23961062726588334,0.9461293550239346
SPY,-47.92212545317667,412.92999267578125,stock,2022-05-31,,,,,,
SPY,-2.0,6.885,option,2022-05-31,399.0,2022-06-30,put,0.19755381164193797,-0.2535856635228383,0.8820460879014621
SPY,-50.71713270456766,412.92999267578125,stock,2022-05-31,,,,,,
SPY,-2.0,6.885,option,2022-05-31,399.0,2022-06-30,put,0.19755381164193797,-0.2535856635228383,0.8820460879014621
SPY,-50.71713270456766,412.92999267578125,stock,2022-05-31,,,,,,
SPY,-2.0,7.175000000000001,option,2022-05-31,400.0,2022-06-30,put,0.19755381164193797,-0.2679408712622937,0.8223378885824317
SPY,-53.58817425245874,412.92999267578125,stock,2022-05-31,,,,,,
SPY,41.76438980379805,412.92999267578125,stock,2022-05-31,,,,,,
SPY,-2.0,5.205,option,2022-06-01,390.0,2022-07-01,put,0.20749609527230908,-0.18909149611229115,0.9982818862047793
SPY,-37.81829922245823,409.5899963378906,stock,2022-06-01,,,,,,
SPY,-2.0,5.205,option,2022-06-01,390.0,2022-07-01,put,0.20749609527230908,-0.18909149611229115,0.9982818862047793
SPY,-37.81829922245823,409.5899963378906,stock,2022-06-01,,,,,,
SPY,-2.0,5.4399999999999995,option,2022-06-01,391.0,2022-07-01,put,0.20749609527230908,-0.20095893426723244,0.931683172267865
SPY,-40.19178685344649,409.5899963378906,stock,2022-06-01,,,,,,
SPY,-2.0,5.4399999999999995,option,2022-06-01,391.0,2022-07-01,put,0.20749609527230908,-0.20095893426723244,0.931683172267865
SPY,-40.19178685344649,409.5899963378906,stock,2022-06-01,,,,,,
SPY,-2.0,5.6850000000000005,option,2022-06-01,392.0,2022-07-01,put,0.20749609527230908,-0.21323036092229675,0.8698812767033112
SPY,-42.64607218445935,409.5899963378906,stock,2022-06-01,,,,,,
SPY,-1.0,5.6850000000000005,option,2022-06-01,392.0,2022-07-01,put,0.20749609527230908,-0.21323036092229675,0.8698812767033112
SPY,-21.323036092229675,409.5899963378906,stock,2022-06-01,,,,,,
SPY,-126.67350803749368,409.5899963378906,stock,2022-06-01,,,,,,
SPY,392.8281295220929,417.3900146484375,stock,2022-06-02,,,,,,
SPY,-312.17593565766936,410.5400085449219,stock,2022-06-03,,,,,,
SPY,116.70808673483975,411.7900085449219,stock,2022-06-06,,,,,,
SPY,213.4621365782541,415.739990234375,stock,2022-06-07,,,,,,
SPY,-1.0,4.425000000000001,option,2022-06-08,391.0,2022-07-08,put,0.1810728424441828,-0.15176410552768627,1.568490147471479
SPY,-15.176410552768626,411.2200012207031,stock,2022-06-08,,,,,,
SPY,-206.80961732188905,411.2200012207031,stock,2022-06-08,,,,,,
SPY,-655.2253262829965,401.44000244140625,stock,2022-06-09,,,,,,
SPY,4.0,11.34,option,2022-06-10,393.0,2022-06-30,put,0.2507581859552925,-0.5389997832594924,
SPY,215.59991330379694,389.79998779296875,stock,2022-06-10,,,,,,
SPY,4.0,11.86,option,2022-06-10,394.0,2022-06-30,put,0.2507581859552925,-0.5561474226310779,
SPY,222.45896905243114,389.79998779296875,stock,2022-06-10,,,,,,
SPY,4.0,12.39,option,2022-06-10,395.0,2022-06-30,put,0.2507581859552925,-0.5731475217326625,
SPY,229.259008693065,389.79998779296875,stock,2022-06-10,,,,,,
SPY,4.0,12.945,option,2022-06-10,396.0,2022-06-30,put,0.2507581859552925,-0.5899703605869505,
SPY,235.9881442347802,389.79998779296875,stock,2022-06-10,,,,,,
SPY,4.0,13.515,option,2022-06-10,397.0,2022-06-30,put,0.2507581859552925,-0.6065874100030769,
SPY,242.63496400123077,389.79998779296875,stock,2022-06-10,,,,,,
SPY,4.0,14.095,option,2022-06-10,398.0,2022-06-30,put,0.2507581859552925,-0.6229714632721717,
SPY,249.18858530886868,389.79998779296875,stock,2022-06-10,,,,,,
SPY,4.0,14.71,option,2022-06-10,399.0,2022-06-30,put,0.2507581859552925,-0.6390967545322546,
SPY,255.63870181290181,389.79998779296875,stock,2022-06-10,,,,,,
SPY,2.0,15.325,option,2022-06-10,400.0,2022-06-30,put,0.2507581859552925,-0.6549390631344454,
SPY,130.98781262688908,389.79998779296875,stock,2022-06-10,,,,,,
SPY,4.0,10.17,option,2022-06-10,390.0,2022-07-01,put,0.2507581859552925,-0.4864922275097747,
SPY,194.5968910039099,389.79998779296875,stock,2022-06-10,,,,,,
SPY,4.0,10.64,option,2022-06-10,391.0,2022-07-01,put,0.2507581859552925,-0.503474811963865,
SPY,201.38992478554601,389.79998779296875,stock,2022-06-10,,,,,,
SPY,3.0,11.120000000000001,option,2022-06-10,392.0,2022-07-01,put,0.2507581859552925,-0.5204077725945316,
SPY,156.1223317783595,389.79998779296875,stock,2022-06-10,,,,,,
SPY,1.0,11.84,option,2022-06-10,391.0,2022-07-08,put,0.2507581859552925,-0.4981270068778757,
SPY,49.81270068778757,389.79998779296875,stock,2022-06-10,,,,,,
SPY,-904.9548983631671,389.79998779296875,stock,2022-06-10,,,,,,
SPY,-2.0,4.26,option,2022-07-20,376.0,2022-08-19,put,0.1992302769076838,-0.1813548359336521,0.8660406291788397
SPY,-36.27096718673042,394.7699890136719,stock,2022-07-20,,,,,,
SPY,-2.0,4.26,option,2022-07-20,376.0,2022-08-19,put,0.1992302769076838,-0.1813548359336521,0.8660406291788397
SPY,-36.27096718673042,394.7699890136719,stock,2022-07-20,,,,,,
SPY,0.5721893045969892,394.7699890136719,stock,2022-07-20,,,,,,
SPY,18.51297861826837,398.7900085449219,stock,2022-07-21,,,,,,
SPY,-14.173566517497967,395.0899963378906,stock,2022-07-22,,,,,,
SPY,-2.0,3.515,option,2022-07-25,376.0,2022-08-24,put,0.17432827648043772,-0.1416148761217466,1.4032671640173897
SPY,-28.32297522434932,395.57000732421875,stock,2022-07-25,,,,,,
SPY,-2.0,3.515,option,2022-07-25,376.0,2022-08-24,put,0.17432827648043772,-0.1416148761217466,1.4032671640173897
SPY,-28.32297522434932,395.57000732421875,stock,2022-07-25,,,,,,
SPY,-2.0,3.705,option,2022-07-25,377.0,2022-08-24,put,0.17432827648043772,-0.1538764862408123,1.284421160147829
SPY,-30.77529724816246,395.57000732421875,stock,2022-07-25,,,,,,
SPY,-2.0,3.705,option,2022-07-25,377.0,2022-08-24,put,0.17432827648043772,-0.1538764862408123,1.284421160147829
SPY,-30.77529724816246,395.57000732421875,stock,2022-07-25,,,,,,
SPY,-2.0,3.895,option,2022-07-25,378.0,2022-08-24,put,0.17432827648043772,-0.16678571006704968,1.1707348862360856
SPY,-33.357142013409934,395.57000732421875,stock,2022-07-25,,,,,,
SPY,-2.0,3.895,option,2022-07-25,378.0,2022-08-24,put,0.17432827648043772,-0.16678571006704968,1.1707348862360856
SPY,-33.357142013409934,395.57000732421875,stock,2022-07-25,,,,,,
SPY,-2.0,4.09,option,2022-07-25,379.0,2022-08-24,put,0.17432827648043772,-0.18033683964546032,1.0649923305025781
SPY,-36.067367929092065,395.57000732421875,stock,2022-07-25,,,,,,
SPY,-2.0,4.09,option,2022-07-25,379.0,2022-08-24,put,0.17432827648043772,-0.18033683964546032,1.0649923305025781
SPY,-36.067367929092065,395.57000732421875,stock,2022-07-25,,,,,,
SPY,-2.0,4.295,option,2022-07-25,380.0,2022-08-24,put,0.17432827648043772,-0.19452034410665653,0.9688965669883639
SPY,-38.90406882133131,395.57000732421875,stock,2022-07-25,,,,,,
SPY,-2.0,4.295,option,2022-07-25,380.0,2022-08-24,put,0.17432827648043772,-0.19452034410665653,0.9688965669883639
SPY,-38.90406882133131,395.57000732421875,stock,2022-07-25,,,,,,
SPY,-2.0,4.515000000000001,option,2022-07-25,381.0,2022-08-24,put,0.17432827648043772,-0.20932281225368388,0.883368167626805
SPY,-41.86456245073678,395.57000732421875,stock,2022-07-25,,,,,,
SPY,-2.0,4.515000000000001,option,2022-07-25,381.0,2022-08-24,put,0.17432827648043772,-0.20932281225368388,0.883368167626805
SPY,-41.86456245073678,395.57000732421875,stock,2022-07-25,,,,,,
SPY,-2.0,4.74,option,2022-07-25,382.0,2022-08-24,put,0.17432827648043772,-0.2247269364165978,0.8030636368741406
SPY,-44.94538728331956,395.57000732421875,stock,2022-07-25,,,,,,
SPY,-2.0,4.74,option,2022-07-25,382.0,2022-08-24,put,0.17432827648043772,-0.2247269364165978,0.8030636368741406
SPY,-44.94538728331956,395.57000732421875,stock,2022-07-25,,,,,,
SPY,11.820292053030926,395.57000732421875,stock,2022-07-25,,,,,,
SPY,-205.12078777018561,390.8900146484375,stock,2022-07-26,,,,,,
SPY,425.1705832473279,401.0400085449219,stock,2022-07-27,,,,,,
SPY,138.45574897462984,406.07000732421875,stock,2022-07-28,,,,,,
SPY,103.96941641241021,411.989990234375,stock,2022-07-29,,,,,,
SPY,-2.0,3.665,option,2022-08-01,391.0,2022-08-31,put,0.1702880447757258,-0.1426606480909507,1.4491877097417694
SPY,-28.53212961819014,410.7699890136719,stock,2022-08-01,,,,,,
SPY,-2.0,3.665,option,2022-08-01,391.0,2022-08-31,put,0.1702880447757258,-0.1426606480909507,1.4491877097417694
SPY,-28.53212961819014,410.7699890136719,stock,2022-08-01,,,,,,
SPY,-2.0,3.835,option,2022-08-01,392.0,2022-08-31,put,0.1702880447757258,-0.1547857765192413,1.315228321137229
SPY,-30.95715530384826,410.7699890136719,stock,2022-08-01,,,,,,
SPY,-2.0,3.835,option,2022-08-01,392.0,2022-08-31,put,0.1702880447757258,-0.1547857765192413,1.315228321137229
SPY,-30.95715530384826,410.7699890136719,stock,2022-08-01,,,,,,
SPY,-2.0,4.02,option,2022-08-01,393.0,2022-08-31,put,0.1702880447757258,-0.1675393905858097,1.197359172790828
SPY,-33.50787811716194,410.7699890136719,stock,2022-08-01,,,,,,
SPY,10.693680373212423,410.7699890136719,stock,2022-08-01,,,,,,
SPY,-55.29787232764702,408.05999755859375,stock,2022-08-02,,,,,,
SPY,149.06521806029002,414.45001220703125,stock,2022-08-03,,,,,,
SPY,4.815370992772831,414.1700134277344,stock,2022-08-04,,,,,,
SPY,-1.282989329284593,413.4700012207031,stock,2022-08-05,,,,,,
SPY,21.89174128933159,412.989990234375,stock,2022-08-08,,,,,,
SPY,-14.703677446816144,411.3500061035156,stock,2022-08-09,,,,,,
SPY,95.87997567466337,419.989990234375,stock,2022-08-10,,,,,,
SPY,4.407936504838396,419.989990234375,stock,2022-08-11,,,,,,
SPY,27.01210428322063,427.1000061035156,stock,2022-08-12,,,,,,
SPY,-1.0,2.75,option,2022-08-15,408.0,2022-09-14,put,0.14375528034091134,-0.10197552808654553,2.154851327559389
SPY,-10.197552808654553,428.8599853515625,stock,2022-08-15,,,,,,
SPY,7.0436181598274725,428.8599853515625,stock,2022-08-15,,,,,,
SPY,2.839657624873629,429.70001220703125,stock,2022-08-16,,,,,,
SPY,-4.239406693160097,426.6499938964844,stock,2022-08-17,,,,,,
SPY,3.729894828928657,427.8900146484375,stock,2022-08-18,,,,,,
SPY,-11.407270104198762,422.1400146484375,stock,2022-08-19,,,,,,
SPY,-2.0,4.25,option,2022-08-22,394.0,2022-09-21,put,0.15001555141329903,-0.12009999864321919,2.9705364472944638
SPY,-24.01999972864384,413.3500061035156,stock,2022-08-22,,,,,,
SPY,-1.0,4.449999999999999,option,2022-08-22,395.0,2022-09-21,put,0.15001555141329903,-0.13230782013273645,2.691633854471101
SPY,-13.230782013273645,413.3500061035156,stock,2022-08-22,,,,,,
SPY,-29.657004921775183,413.3500061035156,stock,2022-08-22,,,,,,
SPY,-3.521520187677572,412.3500061035156,stock,2022-08-23,,,,,,
SPY,-2.0,3.815,option,2022-08-24,393.0,2022-09-23,put,0.1563164871585383,-0.11450937812919726,2.619737367969479
SPY,-22.901875625839452,413.6700134277344,stock,2022-08-24,,,,,,
SPY,-2.0,4.005,option,2022-08-24,394.0,2022-09-23,put,0.1563164871585383,-0.1258596441763984,2.385281846430053
SPY,-25.17192883527968,413.6700134277344,stock,2022-08-24,,,,,,
SPY,-2.0,4.205,option,2022-08-24,395.0,2022-09-23,put,0.1563164871585383,-0.13794025553313727,2.1748294351723185
SPY,-27.588051106627454,413.6700134277344,stock,2022-08-24,,,,,,
SPY,-2.0,4.41,option,2022-08-24,396.0,2022-09-23,put,0.1563164871585383,-0.1507551765820998,1.9818767609199817
SPY,-30.15103531641996,413.6700134277344,stock,2022-08-24,,,,,,
SPY,-2.0,4.625,option,2022-08-24,397.0,2022-09-23,put,0.1563164871585383,-0.16430388675935537,1.8078665342564793
SPY,-32.86077735187107,413.6700134277344,stock,2022-08-24,,,,,,
SPY,-2.0,4.855,option,2022-08-24,398.0,2022-09-23,put,0.1563164871585383,-0.17858117451602684,1.6531804190822357
SPY,-35.71623490320537,413.6700134277344,stock,2022-08-24,,,,,,
SPY,-2.0,5.095000000000001,option,2022-08-24,399.0,2022-09-23,put,0.1563164871585383,-0.19357698221272768,1.5125576154982934
SPY,-38.71539644254553,413.6700134277344,stock,2022-08-24,,,,,,
SPY,-2.0,5.34,option,2022-08-24,400.0,2022-09-23,put,0.1563164871585383,-0.20927630621595816,1.382160947766982
SPY,-41.855261243191634,413.6700134277344,stock,2022-08-24,,,,,,
SPY,-2.0,5.6,option,2022-08-24,401.0,2022-09-23,put,0.1563164871585383,-0.22565915555393934,1.2652795874089158
SPY,-45.13183111078787,413.6700134277344,stock,2022-08-24,,,,,,
SPY,-2.0,5.875,option,2022-08-24,402.0,2022-09-23,put,0.1563164871585383,-0.24270057148175161,1.160099449278564
SPY,-48.540114296350325,413.6700134277344,stock,2022-08-24,,,,,,
SPY,-2.0,6.015000000000001,option,2022-08-24,402.5,2022-09-23,put,0.1563164871585383,-0.2514591027693358,1.1103162630742283
SPY,-50.29182055386716,413.6700134277344,stock,2022-08-24,,,,,,
SPY,-2.0,6.154999999999999,option,2022-08-24,403.0,2022-09-23,put,0.1563164871585383,-0.2603707092251566,1.061751746574052
SPY,-52.07414184503132,413.6700134277344,stock,2022-08-24,,,,,,
SPY,-2.0,6.455,option,2022-08-24,404.0,2022-09-23,put,0.1563164871585383,-0.2786349820448101,0.9744199658686531
SPY,-55.726996408962016,413.6700134277344,stock,2022-08-24,,,,,,
SPY,-1.0,6.76,option,2022-08-24,405.0,2022-09-23,put,0.1563164871585383,-0.2974542666150727,0.8923421849478859
SPY,-29.745426661507267,413.6700134277344,stock,2022-08-24,,,,,,
SPY,30.491349129611223,413.6700134277344,stock,2022-08-24,,,,,,
SPY,245.58563751922117,419.510009765625,stock,2022-08-25,,,,,,
SPY,1.0,9.219999999999999,option,2022-08-26,408.0,2022-09-14,put,0.1831566196405952,-0.5410523435957905,
SPY,54.10523435957904,405.30999755859375,stock,2022-08-26,,,,,,
SPY,-715.4864964319913,405.30999755859375,stock,2022-08-26,,,,,,
SPY,2.0,6.630000000000001,option,2022-08-29,394.0,2022-09-21,put,0.2333035617792671,-0.333832628973892,
SPY,66.7665257947784,402.6300048828125,stock,2022-08-29,,,,,,
SPY,1.0,6.955,option,2022-08-29,395.0,2022-09-21,put,0.2333035617792671,-0.34972174669363076,
SPY,34.97217466936308,402.6300048828125,stock,2022-08-29,,,,,,
SPY,2.0,7.109999999999999,option,2022-08-29,394.0,2022-09-23,put,0.2333035617792671,-0.3384212512364386,
SPY,67.68425024728772,402.6300048828125,stock,2022-08-29,,,,,,
SPY,2.0,7.4399999999999995,option,2022-08-29,395.0,2022-09-23,put,0.2333035617792671,-0.35373342306017763,
SPY,70.74668461203552,402.6300048828125,stock,2022-08-29,,,,,,
SPY,2.0,7.789999999999999,option,2022-08-29,396.0,2022-09-23,put,0.2333035617792671,-0.3692463695317324,
SPY,73.84927390634648,402.6300048828125,stock,2022-08-29,,,,,,
SPY,2.0,8.15,option,2022-08-29,397.0,2022-09-23,put,0.2333035617792671,-0.3849353175342377,
SPY,76.98706350684755,402.6300048828125,stock,2022-08-29,,,,,,
SPY,2.0,8.52,option,2022-08-29,398.0,2022-09-23,put,0.2333035617792671,-0.40077480303550883,
SPY,80.15496060710177,402.6300048828125,stock,2022-08-29,,,,,,
SPY,2.0,8.91,option,2022-08-29,399.0,2022-09-23,put,0.2333035617792671,-0.4167388012555501,
SPY,83.34776025111002,402.6300048828125,stock,2022-08-29,,,,,,
SPY,2.0,9.309999999999999,option,2022-08-29,400.0,2022-09-23,put,0.2333035617792671,-0.43280085990784345,
SPY,86.56017198156869,402.6300048828125,stock,2022-08-29,,,,,,
SPY,2.0,9.73,option,2022-08-29,401.0,2022-09-23,put,0.2333035617792671,-0.4489342343603028,
SPY,89.78684687206055,402.6300048828125,stock,2022-08-29,,,,,,
SPY,4.0,10.17,option,2022-08-29,402.0,2022-09-23,put,0.2333035617792671,-0.4651120235593196,
SPY,186.04480942372783,402.6300048828125,stock,2022-08-29,,,,,,
SPY,2.0,10.620000000000001,option,2022-08-29,403.0,2022-09-23,put,0.2333035617792671,-0.4813073055714051,
SPY,96.26146111428102,402.6300048828125,stock,2022-08-29,,,,,,
SPY,2.0,11.09,option,2022-08-29,404.0,2022-09-23,put,0.2333035617792671,-0.49749327162130463,
SPY,99.49865432426093,402.6300048828125,stock,2022-08-29,,,,,,
SPY,1.0,11.559999999999999,option,2022-08-29,405.0,2022-09-23,put,0.2333035617792671,-0.5136433575421353,
SPY,51.36433575421353,402.6300048828125,stock,2022-08-29,,,,,,
SPY,-214.28472477893615,402.6300048828125,stock,2022-08-29,,,,,,
SPY,2.0,7.970000000000001,option,2022-08-30,393.0,2022-09-23,put,0.23644725379586864,-0.39024256414989966,
SPY,78.04851282997993,398.2099914550781,stock,2022-08-30,,,,,,
SPY,-48.08166383467348,398.2099914550781,stock,2022-08-30,,,,,,
SPY,-2.0,4.8149999999999995,option,2022-08-31,376.0,2022-09-30,put,0.2143642192804878,-0.19296276714611516,0.8053979967554761
SPY,-38.59255342922303,395.17999267578125,stock,2022-08-31,,,,,,
SPY,37.16910802581604,395.17999267578125,stock,2022-08-31,,,,,,
SPY,3.4026146414401595,396.4200134277344,stock,2022-09-01,,,,,,
SPY,-9.075324831405581,392.239990234375,stock,2022-09-02,,,,,,
SPY,-0.967644376852931,390.760009765625,stock,2022-09-06,,,,,,
SPY,-2.0,4.395,option,2022-09-07,378.0,2022-10-07,put,0.15715146716952463,-0.11680749959067094,3.2098991993372454
SPY,-23.361499918134186,397.7799987792969,stock,2022-09-07,,,,,,
SPY,-2.0,4.83,option,2022-09-07,380.0,2022-10-07,put,0.15715146716952463,-0.14141790286232758,2.6573327768112485
SPY,-28.283580572465517,397.7799987792969,stock,2022-09-07,,,,,,
SPY,-2.0,5.0600000000000005,option,2022-09-07,381.0,2022-10-07,put,0.15715146716952463,-0.15490092483492068,2.4209371554973966
SPY,-30.980184966984137,397.7799987792969,stock,2022-09-07,,,,,,
SPY,-2.0,5.3100000000000005,option,2022-09-07,382.0,2022-10-07,put,0.15715146716952463,-0.16916807110287313,2.214080642561401
SPY,-33.833614220574624,397.7799987792969,stock,2022-09-07,,,,,,
SPY,-2.0,5.5600000000000005,option,2022-09-07,383.0,2022-10-07,put,0.15715146716952463,-0.18421178543346894,2.0211720864299307
SPY,-36.84235708669379,397.7799987792969,stock,2022-09-07,,,,,,
SPY,-2.0,5.82,option,2022-09-07,384.0,2022-10-07,put,0.15715146716952463,-0.2000189128636134,1.8465127445158236
SPY,-40.00378257272268,397.7799987792969,stock,2022-09-07,,,,,,
SPY,-2.0,6.095000000000001,option,2022-09-07,385.0,2022-10-07,put,0.15715146716952463,-0.21657060693748909,1.6902005963611568
SPY,-43.31412138749782,397.7799987792969,stock,2022-09-07,,,,,,
SPY,-2.0,6.380000000000001,option,2022-09-07,386.0,2022-10-07,put,0.15715146716952463,-0.23384231001058753,1.547792365107795
SPY,-46.7684620021175,397.7799987792969,stock,2022-09-07,,,,,,
SPY,-2.0,6.67,option,2022-09-07,387.0,2022-10-07,put,0.15715146716952463,-0.25180380904202004,1.415980491485816
SPY,-50.36076180840401,397.7799987792969,stock,2022-09-07,,,,,,
SPY,-2.0,6.98,option,2022-09-07,388.0,2022-10-07,put,0.15715146716952463,-0.2704193678488266,1.2988959708909988
SPY,-54.083873569765316,397.7799987792969,stock,2022-09-07,,,,,,
SPY,-2.0,7.300000000000001,option,2022-09-07,389.0,2022-10-07,put,0.15715146716952463,-0.2896479353002449,1.1914691406755398
SPY,-57.92958706004898,397.7799987792969,stock,2022-09-07,,,,,,
SPY,-2.0,7.630000000000001,option,2022-09-07,390.0,2022-10-07,put,0.15715146716952463,-0.3094434274255252,1.0927538752143025
SPY,-61.88868548510504,397.7799987792969,stock,2022-09-07,,,,,,
SPY,-2.0,7.970000000000001,option,2022-09-07,391.0,2022-10-07,put,0.15715146716952463,-0.32975507993513,1.0019157128430125
SPY,-65.951015987026,397.7799987792969,stock,2022-09-07,,,,,,
SPY,-2.0,8.325,option,2022-09-07,392.0,2022-10-07,put,0.15715146716952463,-0.35052786625061505,0.9193691655856522
SPY,-70.10557325012302,397.7799987792969,stock,2022-09-07,,,,,,
SPY,-2.0,8.695,option,2022-09-07,393.0,2022-10-07,put,0.15715146716952463,-0.37170297483958314,0.8441822937524365
SPY,-74.34059496791663,397.7799987792969,stock,2022-09-07,,,,,,
SPY,33.07668687574886,397.7799987792969,stock,2022-09-07,,,,,,
SPY,137.60356776248534,400.3800048828125,stock,2022-09-08,,,,,,
SPY,253.44205573577472,406.6000061035156,stock,2022-09-09,,,,,,
SPY,-2.0,4.175000000000001,option,2022-09-12,392.0,2022-10-12,put,0.14441525157809396,-0.11471255423728532,3.3129670408547267
SPY,-22.942510847457065,410.9700012207031,stock,2022-09-12,,,,,,
SPY,-2.0,4.605,option,2022-09-12,394.0,2022-10-12,put,0.14441525157809396,-0.14031073596599097,2.714712258883908
SPY,-28.062147193198193,410.9700012207031,stock,2022-09-12,,,,,,
SPY,-2.0,4.84,option,2022-09-12,395.0,2022-10-12,put,0.14441525157809396,-0.15441034362645922,2.4659626101284764
SPY,-30.882068725291845,410.9700012207031,stock,2022-09-12,,,,,,
SPY,-2.0,5.08,option,2022-09-12,396.0,2022-10-12,put,0.14441525157809396,-0.16937704403295117,2.2391134755897384
SPY,-33.87540880659024,410.9700012207031,stock,2022-09-12,,,,,,
SPY,151.8375576623485,410.9700012207031,stock,2022-09-12,,,,,,
SPY,-1041.5245068029908,393.1000061035156,stock,2022-09-13,,,,,,
SPY,2.0,4.32,option,2022-09-14,378.0,2022-10-07,put,0.26950065192819284,-0.24250952064131248,
SPY,48.501904128262495,394.6000061035156,stock,2022-09-14,,,,,,
SPY,2.0,4.800000000000001,option,2022-09-14,380.0,2022-10-07,put,0.26950065192819284,-0.26754682077427705,
SPY,53.50936415485541,394.6000061035156,stock,2022-09-14,,,,,,
SPY,2.0,5.0600000000000005,option,2022-09-14,381.0,2022-10-07,put,0.26950065192819284,-0.2804849854465721,
SPY,56.096997089314414,394.6000061035156,stock,2022-09-14,,,,,,
SPY,2.0,5.33,option,2022-09-14,382.0,2022-10-07,put,0.26950065192819284,-0.29368359917943065,
SPY,58.736719835886134,394.6000061035156,stock,2022-09-14,,,,,,
SPY,2.0,5.605,option,2022-09-14,383.0,2022-10-07,put,0.26950065192819284,-0.3071270343771826,
SPY,61.425406875436515,394.6000061035156,stock,2022-09-14,,,,,,
SPY,2.0,5.895,option,2022-09-14,384.0,2022-10-07,put,0.26950065192819284,-0.32079877169995985,
SPY,64.15975433999196,394.6000061035156,stock,2022-09-14,,,,,,
SPY,2.0,6.199999999999999,option,2022-09-14,385.0,2022-10-07,put,0.26950065192819284,-0.3346814681127447,
SPY,66.93629362254893,394.6000061035156,stock,2022-09-14,,,,,,
SPY,2.0,6.51,option,2022-09-14,386.0,2022-10-07,put,0.26950065192819284,-0.3487570298772672,
SPY,69.75140597545344,394.6000061035156,stock,2022-09-14,,,,,,
SPY,2.0,6.84,option,2022-09-14,387.0,2022-10-07,put,0.26950065192819284,-0.3630066899328037,
SPY,72.60133798656074,394.6000061035156,stock,2022-09-14,,,,,,
SPY,2.0,7.18,option,2022-09-14,388.0,2022-10-07,put,0.26950065192819284,-0.37741108907778065,
SPY,75.48221781555613,394.6000061035156,stock,2022-09-14,,,,,,
SPY,2.0,7.535,option,2022-09-14,389.0,2022-10-07,put,0.26950065192819284,-0.3919503603362886,
SPY,78.39007206725772,394.6000061035156,stock,2022-09-14,,,,,,
SPY,2.0,7.904999999999999,option,2022-09-14,390.0,2022-10-07,put,0.26950065192819284,-0.4066042158725962,
SPY,81.32084317451924,394.6000061035156,stock,2022-09-14,,,,,,
SPY,2.0,8.29,option,2022-09-14,391.0,2022-10-07,put,0.26950065192819284,-0.4213520358024423,
SPY,84.27040716048846,394.6000061035156,stock,2022-09-14,,,,,,
SPY,2.0,8.675,option,2022-09-14,392.0,2022-10-07,put,0.26950065192819284,-0.4361729582424607,
SPY,87.23459164849214,394.6000061035156,stock,2022-09-14,,,,,,
SPY,2.0,9.095,option,2022-09-14,393.0,2022-10-07,put,0.26950065192819284,-0.45104596993836454,
SPY,90.2091939876729,394.6000061035156,stock,2022-09-14,,,,,,
SPY,2.0,9.385,option,2022-09-14,392.0,2022-10-12,put,0.26950065192819284,-0.43721531904910416,
SPY,87.44306380982083,394.6000061035156,stock,2022-09-14,,,,,,
SPY,2.0,10.23,option,2022-09-14,394.0,2022-10-12,put,0.26950065192819284,-0.4642012488079099,
SPY,92.84024976158199,394.6000061035156,stock,2022-09-14,,,,,,
SPY,2.0,10.684999999999999,option,2022-09-14,395.0,2022-10-12,put,0.26950065192819284,-0.47771254160553034,
SPY,95.54250832110607,394.6000061035156,stock,2022-09-14,,,,,,
SPY,2.0,11.14,option,2022-09-14,396.0,2022-10-12,put,0.26950065192819284,-0.49121525635907715,
SPY,98.24305127181543,394.6000061035156,stock,2022-09-14,,,,,,
SPY,-104.61349264697992,394.6000061035156,stock,2022-09-14,,,,,,
SPY,2.0,3.425,option,2022-09-15,376.0,2022-09-30,put,0.26043916282296825,-0.22700696595607595,
SPY,45.40139319121519,390.1199951171875,stock,2022-09-15,,,,,,
SPY,-19.502936840074355,390.1199951171875,stock,2022-09-15,,,,,,
SPY,-2.0,6.345,option,2022-09-26,348.0,2022-10-26,put,0.2289043575251167,-0.22488200600258068,0.9785659414546122
SPY,-44.976401200516136,364.30999755859375,stock,2022-09-26,,,,,,
SPY,-2.0,6.89,option,2022-09-26,350.0,2022-10-26,put,0.2289043575251167,-0.25191243122937157,0.8501020486821174
SPY,-50.38248624587431,364.30999755859375,stock,2022-09-26,,,,,,
SPY,1.796635207122911,364.30999755859375,stock,2022-09-26,,,,,,
SPY,-3.5421745169340255,363.3800048828125,stock,2022-09-27,,,,,,
SPY,34.98979720343699,370.5299987792969,stock,2022-09-28,,,,,,
SPY,-35.77935954487394,362.7900085449219,stock,2022-09-29,,,,,,
SPY,2.0,6.475,option,2022-09-30,348.0,2022-10-26,put,0.25416389045358345,-0.32594295630521664,
SPY,65.18859126104333,357.17999267578125,stock,2022-09-30,,,,,,
SPY,2.0,7.1,option,2022-09-30,350.0,2022-10-26,put,0.25416389045358345,-0.3569347441251235,
SPY,71.3869488250247,357.17999267578125,stock,2022-09-30,,,,,,
SPY,-38.68155098842952,357.17999267578125,stock,2022-09-30,,,,,,
SPY,-2.0,4.859999999999999,option,2022-10-05,359.0,2022-11-04,put,0.21741355476022411,-0.19870369204111427,0.8126161387152607
SPY,-39.74073840822285,377.0899963378906,stock,2022-10-05,,,,,,
SPY,0.9440701588851539,377.0899963378906,stock,2022-10-05,,,,,,
SPY,-9.205324553420134,373.20001220703125,stock,2022-10-06,,,,,,
SPY,-32.530770184430175,362.7900085449219,stock,2022-10-07,,,,,,
SPY,-10.085438196454419,360.0199890136719,stock,2022-10-10,,,,,,
SPY,2.0,11.399999999999999,option,2022-10-11,359.0,2022-11-04,put,0.2857582431757515,-0.49256958702809284,
SPY,98.51391740561857,357.739990234375,stock,2022-10-11,,,,,,
SPY,-7.895716221976144,357.739990234375,stock,2022-10-11,,,,,,
SPY,-2.0,5.210000000000001,option,2022-10-24,360.0,2022-11-23,put,0.22761546668649366,-0.20024982806163916,0.8264151288446265
SPY,-40.04996561232783,378.8699951171875,stock,2022-10-24,,,,,,
SPY,1.3364386706986622,378.8699951171875,stock,2022-10-24,,,,,,
SPY,12.6292663604413,384.9200134277344,stock,2022-10-25,,,,,,
SPY,-4.637910681402246,382.0199890136719,stock,2022-10-26,,,,,,
SPY,-3.467184359634089,379.9800109863281,stock,2022-10-27,,,,,,
SPY,16.586918736259417,389.0199890136719,stock,2022-10-28,,,,,,
SPY,-1.6762519171526833,386.2099914550781,stock,2022-10-31,,,,,,
SPY,-1.823466133218087,384.5199890136719,stock,2022-11-01,,,,,,
SPY,-20.630606352563397,374.8699951171875,stock,2022-11-02,,,,,,
SPY,2.0,4.095000000000001,option,2022-11-03,360.0,2022-11-23,put,0.24457194862008738,-0.2764734456690381,
SPY,55.294689133807616,371.010009765625,stock,2022-11-03,,,,,,
SPY,-13.56192784490866,371.010009765625,stock,2022-11-03,,,,,,
SPY,-2.0,3.92,option,2022-11-16,376.0,2022-12-16,put,0.1827193325412287,-0.1537762577460371,1.3060283091959977
SPY,-30.75525154920742,395.45001220703125,stock,2022-11-16,,,,,,
SPY,-2.0,4.12,option,2022-11-16,377.0,2022-12-16,put,0.1827193325412287,-0.16610607403900368,1.2001839115474757
SPY,-33.221214807800735,395.45001220703125,stock,2022-11-16,,,,,,
SPY,-2.0,4.335,option,2022-11-16,378.0,2022-12-16,put,0.1827193325412287,-0.17902197790858243,1.1059125823410807
SPY,-35.804395581716484,395.45001220703125,stock,2022-11-16,,,,,,
SPY,-2.0,4.5600000000000005,option,2022-11-16,379.0,2022-12-16,put,0.1827193325412287,-0.19251567023809857,1.0192857073890573
SPY,-38.50313404761971,395.45001220703125,stock,2022-11-16,,,,,,
SPY,-2.0,4.795,option,2022-11-16,380.0,2022-12-16,put,0.1827193325412287,-0.2065756163257625,0.9394626922705371
SPY,-41.3151232651525,395.45001220703125,stock,2022-11-16,,,,,,
SPY,-2.0,5.045,option,2022-11-16,381.0,2022-12-16,put,0.1827193325412287,-0.22118703292791242,0.8675751075313066
SPY,-44.237406585582484,395.45001220703125,stock,2022-11-16,,,,,,
SPY,10.536386459221966,395.45001220703125,stock,2022-11-16,,,,,,
SPY,-14.952872948130981,394.239990234375,stock,2022-11-17,,,,,,
SPY,31.674863706777643,396.0299987792969,stock,2022-11-18,,,,,,
SPY,-8.939768830889669,394.5899963378906,stock,2022-11-21,,,,,,
SPY,78.86925082713536,399.8999938964844,stock,2022-11-22,,,,,,
SPY,-2.0,2.9450000000000003,option,2022-11-23,382.5,2022-12-23,put,0.17102668460726878,-0.1370992795241286,1.1009738669309899
SPY,-27.419855904825717,402.4200134277344,stock,2022-11-23,,,,,,
SPY,-2.0,3.035,option,2022-11-23,383.0,2022-12-23,put,0.17102668460726878,-0.14303058837908467,1.0545139216669108
SPY,-28.606117675816932,402.4200134277344,stock,2022-11-23,,,,,,
SPY,-2.0,3.225,option,2022-11-23,384.0,2022-12-23,put,0.17102668460726878,-0.1553817840806373,0.9691035492695408
SPY,-31.076356816127458,402.4200134277344,stock,2022-11-23,,,,,,
SPY,-2.0,3.415,option,2022-11-23,385.0,2022-12-23,put,0.17102668460726878,-0.1683820939882894,0.8850208399924498
SPY,-33.67641879765788,402.4200134277344,stock,2022-11-23,,,,,,
SPY,-2.0,3.625,option,2022-11-23,386.0,2022-12-23,put,0.17102668460726878,-0.18202543235601942,0.813020326592458
SPY,-36.40508647120389,402.4200134277344,stock,2022-11-23,,,,,,
SPY,40.22404451149935,402.4200134277344,stock,2022-11-23,,,,,,
SPY,14.582009452752075,402.3299865722656,stock,2022-11-25,,,,,,
SPY,-138.91571583134802,395.9100036621094,stock,2022-11-28,,,,,,
SPY,-10.973577287614361,395.2300109863281,stock,2022-11-29,,,,,,
SPY,-2.0,3.025,option,2022-11-30,388.0,2022-12-30,put,0.17015242275118966,-0.141779905976246,1.0541988127444393
SPY,-28.355981195249203,407.67999267578125,stock,2022-11-30,,,,,,
SPY,-2.0,3.215,option,2022-11-30,389.0,2022-12-30,put,0.17015242275118966,-0.15396136754206147,0.9703398542562516
SPY,-30.792273508412293,407.67999267578125,stock,2022-11-30,,,,,,
SPY,-2.0,3.41,option,2022-11-30,390.0,2022-12-30,put,0.17015242275118966,-0.16678211641079588,0.8903442041134645
SPY,-33.35642328215918,407.67999267578125,stock,2022-11-30,,,,,,
SPY,-2.0,3.62,option,2022-11-30,391.0,2022-12-30,put,0.17015242275118966,-0.18023667012299383,0.8192381357412941
SPY,-36.04733402459877,407.67999267578125,stock,2022-11-30,,,,,,
SPY,287.44856602465205,407.67999267578125,stock,2022-11-30,,,,,,
SPY,3.563470367466735,407.3800048828125,stock,2022-12-01,,,,,,
SPY,0.608068895316066,406.9100036621094,stock,2022-12-02,,,,,,
SPY,-169.9083751360082,399.5899963378906,stock,2022-12-05,,,,,,
SPY,-241.92545245581914,393.8299865722656,stock,2022-12-06,,,,,,
SPY,-2.0,3.6,option,2022-12-07,374.0,2023-01-06,put,0.18353448566317696,-0.15695374788619532,1.0668670802082298
SPY,-31.390749577239063,393.1600036621094,stock,2022-12-07,,,,,,
SPY,-2.0,3.815,option,2022-12-07,375.0,2023-01-06,put,0.18353448566317696,-0.16945806126763163,0.9891204197981802
SPY,-33.891612253526326,393.1600036621094,stock,2022-12-07,,,,,,
SPY,-2.0,4.045,option,2022-12-07,376.0,2023-01-06,put,0.18353448566317696,-0.1825482664851409,0.9193201102596971
SPY,-36.50965329702818,393.1600036621094,stock,2022-12-07,,,,,,
SPY,-2.0,4.28,option,2022-12-07,377.0,2023-01-06,put,0.18353448566317696,-0.1962151478514238,0.8519392670390513
SPY,-39.24302957028476,393.1600036621094,stock,2022-12-07,,,,,,
SPY,-11.825894675693,393.1600036621094,stock,2022-12-07,,,,,,
SPY,206.9401632792664,396.239990234375,stock,2022-12-08,,,,,,
SPY,-151.77408278465464,393.2799987792969,stock,2022-12-09,,,,,,
SPY,365.09549954075754,398.95001220703125,stock,2022-12-12,,,,,,
SPY,118.51070421973394,401.9700012207031,stock,2022-12-13,,,,,,
SPY,-2.0,2.87,option,2022-12-14,380.0,2023-01-13,put,0.16718990978121895,-0.13630486188725977,1.1265502414782036
SPY,-27.260972377451953,399.3999938964844,stock,2022-12-14,,,,,,
SPY,-62.7426937565876,399.3999938964844,stock,2022-12-14,,,,,,
SPY,-519.3930220919146,389.6300048828125,stock,2022-12-15,,,,,,
SPY,2.0,3.87,option,2022-12-16,382.5,2022-12-23,put,0.18611137088656562,-0.4514931280244662,
SPY,90.29862560489323,383.2699890136719,stock,2022-12-16,,,,,,
SPY,2.0,4.1,option,2022-12-16,383.0,2022-12-23,put,0.18611137088656562,-0.4716173579438827,
SPY,94.32347158877654,383.2699890136719,stock,2022-12-16,,,,,,
SPY,2.0,4.595000000000001,option,2022-12-16,384.0,2022-12-23,put,0.18611137088656562,-0.511953282678874,
SPY,102.3906565357748,383.2699890136719,stock,2022-12-16,,,,,,
SPY,2.0,5.135,option,2022-12-16,385.0,2022-12-23,put,0.18611137088656562,-0.5520631307696486,
SPY,110.41262615392972,383.2699890136719,stock,2022-12-16,,,,,,
SPY,2.0,5.765,option,2022-12-16,386.0,2022-12-23,put,0.18611137088656562,-0.5915455322140116,
SPY,118.30910644280233,383.2699890136719,stock,2022-12-16,,,,,,
SPY,2.0,8.165,option,2022-12-16,388.0,2022-12-30,put,0.18611137088656562,-0.608141965847677,
SPY,121.6283931695354,383.2699890136719,stock,2022-12-16,,,,,,
SPY,2.0,8.795,option,2022-12-16,389.0,2022-12-30,put,0.18611137088656562,-0.6349897085053556,
SPY,126.99794170107113,383.2699890136719,stock,2022-12-16,,,,,,
SPY,2.0,9.455,option,2022-12-16,390.0,2022-12-30,put,0.18611137088656562,-0.6611249910687007,
SPY,132.22499821374015,383.2699890136719,stock,2022-12-16,,,,,,
SPY,2.0,10.045,option,2022-12-16,391.0,2022-12-30,put,0.18611137088656562,-0.6864427612625386,
SPY,137.2885522525077,383.2699890136719,stock,2022-12-16,,,,,,
SPY,2.0,4.23,option,2022-12-16,376.0,2023-01-06,put,0.18611137088656562,-0.3067929468449243,
SPY,61.35858936898486,383.2699890136719,stock,2022-12-16,,,,,,
SPY,2.0,4.55,option,2022-12-16,377.0,2023-01-06,put,0.18611137088656562,-0.32799226507747115,
SPY,65.59845301549423,383.2699890136719,stock,2022-12-16,,,,,,
SPY,-497.26909753842796,383.2699890136719,stock,2022-12-16,,,,,,
SPY,2.0,4.085,option,2022-12-19,374.0,2023-01-06,put,0.20769602474093576,-0.3395182853377976,
SPY,67.90365706755952,380.0199890136719,stock,2022-12-19,,,,,,
SPY,2.0,4.42,option,2022-12-19,375.0,2023-01-06,put,0.20769602474093576,-0.36096349857022125,
SPY,72.19269971404425,380.0199890136719,stock,2022-12-19,,,,,,
SPY,2.0,8.16,option,2022-12-19,380.0,2023-01-13,put,0.20769602474093576,-0.4678789286409035,
SPY,93.5757857281807,380.0199890136719,stock,2022-12-19,,,,,,
SPY,-46.06763991612458,380.0199890136719,stock,2022-12-19,,,,,,
SPY,-2.0,2.795,option,2022-12-28,358.0,2023-01-27,put,0.14702253040194652,-0.10284093864558552,2.5320492515193007
SPY,-20.568187729117106,376.6600036621094,stock,2022-12-28,,,,,,
SPY,-2.0,3.1799999999999997,option,2022-12-28,360.0,2023-01-27,put,0.14702253040194652,-0.12853219480834033,2.0622841787024235
SPY,-25.706438961668066,376.6600036621094,stock,2022-12-28,,,,,,
SPY,-2.0,3.4050000000000002,option,2022-12-28,361.0,2023-01-27,put,0.14702253040194652,-0.14286263679439815,1.8777687527225115
SPY,-28.57252735887963,376.6600036621094,stock,2022-12-28,,,,,,
SPY,-2.0,3.635,option,2022-12-28,362.0,2023-01-27,put,0.14702253040194652,-0.15819172869869158,1.705722904263659
SPY,-31.638345739738316,376.6600036621094,stock,2022-12-28,,,,,,
SPY,-2.0,3.87,option,2022-12-28,363.0,2023-01-27,put,0.14702253040194652,-0.1745156784267874,1.5457899841359788
SPY,-34.903135685357476,376.6600036621094,stock,2022-12-28,,,,,,
SPY,-2.0,4.119999999999999,option,2022-12-28,364.0,2023-01-27,put,0.14702253040194652,-0.19182188586413595,1.403293984566203
SPY,-38.36437717282719,376.6600036621094,stock,2022-12-28,,,,,,
SPY,-2.0,2.665,option,2022-12-28,395.0,2023-01-27,call,0.14702253040194652,0.14279006438650738,1.3395028323783595
SPY,28.558012877301476,376.6600036621094,stock,2022-12-28,,,,,,
SPY,-2.0,2.92,option,2022-12-28,394.0,2023-01-27,call,0.14702253040194652,0.15679229120059002,1.2830037296939265
SPY,31.358458240118004,376.6600036621094,stock,2022-12-28,,,,,,
SPY,-2.0,4.385,option,2022-12-28,365.0,2023-01-27,put,0.14702253040194652,-0.21008866998326237,1.2757022992083915
SPY,-42.017733996652474,376.6600036621094,stock,2022-12-28,,,,,,
SPY,-2.0,3.2,option,2022-12-28,393.0,2023-01-27,call,0.14702253040194652,0.17170799347755872,1.2335061193091061
SPY,34.34159869551174,376.6600036621094,stock,2022-12-28,,,,,,
SPY,-2.0,3.34,option,2022-12-28,392.5,2023-01-27,call,0.14702253040194652,0.17951003964388945,1.2045511952476808
SPY,35.90200792877789,376.6600036621094,stock,2022-12-28,,,,,,
SPY,-2.0,3.49,option,2022-12-28,392.0,2023-01-27,call,0.14702253040194652,0.18754159927130765,1.1796576019135183
SPY,37.50831985426153,376.6600036621094,stock,2022-12-28,,,,,,
SPY,-2.0,4.654999999999999,option,2022-12-28,366.0,2023-01-27,put,0.14702253040194652,-0.22928513955136642,1.1563162430244016
SPY,-45.85702791027329,376.6600036621094,stock,2022-12-28,,,,,,
SPY,-2.0,3.8,option,2022-12-28,391.0,2023-01-27,call,0.14702253040194652,0.20429078653511917,1.1285324547527285
SPY,40.85815730702384,376.6600036621094,stock,2022-12-28,,,,,,
SPY,-2.0,4.125,option,2022-12-28,390.0,2023-01-27,call,0.14702253040194652,0.22194602505603211,1.0771030397669779
SPY,44.38920501120642,376.6600036621094,stock,2022-12-28,,,,,,
SPY,-2.0,4.945,option,2022-12-28,367.0,2023-01-27,put,0.14702253040194652,-0.2493712153960319,1.0511117998892823
SPY,-49.87424307920638,376.6600036621094,stock,2022-12-28,,,,,,
SPY,-2.0,4.475,option,2022-12-28,389.0,2023-01-27,call,0.14702253040194652,0.24049019601439825,1.0303134591428258
SPY,48.09803920287965,376.6600036621094,stock,2022-12-28,,,,,,
SPY,-2.0,4.84,option,2022-12-28,388.0,2023-01-27,call,0.14702253040194652,0.25989830247014734,0.983099265754661
SPY,51.97966049402947,376.6600036621094,stock,2022-12-28,,,,,,
SPY,-2.0,5.029999999999999,option,2022-12-28,387.5,2023-01-27,call,0.14702253040194652,0.2699163176353381,0.9602079894923988
SPY,53.98326352706761,376.6600036621094,stock,2022-12-28,,,,,,
SPY,-2.0,5.244999999999999,option,2022-12-28,368.0,2023-01-27,put,0.14702253040194652,-0.2702978085763703,0.9541355706447814
SPY,-54.059561715274064,376.6600036621094,stock,2022-12-28,,,,,,
SPY,-2.0,5.225,option,2022-12-28,387.0,2023-01-27,call,0.14702253040194652,0.28013728299745566,0.9377669218341154
SPY,56.02745659949113,376.6600036621094,stock,2022-12-28,,,,,,
SPY,48.83671657653081,376.6600036621094,stock,2022-12-28,,,,,,
SPY,482.36719916678385,383.44000244140625,stock,2022-12-29,,,,,,
SPY,-74.57975450586062,382.42999267578125,stock,2022-12-30,,,,,,
SPY,-130.22626482053755,380.82000732421875,stock,2023-01-03,,,,,,
SPY,215.25693947366284,383.760009765625,stock,2023-01-04,,,,,,
SPY,-327.0542206588029,379.3800048828125,stock,2023-01-05,,,,,,
SPY,2.0,6.965,option,2023-01-06,389.0,2023-01-27,call,0.14967528995394846,0.5095732846461584,
SPY,-101.91465692923167,388.0799865722656,stock,2023-01-06,,,,,,
SPY,4.0,7.51,option,2023-01-06,388.0,2023-01-27,call,0.14967528995394846,0.5381186452128991,
SPY,-215.24745808515965,388.0799865722656,stock,2023-01-06,,,,,,
SPY,2.0,8.07,option,2023-01-06,387.0,2023-01-27,call,0.14967528995394846,0.5665416957369613,
SPY,-113.30833914739227,388.0799865722656,stock,2023-01-06,,,,,,
SPY,638.1148708291767,388.0799865722656,stock,2023-01-06,,,,,,
SPY,2.0,5.8100000000000005,option,2023-01-09,391.0,2023-01-27,call,0.1661744087588801,0.4442750371243298,
SPY,-88.85500742486596,387.8599853515625,stock,2023-01-09,,,,,,
SPY,2.0,6.305,option,2023-01-09,390.0,2023-01-27,call,0.1661744087588801,0.47180051687853747,
SPY,-94.3601033757075,387.8599853515625,stock,2023-01-09,,,,,,
SPY,-10.717823557636006,387.8599853515625,stock,2023-01-09,,,,,,
SPY,2.0,4.6899999999999995,option,2023-01-10,395.0,2023-01-27,call,0.1661744087588801,0.40649807836769414,
SPY,-81.29961567353882,390.5799865722656,stock,2023-01-10,,,,,,
SPY,2.0,5.15,option,2023-01-10,394.0,2023-01-27,call,0.1661744087588801,0.43412560965744856,
SPY,-86.82512193148972,390.5799865722656,stock,2023-01-10,,,,,,
SPY,2.0,5.635,option,2023-01-10,393.0,2023-01-27,call,0.1661744087588801,0.46215017501761296,
SPY,-92.43003500352259,390.5799865722656,stock,2023-01-10,,,,,,
SPY,4.0,5.88,option,2023-01-10,392.5,2023-01-27,call,0.1661744087588801,0.4762691322807069,
SPY,-190.50765291228277,390.5799865722656,stock,2023-01-10,,,,,,
SPY,108.83565183309665,390.5799865722656,stock,2023-01-10,,,,,,
SPY,-2.0,2.75,option,2023-01-11,376.0,2023-02-10,put,0.1661744087588801,-0.13120832287273876,1.1701329376695409
SPY,-26.24166457454775,395.5199890136719,stock,2023-01-11,,,,,,
SPY,-2.0,2.935,option,2023-01-11,377.0,2023-02-10,put,0.1661744087588801,-0.1434501940498496,1.074257478177109
SPY,-28.69003880996992,395.5199890136719,stock,2023-01-11,,,,,,
SPY,-2.0,3.13,option,2023-01-11,378.0,2023-02-10,put,0.1661744087588801,-0.15640530022735666,0.9861137383489884
SPY,-31.28106004547133,395.5199890136719,stock,2023-01-11,,,,,,
SPY,-2.0,3.33,option,2023-01-11,379.0,2023-02-10,put,0.1661744087588801,-0.17007089450123325,0.9019364165371659
SPY,-34.01417890024665,395.5199890136719,stock,2023-01-11,,,,,,
SPY,-2.0,3.5549999999999997,option,2023-01-11,380.0,2023-02-10,put,0.1661744087588801,-0.184439723839256,0.8321143199094774
SPY,-36.8879447678512,395.5199890136719,stock,2023-01-11,,,,,,
SPY,26.651663978265226,395.5199890136719,stock,2023-01-11,,,,,,
SPY,22.615191623592153,396.9599914550781,stock,2023-01-12,,,,,,
SPY,21.495109033550364,398.5,stock,2023-01-13,,,,,,
SPY,8.62850137017658,397.7699890136719,stock,2023-01-17,,,,,,
SPY,-2.0,2.5549999999999997,option,2023-01-18,372.0,2023-02-17,put,0.14230513271212716,-0.09469523477537345,2.5471175253048
SPY,-18.93904695507469,391.489990234375,stock,2023-01-18,,,,,,
SPY,-2.0,2.71,option,2023-01-18,373.0,2023-02-17,put,0.14230513271212716,-0.10627533379810661,2.273337380820314
SPY,-21.25506675962132,391.489990234375,stock,2023-01-18,,,,,,
SPY,-2.0,2.89,option,2023-01-18,374.0,2023-02-17,put,0.14230513271212716,-0.11880999581953988,2.0480342712744752
SPY,-23.761999163907976,391.489990234375,stock,2023-01-18,,,,,,
SPY,-2.0,3.075,option,2023-01-18,375.0,2023-02-17,put,0.14230513271212716,-0.13231684030891944,1.8418781344297348
SPY,-26.46336806178389,391.489990234375,stock,2023-01-18,,,,,,
SPY,-2.0,3.2649999999999997,option,2023-01-18,376.0,2023-02-17,put,0.14230513271212716,-0.14680627681882097,1.6533445554160993
SPY,-29.361255363764194,391.489990234375,stock,2023-01-18,,,,,,
SPY,-68.9639726784008,391.489990234375,stock,2023-01-18,,,,,,
SPY,-80.45464497444985,388.6400146484375,stock,2023-01-19,,,,,,
SPY,200.4420020051267,395.8800048828125,stock,2023-01-20,,,,,,
SPY,92.87216523528082,400.6300048828125,stock,2023-01-23,,,,,,
SPY,1.7804519593112165,400.20001220703125,stock,2023-01-24,,,,,,
SPY,8.09768741087312,400.3500061035156,stock,2023-01-25,,,,,,
SPY,38.32785584528588,404.75,stock,2023-01-26,,,,,,
SPY,7.973048019126881,405.67999267578125,stock,2023-01-27,,,,,,
SPY,-12.352265431172581,400.5899963378906,stock,2023-01-30,,,,,,
SPY,25.776619536201938,406.4800109863281,stock,2023-01-31,,,,,,
SPY,-2.0,2.005,option,2023-02-01,391.0,2023-03-03,put,0.14502913173556467,-0.10594037553158775,1.2725210796328836
SPY,-21.188075106317548,410.79998779296875,stock,2023-02-01,,,,,,
SPY,-2.0,2.12,option,2023-02-01,392.0,2023-03-03,put,0.14502913173556467,-0.11761816468175512,1.1159856850814833
SPY,-23.523632936351024,410.79998779296875,stock,2023-02-01,,,,,,
SPY,-2.0,2.19,option,2023-02-01,392.5,2023-03-03,put,0.14502913173556467,-0.12377507258388376,1.0536237136612892
SPY,-24.755014516776754,410.79998779296875,stock,2023-02-01,,,,,,
SPY,-2.0,2.255,option,2023-02-01,393.0,2023-03-03,put,0.14502913173556467,-0.1301458767098599,0.9881925102691254
SPY,-26.02917534197198,410.79998779296875,stock,2023-02-01,,,,,,
SPY,-2.0,2.4050000000000002,option,2023-02-01,394.0,2023-03-03,put,0.14502913173556467,-0.1435326916610966,0.8788503430594939
SPY,-28.706538332219324,410.79998779296875,stock,2023-02-01,,,,,,
SPY,16.207145089355286,410.79998779296875,stock,2023-02-01,,,,,,
SPY,57.25206093568128,416.7799987792969,stock,2023-02-02,,,,,,
SPY,-33.45027141246196,412.3500061035156,stock,2023-02-03,,,,,,
SPY,-16.36394870850247,409.8299865722656,stock,2023-02-06,,,,,,
SPY,53.72134515779562,415.19000244140625,stock,2023-02-07,,,,,,
SPY,-2.0,2.64,option,2023-02-08,391.0,2023-03-10,put,0.14647927936434885,-0.10976690662857935,1.8383651476100316
SPY,-21.95338132571587,410.6499938964844,stock,2023-02-08,,,,,,
SPY,-2.0,2.795,option,2023-02-08,392.0,2023-03-10,put,0.14647927936434885,-0.1216164415732226,1.6520055226133772
SPY,-24.323288314644522,410.6499938964844,stock,2023-02-08,,,,,,
SPY,-2.0,2.875,option,2023-02-08,392.5,2023-03-10,put,0.14647927936434885,-0.1278548198565823,1.5656153880376944
SPY,-25.570963971316463,410.6499938964844,stock,2023-02-08,,,,,,
SPY,-2.0,2.955,option,2023-02-08,393.0,2023-03-10,put,0.14647927936434885,-0.13430380098731165,1.4819902853691824
SPY,-26.86076019746233,410.6499938964844,stock,2023-02-08,,,,,,
SPY,-2.0,3.125,option,2023-02-08,394.0,2023-03-10,put,0.14647927936434885,-0.14783604276768825,1.3304686034785318
SPY,-29.56720855353765,410.6499938964844,stock,2023-02-08,,,,,,
SPY,-2.0,3.3049999999999997,option,2023-02-08,395.0,2023-03-10,put,0.14647927936434885,-0.16221440250465657,1.194799778878941
SPY,-32.44288050093132,410.6499938964844,stock,2023-02-08,,,,,,
SPY,-22.469603694514465,410.6499938964844,stock,2023-02-08,,,,,,
SPY,-93.11398137149916,407.0899963378906,stock,2023-02-09,,,,,,
SPY,38.428274840807696,408.0400085449219,stock,2023-02-10,,,,,,
SPY,144.13896088056205,412.8299865722656,stock,2023-02-13,,,,,,
SPY,5.022171175669921,412.6400146484375,stock,2023-02-14,,,,,,
SPY,-2.0,2.5149999999999997,option,2023-02-15,394.0,2023-03-17,put,0.15067564662814278,-0.11414277717958743,1.4851717923874983
SPY,-22.828555435917487,413.9800109863281,stock,2023-02-15,,,,,,
SPY,-2.0,2.665,option,2023-02-15,395.0,2023-03-17,put,0.15067564662814278,-0.12587561238189682,1.3365049301736942
SPY,-25.175122476379364,413.9800109863281,stock,2023-02-15,,,,,,
SPY,-2.0,2.825,option,2023-02-15,396.0,2023-03-17,put,0.15067564662814278,-0.13839166219219312,1.2037796203629552
SPY,-27.678332438438623,413.9800109863281,stock,2023-02-15,,,,,,
SPY,-2.0,2.9850000000000003,option,2023-02-15,397.0,2023-03-17,put,0.15067564662814278,-0.15169544637547983,1.077706503347608
SPY,-30.339089275095965,413.9800109863281,stock,2023-02-15,,,,,,
SPY,-1.0,3.16,option,2023-02-15,398.0,2023-03-17,put,0.15067564662814278,-0.1657863312424156,0.9679214820038523
SPY,-16.57863312424156,413.9800109863281,stock,2023-02-15,,,,,,
SPY,41.14090591563071,413.9800109863281,stock,2023-02-15,,,,,,
SPY,-181.36484752237868,408.2799987792969,stock,2023-02-16,,,,,,
SPY,-30.98015549720877,407.260009765625,stock,2023-02-17,,,,,,
SPY,-461.85407442940124,399.0899963378906,stock,2023-02-21,,,,,,
SPY,-2.0,3.59,option,2023-02-22,379.0,2023-03-24,put,0.1653545444858088,-0.13160507631061913,1.8152860948672271
SPY,-26.321015262123826,398.5400085449219,stock,2023-02-22,,,,,,
SPY,-2.0,3.785,option,2023-02-22,380.0,2023-03-24,put,0.1653545444858088,-0.1438341077314358,1.6593166132971746
SPY,-28.766821546287158,398.5400085449219,stock,2023-02-22,,,,,,
SPY,-2.0,3.985,option,2023-02-22,381.0,2023-03-24,put,0.1653545444858088,-0.15677239805765475,1.51481102488345
SPY,-31.354479611530948,398.5400085449219,stock,2023-02-22,,,,,,
SPY,-2.0,4.195,option,2023-02-22,382.0,2023-03-24,put,0.1653545444858088,-0.17041712396412856,1.3837533012142778
SPY,-34.08342479282571,398.5400085449219,stock,2023-02-22,,,,,,
SPY,-2.0,4.415,option,2023-02-22,383.0,2023-03-24,put,0.1653545444858088,-0.18476100333835332,1.2645111342507307
SPY,-36.95220066767067,398.5400085449219,stock,2023-02-22,,,,,,
SPY,-21.522315977998716,398.5400085449219,stock,2023-02-22,,,,,,
SPY,226.28270876958155,400.6600036621094,stock,2023-02-23,,,,,,
SPY,4.0,1.98,option,2023-02-24,392.0,2023-03-03,put,0.1612043922793879,-0.2914017843010208,
SPY,116.56071372040833,396.3800048828125,stock,2023-02-24,,,,,,
SPY,2.0,2.29,option,2023-02-24,393.0,2023-03-03,put,0.1612043922793879,-0.3317198403691888,
SPY,66.34396807383776,396.3800048828125,stock,2023-02-24,,,,,,
SPY,2.0,2.63,option,2023-02-24,394.0,2023-03-03,put,0.1612043922793879,-0.3739786265399576,
SPY,74.79572530799152,396.3800048828125,stock,2023-02-24,,,,,,
SPY,2.0,4.99,option,2023-02-24,395.0,2023-03-10,put,0.1612043922793879,-0.4272463120327338,
SPY,85.44926240654675,396.3800048828125,stock,2023-02-24,,,,,,
SPY,-443.15447549492865,396.3800048828125,stock,2023-02-24,,,,,,
SPY,143.685268520021,397.7300109863281,stock,2023-02-27,,,,,,
SPY,-104.34563849390236,396.260009765625,stock,2023-02-28,,,,,,
SPY,-2.0,3.0999999999999996,option,2023-03-01,376.0,2023-03-31,put,0.15280560191989084,-0.12106391192697852,1.9473270285535882
SPY,-24.212782385395705,394.739990234375,stock,2023-03-01,,,,,,
SPY,-2.0,3.3,option,2023-03-01,377.0,2023-03-31,put,0.15280560191989084,-0.1337030903864237,1.7771913257710796
SPY,-26.74061807728474,394.739990234375,stock,2023-03-01,,,,,,
SPY,-2.0,3.51,option,2023-03-01,378.0,2023-03-31,put,0.15280560191989084,-0.1471841092753401,1.6225830457274293
SPY,-29.43682185506802,394.739990234375,stock,2023-03-01,,,,,,
SPY,-2.0,3.7300000000000004,option,2023-03-01,379.0,2023-03-31,put,0.15280560191989084,-0.16150820433787172,1.481674407732614
SPY,-32.30164086757434,394.739990234375,stock,2023-03-01,,,,,,
SPY,-2.0,3.96,option,2023-03-01,380.0,2023-03-31,put,0.15280560191989084,-0.17667050847594545,1.3529193566123328
SPY,-35.33410169518909,394.739990234375,stock,2023-03-01,,,,,,
SPY,-111.92693208942512,394.739990234375,stock,2023-03-01,,,,,,
SPY,335.6905420537101,397.80999755859375,stock,2023-03-02,,,,,,
SPY,469.6764635347493,404.19000244140625,stock,2023-03-03,,,,,,
SPY,92.98116783110068,404.4700012207031,stock,2023-03-06,,,,,,
SPY,-2.0,2.705,option,2023-03-07,379.0,2023-04-06,put,0.14728109058261057,-0.10849304398762216,2.024588093429938
SPY,-21.698608797524432,398.2699890136719,stock,2023-03-07,,,,,,
SPY,-363.37822012459293,398.2699890136719,stock,2023-03-07,,,,,,
SPY,113.56404476304922,398.9200134277344,stock,2023-03-08,,,,,,
SPY,-1022.0554871475056,391.55999755859375,stock,2023-03-09,,,,,,
SPY,2.0,11.675,option,2023-03-10,395.0,2023-03-17,put,0.1653545444858088,-0.8327343578853967,
SPY,166.54687157707934,385.9100036621094,stock,2023-03-10,,,,,,
SPY,2.0,12.61,option,2023-03-10,396.0,2023-03-17,put,0.1653545444858088,-0.8589119536742547,
SPY,171.78239073485094,385.9100036621094,stock,2023-03-10,,,,,,
SPY,2.0,13.405000000000001,option,2023-03-10,397.0,2023-03-17,put,0.1653545444858088,-0.882106304819319,
SPY,176.4212609638638,385.9100036621094,stock,2023-03-10,,,,,,
SPY,1.0,14.0,option,2023-03-10,398.0,2023-03-17,put,0.1653545444858088,-0.9024163201002826,
SPY,90.24163201002825,385.9100036621094,stock,2023-03-10,,,,,,
SPY,161.62136224568883,385.9100036621094,stock,2023-03-10,,,,,,
SPY,2.0,11.0,option,2023-03-13,394.0,2023-03-17,put,0.1931845432245796,-0.8556652729094407,
SPY,171.13305458188813,385.3599853515625,stock,2023-03-13,,,,,,
SPY,-12.65823611530783,385.3599853515625,stock,2023-03-13,,,,,,
SPY,342.17335639043597,391.7300109863281,stock,2023-03-14,,,,,,
SPY,-2.0,4.605,option,2023-03-15,370.0,2023-04-14,put,0.18888229903817821,-0.15975253674306078,1.5359821077131035
SPY,-31.950507348612156,389.2799987792969,stock,2023-03-15,,,,,,
SPY,-2.0,4.8149999999999995,option,2023-03-15,371.0,2023-04-14,put,0.18888229903817821,-0.1721681117811107,1.4131408371323106
SPY,-34.43362235622214,389.2799987792969,stock,2023-03-15,,,,,,
SPY,-2.0,5.025,option,2023-03-15,372.0,2023-04-14,put,0.18888229903817821,-0.185146925245674,1.2965040189841337
SPY,-37.0293850491348,389.2799987792969,stock,2023-03-15,,,,,,
SPY,-2.0,5.245,option,2023-03-15,373.0,2023-04-14,put,0.18888229903817821,-0.1986794835577903,1.1901946839908475
SPY,-39.73589671155806,389.2799987792969,stock,2023-03-15,,,,,,
SPY,-2.0,5.475,option,2023-03-15,374.0,2023-04-14,put,0.18888229903817821,-0.2127532544249009,1.093028599700032
SPY,-42.55065088498018,389.2799987792969,stock,2023-03-15,,,,,,
SPY,-2.0,5.715,option,2023-03-15,375.0,2023-04-14,put,0.18888229903817821,-0.2273526709204401,1.0039886167166656
SPY,-45.47053418408802,389.2799987792969,stock,2023-03-15,,,,,,
SPY,-2.0,5.96,option,2023-03-15,376.0,2023-04-14,put,0.18888229903817821,-0.24245916516765575,0.9205865604528177
SPY,-48.49183303353115,389.2799987792969,stock,2023-03-15,,,,,,
SPY,-2.0,6.22,option,2023-03-15,377.0,2023-04-14,put,0.18888229903817821,-0.25805123175501943,0.8454137606938186
SPY,-51.61024635100389,389.2799987792969,stock,2023-03-15,,,,,,
SPY,-75.5427084309623,389.2799987792969,stock,2023-03-15,,,,,,
SPY,390.8816443609131,396.1099853515625,stock,2023-03-16,,,,,,
SPY,-292.6768676180354,389.989990234375,stock,2023-03-17,,,,,,
SPY,300.6709931776278,393.739990234375,stock,2023-03-20,,,,,,
SPY,161.2425255289466,398.9100036621094,stock,2023-03-21,,,,,,
SPY,-2.0,3.285,option,2023-03-22,373.0,2023-04-21,put,0.15639250453829903,-0.1203088621184123,2.0942654122615574
SPY,-24.06177242368246,392.1099853515625,stock,2023-03-22,,,,,,
SPY,-161.49575093976298,392.1099853515625,stock,2023-03-22,,,,,,
SPY,64.48935104422674,393.1700134277344,stock,2023-03-23,,,,,,
SPY,84.92712457413714,395.75,stock,2023-03-24,,,,,,
SPY,53.12300145491354,396.489990234375,stock,2023-03-27,,,,,,
SPY,-3.1475674022847624,395.6000061035156,stock,2023-03-28,,,,,,
SPY,-2.0,2.5,option,2023-03-29,382.0,2023-04-28,put,0.1603398960483088,-0.1284616082987281,1.0696135665498439
SPY,-25.69232165974562,401.3500061035156,stock,2023-03-29,,,,,,
SPY,-2.0,2.6500000000000004,option,2023-03-29,383.0,2023-04-28,put,0.1603398960483088,-0.14078047608301714,0.959353759696971
SPY,-28.156095216603426,401.3500061035156,stock,2023-03-29,,,,,,
SPY,-2.0,2.8099999999999996,option,2023-03-29,384.0,2023-04-28,put,0.1603398960483088,-0.15384198569041285,0.8605373722306324
SPY,-30.76839713808257,401.3500061035156,stock,2023-03-29,,,,,,
SPY,82.82956940825207,401.3500061035156,stock,2023-03-29,,,,,,
SPY,38.41547558437759,403.70001220703125,stock,2023-03-30,,,,,,
SPY,51.73720028357069,409.3900146484375,stock,2023-03-31,,,,,,
SPY,17.374651521590607,410.95001220703125,stock,2023-04-03,,,,,,
SPY,-5.955266589028893,408.6700134277344,stock,2023-04-04,,,,,,
SPY,-2.0,2.4299999999999997,option,2023-04-05,387.5,2023-05-05,put,0.15671862300753733,-0.11808883905605394,1.2478385226187398
SPY,-23.61776781121079,407.6000061035156,stock,2023-04-05,,,,,,
SPY,-2.0,2.51,option,2023-04-05,388.0,2023-05-05,put,0.15671862300753733,-0.12386210779494633,1.1901315765379321
SPY,-24.772421558989265,407.6000061035156,stock,2023-04-05,,,,,,
SPY,-2.0,2.66,option,2023-04-05,389.0,2023-05-05,put,0.15671862300753733,-0.1359701284082233,1.0693765047930883
SPY,-27.19402568164466,407.6000061035156,stock,2023-04-05,,,,,,
SPY,-2.0,2.815,option,2023-04-05,390.0,2023-05-05,put,0.15671862300753733,-0.14883036188630983,0.9577797022333547
SPY,-29.766072377261963,407.6000061035156,stock,2023-04-05,,,,,,
SPY,-2.0,2.9800000000000004,option,2023-04-05,391.0,2023-05-05,put,0.15671862300753733,-0.1624429790150297,0.8577060700283593
SPY,-32.488595803005936,407.6000061035156,stock,2023-04-05,,,,,,
SPY,10.148698305175952,407.6000061035156,stock,2023-04-05,,,,,,
SPY,29.536346362689116,409.19000244140625,stock,2023-04-06,,,,,,
SPY,27.74136819867322,409.6099853515625,stock,2023-04-10,,,,,,
SPY,6.815835455466932,409.7200012207031,stock,2023-04-11,,,,,,
SPY,-2.0,2.4699999999999998,option,2023-04-12,388.0,2023-05-12,put,0.15303457912326,-0.1135619435930757,1.4524849759053986
SPY,-22.712388718615138,408.04998779296875,stock,2023-04-12,,,,,,
SPY,-2.0,2.6100000000000003,option,2023-04-12,389.0,2023-05-12,put,0.15303457912326,-0.1252507251146343,1.2990718925883433
SPY,-25.050145022926863,408.04998779296875,stock,2023-04-12,,,,,,
SPY,-2.0,2.7649999999999997,option,2023-04-12,390.0,2023-05-12,put,0.15303457912326,-0.13772131349617578,1.1669109989101105
SPY,-27.544262699235155,408.04998779296875,stock,2023-04-12,,,,,,
SPY,-2.0,2.925,option,2023-04-12,391.0,2023-05-12,put,0.15303457912326,-0.15097839059323548,1.0451143576682327
SPY,-30.195678118647095,408.04998779296875,stock,2023-04-12,,,,,,
SPY,-5.8673179638438455,408.04998779296875,stock,2023-04-12,,,,,,
SPY,101.13549653995369,413.4700012207031,stock,2023-04-13,,,,,,
SPY,-6.62014852625008,412.4599914550781,stock,2023-04-14,,,,,,
SPY,37.85655033140901,413.94000244140625,stock,2023-04-17,,,,,,
SPY,8.994355153071691,414.2099914550781,stock,2023-04-18,,,,,,
SPY,-2.0,1.9449999999999998,option,2023-04-19,394.0,2023-05-19,put,0.14653840717196603,-0.10623593574889467,1.1565246431352214
SPY,-21.247187149778934,414.1400146484375,stock,2023-04-19,,,,,,
SPY,-2.0,2.0549999999999997,option,2023-04-19,395.0,2023-05-19,put,0.14653840717196603,-0.11772041279085965,1.0110997264751649
SPY,-23.54408255817193,414.1400146484375,stock,2023-04-19,,,,,,
SPY,-2.0,2.1799999999999997,option,2023-04-19,396.0,2023-05-19,put,0.14653840717196603,-0.1300246359752748,0.8887324578116046
SPY,-26.00492719505496,414.1400146484375,stock,2023-04-19,,,,,,
SPY,2.0,0.575,option,2023-04-19,434.0,2023-05-19,call,0.14653840717196603,0.14575493438164422,-0.5509576087791874
SPY,-29.150986876328844,414.1400146484375,stock,2023-04-19,,,,,,
SPY,9.120225114937345,414.1400146484375,stock,2023-04-19,,,,,,
SPY,-23.438356774485804,411.8800048828125,stock,2023-04-20,,,,,,
SPY,15.033998299271794,412.20001220703125,stock,2023-04-21,,,,,,
SPY,34.690825599892506,412.6300048828125,stock,2023-04-24,,,,,,
SPY,-115.24859060367888,406.0799865722656,stock,2023-04-25,,,,,,
SPY,-2.0,2.475,option,2023-04-26,385.0,2023-05-26,put,0.15924478229403635,-0.12850536605937912,1.0470772827308337
SPY,-25.701073211875823,404.3599853515625,stock,2023-04-26,,,,,,
SPY,-2.0,2.615,option,2023-04-26,386.0,2023-05-26,put,0.15924478229403635,-0.140814888132056,0.9319676126537525
SPY,-28.1629776264112,404.3599853515625,stock,2023-04-26,,,,,,
SPY,-2.0,2.7649999999999997,option,2023-04-26,387.0,2023-05-26,put,0.15924478229403635,-0.1538658825837783,0.8295181397396512
SPY,-30.77317651675566,404.3599853515625,stock,2023-04-26,,,,,,
SPY,-29.868360522508063,404.3599853515625,stock,2023-04-26,,,,,,
SPY,221.38174464889264,412.4100036621094,stock,2023-04-27,,,,,,
SPY,44.47330805242117,415.92999267578125,stock,2023-04-28,,,,,,
SPY,18.942291115666116,415.510009765625,stock,2023-05-01,,,,,,
SPY,-33.4139521772194,410.8399963378906,stock,2023-05-02,,,,,,
SPY,-2.0,2.315,option,2023-05-03,388.0,2023-06-02,put,0.15254028018832347,-0.11316025717549227,1.3163133740981494
SPY,-22.632051435098454,408.0199890136719,stock,2023-05-03,,,,,,
SPY,-2.0,2.4450000000000003,option,2023-05-03,389.0,2023-06-02,put,0.15254028018832347,-0.12485935782861235,1.1693119992652539
SPY,-24.97187156572247,408.0199890136719,stock,2023-05-03,,,,,,
SPY,-2.0,2.575,option,2023-05-03,390.0,2023-06-02,put,0.15254028018832347,-0.1373450713659874,1.0316854681267862
SPY,-27.46901427319748,408.0199890136719,stock,2023-05-03,,,,,,
SPY,-2.0,2.71,option,2023-05-03,391.0,2023-06-02,put,0.15254028018832347,-0.15062229857898002,0.9067965632829299
SPY,-30.124459715796004,408.0199890136719,stock,2023-05-03,,,,,,
SPY,-23.379732689593634,408.0199890136719,stock,2023-05-03,,,,,,
SPY,-76.60398989025006,405.1300048828125,stock,2023-05-04,,,,,,
SPY,193.3508607651365,412.6300048828125,stock,2023-05-05,,,,,,
SPY,30.385661597623795,412.739990234375,stock,2023-05-08,,,,,,
SPY,-13.604915862450975,410.92999267578125,stock,2023-05-09,,,,,,
SPY,-2.0,2.0199999999999996,option,2023-05-10,392.5,2023-06-09,put,0.14875219997286934,-0.10653657830065866,1.205081527770642
SPY,-21.30731566013173,412.8500061035156,stock,2023-05-10,,,,,,
SPY,-2.0,2.075,option,2023-05-10,393.0,2023-06-09,put,0.14875219997286934,-0.11212446914494567,1.128809797391966
SPY,-22.424893828989134,412.8500061035156,stock,2023-05-10,,,,,,
SPY,-2.0,2.185,option,2023-05-10,394.0,2023-06-09,put,0.14875219997286934,-0.12389854748192475,0.9843792703342482
SPY,-24.77970949638495,412.8500061035156,stock,2023-05-10,,,,,,
SPY,-2.0,2.3049999999999997,option,2023-05-10,395.0,2023-06-09,put,0.14875219997286934,-0.13647877788785134,0.8585178426319098
SPY,-27.29575557757027,412.8500061035156,stock,2023-05-10,,,,,,
SPY,2.0,0.545,option,2023-05-10,432.0,2023-06-09,call,0.14875219997286934,0.15785010879223949,-0.6188800813595938
SPY,-31.570021758447897,412.8500061035156,stock,2023-05-10,,,,,,
SPY,38.860504774289375,412.8500061035156,stock,2023-05-10,,,,,,
SPY,0.6234528095400513,412.1300048828125,stock,2023-05-11,,,,,,
SPY,3.6253983104361325,411.5899963378906,stock,2023-05-12,,,,,,
SPY,53.52771042268416,413.010009765625,stock,2023-05-15,,,,,,
SPY,-26.225091114215047,410.25,stock,2023-05-16,,,,,,
SPY,-2.0,2.24,option,2023-05-17,395.0,2023-06-16,put,0.1492274921786799,-0.10985820309450611,1.3347359938198113
SPY,-21.971640618901223,415.2300109863281,stock,2023-05-17,,,,,,
SPY,-2.0,2.3499999999999996,option,2023-05-17,396.0,2023-06-16,put,0.1492274921786799,-0.12136665433011029,1.1692738523697648
SPY,-24.273330866022057,415.2300109863281,stock,2023-05-17,,,,,,
SPY,-2.0,2.475,option,2023-05-17,397.0,2023-06-16,put,0.1492274921786799,-0.13366532681981835,1.0292193402803391
SPY,-26.73306536396367,415.2300109863281,stock,2023-05-17,,,,,,
SPY,-2.0,2.605,option,2023-05-17,398.0,2023-06-16,put,0.1492274921786799,-0.14676076605063137,0.9023911596395657
SPY,-29.352153210126275,415.2300109863281,stock,2023-05-17,,,,,,
SPY,70.17535837899274,415.2300109863281,stock,2023-05-17,,,,,,
SPY,52.524790673931406,419.2300109863281,stock,2023-05-18,,,,,,
SPY,2.44253872491214,418.6199951171875,stock,2023-05-19,,,,,,
SPY,23.291363556573742,418.7900085449219,stock,2023-05-22,,,,,,
SPY,-37.29435358466941,414.0899963378906,stock,2023-05-23,,,,,,
SPY,-2.0,3.01,option,2023-05-24,391.0,2023-06-23,put,0.15140495952487132,-0.11239558565660823,2.0370086964586283
SPY,-22.479117131321647,411.0899963378906,stock,2023-05-24,,,,,,
SPY,-2.0,3.15,option,2023-05-24,392.0,2023-06-23,put,0.15140495952487132,-0.12403689894188774,1.817888593488113
SPY,-24.80737978837755,411.0899963378906,stock,2023-05-24,,,,,,
SPY,-2.0,3.295,option,2023-05-24,393.0,2023-06-23,put,0.15140495952487132,-0.1364639316685694,1.620843366812441
SPY,-27.29278633371388,411.0899963378906,stock,2023-05-24,,,,,,
SPY,-2.0,3.4450000000000003,option,2023-05-24,394.0,2023-06-23,put,0.15140495952487132,-0.1496819671931514,1.4432420995524986
SPY,-29.936393438630283,411.0899963378906,stock,2023-05-24,,,,,,
SPY,-30.16571715104238,411.0899963378906,stock,2023-05-24,,,,,,
SPY,96.69665193061172,414.6499938964844,stock,2023-05-25,,,,,,
SPY,74.40971675026017,420.0199890136719,stock,2023-05-26,,,,,,
SPY,34.47241313736076,420.17999267578125,stock,2023-05-30,,,,,,
SPY,-2.0,2.29,option,2023-05-31,397.0,2023-06-30,put,0.14715992626071114,-0.10145476521914887,1.6492183994705354
SPY,-20.290953043829774,417.8500061035156,stock,2023-05-31,,,,,,
SPY,-2.0,2.41,option,2023-05-31,398.0,2023-06-30,put,0.14715992626071114,-0.11243562084436587,1.4615164515442145
SPY,-22.487124168873173,417.8500061035156,stock,2023-05-31,,,,,,
SPY,-2.0,2.5300000000000002,option,2023-05-31,399.0,2023-06-30,put,0.14715992626071114,-0.12420970819247157,1.2881845294411067
SPY,-24.841941638494312,417.8500061035156,stock,2023-05-31,,,,,,
SPY,3.311084416949541,417.8500061035156,stock,2023-05-31,,,,,,
SPY,45.04225843014504,421.82000732421875,stock,2023-06-01,,,,,,
SPY,5.584794220286342,427.9200134277344,stock,2023-06-02,,,,,,
SPY,24.59421181378514,427.1000061035156,stock,2023-06-05,,,,,,
SPY,2.382377789633521,428.0299987792969,stock,2023-06-06,,,,,,
SPY,-2.0,1.33,option,2023-06-07,406.0,2023-07-07,put,0.1328818987469085,-0.08718416277027408,1.0061170118856453
SPY,-17.436832554054817,426.54998779296875,stock,2023-06-07,,,,,,
SPY,-2.0,1.41,option,2023-06-07,407.0,2023-07-07,put,0.1328818987469085,-0.09787999032112615,0.8510291201183628
SPY,-19.57599806422523,426.54998779296875,stock,2023-06-07,,,,,,
SPY,2.0,0.335,option,2023-06-07,446.0,2023-07-07,call,0.1328818987469085,0.13387725721016974,-0.6895223115014989
SPY,-26.775451442033948,426.54998779296875,stock,2023-06-07,,,,,,
SPY,2.0,0.4,option,2023-06-07,445.0,2023-07-07,call,0.1328818987469085,0.1470137821293443,-0.6696453095698922
SPY,-29.40275642586886,426.54998779296875,stock,2023-06-07,,,,,,
SPY,21.65924069731488,426.54998779296875,stock,2023-06-07,,,,,,
SPY,-11.055913804895184,429.1300048828125,stock,2023-06-08,,,,,,
SPY,42.88005174686449,429.8999938964844,stock,2023-06-09,,,,,,
SPY,-7.6131545645781316,433.79998779296875,stock,2023-06-12,,,,,,
SPY,-18.582237945583927,436.6600036621094,stock,2023-06-13,,,,,,
SPY,2.0,0.365,option,2023-06-14,458.0,2023-07-14,call,0.14060562120479425,0.13714980628066253,-0.6968980945246043
SPY,-27.429961256132508,437.17999267578125,stock,2023-06-14,,,,,,
SPY,2.0,0.49,option,2023-06-14,456.0,2023-07-14,call,0.14060562120479425,0.1623985996291521,-0.6699120888552431
SPY,-32.479719925830416,437.17999267578125,stock,2023-06-14,,,,,,
SPY,2.0,0.5700000000000001,option,2023-06-14,455.0,2023-07-14,call,0.14060562120479425,0.17613754095487194,-0.6531633380801273
SPY,-35.22750819097439,437.17999267578125,stock,2023-06-14,,,,,,
SPY,2.0,0.66,option,2023-06-14,454.0,2023-07-14,call,0.14060562120479425,0.19062282754372734,-0.6365551681076628
SPY,-38.12456550874547,437.17999267578125,stock,2023-06-14,,,,,,
SPY,2.0,0.9,option,2023-06-14,452.0,2023-07-14,call,0.14060562120479425,0.22181499251258568,-0.591778711282964
SPY,-44.36299850251714,437.17999267578125,stock,2023-06-14,,,,,,
SPY,-18.350475319553432,437.17999267578125,stock,2023-06-14,,,,,,
SPY,-141.11084256721068,442.6000061035156,stock,2023-06-15,,,,,,
SPY,97.34686024156952,439.4599914550781,stock,2023-06-16,,,,,,
SPY,95.315297152558,437.17999267578125,stock,2023-06-20,,,,,,
SPY,2.0,0.365,option,2023-06-21,456.0,2023-07-21,call,0.1431605337719329,0.13752459147282642,-0.7016815519303744
SPY,-27.504918294565282,434.94000244140625,stock,2023-06-21,,,,,,
SPY,2.0,0.425,option,2023-06-21,455.0,2023-07-21,call,0.1431605337719329,0.14963076391185032,-0.6869788057007928
SPY,-29.926152782370064,434.94000244140625,stock,2023-06-21,,,,,,
SPY,2.0,0.505,option,2023-06-21,454.0,2023-07-21,call,0.1431605337719329,0.16245687895031163,-0.6641980346991542
SPY,-32.49137579006233,434.94000244140625,stock,2023-06-21,,,,,,
SPY,2.0,0.595,option,2023-06-21,453.0,2023-07-21,call,0.1431605337719329,0.176008444142439,-0.6421321029612701
SPY,-35.2016888284878,434.94000244140625,stock,2023-06-21,,,,,,
SPY,51.266503123904336,434.94000244140625,stock,2023-06-21,,,,,,
SPY,-41.57546389588688,436.510009765625,stock,2023-06-22,,,,,,
SPY,125.32498495946965,433.2099914550781,stock,2023-06-23,,,,,,
SPY,91.36354356362885,431.44000244140625,stock,2023-06-26,,,,,,
SPY,-123.62783040750509,436.1700134277344,stock,2023-06-27,,,,,,
SPY,2.0,0.345,option,2023-06-28,458.0,2023-07-28,call,0.14169060693782648,0.12943683969114483,-0.6941974762754368
SPY,-25.887367938228966,436.3900146484375,stock,2023-06-28,,,,,,
SPY,2.0,0.485,option,2023-06-28,456.0,2023-07-28,call,0.14169060693782648,0.1535510336510063,-0.651695935152332
SPY,-30.71020673020126,436.3900146484375,stock,2023-06-28,,,,,,
SPY,2.0,0.575,option,2023-06-28,455.0,2023-07-28,call,0.14169060693782648,0.1667029055681547,-0.6272513892463307
SPY,-33.34058111363094,436.3900146484375,stock,2023-06-28,,,,,,
SPY,2.0,0.6799999999999999,option,2023-06-28,454.0,2023-07-28,call,0.14169060693782648,0.18059168932165448,-0.601335562587446
SPY,-36.1183378643309,436.3900146484375,stock,2023-06-28,,,,,,
SPY,-2.1260696674259947,436.3900146484375,stock,2023-06-28,,,,,,
SPY,-64.07410891341073,438.1099853515625,stock,2023-06-29,,,,,,
SPY,-308.8444356576524,443.2799987792969,stock,2023-06-30,,,,,,
SPY,36.72044580716388,443.7900085449219,stock,2023-07-03,,,,,,
SPY,2.0,0.405,option,2023-07-05,465.0,2023-08-04,call,0.14060562120479425,0.12836634271979364,-0.6401581964500993
SPY,-25.673268543958727,443.1300048828125,stock,2023-07-05,,,,,,
SPY,2.0,0.475,option,2023-07-05,464.0,2023-08-04,call,0.14060562120479425,0.13990626630800113,-0.6202580769147549
SPY,-27.981253261600227,443.1300048828125,stock,2023-07-05,,,,,,
SPY,2.0,0.65,option,2023-07-05,462.0,2023-08-04,call,0.14060562120479425,0.16513242557934843,-0.5769198975920836
SPY,-33.02648511586968,443.1300048828125,stock,2023-07-05,,,,,,
SPY,118.09360355907397,443.1300048828125,stock,2023-07-05,,,,,,
SPY,332.16908801097054,439.6600036621094,stock,2023-07-06,,,,,,
SPY,89.04999361443062,438.54998779296875,stock,2023-07-07,,,,,,
SPY,38.70386424985223,439.6600036621094,stock,2023-07-10,,,,,,
SPY,-89.6969280264219,442.4599914550781,stock,2023-07-11,,,,,,
SPY,2.0,0.585,option,2023-07-12,465.0,2023-08-11,call,0.14169060693782648,0.16724117650993858,-0.6304501965694961
SPY,-33.448235301987715,446.0199890136719,stock,2023-07-12,,,,,,
SPY,-168.15972378336173,446.0199890136719,stock,2023-07-12,,,,,,
SPY,-238.45155476802313,449.55999755859375,stock,2023-07-13,,,,,,
SPY,125.65428216659876,449.2799987792969,stock,2023-07-14,,,,,,
SPY,-35.32555343230185,450.8399963378906,stock,2023-07-17,,,,,,
SPY,-2.0,2.8200000000000003,option,2023-07-18,456.0,2023-07-28,call,0.14060562120479425,0.4611744888658356,
SPY,92.23489777316712,454.19000244140625,stock,2023-07-18,,,,,,
SPY,-2.0,3.295,option,2023-07-18,455.0,2023-07-28,call,0.14060562120479425,0.49874571813096197,
SPY,99.74914362619239,454.19000244140625,stock,2023-07-18,,,,,,
SPY,-2.0,3.8200000000000003,option,2023-07-18,454.0,2023-07-28,call,0.14060562120479425,0.5364105396649129,
SPY,107.28210793298258,454.19000244140625,stock,2023-07-18,,,,,,
SPY,-287.6643070621798,454.19000244140625,stock,2023-07-18,,,,,,
SPY,-2.0,2.3049999999999997,option,2023-07-19,458.0,2023-07-28,call,0.14060562120479425,0.41756433974394125,
SPY,83.51286794878826,455.20001220703125,stock,2023-07-19,,,,,,
SPY,2.0,0.575,option,2023-07-19,476.0,2023-08-18,call,0.14060562120479425,0.14743723810857545,-0.5805337579966672
SPY,-29.48744762171509,455.20001220703125,stock,2023-07-19,,,,,,
SPY,2.0,0.665,option,2023-07-19,475.0,2023-08-18,call,0.14060562120479425,0.1597911149708669,-0.5609868846227316
SPY,-31.95822299417338,455.20001220703125,stock,2023-07-19,,,,,,
SPY,2.0,0.765,option,2023-07-19,474.0,2023-08-18,call,0.14060562120479425,0.17283140451494894,-0.5421629878692259
SPY,-34.56628090298979,455.20001220703125,stock,2023-07-19,,,,,,
SPY,-88.53523244599097,455.20001220703125,stock,2023-07-19,,,,,,
SPY,332.17951550088145,452.17999267578125,stock,2023-07-20,,,,,,
SPY,222.7487772653213,452.17999267578125,stock,2023-07-21,,,,,,
SPY,-19.436078369914416,454.20001220703125,stock,2023-07-24,,,,,,
SPY,-2.0,1.4649999999999999,option,2023-07-25,462.0,2023-08-04,call,0.14074711786311944,0.29449655293282173,
SPY,58.89931058656435,455.44000244140625,stock,2023-07-25,,,,,,
SPY,-24.145766815164947,455.44000244140625,stock,2023-07-25,,,,,,
SPY,2.0,0.325,option,2023-07-26,478.0,2023-08-25,call,0.14074711786311944,0.12851616073275868,-0.7197635593179529
SPY,-25.703232146551734,455.510009765625,stock,2023-07-26,,,,,,
SPY,2.0,0.45999999999999996,option,2023-07-26,476.0,2023-08-25,call,0.14074711786311944,0.15161697740869767,-0.6763842047577682
SPY,-30.323395481739535,455.510009765625,stock,2023-07-26,,,,,,
SPY,2.0,0.545,option,2023-07-26,475.0,2023-08-25,call,0.14074711786311944,0.1641845756064022,-0.6527569566671201
SPY,-32.83691512128044,455.510009765625,stock,2023-07-26,,,,,,
SPY,2.0,0.645,option,2023-07-26,474.0,2023-08-25,call,0.14074711786311944,0.17743737971369666,-0.6271576339247917
SPY,-35.48747594273933,455.510009765625,stock,2023-07-26,,,,,,
SPY,2.0,0.895,option,2023-07-26,472.0,2023-08-25,call,0.14074711786311944,0.20599798483128773,-0.5719205889538491
SPY,-41.199596966257545,455.510009765625,stock,2023-07-26,,,,,,
SPY,2.0,1.225,option,2023-07-26,470.0,2023-08-25,call,0.14074711786311944,0.237257492054542,-0.5118081789400818
SPY,-47.4514984109084,455.510009765625,stock,2023-07-26,,,,,,
SPY,-11.895055102261999,455.510009765625,stock,2023-07-26,,,,,,
SPY,134.59869388796315,452.489990234375,stock,2023-07-27,,,,,,
SPY,-159.92513263274657,456.9200134277344,stock,2023-07-28,,,,,,
SPY,26.824524257403276,457.7900085449219,stock,2023-07-31,,,,,,
SPY,91.06816237572059,456.4800109863281,stock,2023-08-01,,,,,,
SPY,-2.0,1.66,option,2023-08-02,428.0,2023-09-01,put,0.14481129344821114,-0.1012150064699544,0.8172901702342422
SPY,-20.24300129399088,450.1300048828125,stock,2023-08-02,,,,,,
SPY,2.0,0.6,option,2023-08-02,472.0,2023-09-01,call,0.14481129344821114,0.13953805153492138,-0.5397688022423446
SPY,-27.907610306984274,450.1300048828125,stock,2023-08-02,,,,,,
SPY,2.0,0.705,option,2023-08-02,471.0,2023-09-01,call,0.14481129344821114,0.15119746866550549,-0.5102515985252065
SPY,-30.239493733101096,450.1300048828125,stock,2023-08-02,,,,,,
SPY,210.97921354995535,450.1300048828125,stock,2023-08-02,,,,,,
SPY,41.708254235722436,448.8399963378906,stock,2023-08-03,,,,,,
SPY,45.74200875147986,446.80999755859375,stock,2023-08-04,,,,,,
SPY,-21.738212399806336,450.7099914550781,stock,2023-08-07,,,,,,
SPY,44.099725901066364,448.75,stock,2023-08-08,,,,,,
SPY,-2.0,1.6949999999999998,option,2023-08-09,424.0,2023-09-08,put,0.14479190524935862,-0.10285211497464686,0.8381159728727088
SPY,-20.570422994929373,445.75,stock,2023-08-09,,,,,,
SPY,2.0,0.525,option,2023-08-09,468.0,2023-09-08,call,0.14479190524935862,0.1328366288650628,-0.5679440358871131
SPY,-26.567325773012563,445.75,stock,2023-08-09,,,,,,
SPY,2.0,0.575,option,2023-08-09,467.5,2023-09-08,call,0.14479190524935862,0.13844534735687958,-0.5502233202319946
SPY,-27.689069471375916,445.75,stock,2023-08-09,,,,,,
SPY,2.0,0.625,option,2023-08-09,467.0,2023-09-08,call,0.14479190524935862,0.14421957862409845,-0.5351146047482942
SPY,-28.84391572481969,445.75,stock,2023-08-09,,,,,,
SPY,2.0,0.735,option,2023-08-09,466.0,2023-09-08,call,0.14479190524935862,0.15626885752917857,-0.5050161576828287
SPY,-31.253771505835715,445.75,stock,2023-08-09,,,,,,
SPY,30.017194702383122,445.75,stock,2023-08-09,,,,,,
SPY,10.322958641171304,445.9100036621094,stock,2023-08-10,,,,,,
SPY,16.10632867150329,445.6499938964844,stock,2023-08-11,,,,,,
SPY,1.7537564115919082,448.1099853515625,stock,2023-08-14,,,,,,
SPY,67.1047296792842,442.8900146484375,stock,2023-08-15,,,,,,
SPY,-2.0,2.085,option,2023-08-16,418.0,2023-09-15,put,0.15205190357089182,-0.1117261884672146,0.97285160519545
SPY,-22.34523769344292,439.6400146484375,stock,2023-08-16,,,,,,
SPY,-2.0,2.2,option,2023-08-16,419.0,2023-09-15,put,0.15205190357089182,-0.12249910858381041,0.8604872209801506
SPY,-24.49982171676208,439.6400146484375,stock,2023-08-16,,,,,,
SPY,2.0,0.65,option,2023-08-16,461.0,2023-09-15,call,0.15205190357089182,0.15178434009927094,-0.5614075914387556
SPY,-30.35686801985419,439.6400146484375,stock,2023-08-16,,,,,,
SPY,2.0,0.765,option,2023-08-16,460.0,2023-09-15,call,0.15205190357089182,0.16379119754291876,-0.5304530935437082
SPY,-32.758239508583756,439.6400146484375,stock,2023-08-16,,,,,,
SPY,17.12113577335962,439.6400146484375,stock,2023-08-16,,,,,,
SPY,6.567058380404639,436.2900085449219,stock,2023-08-17,,,,,,
SPY,2.0,2.1900000000000004,option,2023-08-18,428.0,2023-09-01,put,0.15285621341586253,-0.22980486308069192,
SPY,45.960972616138385,436.5,stock,2023-08-18,,,,,,
SPY,7.282447612973581,436.5,stock,2023-08-18,,,,,,
SPY,19.108461998667163,439.3399963378906,stock,2023-08-21,,,,,,
SPY,11.212399289576375,438.1499938964844,stock,2023-08-22,,,,,,
SPY,-2.0,1.88,option,2023-08-23,421.0,2023-09-22,put,0.1479292171847834,-0.10336250278225034,0.9950095435882732
SPY,-20.672500556450068,443.0299987792969,stock,2023-08-23,,,,,,
SPY,-2.0,1.99,option,2023-08-23,422.0,2023-09-22,put,0.1479292171847834,-0.11377758691553141,0.8795291993775751
SPY,-22.755517383106284,443.0299987792969,stock,2023-08-23,,,,,,
SPY,2.0,0.41500000000000004,option,2023-08-23,465.0,2023-09-22,call,0.1479292171847834,0.13978781617081026,-0.6839622055209387
SPY,-27.957563234162052,443.0299987792969,stock,2023-08-23,,,,,,
SPY,2.0,0.49,option,2023-08-23,464.0,2023-09-22,call,0.1479292171847834,0.15138527066044344,-0.6618289212063675
SPY,-30.277054132088686,443.0299987792969,stock,2023-08-23,,,,,,
SPY,-14.775559529683179,443.0299987792969,stock,2023-08-23,,,,,,
SPY,31.49958326452699,436.8900146484375,stock,2023-08-24,,,,,,
SPY,12.857881932531907,439.9700012207031,stock,2023-08-25,,,,,,
SPY,25.163483076160617,442.760009765625,stock,2023-08-28,,,,,,
SPY,-75.26620877039605,449.1600036621094,stock,2023-08-29,,,,,,
SPY,2.0,0.33,option,2023-08-30,473.0,2023-09-29,call,0.1383450506786712,0.12735095570877886,-0.704437642311981
SPY,-25.47019114175577,451.010009765625,stock,2023-08-30,,,,,,
SPY,2.0,0.385,option,2023-08-30,472.0,2023-09-29,call,0.1383450506786712,0.13881861636968418,-0.6897664734426748
SPY,-27.763723273936836,451.010009765625,stock,2023-08-30,,,,,,
SPY,2.0,0.445,option,2023-08-30,471.0,2023-09-29,call,0.1383450506786712,0.1509965590003886,-0.6767825363718862
SPY,-30.199311800077723,451.010009765625,stock,2023-08-30,,,,,,
SPY,2.0,0.52,option,2023-08-30,470.0,2023-09-29,call,0.1383450506786712,0.1638934642953218,-0.6589198810303031
SPY,-32.778692859064364,451.010009765625,stock,2023-08-30,,,,,,
SPY,2.0,0.605,option,2023-08-30,469.0,2023-09-29,call,0.1383450506786712,0.17751424174327723,-0.6409661908935825
SPY,-35.50284834865545,451.010009765625,stock,2023-08-30,,,,,,
SPY,2.0,0.705,option,2023-08-30,468.0,2023-09-29,call,0.1383450506786712,0.1918597296947231,-0.6207709490152266
SPY,-38.37194593894462,451.010009765625,stock,2023-08-30,,,,,,
SPY,-46.85292003414869,451.010009765625,stock,2023-08-30,,,,,,
SPY,50.42559003504522,450.3500061035156,stock,2023-08-31,,,,,,
SPY,-10.181149760657725,451.19000244140625,stock,2023-09-01,,,,,,
SPY,160.69714959210563,449.239990234375,stock,2023-09-05,,,,,,
SPY,-2.0,1.525,option,2023-09-06,424.0,2023-10-06,put,0.1366360186199554,-0.08604834766799607,1.1712562366454193
SPY,-17.209669533599214,446.2200012207031,stock,2023-09-06,,,,,,
SPY,-2.0,1.6150000000000002,option,2023-09-06,425.0,2023-10-06,put,0.1366360186199554,-0.09588506958192067,1.019564234557104
SPY,-19.177013916384134,446.2200012207031,stock,2023-09-06,,,,,,
SPY,100.82422190314205,446.2200012207031,stock,2023-09-06,,,,,,
SPY,40.16321735933941,444.8500061035156,stock,2023-09-07,,,,,,
SPY,8.453345154461338,445.5199890136719,stock,2023-09-08,,,,,,
SPY,8.790363422916865,448.45001220703125,stock,2023-09-11,,,,,,
SPY,58.99161602705268,445.989990234375,stock,2023-09-12,,,,,,
SPY,2.0,0.265,option,2023-09-13,468.0,2023-10-13,call,0.13976615892452082,0.133056570203186,-0.7750537825445656
SPY,-26.6113140406372,446.510009765625,stock,2023-09-13,,,,,,
SPY,2.0,0.315,option,2023-09-13,467.0,2023-10-13,call,0.13976615892452082,0.14487385164994232,-0.7591879046210548
SPY,-28.974770329988463,446.510009765625,stock,2023-09-13,,,,,,
SPY,2.0,0.385,option,2023-09-13,466.0,2023-10-13,call,0.13976615892452082,0.15740559809578591,-0.7344329773170264
SPY,-31.481119619157184,446.510009765625,stock,2023-09-13,,,,,,
SPY,2.0,0.455,option,2023-09-13,465.0,2023-10-13,call,0.13976615892452082,0.1706586622783522,-0.7162873999243274
SPY,-34.13173245567044,446.510009765625,stock,2023-09-13,,,,,,
SPY,-1.8997780582625339,446.510009765625,stock,2023-09-13,,,,,,
SPY,-79.58717845868784,450.3599853515625,stock,2023-09-14,,,,,,
SPY,159.90628328921366,443.3699951171875,stock,2023-09-15,,,,,,
SPY,33.93847612864802,443.6300048828125,stock,2023-09-18,,,,,,
SPY,16.387526034180965,442.7099914550781,stock,2023-09-19,,,,,,
SPY,2.0,0.485,option,2023-09-20,460.0,2023-10-20,call,0.14569374736666818,0.14049459393770142,-0.6236836406626215
SPY,-28.098918787540285,438.6400146484375,stock,2023-09-20,,,,,,
SPY,2.0,0.575,option,2023-09-20,459.0,2023-10-20,call,0.14569374736666818,0.152446438772949,-0.5966686053300565
SPY,-30.4892877545898,438.6400146484375,stock,2023-09-20,,,,,,
SPY,2.0,0.675,option,2023-09-20,458.0,2023-10-20,call,0.14569374736666818,0.1650826443289169,-0.5712087551306643
SPY,-33.01652886578338,438.6400146484375,stock,2023-09-20,,,,,,
SPY,2.0,0.8,option,2023-09-20,457.0,2023-10-20,call,0.14569374736666818,0.17840760769758002,-0.5389554997028699
SPY,-35.681521539516005,438.6400146484375,stock,2023-09-20,,,,,,
SPY,6.262688146235604,438.6400146484375,stock,2023-09-20,,,,,,
SPY,42.37594914036631,431.3900146484375,stock,2023-09-21,,,,,,
SPY,2.0,2.895,option,2023-09-22,425.0,2023-10-06,put,0.1450114506137385,-0.2973439504374785,
SPY,59.468790087495705,430.4200134277344,stock,2023-09-22,,,,,,
SPY,3.1256548392657955,430.4200134277344,stock,2023-09-22,,,,,,
SPY,14.113648790335741,432.2300109863281,stock,2023-09-25,,,,,,
SPY,0.6937603014541107,425.8800048828125,stock,2023-09-26,,,,,,
SPY,2.0,3.3,option,2023-09-27,424.0,2023-10-06,put,0.14421858486056466,-0.38884207955721295,
SPY,77.76841591144259,426.04998779296875,stock,2023-09-27,,,,,,
SPY,-2.0,1.9949999999999999,option,2023-09-27,405.0,2023-10-27,put,0.14421858486056466,-0.0992341423537706,1.3730486423108954
SPY,-19.84682847075412,426.04998779296875,stock,2023-09-27,,,,,,
SPY,-2.0,2.115,option,2023-09-27,406.0,2023-10-27,put,0.14421858486056466,-0.11004614613437713,1.2198384822969441
SPY,-22.009229226875426,426.04998779296875,stock,2023-09-27,,,,,,
SPY,-2.0,2.385,option,2023-09-27,408.0,2023-10-27,put,0.14421858486056466,-0.13405354685776938,0.966171347053166
SPY,-26.810709371553877,426.04998779296875,stock,2023-09-27,,,,,,
SPY,10.374703715243392,426.04998779296875,stock,2023-09-27,,,,,,
SPY,8.160529148433675,428.5199890136719,stock,2023-09-28,,,,,,
SPY,4.027097239051024,427.4800109863281,stock,2023-09-29,,,,,,
SPY,13.588036057304148,427.30999755859375,stock,2023-10-02,,,,,,
SPY,-24.68303077392049,421.5899963378906,stock,2023-10-03,,,,,,
SPY,-2.0,2.2199999999999998,option,2023-10-04,404.0,2023-11-03,put,0.1451169365298762,-0.10399714826352224,1.4877157970862878
SPY,-20.799429652704447,424.6600036621094,stock,2023-10-04,,,,,,
SPY,-2.0,2.3600000000000003,option,2023-10-04,405.0,2023-11-03,put,0.1451169365298762,-0.11513231106666333,1.3373560773717714
SPY,-23.026462213332664,424.6600036621094,stock,2023-10-04,,,,,,
SPY,-2.0,2.505,option,2023-10-04,406.0,2023-11-03,put,0.1451169365298762,-0.12705948626260843,1.199142512269057
SPY,-25.411897252521687,424.6600036621094,stock,2023-10-04,,,,,,
SPY,-2.0,2.8200000000000003,option,2023-10-04,408.0,2023-11-03,put,0.1451169365298762,-0.15332254871868822,0.9619393394275476
SPY,-30.664509743737646,424.6600036621094,stock,2023-10-04,,,,,,
SPY,-2.0,2.995,option,2023-10-04,409.0,2023-11-03,put,0.1451169365298762,-0.1676617403136138,0.8627404506247458
SPY,-33.53234806272276,424.6600036621094,stock,2023-10-04,,,,,,
SPY,36.37880117106924,424.6600036621094,stock,2023-10-04,,,,,,
SPY,4.1224184791781795,424.5,stock,2023-10-05,,,,,,
SPY,71.76871463212039,429.5400085449219,stock,2023-10-06,,,,,,
SPY,41.00382780512507,432.2900085449219,stock,2023-10-09,,,,,,
SPY,15.584098907464899,434.5400085449219,stock,2023-10-10,,,,,,
SPY,-2.0,1.56,option,2023-10-11,415.0,2023-11-10,put,0.1388571709048762,-0.09347789188954969,1.0235219446114627
SPY,-18.69557837790994,436.32000732421875,stock,2023-10-11,,,,,,
SPY,-2.0,1.66,option,2023-10-11,416.0,2023-11-10,put,0.1388571709048762,-0.10398241552978715,0.8938549685068964
SPY,-20.79648310595743,436.32000732421875,stock,2023-10-11,,,,,,
SPY,14.18417575156358,436.32000732421875,stock,2023-10-11,,,,,,
SPY,-8.998998424788496,433.6600036621094,stock,2023-10-12,,,,,,
SPY,-14.759552216798618,431.5,stock,2023-10-13,,,,,,
SPY,54.98196966292852,436.0400085449219,stock,2023-10-16,,,,,,
SPY,3.853477942621737,436.0199890136719,stock,2023-10-17,,,,,,
SPY,-2.0,2.415,option,2023-10-18,409.0,2023-11-17,put,0.13965003665805,-0.09277078063267574,2.1876530877050735
SPY,-18.554156126535148,430.2099914550781,stock,2023-10-18,,,,,,
SPY,-2.0,2.54,option,2023-10-18,410.0,2023-11-17,put,0.13965003665805,-0.10331445044494281,1.9448770126665837
SPY,-20.66289008898856,430.2099914550781,stock,2023-10-18,,,,,,
SPY,-2.0,2.67,option,2023-10-18,411.0,2023-11-17,put,0.13965003665805,-0.11467333496757348,1.7275287711394893
SPY,-22.934666993514696,430.2099914550781,stock,2023-10-18,,,,,,
SPY,-2.0,2.8,option,2023-10-18,412.0,2023-11-17,put,0.13965003665805,-0.12686310632883435,1.5279323813052004
SPY,-25.37262126576687,430.2099914550781,stock,2023-10-18,,,,,,
SPY,-2.0,2.95,option,2023-10-18,413.0,2023-11-17,put,0.13965003665805,-0.13989427847068825,1.3609295442664713
SPY,-27.97885569413765,430.2099914550781,stock,2023-10-18,,,,,,
SPY,-2.0,3.0999999999999996,option,2023-10-18,414.0,2023-11-17,put,0.13965003665805,-0.15377178380581846,1.2057689091570247
SPY,-30.75435676116369,430.2099914550781,stock,2023-10-18,,,,,,
SPY,-26.96112922594208,430.2099914550781,stock,2023-10-18,,,,,,
SPY,-97.23570913927469,426.42999267578125,stock,2023-10-19,,,,,,
SPY,-205.43652944440697,421.19000244140625,stock,2023-10-20,,,,,,
SPY,13.002725428381531,420.4599914550781,stock,2023-10-23,,,,,,
SPY,157.71848911416572,423.6300048828125,stock,2023-10-24,,,,,,
SPY,2.0,5.195,option,2023-10-25,416.0,2023-11-10,put,0.15317879375338694,-0.41892499502361435,
SPY,83.78499900472288,417.54998779296875,stock,2023-10-25,,,,,,
SPY,-2.0,3.005,option,2023-10-25,400.0,2023-11-24,put,0.15317879375338694,-0.14982564118625552,1.0709629106216334
SPY,-29.965128237251104,417.54998779296875,stock,2023-10-25,,,,,,
SPY,-284.5348311323416,417.54998779296875,stock,2023-10-25,,,,,,
SPY,2.0,6.585,option,2023-10-26,415.0,2023-11-10,put,0.15523085292697092,-0.5411024556721393,
SPY,108.22049113442786,412.54998779296875,stock,2023-10-26,,,,,,
SPY,2.0,6.115,option,2023-10-26,411.0,2023-11-17,put,0.15523085292697092,-0.4200958515012877,
SPY,84.01917030025754,412.54998779296875,stock,2023-10-26,,,,,,
SPY,2.0,6.484999999999999,option,2023-10-26,412.0,2023-11-17,put,0.15523085292697092,-0.44516662818297403,
SPY,89.03332563659481,412.54998779296875,stock,2023-10-26,,,,,,
SPY,2.0,6.875,option,2023-10-26,413.0,2023-11-17,put,0.15523085292697092,-0.47039722772513326,
SPY,94.07944554502666,412.54998779296875,stock,2023-10-26,,,,,,
SPY,2.0,7.29,option,2023-10-26,414.0,2023-11-17,put,0.15523085292697092,-0.4956859024013617,
SPY,99.13718048027233,412.54998779296875,stock,2023-10-26,,,,,,
SPY,-333.79342208899027,412.54998779296875,stock,2023-10-26,,,,,,
SPY,-65.67391286888808,410.67999267578125,stock,2023-10-27,,,,,,
SPY,285.5581164037321,415.5899963378906,stock,2023-10-30,,,,,,
SPY,89.75687524215796,418.20001220703125,stock,2023-10-31,,,,,,
SPY,64.33175351515173,422.6600036621094,stock,2023-11-01,,,,,,
SPY,44.77372867585449,430.760009765625,stock,2023-11-02,,,,,,
SPY,9.44833540199159,434.69000244140625,stock,2023-11-03,,,,,,
SPY,3.857822929756762,435.69000244140625,stock,2023-11-06,,,,,,
SPY,1.2352190794834073,436.92999267578125,stock,2023-11-07,,,,,,
SPY,-2.0,1.275,option,2023-11-08,416.0,2023-12-08,put,0.129273004398764,-0.07969350257765839,1.1474363763109672
SPY,-15.938700515531679,437.25,stock,2023-11-08,,,,,,
SPY,-2.0,1.355,option,2023-11-08,417.0,2023-12-08,put,0.129273004398764,-0.08974080147687524,0.9806390516794993
SPY,-17.948160295375047,437.25,stock,2023-11-08,,,,,,
SPY,-2.0,1.4,option,2023-11-08,417.5,2023-12-08,put,0.129273004398764,-0.09509462546054137,0.9089553089442216
SPY,-19.018925092108276,437.25,stock,2023-11-08,,,,,,
SPY,-2.0,1.4449999999999998,option,2023-11-08,418.0,2023-12-08,put,0.129273004398764,-0.10067324907674724,0.8395681309023908
SPY,-20.134649815349448,437.25,stock,2023-11-08,,,,,,
SPY,10.582015792494104,437.25,stock,2023-11-08,,,,,,
SPY,-26.929600083943665,433.8399963378906,stock,2023-11-09,,,,,,
SPY,52.46107696162011,440.6099853515625,stock,2023-11-10,,,,,,
SPY,4.22087316454806,440.19000244140625,stock,2023-11-13,,,,,,
SPY,26.183934739192182,448.7300109863281,stock,2023-11-14,,,,,,
SPY,-2.0,1.3450000000000002,option,2023-11-15,428.0,2023-12-15,put,0.13353325830501397,-0.0880569986890567,0.892176702910881
SPY,-17.61139973781134,449.67999267578125,stock,2023-11-15,,,,,,
SPY,2.0,0.425,option,2023-11-15,472.0,2023-12-15,call,0.13353325830501397,0.11442773099254688,-0.5497286462102214
SPY,-22.885546198509378,449.67999267578125,stock,2023-11-15,,,,,,
SPY,2.0,0.495,option,2023-11-15,471.0,2023-12-15,call,0.13353325830501397,0.1255025027202521,-0.5312998620970107
SPY,-25.10050054405042,449.67999267578125,stock,2023-11-15,,,,,,
SPY,2.0,0.575,option,2023-11-15,470.0,2023-12-15,call,0.13353325830501397,0.13733012548669732,-0.5124148730732239
SPY,-27.466025097339465,449.67999267578125,stock,2023-11-15,,,,,,
SPY,-4.833963108580203,449.67999267578125,stock,2023-11-15,,,,,,
SPY,1.475620996475996,450.2300109863281,stock,2023-11-16,,,,,,
SPY,1.1507646220165313,450.7900085449219,stock,2023-11-17,,,,,,
SPY,-12.644138309411822,454.260009765625,stock,2023-11-20,,,,,,
SPY,12.703865367863322,453.2699890136719,stock,2023-11-21,,,,,,
SPY,2.0,0.295,option,2023-11-22,476.0,2023-12-22,call,0.1302252195934661,0.12617205117302804,-0.7188858893570963
SPY,-25.23441023460561,455.0199890136719,stock,2023-11-22,,,,,,
SPY,2.0,0.345,option,2023-11-22,475.0,2023-12-22,call,0.1302252195934661,0.13822158787602717,-0.7060084515462994
SPY,-27.644317575205434,455.0199890136719,stock,2023-11-22,,,,,,
SPY,2.0,0.41000000000000003,option,2023-11-22,474.0,2023-12-22,call,0.1302252195934661,0.1510605538380096,-0.6869106746301108
SPY,-30.212110767601917,455.0199890136719,stock,2023-11-22,,,,,,
SPY,2.0,0.5700000000000001,option,2023-11-22,472.0,2023-12-22,call,0.1302252195934661,0.1791420317830662,-0.6482585745902361
SPY,-35.82840635661324,455.0199890136719,stock,2023-11-22,,,,,,
SPY,2.0,0.795,option,2023-11-22,470.0,2023-12-22,call,0.1302252195934661,0.2104378174912016,-0.600248537398784
SPY,-42.08756349824032,455.0199890136719,stock,2023-11-22,,,,,,
SPY,2.0,1.1,option,2023-11-22,468.0,2023-12-22,call,0.1302252195934661,0.24488290127222628,-0.5455729971053943
SPY,-48.97658025444526,455.0199890136719,stock,2023-11-22,,,,,,
SPY,2.0,1.2850000000000001,option,2023-11-22,467.0,2023-12-22,call,0.1302252195934661,0.26324036180030375,-0.5173564808714306
SPY,-52.64807236006075,455.0199890136719,stock,2023-11-22,,,,,,
SPY,-38.3431802836602,455.0199890136719,stock,2023-11-22,,,,,,
SPY,14.61093367583966,455.29998779296875,stock,2023-11-24,,,,,,
SPY,64.98373548357225,454.4800109863281,stock,2023-11-27,,,,,,
SPY,-0.784171330514873,454.92999267578125,stock,2023-11-28,,,,,,
SPY,-2.0,1.0550000000000002,option,2023-11-29,432.0,2023-12-29,put,0.129273004398764,-0.07502360800197361,0.8360719924906778
SPY,-15.00472160039472,454.6099853515625,stock,2023-11-29,,,,,,
SPY,2.0,0.27,option,2023-11-29,477.0,2023-12-29,call,0.129273004398764,0.10854006151828621,-0.6885926877755613
SPY,-21.70801230365724,454.6099853515625,stock,2023-11-29,,,,,,
SPY,2.0,0.32,option,2023-11-29,476.0,2023-12-29,call,0.129273004398764,0.11945738503120573,-0.6713918851260864
SPY,-23.891477006241146,454.6099853515625,stock,2023-11-29,,,,,,
SPY,2.0,0.375,option,2023-11-29,475.0,2023-12-29,call,0.129273004398764,0.13115273133244088,-0.656396430091103
SPY,-26.230546266488176,454.6099853515625,stock,2023-11-29,,,,,,
SPY,2.0,0.45,option,2023-11-29,474.0,2023-12-29,call,0.129273004398764,0.1436430449158418,-0.6313036274972931
SPY,-28.728608983168357,454.6099853515625,stock,2023-11-29,,,,,,
SPY,2.0,0.53,option,2023-11-29,473.0,2023-12-29,call,0.129273004398764,0.15694110702050623,-0.6108735540231786
SPY,-31.388221404101245,454.6099853515625,stock,2023-11-29,,,,,,
SPY,10.507450121585457,454.6099853515625,stock,2023-11-29,,,,,,
SPY,-62.925556610593986,456.3999938964844,stock,2023-11-30,,,,,,
SPY,-124.31721343039058,459.1000061035156,stock,2023-12-01,,,,,,
SPY,200.37317806224598,456.69000244140625,stock,2023-12-04,,,,,,
SPY,29.058802787211555,456.6000061035156,stock,2023-12-05,,,,,,
SPY,106.02479563479952,454.760009765625,stock,2023-12-06,,,,,,
SPY,-135.6729743711937,458.2300109863281,stock,2023-12-07,,,,,,
SPY,-86.02543812519124,460.20001220703125,stock,2023-12-08,,,,,,
SPY,-2.0,0.165,option,2023-12-11,472.0,2023-12-15,call,0.13181426988643485,0.06616521905480069,
SPY,13.233043810960138,461.989990234375,stock,2023-12-11,,,,,,
SPY,-2.0,0.235,option,2023-12-11,471.0,2023-12-15,call,0.13181426988643485,0.0883035584680753,
SPY,17.66071169361506,461.989990234375,stock,2023-12-11,,,,,,
SPY,-2.0,0.335,option,2023-12-11,470.0,2023-12-15,call,0.13181426988643485,0.11560464690067479,
SPY,23.120929380134957,461.989990234375,stock,2023-12-11,,,,,,
SPY,-11.25117001126106,461.989990234375,stock,2023-12-11,,,,,,
SPY,-105.88739678978088,464.1000061035156,stock,2023-12-12,,,,,,
SPY,2.0,0.49,option,2023-12-13,490.0,2024-01-12,call,0.13181426988643485,0.1557177967946985,-0.6556481261512038
SPY,-31.143559358939697,470.5,stock,2023-12-13,,,,,,
SPY,2.0,1.005,option,2023-12-13,485.0,2024-01-12,call,0.13181426988643485,0.22940542853449186,-0.5679738629019737
SPY,-45.881085706898375,470.5,stock,2023-12-13,,,,,,
SPY,-482.3748670676175,470.5,stock,2023-12-13,,,,,,
SPY,-130.7556258874044,472.010009765625,stock,2023-12-14,,,,,,
SPY,-2.0,2.565,option,2023-12-15,470.0,2023-12-22,call,0.13414524065059502,0.49458915407553977,
SPY,98.91783081510795,469.3299865722656,stock,2023-12-15,,,,,,
SPY,-2.0,3.8,option,2023-12-15,468.0,2023-12-22,call,0.13414524065059502,0.5855014529147066,
SPY,117.10029058294131,469.3299865722656,stock,2023-12-15,,,,,,
SPY,-2.0,4.51,option,2023-12-15,467.0,2023-12-22,call,0.13414524065059502,0.6297275509085282,
SPY,125.94551018170563,469.3299865722656,stock,2023-12-15,,,,,,
SPY,275.95465858388496,469.3299865722656,stock,2023-12-15,,,,,,
SPY,-2.0,2.12,option,2023-12-18,472.0,2023-12-22,call,0.1367298220257171,0.5170378681181642,
SPY,103.40757362363284,471.9700012207031,stock,2023-12-18,,,,,,
SPY,-139.65129415037393,471.9700012207031,stock,2023-12-18,,,,,,
SPY,-2.0,3.8499999999999996,option,2023-12-19,474.0,2023-12-29,call,0.1326071356396087,0.5623863995319882,
SPY,112.47727990639764,474.8399963378906,stock,2023-12-19,,,,,,
SPY,-2.0,4.470000000000001,option,2023-12-19,473.0,2023-12-29,call,0.1326071356396087,0.5999590625313487,
SPY,119.99181250626974,474.8399963378906,stock,2023-12-19,,,,,,
SPY,-223.2411775922422,474.8399963378906,stock,2023-12-19,,,,,,
SPY,456.58789638605623,468.260009765625,stock,2023-12-20,,,,,,
SPY,-2.0,2.365,option,2023-12-21,475.0,2023-12-29,call,0.13745568262142022,0.4316281772022301,
SPY,86.32563544044602,472.70001220703125,stock,2023-12-21,,,,,,
SPY,-223.85215037496138,472.70001220703125,stock,2023-12-21,,,,,,
SPY,135.18222159240514,473.6499938964844,stock,2023-12-22,,,,,,
SPY,-29.52378557306494,475.6499938964844,stock,2023-12-26,,,,,,
SPY,2.0,0.38,option,2023-12-27,500.0,2024-01-26,call,0.13412586198848564,0.11713808433195572,-0.6323155848373673
SPY,-23.427616866391144,476.510009765625,stock,2023-12-27,,,,,,
SPY,2.0,0.8200000000000001,option,2023-12-27,495.0,2024-01-26,call,0.13412586198848564,0.1766916664253902,-0.522406425931887
SPY,-35.338333285078036,476.510009765625,stock,2023-12-27,,,,,,
SPY,-34.29419966122949,476.510009765625,stock,2023-12-27,,,,,,
SPY,-4.306986933208684,476.69000244140625,stock,2023-12-28,,,,,,
SPY,238.7913909681532,475.30999755859375,stock,2023-12-29,,,,,,
SPY,58.17398504747908,472.6499938964844,stock,2024-01-02,,,,,,
SPY,2.0,0.64,option,2024-01-03,490.0,2024-02-02,call,0.13593695627254326,0.14146085893073912,-0.506793717497887
SPY,-28.292171786147826,468.7900085449219,stock,2024-01-03,,,,,,
SPY,34.025784428405174,468.7900085449219,stock,2024-01-03,,,,,,
SPY,17.15456928154279,467.2799987792969,stock,2024-01-04,,,,,,
SPY,0.8845402153265916,467.9200134277344,stock,2024-01-05,,,,,,
SPY,-38.097469401166144,474.6000061035156,stock,2024-01-08,,,,,,
SPY,17.514038397513026,473.8800048828125,stock,2024-01-09,,,,,,
SPY,2.0,0.375,option,2024-01-10,500.0,2024-02-09,call,0.13079173074764094,0.11162973627227751,-0.6057343177230341
SPY,-22.325947254455503,476.55999755859375,stock,2024-01-10,,,,,,
SPY,2.0,0.8,option,2024-01-10,495.0,2024-02-09,call,0.13079173074764094,0.1710879034710443,-0.5026999804933996
SPY,-34.21758069420886,476.55999755859375,stock,2024-01-10,,,,,,
SPY,-24.530466927113746,476.55999755859375,stock,2024-01-10,,,,,,
SPY,16.280188511978814,476.3500061035156,stock,2024-01-11,,,,,,
SPY,3.0612564594147145,476.67999267578125,stock,2024-01-12,,,,,,
SPY,46.447628514738,474.92999267578125,stock,2024-01-16,,,,,,
SPY,-2.0,1.4249999999999998,option,2024-01-17,449.0,2024-02-16,put,0.13074293123287042,-0.07901076719909506,1.2192412046054226
SPY,-15.802153439819012,472.2900085449219,stock,2024-01-17,,,,,,
SPY,-2.0,1.505,option,2024-01-17,450.0,2024-02-16,put,0.13074293123287042,-0.08812296053324808,1.0577658687441671
SPY,-17.624592106649615,472.2900085449219,stock,2024-01-17,,,,,,
SPY,-2.0,1.5950000000000002,option,2024-01-17,451.0,2024-02-16,put,0.13074293123287042,-0.09797371926983822,0.9203241283143155
SPY,-19.594743853967643,472.2900085449219,stock,2024-01-17,,,,,,
SPY,35.416538810160525,472.2900085449219,stock,2024-01-17,,,,,,
SPY,-13.596618912001217,476.489990234375,stock,2024-01-18,,,,,,
SPY,-60.61251201435667,482.42999267578125,stock,2024-01-19,,,,,,
SPY,-2.0,1.625,option,2024-01-22,490.0,2024-02-02,call,0.13181426988643485,0.3056656368094247,
SPY,61.133127361884945,483.45001220703125,stock,2024-01-22,,,,,,
SPY,19.020039344866365,483.45001220703125,stock,2024-01-22,,,,,,
SPY,-4.621769497795364,484.8599853515625,stock,2024-01-23,,,,,,
SPY,2.0,0.48,option,2024-01-24,508.0,2024-02-23,call,0.13181426988643485,0.1266462057007136,-0.5782361488114204
SPY,-25.32924114014272,485.3900146484375,stock,2024-01-24,,,,,,
SPY,2.0,0.64,option,2024-01-24,506.0,2024-02-23,call,0.13181426988643485,0.14963456526812968,-0.5419341979930195
SPY,-29.92691305362594,485.3900146484375,stock,2024-01-24,,,,,,
SPY,2.0,0.74,option,2024-01-24,505.0,2024-02-23,call,0.13181426988643485,0.16215153526439968,-0.5206975370227871
SPY,-32.43030705287994,485.3900146484375,stock,2024-01-24,,,,,,
SPY,2.0,0.85,option,2024-01-24,504.0,2024-02-23,call,0.13181426988643485,0.17535792445321602,-0.5008818560894615
SPY,-35.0715848906432,485.3900146484375,stock,2024-01-24,,,,,,
SPY,-8.232175682129373,485.3900146484375,stock,2024-01-24,,,,,,
SPY,-44.82506447048844,488.0299987792969,stock,2024-01-25,,,,,,
SPY,26.42231027255928,487.4100036621094,stock,2024-01-26,,,,,,
SPY,-2.0,2.675,option,2024-01-29,495.0,2024-02-09,call,0.13303583131831964,0.40202483903350184,
SPY,80.40496780670037,491.2699890136719,stock,2024-01-29,,,,,,
SPY,-67.48839635219534,491.2699890136719,stock,2024-01-29,,,,,,
SPY,2.0,0.45,option,2024-01-30,515.0,2024-02-29,call,0.13049456583064872,0.11143034435801563,-0.5386660543284291
SPY,-22.286068871603128,490.8900146484375,stock,2024-01-30,,,,,,
SPY,2.0,0.52,option,2024-01-30,514.0,2024-02-29,call,0.13049456583064872,0.12160441002730632,-0.5205394607055445
SPY,-24.320882005461264,490.8900146484375,stock,2024-01-30,,,,,,
SPY,9.343445288204322,490.8900146484375,stock,2024-01-30,,,,,,
SPY,-2.0,1.19,option,2024-01-31,459.0,2024-03-01,put,0.1307996748546966,-0.07851988499647033,0.8252895144896586
SPY,-15.703976999294067,482.8800048828125,stock,2024-01-31,,,,,,
SPY,161.8918724316946,482.8800048828125,stock,2024-01-31,,,,,,
SPY,-92.37938240304722,489.20001220703125,stock,2024-02-01,,,,,,
SPY,-119.67749394964409,494.3500061035156,stock,2024-02-02,,,,,,
SPY,91.2240121785564,492.54998779296875,stock,2024-02-05,,,,,,
SPY,-24.53671310296788,493.9800109863281,stock,2024-02-06,,,,,,
SPY,2.0,0.49,option,2024-02-07,522.0,2024-03-08,call,0.13610958086055597,0.12726520152385645,-0.5958763838424378
SPY,-25.453040304771292,498.1000061035156,stock,2024-02-07,,,,,,
SPY,2.0,0.645,option,2024-02-07,520.0,2024-03-08,call,0.13610958086055597,0.14892893104773197,-0.5615367992768984
SPY,-29.785786209546394,498.1000061035156,stock,2024-02-07,,,,,,
SPY,2.0,0.86,option,2024-02-07,518.0,2024-03-08,call,0.13610958086055597,0.17302392624236562,-0.5150616128417668
SPY,-34.60478524847312,498.1000061035156,stock,2024-02-07,,,,,,
SPY,-142.40129743566249,498.1000061035156,stock,2024-02-07,,,,,,
SPY,12.137469698311158,498.32000732421875,stock,2024-02-08,,,,,,
SPY,-34.04431482124158,501.20001220703125,stock,2024-02-09,,,,,,
SPY,45.8958220013521,500.9800109863281,stock,2024-02-12,,,,,,
SPY,265.1409761549286,494.0799865722656,stock,2024-02-13,,,,,,
SPY,2.0,0.485,option,2024-02-14,523.0,2024-03-15,call,0.14023226724666438,0.1294705014426622,-0.6199948463749159
SPY,-25.89410028853244,498.57000732421875,stock,2024-02-14,,,,,,
SPY,2.0,0.56,option,2024-02-14,522.0,2024-03-15,call,0.14023226724666438,0.13978345149159016,-0.6006147656562286
SPY,-27.956690298318033,498.57000732421875,stock,2024-02-14,,,,,,
SPY,2.0,0.65,option,2024-02-14,521.0,2024-03-15,call,0.14023226724666438,0.15066239920262475,-0.5774093307655508
SPY,-30.13247984052495,498.57000732421875,stock,2024-02-14,,,,,,
SPY,2.0,0.75,option,2024-02-14,520.0,2024-03-15,call,0.14023226724666438,0.16211348368456296,-0.5548412016912285
SPY,-32.42269673691259,498.57000732421875,stock,2024-02-14,,,,,,
SPY,2.0,0.87,option,2024-02-14,519.0,2024-03-15,call,0.14023226724666438,0.17414046314681236,-0.5278687310070984
SPY,-34.82809262936247,498.57000732421875,stock,2024-02-14,,,,,,
SPY,2.0,0.995,option,2024-02-14,518.0,2024-03-15,call,0.14023226724666438,0.1867445436620671,-0.5055789117002231
SPY,-37.34890873241342,498.57000732421875,stock,2024-02-14,,,,,,
SPY,-152.73934982947412,498.57000732421875,stock,2024-02-14,,,,,,
SPY,-184.09339604540384,502.010009765625,stock,2024-02-15,,,,,,
SPY,183.11280005249168,499.510009765625,stock,2024-02-16,,,,,,
SPY,290.26811610437574,496.760009765625,stock,2024-02-20,,,,,,
SPY,2.0,0.53,option,2024-02-21,522.0,2024-03-22,call,0.1518915718448176,0.14507197951373335,-0.6652417584136177
SPY,-29.01439590274667,497.2099914550781,stock,2024-02-21,,,,,,
SPY,2.0,0.69,option,2024-02-21,520.0,2024-03-22,call,0.1518915718448176,0.166110173241089,-0.6316630048909228
SPY,-33.2220346482178,497.2099914550781,stock,2024-02-21,,,,,,
SPY,2.0,0.885,option,2024-02-21,518.0,2024-03-22,call,0.1518915718448176,0.18911643239439496,-0.5987216602419496
SPY,-37.82328647887899,497.2099914550781,stock,2024-02-21,,,,,,
SPY,2.0,1.145,option,2024-02-21,516.0,2024-03-22,call,0.1518915718448176,0.21408695968419533,-0.5568329489441826
SPY,-42.817391936839066,497.2099914550781,stock,2024-02-21,,,,,,
SPY,14.054353456230665,497.2099914550781,stock,2024-02-21,,,,,,
SPY,-973.0572050035677,507.5,stock,2024-02-22,,,,,,
SPY,551.5873427023873,507.8500061035156,stock,2024-02-23,,,,,,
SPY,207.20332506798482,505.989990234375,stock,2024-02-26,,,,,,
SPY,2.0,0.43,option,2024-02-27,532.0,2024-03-28,call,0.1401039217571624,0.12698658158966303,-0.660399070828684
SPY,-25.397316317932606,506.92999267578125,stock,2024-02-27,,,,,,
SPY,2.0,0.49,option,2024-02-27,531.0,2024-03-28,call,0.1401039217571624,0.13699716587402644,-0.6473662732821714
SPY,-27.39943317480529,506.92999267578125,stock,2024-02-27,,,,,,
SPY,2.0,0.565,option,2024-02-27,530.0,2024-03-28,call,0.1401039217571624,0.14755433028121645,-0.6289516914107174
SPY,-29.51086605624329,506.92999267578125,stock,2024-02-27,,,,,,
SPY,2.0,0.645,option,2024-02-27,529.0,2024-03-28,call,0.1401039217571624,0.1586645192651731,-0.6129017448107333
SPY,-31.73290385303462,506.92999267578125,stock,2024-02-27,,,,,,
SPY,-28.36605014851935,506.92999267578125,stock,2024-02-27,,,,,,
SPY,88.87744202067589,506.260009765625,stock,2024-02-28,,,,,,
SPY,-75.49037156208658,508.0799865722656,stock,2024-02-29,,,,,,
SPY,-308.6645816275728,512.8499755859375,stock,2024-03-01,,,,,,
SPY,144.94973947813008,512.2999877929688,stock,2024-03-04,,,,,,
SPY,392.89264771814726,507.17999267578125,stock,2024-03-05,,,,,,
SPY,2.0,0.49,option,2024-03-06,535.0,2024-04-05,call,0.1437001703838714,0.13284900286916018,-0.6447862397417076
SPY,-26.569800573832037,509.75,stock,2024-03-06,,,,,,
SPY,2.0,0.5700000000000001,option,2024-03-06,534.0,2024-04-05,call,0.1437001703838714,0.1428479663131706,-0.6220603712596512
SPY,-28.56959326263412,509.75,stock,2024-03-06,,,,,,
SPY,2.0,0.66,option,2024-03-06,533.0,2024-04-05,call,0.1437001703838714,0.15336371244419944,-0.5991971662250917
SPY,-30.672742488839887,509.75,stock,2024-03-06,,,,,,
SPY,-118.79520256003389,509.75,stock,2024-03-06,,,,,,
SPY,-2.0,2.05,option,2024-03-07,519.0,2024-03-15,call,0.13945513711971125,0.37191086503310355,
SPY,74.38217300662072,514.8099975585938,stock,2024-03-07,,,,,,
SPY,-2.0,2.42,option,2024-03-07,518.0,2024-03-15,call,0.13945513711971125,0.4077326894039523,
SPY,81.54653788079045,514.8099975585938,stock,2024-03-07,,,,,,
SPY,-2.0,4.45,option,2024-03-07,516.0,2024-03-22,call,0.13945513711971125,0.5033759426503658,
SPY,100.67518853007316,514.8099975585938,stock,2024-03-07,,,,,,
SPY,-380.1070631986902,514.8099975585938,stock,2024-03-07,,,,,,
SPY,269.37311601981287,511.7200012207031,stock,2024-03-08,,,,,,
SPY,-2.0,0.255,option,2024-03-11,523.0,2024-03-15,call,0.15074309047579904,0.0819721826960918,
SPY,16.39443653921836,511.2799987792969,stock,2024-03-11,,,,,,
SPY,-2.0,0.345,option,2024-03-11,522.0,2024-03-15,call,0.15074309047579904,0.10192722976573942,
SPY,20.385445953147887,511.2799987792969,stock,2024-03-11,,,,,,
SPY,-2.0,0.455,option,2024-03-11,521.0,2024-03-15,call,0.15074309047579904,0.12525060277842098,
SPY,25.050120555684195,511.2799987792969,stock,2024-03-11,,,,,,
SPY,-2.0,0.595,option,2024-03-11,520.0,2024-03-15,call,0.15074309047579904,0.15211941648945415,
SPY,30.423883297890832,511.2799987792969,stock,2024-03-11,,,,,,
SPY,113.18328098592639,511.2799987792969,stock,2024-03-11,,,,,,
SPY,-193.2545658087599,516.780029296875,stock,2024-03-12,,,,,,
SPY,2.0,0.55,option,2024-03-13,540.0,2024-04-12,call,0.1385116480450042,0.13894475490396963,-0.6134964604217141
SPY,-27.788950980793924,515.969970703125,stock,2024-03-13,,,,,,
SPY,2.0,1.08,option,2024-03-13,535.0,2024-04-12,call,0.1385116480450042,0.19743614182149882,-0.5109400952686688
SPY,-39.48722836429977,515.969970703125,stock,2024-03-13,,,,,,
SPY,42.939154474321654,515.969970703125,stock,2024-03-13,,,,,,
SPY,67.63867540416143,514.9500122070312,stock,2024-03-14,,,,,,
SPY,-2.0,1.04,option,2024-03-15,518.0,2024-03-22,call,0.1411995028118499,0.2260625689548787,
SPY,45.21251379097574,509.8299865722656,stock,2024-03-15,,,,,,
SPY,233.80753783718907,509.8299865722656,stock,2024-03-15,,,,,,
SPY,-2.0,0.56,option,2024-03-18,522.0,2024-03-22,call,0.14103657709163508,0.12503496467751923,
SPY,25.006992935503845,512.8599853515625,stock,2024-03-18,,,,,,
SPY,-2.0,0.95,option,2024-03-18,520.0,2024-03-22,call,0.14103657709163508,0.18668540770092262,
SPY,37.33708154018453,512.8599853515625,stock,2024-03-18,,,,,,
SPY,-14.127181228149368,512.8599853515625,stock,2024-03-18,,,,,,
SPY,-52.56266639929991,515.7100219726562,stock,2024-03-19,,,,,,
SPY,2.0,0.655,option,2024-03-20,545.0,2024-04-19,call,0.13824568735164483,0.13562249330527465,-0.529031459728871
SPY,-27.12449866105493,520.47998046875,stock,2024-03-20,,,,,,
SPY,-138.3315298296569,520.47998046875,stock,2024-03-20,,,,,,
SPY,-50.719146695854405,522.2000122070312,stock,2024-03-21,,,,,,
SPY,69.71902635433648,521.2100219726562,stock,2024-03-22,,,,,,
SPY,155.81735031945254,519.77001953125,stock,2024-03-25,,,,,,
SPY,63.407589659822136,518.8099975585938,stock,2024-03-26,,,,,,
SPY,2.0,0.6799999999999999,option,2024-03-27,545.0,2024-04-26,call,0.14587964998287042,0.17950968570848475,-0.67437737938082
SPY,-35.90193714169695,523.1699829101562,stock,2024-03-27,,,,,,
SPY,2.0,1.355,option,2024-03-27,540.0,2024-04-26,call,0.14587964998287042,0.24294545748969315,-0.5598810757449726
SPY,-48.58909149793863,523.1699829101562,stock,2024-03-27,,,,,,
SPY,2.0,1.5350000000000001,option,2024-03-27,539.0,2024-04-26,call,0.14587964998287042,0.25702669806127476,-0.5369776808305524
SPY,-51.40533961225495,523.1699829101562,stock,2024-03-27,,,,,,
SPY,2.0,1.745,option,2024-03-27,538.0,2024-04-26,call,0.14587964998287042,0.27154834316202187,-0.510590220124581
SPY,-54.309668632404374,523.1699829101562,stock,2024-03-27,,,,,,
SPY,-106.9782699138263,523.1699829101562,stock,2024-03-27,,,,,,
SPY,50.79124077511786,523.0700073242188,stock,2024-03-28,,,,,,
SPY,123.25056153181916,522.1599731445312,stock,2024-04-01,,,,,,
SPY,108.1055340553873,518.8400268554688,stock,2024-04-02,,,,,,
SPY,2.0,0.65,option,2024-04-03,545.0,2024-05-03,call,0.1417560385326751,0.1308038893031338,-0.5223396429346215
SPY,-26.16077786062676,519.4099731445312,stock,2024-04-03,,,,,,
SPY,4.490880126893561,519.4099731445312,stock,2024-04-03,,,,,,
SPY,105.76284560448438,513.0700073242188,stock,2024-04-04,,,,,,
SPY,-61.34868922192754,518.4299926757812,stock,2024-04-05,,,,,,
SPY,30.894897855783604,518.719970703125,stock,2024-04-08,,,,,,
SPY,2.9717197802029567,519.3200073242188,stock,2024-04-09,,,,,,
SPY,2.0,0.755,option,2024-04-10,539.0,2024-05-10,call,0.14752296146273752,0.14516719908204195,-0.5257996290383654
SPY,-29.03343981640839,514.1199951171875,stock,2024-04-10,,,,,,
SPY,2.0,0.86,option,2024-04-10,538.0,2024-05-10,call,0.14752296146273752,0.1554153211582146,-0.5036127821133316
SPY,-31.083064231642922,514.1199951171875,stock,2024-04-10,,,,,,
SPY,56.677504695804416,514.1199951171875,stock,2024-04-10,,,,,,
SPY,-45.404324649538225,518.0,stock,2024-04-11,,,,,,
SPY,95.16507736913412,510.8500061035156,stock,2024-04-12,,,,,,
SPY,52.213765489907374,504.45001220703125,stock,2024-04-15,,,,,,
SPY,5.913654774643572,503.5299987792969,stock,2024-04-16,,,,,,
SPY,-2.0,2.495,option,2024-04-17,476.0,2024-05-17,put,0.14712061580538888,-0.1052163466011975,1.3063481322649704
SPY,-21.0432693202395,500.54998779296875,stock,2024-04-17,,,,,,
SPY,-2.0,2.62,option,2024-04-17,477.0,2024-05-17,put,0.14712061580538888,-0.11456168928582344,1.184108052961612
SPY,-22.912337857164687,500.54998779296875,stock,2024-04-17,,,,,,
SPY,-2.0,2.75,option,2024-04-17,478.0,2024-05-17,put,0.14712061580538888,-0.12446179995569717,1.0716428153133188
SPY,-24.892359991139436,500.54998779296875,stock,2024-04-17,,,,,,
SPY,-2.0,2.885,option,2024-04-17,479.0,2024-05-17,put,0.14712061580538888,-0.13492255821398147,0.9679620273843873
SPY,-26.984511642796292,500.54998779296875,stock,2024-04-17,,,,,,
SPY,-2.0,3.03,option,2024-04-17,480.0,2024-05-17,put,0.14712061580538888,-0.14594737779825395,0.8752971357584053
SPY,-29.18947555965079,500.54998779296875,stock,2024-04-17,,,,,,
SPY,21.4430341791451,500.54998779296875,stock,2024-04-17,,,,,,
SPY,-3.245333471657723,499.5199890136719,stock,2024-04-18,,,,,,
SPY,-38.50003674987054,495.1600036621094,stock,2024-04-19,,,,,,
SPY,58.64268482972973,499.7200012207031,stock,2024-04-22,,,,,,
SPY,41.778010963156525,505.6499938964844,stock,2024-04-23,,,,,,
SPY,2.0,0.76,option,2024-04-24,530.0,2024-05-24,call,0.14782985385775704,0.14435399410737004,-0.5120501374424823
SPY,-28.870798821474008,505.4100036621094,stock,2024-04-24,,,,,,
SPY,0.9540410067619867,505.4100036621094,stock,2024-04-24,,,,,,
SPY,0.4906973092044211,503.489990234375,stock,2024-04-25,,,,,,
SPY,13.87874780748799,508.260009765625,stock,2024-04-26,,,,,,
SPY,15.699149003062253,510.05999755859375,stock,2024-04-29,,,,,,
SPY,-6.217441226788544,501.9800109863281,stock,2024-04-30,,,,,,
SPY,-2.469469205558653,500.3500061035156,stock,2024-05-01,,,,,,
SPY,23.69123020252238,505.0299987792969,stock,2024-05-02,,,,,,
SPY,3.2761874059624745,511.2900085449219,stock,2024-05-03,,,,,,
SPY,-4.95955547992488,516.5700073242188,stock,2024-05-06,,,,,,
SPY,0.9557508776817372,517.1400146484375,stock,2024-05-07,,,,,,
SPY,2.0,0.625,option,2024-05-08,540.0,2024-06-07,call,0.13597040163081964,0.14789568789203655,-0.5868590798730555
SPY,-29.579137578407313,517.1900024414062,stock,2024-05-08,,,,,,
SPY,-1.0422322053259734,517.1900024414062,stock,2024-05-08,,,,,,
SPY,-17.20594553634733,520.1699829101562,stock,2024-05-09,,,,,,
SPY,-2.152153799756171,520.8400268554688,stock,2024-05-10,,,,,,
SPY,8.8236754269224,520.9099731445312,stock,2024-05-13,,,,,,
SPY,-2.0,1.8050000000000002,option,2024-05-14,530.0,2024-05-24,call,0.13597040163081964,0.3119619483587792,
SPY,62.39238967175584,523.2999877929688,stock,2024-05-14,,,,,,
SPY,-13.581925676270327,523.2999877929688,stock,2024-05-14,,,,,,
SPY,2.0,0.42,option,2024-05-15,555.0,2024-06-14,call,0.13597040163081964,0.12894907345596218,-0.679190371023608
SPY,-25.789814691192436,529.780029296875,stock,2024-05-15,,,,,,
SPY,2.0,0.84,option,2024-05-15,550.0,2024-06-14,call,0.13597040163081964,0.18426886664231673,-0.5882115558456953
SPY,-36.85377332846335,529.780029296875,stock,2024-05-15,,,,,,
SPY,-29.039834592924684,529.780029296875,stock,2024-05-15,,,,,,
SPY,12.722155787728724,528.6900024414062,stock,2024-05-16,,,,,,
SPY,-3.3638211045227635,529.4500122070312,stock,2024-05-17,,,,,,
SPY,5.030012698139771,530.0599975585938,stock,2024-05-20,,,,,,
SPY,-8.631731907926095,531.3599853515625,stock,2024-05-21,,,,,,
SPY,2.0,0.245,option,2024-05-22,555.0,2024-06-21,call,0.13597040163081964,0.1294589255654056,-0.8137797304755404
SPY,-25.891785113081124,529.8300170898438,stock,2024-05-22,,,,,,
SPY,2.0,0.405,option,2024-05-22,552.0,2024-06-21,call,0.13597040163081964,0.16110893004011756,-0.765019782474865
SPY,-32.221786008023514,529.8300170898438,stock,2024-05-22,,,,,,
SPY,2.0,0.48,option,2024-05-22,551.0,2024-06-21,call,0.13597040163081964,0.17273940067649246,-0.7447632359246398
SPY,-34.54788013529849,529.8300170898438,stock,2024-05-22,,,,,,
SPY,2.0,0.5700000000000001,option,2024-05-22,550.0,2024-06-21,call,0.13597040163081964,0.1849140583558545,-0.7218304145077148
SPY,-36.9828116711709,529.8300170898438,stock,2024-05-22,,,,,,
SPY,2.0,0.67,option,2024-05-22,549.0,2024-06-21,call,0.13597040163081964,0.19763175712218783,-0.6994980325421211
SPY,-39.526351424437564,529.8300170898438,stock,2024-05-22,,,,,,
SPY,2.0,0.79,option,2024-05-22,548.0,2024-06-21,call,0.13597040163081964,0.2108888283317295,-0.6739081288920505
SPY,-42.1777656663459,529.8300170898438,stock,2024-05-22,,,,,,
SPY,2.0,0.9299999999999999,option,2024-05-22,547.0,2024-06-21,call,0.13597040163081964,0.224678974343895,-0.6462174775617519
SPY,-44.935794868779,529.8300170898438,stock,2024-05-22,,,,,,
SPY,2.0,1.09,option,2024-05-22,546.0,2024-06-21,call,0.13597040163081964,0.23899318047565088,-0.6173356248079059
SPY,-47.79863609513018,529.8300170898438,stock,2024-05-22,,,,,,
SPY,2.0,1.27,option,2024-05-22,545.0,2024-06-21,call,0.13597040163081964,0.25381964724150086,-0.5879706499783868
SPY,-50.763929448300175,529.8300170898438,stock,2024-05-22,,,,,,
SPY,2.0,1.47,option,2024-05-22,544.0,2024-06-21,call,0.13597040163081964,0.2691437447382301,-0.5586668903310597
SPY,-53.82874894764602,529.8300170898438,stock,2024-05-22,,,,,,
SPY,2.0,1.6949999999999998,option,2024-05-22,543.0,2024-06-21,call,0.13597040163081964,0.284947990831071,-0.5284449972715777
SPY,-56.98959816621419,529.8300170898438,stock,2024-05-22,,,,,,
SPY,-25.623979741365595,529.8300170898438,stock,2024-05-22,,,,,,
SPY,163.50711975881106,525.9600219726562,stock,2024-05-23,,,,,,
SPY,-116.37882577978868,529.4400024414062,stock,2024-05-24,,,,,,
SPY,54.67707863216576,529.8099975585938,stock,2024-05-28,,,,,,
SPY,-2.0,1.63,option,2024-05-29,500.0,2024-06-28,put,0.1385116480450042,-0.08969781370389596,0.8471862010657423
SPY,-17.93956274077919,526.0999755859375,stock,2024-05-29,,,,,,
SPY,2.0,0.20500000000000002,option,2024-05-29,552.0,2024-06-28,call,0.1385116480450042,0.12529018898416833,-0.8396223578752218
SPY,-25.058037796833666,526.0999755859375,stock,2024-05-29,,,,,,
SPY,2.0,0.235,option,2024-05-29,551.0,2024-06-28,call,0.1385116480450042,0.13495302878323023,-0.8321303372736508
SPY,-26.990605756646048,526.0999755859375,stock,2024-05-29,,,,,,
SPY,2.0,0.28500000000000003,option,2024-05-29,550.0,2024-06-28,call,0.1385116480450042,0.1451339590850373,-0.8138509552152277
SPY,-29.026791817007457,526.0999755859375,stock,2024-05-29,,,,,,
SPY,2.0,0.345,option,2024-05-29,549.0,2024-06-28,call,0.1385116480450042,0.15583933426843305,-0.7936795295173545
SPY,-31.16786685368661,526.0999755859375,stock,2024-05-29,,,,,,
SPY,2.0,0.415,option,2024-05-29,548.0,2024-06-28,call,0.1385116480450042,0.16707356252949085,-0.7724522176207971
SPY,-33.41471250589817,526.0999755859375,stock,2024-05-29,,,,,,
SPY,145.8279743182353,526.0999755859375,stock,2024-05-29,,,,,,
SPY,158.6327631323969,522.6099853515625,stock,2024-05-30,,,,,,
SPY,-164.53564934326238,527.3699951171875,stock,2024-05-31,,,,,,
SPY,66.53197153690421,527.7999877929688,stock,2024-06-03,,,,,,
SPY,4.472322897671134,528.3900146484375,stock,2024-06-04,,,,,,
SPY,-330.3797230157886,534.6699829101562,stock,2024-06-05,,,,,,
SPY,48.80768200869248,534.6599731445312,stock,2024-06-06,,,,,,
SPY,89.91816775657827,534.010009765625,stock,2024-06-07,,,,,,
SPY,4.0883841918901,535.6599731445312,stock,2024-06-10,,,,,,
SPY,-48.45652902615425,536.9500122070312,stock,2024-06-11,,,,,,
SPY,2.0,0.39,option,2024-06-12,565.0,2024-07-12,call,0.1385116480450042,0.15503322609311276,-0.771877171589972
SPY,-31.006645218622552,541.3599853515625,stock,2024-06-12,,,,,,
SPY,-321.65886260059494,541.3599853515625,stock,2024-06-12,,,,,,
SPY,-59.218269466720756,542.4500122070312,stock,2024-06-13,,,,,,
SPY,8.7754246968328,542.780029296875,stock,2024-06-14,,,,,,
SPY,-2.0,3.875,option,2024-06-17,544.0,2024-06-21,call,0.1385116480450042,0.6695813675722684,
SPY,133.91627351445368,547.0999755859375,stock,2024-06-17,,,,,,
SPY,-2.0,4.67,option,2024-06-17,543.0,2024-06-21,call,0.1385116480450042,0.7141836109302837,
SPY,142.83672218605673,547.0999755859375,stock,2024-06-17,,,,,,
SPY,-407.7324403377503,547.0999755859375,stock,2024-06-17,,,,,,
SPY,-147.8158730503465,548.489990234375,stock,2024-06-18,,,,,,
SPY,316.42059656829844,547.0,stock,2024-06-20,,,,,,
SPY,717.5021779364109,544.510009765625,stock,2024-06-21,,,,,,
SPY,136.65316016527336,542.739990234375,stock,2024-06-24,,,,,,
SPY,-50.5767714654678,544.8300170898438,stock,2024-06-25,,,,,,
SPY,2.0,0.415,option,2024-06-26,570.0,2024-07-26,call,0.13597040163081964,0.143459492352969,-0.7299437858232091
SPY,-28.691898470593802,545.510009765625,stock,2024-06-26,,,,,,
SPY,2.0,0.89,option,2024-06-26,565.0,2024-07-26,call,0.13597040163081964,0.20076718106540392,-0.6200034497607367
SPY,-40.15343621308078,545.510009765625,stock,2024-06-26,,,,,,
SPY,2.0,1.355,option,2024-06-26,562.0,2024-07-26,call,0.13597040163081964,0.2412430762153952,-0.5435957632494898
SPY,-48.248615243079044,545.510009765625,stock,2024-06-26,,,,,,
SPY,2.0,1.55,option,2024-06-26,561.0,2024-07-26,call,0.13597040163081964,0.2557118006260013,-0.5163397860290114
SPY,-51.142360125200256,545.510009765625,stock,2024-06-26,,,,,,
SPY,-1.9170759700039781,545.510009765625,stock,2024-06-26,,,,,,
SPY,21.110421182363957,546.3699951171875,stock,2024-06-27,,,,,,
SPY,237.16051812492003,544.219970703125,stock,2024-06-28,,,,,,
SPY,2.0,0.315,option,2024-07-01,570.0,2024-07-31,call,0.1374403284649261,0.14434361170773047,-0.7986418413409941
SPY,-28.868722341546093,545.3400268554688,stock,2024-07-01,,,,,,
SPY,2.0,0.515,option,2024-07-01,567.0,2024-07-31,call,0.1374403284649261,0.1769424088929386,-0.7445723385336125
SPY,-35.388481778587725,545.3400268554688,stock,2024-07-01,,,,,,
SPY,2.0,0.605,option,2024-07-01,566.0,2024-07-31,call,0.1374403284649261,0.18881243728015845,-0.7235580931283832
SPY,-37.76248745603169,545.3400268554688,stock,2024-07-01,,,,,,
SPY,2.0,0.715,option,2024-07-01,565.0,2024-07-31,call,0.1374403284649261,0.2011832066024653,-0.6986303602985826
SPY,-40.236641320493064,545.3400268554688,stock,2024-07-01,,,,,,
SPY,2.0,0.84,option,2024-07-01,564.0,2024-07-31,call,0.1374403284649261,0.2140508217917067,-0.6729811469336957
SPY,-42.81016435834134,545.3400268554688,stock,2024-07-01,,,,,,
SPY,2.0,0.98,option,2024-07-01,563.0,2024-07-31,call,0.1374403284649261,0.22740912454561218,-0.6471642823644019
SPY,-45.48182490912244,545.3400268554688,stock,2024-07-01,,,,,,
SPY,2.0,1.14,option,2024-07-01,562.0,2024-07-31,call,0.1374403284649261,0.24124962480689371,-0.6199376276856303
SPY,-48.249924961378746,545.3400268554688,stock,2024-07-01,,,,,,
SPY,2.0,1.32,option,2024-07-01,561.0,2024-07-31,call,0.1374403284649261,0.25556144854076335,-0.5919854517772947
SPY,-51.11228970815267,545.3400268554688,stock,2024-07-01,,,,,,
SPY,2.0,1.525,option,2024-07-01,560.0,2024-07-31,call,0.1374403284649261,0.2703313031937505,-0.5624085855101193
SPY,-54.066260638750094,545.3400268554688,stock,2024-07-01,,,,,,
SPY,2.0,1.755,option,2024-07-01,559.0,2024-07-31,call,0.1374403284649261,0.2855434620647543,-0.5319243002543734
SPY,-57.10869241295086,545.3400268554688,stock,2024-07-01,,,,,,
SPY,2.0,2.01,option,2024-07-01,558.0,2024-07-31,call,0.1374403284649261,0.301179768640778,-0.5010983255072896
SPY,-60.2359537281556,545.3400268554688,stock,2024-07-01,,,,,,
SPY,-40.93637953986586,545.3400268554688,stock,2024-07-01,,,,,,
SPY,-161.79872842939704,549.010009765625,stock,2024-07-02,,,,,,
SPY,2.0,0.45999999999999996,option,2024-07-03,575.0,2024-08-02,call,0.13516609178584893,0.1545990437679844,-0.7284931498436651
SPY,-30.91980875359688,551.4600219726562,stock,2024-07-03,,,,,,
SPY,2.0,0.97,option,2024-07-03,570.0,2024-08-02,call,0.13516609178584893,0.21431850955922238,-0.6210061522249328
SPY,-42.86370191184447,551.4600219726562,stock,2024-07-03,,,,,,
SPY,-122.25279644015426,551.4600219726562,stock,2024-07-03,,,,,,
SPY,-166.52401750774635,554.6400146484375,stock,2024-07-05,,,,,,
SPY,17.456647038264933,555.280029296875,stock,2024-07-08,,,,,,
SPY,-15.455374641680734,555.8200073242188,stock,2024-07-09,,,,,,
SPY,-2.0,5.57,option,2024-07-10,561.0,2024-07-26,call,0.1377073382000335,0.5452365992454832,
SPY,109.04731984909664,561.3200073242188,stock,2024-07-10,,,,,,
SPY,-2.0,5.99,option,2024-07-10,562.0,2024-07-31,call,0.1377073382000335,0.5282506065428393,
SPY,105.65012130856786,561.3200073242188,stock,2024-07-10,,,,,,
SPY,-2.0,6.58,option,2024-07-10,561.0,2024-07-31,call,0.1377073382000335,0.5496553334273209,
SPY,109.93106668546417,561.3200073242188,stock,2024-07-10,,,,,,
SPY,-2.0,7.199999999999999,option,2024-07-10,560.0,2024-07-31,call,0.1377073382000335,0.5709543269698311,
SPY,114.1908653939662,561.3200073242188,stock,2024-07-10,,,,,,
SPY,-2.0,7.855,option,2024-07-10,559.0,2024-07-31,call,0.1377073382000335,0.5920861402746583,
SPY,118.41722805493167,561.3200073242188,stock,2024-07-10,,,,,,
SPY,-2.0,8.525,option,2024-07-10,558.0,2024-07-31,call,0.1377073382000335,0.6129904544475162,
SPY,122.59809088950324,561.3200073242188,stock,2024-07-10,,,,,,
SPY,2.0,0.59,option,2024-07-10,585.0,2024-08-09,call,0.1377073382000335,0.16224823710838954,-0.6836839396703872
SPY,-32.44964742167791,561.3200073242188,stock,2024-07-10,,,,,,
SPY,2.0,1.1749999999999998,option,2024-07-10,580.0,2024-08-09,call,0.1377073382000335,0.2212920714767137,-0.5750501877785159
SPY,-44.25841429534274,561.3200073242188,stock,2024-07-10,,,,,,
SPY,-420.02618135610226,561.3200073242188,stock,2024-07-10,,,,,,
SPY,311.2588330246531,556.47998046875,stock,2024-07-11,,,,,,
SPY,-161.49559740641854,559.989990234375,stock,2024-07-12,,,,,,
SPY,-2.0,4.4350000000000005,option,2024-07-15,562.0,2024-07-26,call,0.13865082727474054,0.5168692702370917,
SPY,103.37385404741835,561.530029296875,stock,2024-07-15,,,,,,
SPY,-2.0,4.515000000000001,option,2024-07-15,564.0,2024-07-31,call,0.13865082727474054,0.47677047949630974,
SPY,95.35409589926195,561.530029296875,stock,2024-07-15,,,,,,
SPY,-2.0,5.025,option,2024-07-15,563.0,2024-07-31,call,0.13865082727474054,0.5011455631720817,
SPY,100.22911263441634,561.530029296875,stock,2024-07-15,,,,,,
SPY,-45.3959091281318,561.530029296875,stock,2024-07-15,,,,,,
SPY,-2.0,4.8100000000000005,option,2024-07-16,566.0,2024-07-31,call,0.13865082727474054,0.5072798918174123,
SPY,101.45597836348246,564.8599853515625,stock,2024-07-16,,,,,,
SPY,-2.0,5.35,option,2024-07-16,565.0,2024-07-31,call,0.13865082727474054,0.5323437522499183,
SPY,106.46875044998365,564.8599853515625,stock,2024-07-16,,,,,,
SPY,-140.32165235951138,564.8599853515625,stock,2024-07-16,,,,,,
SPY,280.85024909213314,556.9400024414062,stock,2024-07-17,,,,,,
SPY,125.02723269797195,552.6599731445312,stock,2024-07-18,,,,,,
SPY,81.43958897655668,548.989990234375,stock,2024-07-19,,,,,,
SPY,-49.839370933344306,554.6500244140625,stock,2024-07-22,,,,,,
SPY,40.16776663988963,553.780029296875,stock,2024-07-23,,,,,,
SPY,-2.0,0.10500000000000001,option,2024-07-24,570.0,2024-07-31,call,0.14529140170931956,0.005956109544174445,
SPY,1.191221908834889,541.22998046875,stock,2024-07-24,,,,,,
SPY,-2.0,0.155,option,2024-07-24,567.0,2024-07-31,call,0.14529140170931956,0.012146492581147179,
SPY,2.429298516229436,541.22998046875,stock,2024-07-24,,,,,,
SPY,-2.0,0.125,option,2024-07-24,575.0,2024-08-02,call,0.14529140170931956,0.004859856108448163,
SPY,0.9719712216896326,541.22998046875,stock,2024-07-24,,,,,,
SPY,-2.0,0.215,option,2024-07-24,570.0,2024-08-02,call,0.14529140170931956,0.013803184945644826,
SPY,2.7606369891289653,541.22998046875,stock,2024-07-24,,,,,,
SPY,-2.0,0.125,option,2024-07-24,580.0,2024-08-09,call,0.14529140170931956,0.014458875676761832,
SPY,2.891775135352366,541.22998046875,stock,2024-07-24,,,,,,
SPY,-2.0,2.44,option,2024-07-24,515.0,2024-08-23,put,0.14529140170931956,-0.10511773156932702,1.115111116727146
SPY,-21.023546313865403,541.22998046875,stock,2024-07-24,,,,,,
SPY,105.10519680719212,541.22998046875,stock,2024-07-24,,,,,,
SPY,-3.4159363136022236,538.4099731445312,stock,2024-07-25,,,,,,
SPY,8.812946531419726,544.4400024414062,stock,2024-07-26,,,,,,
SPY,2.790508471107909,544.760009765625,stock,2024-07-29,,,,,,
SPY,-2.400084801179238,542.0,stock,2024-07-30,,,,,,
SPY,-2.0,2.035,option,2024-07-31,524.0,2024-08-30,put,0.14297014888644358,-0.10062866245600688,0.8574477474961305
SPY,-20.125732491201376,550.8099975585938,stock,2024-07-31,,,,,,
SPY,10.321469857979729,550.8099975585938,stock,2024-07-31,,,,,,
SPY,-18.94042509159115,543.010009765625,stock,2024-08-01,,,,,,
SPY,-44.00318295646592,532.9000244140625,stock,2024-08-02,,,,,,
SPY,-112.66672396920355,517.3800048828125,stock,2024-08-05,,,,,,
SPY,40.86904587874484,522.1500244140625,stock,2024-08-06,,,,,,
SPY,-2.0,5.574999999999999,option,2024-08-07,493.0,2024-09-06,put,0.16881676253915479,-0.13424752168241194,2.2094092252083715
SPY,-26.84950433648239,518.6599731445312,stock,2024-08-07,,,,,,
SPY,-2.0,5.744999999999999,option,2024-08-07,494.0,2024-09-06,put,0.16881676253915479,-0.14351335672928212,2.045041621464423
SPY,-28.702671345856423,518.6599731445312,stock,2024-08-07,,,,,,
SPY,-2.0,5.915,option,2024-08-07,495.0,2024-09-06,put,0.16881676253915479,-0.15318148326028824,1.8907142835659074
SPY,-30.63629665205765,518.6599731445312,stock,2024-08-07,,,,,,
SPY,-2.0,6.09,option,2024-08-07,496.0,2024-09-06,put,0.16881676253915479,-0.16325092698237653,1.7480945922610738
SPY,-32.65018539647531,518.6599731445312,stock,2024-08-07,,,,,,
SPY,-2.0,6.27,option,2024-08-07,497.0,2024-09-06,put,0.16881676253915479,-0.1737192894731816,1.6161048195572483
SPY,-34.74385789463632,518.6599731445312,stock,2024-08-07,,,,,,
SPY,-2.0,6.470000000000001,option,2024-08-07,498.0,2024-09-06,put,0.16881676253915479,-0.18458271621172995,1.4995789035634444
SPY,-36.91654324234599,518.6599731445312,stock,2024-08-07,,,,,,
SPY,-2.0,6.67,option,2024-08-07,499.0,2024-09-06,put,0.16881676253915479,-0.19583587377066847,1.3892282149807833
SPY,-39.1671747541337,518.6599731445312,stock,2024-08-07,,,,,,
SPY,-2.0,6.875,option,2024-08-07,500.0,2024-09-06,put,0.16881676253915479,-0.20747193657783547,1.2864436565778643
SPY,-41.494387315567096,518.6599731445312,stock,2024-08-07,,,,,,
SPY,-2.0,7.09,option,2024-08-07,501.0,2024-09-06,put,0.16881676253915479,-0.21948258356451877,1.192145199071265
SPY,-43.896516712903754,518.6599731445312,stock,2024-08-07,,,,,,
SPY,-2.0,7.3149999999999995,option,2024-08-07,502.0,2024-09-06,put,0.16881676253915479,-0.2318580049220429,1.1054478311356437
SPY,-46.37160098440858,518.6599731445312,stock,2024-08-07,,,,,,
SPY,-2.0,7.535,option,2024-08-07,503.0,2024-09-06,put,0.16881676253915479,-0.24458691908875008,1.0215514198604831
SPY,-48.917383817750014,518.6599731445312,stock,2024-08-07,,,,,,
SPY,-2.0,7.775,option,2024-08-07,504.0,2024-09-06,put,0.16881676253915479,-0.25765659998719925,0.9468394694747045
SPY,-51.53131999743985,518.6599731445312,stock,2024-08-07,,,,,,
SPY,-2.0,8.015,option,2024-08-07,505.0,2024-09-06,put,0.16881676253915479,-0.27105291442796964,0.8754730629381019
SPY,-54.21058288559393,518.6599731445312,stock,2024-08-07,,,,,,
SPY,-1.0,8.265,option,2024-08-07,506.0,2024-09-06,put,0.16881676253915479,-0.28476036949312533,0.8095458837136059
SPY,-28.476036949312533,518.6599731445312,stock,2024-08-07,,,,,,
SPY,7.939580808427781,518.6599731445312,stock,2024-08-07,,,,,,
SPY,374.38033013827703,530.6500244140625,stock,2024-08-08,,,,,,
SPY,60.33887948130228,532.989990234375,stock,2024-08-09,,,,,,
SPY,36.51896191817066,533.27001953125,stock,2024-08-12,,,,,,
SPY,131.18691852303775,542.0399780273438,stock,2024-08-13,,,,,,
SPY,-1.0,1.94,option,2024-08-14,517.0,2024-09-13,put,0.14319904025912425,-0.09863642851627241,0.8345287109930463
SPY,-9.86364285162724,543.75,stock,2024-08-14,,,,,,
SPY,2.0,0.665,option,2024-08-14,570.0,2024-09-13,call,0.14319904025912425,0.13833196262022568,-0.5684823614001048
SPY,-27.666392524045136,543.75,stock,2024-08-14,,,,,,
SPY,19.91702948980258,543.75,stock,2024-08-14,,,,,,
SPY,32.59545178360312,553.0700073242188,stock,2024-08-15,,,,,,
SPY,3.64117643233984,554.3099975585938,stock,2024-08-16,,,,,,
SPY,-1.2154480820418172,559.6099853515625,stock,2024-08-19,,,,,,
SPY,4.629325174443778,558.7000122070312,stock,2024-08-20,,,,,,
SPY,2.0,0.89,option,2024-08-21,585.0,2024-09-20,call,0.15018276866793773,0.1764522902846723,-0.6050137996495398
SPY,-35.29045805693446,560.6199951171875,stock,2024-08-21,,,,,,
SPY,2.0,1.27,option,2024-08-21,582.0,2024-09-20,call,0.15018276866793773,0.20909702517726325,-0.545639816963674
SPY,-41.81940503545265,560.6199951171875,stock,2024-08-21,,,,,,
SPY,-10.449984668146747,560.6199951171875,stock,2024-08-21,,,,,,
SPY,36.727064353010114,556.219970703125,stock,2024-08-22,,,,,,
SPY,-42.48148111150964,562.1300048828125,stock,2024-08-23,,,,,,
SPY,22.438963415144443,560.7899780273438,stock,2024-08-26,,,,,,
SPY,-3.0520432171696257,561.5599975585938,stock,2024-08-27,,,,,,
SPY,-2.0,2.685,option,2024-08-28,531.0,2024-09-27,put,0.1525051372897639,-0.1138845939450559,0.9486443251954648
SPY,-22.77691878901118,558.2999877929688,stock,2024-08-28,,,,,,
SPY,34.44783963853509,558.2999877929688,stock,2024-08-28,,,,,,
SPY,4.5970519014527795,558.3499755859375,stock,2024-08-29,,,,,,
SPY,-37.68368265657638,563.6799926757812,stock,2024-08-30,,,,,,
SPY,97.22799359935709,552.0800170898438,stock,2024-09-03,,,,,,
SPY,-2.0,4.07,option,2024-09-04,525.0,2024-10-04,put,0.16269156154513498,-0.13720886977347901,1.2296192661132754
SPY,-27.441773954695805,550.9500122070312,stock,2024-09-04,,,,,,
SPY,10.722901240084838,550.9500122070312,stock,2024-09-04,,,,,,
SPY,5.807595681946129,549.6099853515625,stock,2024-09-05,,,,,,
SPY,-26.793329614440594,540.3599853515625,stock,2024-09-06,,,,,,
SPY,38.00488796950056,546.4099731445312,stock,2024-09-09,,,,,,
SPY,12.344788118165347,548.7899780273438,stock,2024-09-10,,,,,,
SPY,-2.0,3.23,option,2024-09-11,530.0,2024-10-11,put,0.15257362064242502,-0.13801903774956292,0.8637986117804132
SPY,-27.603807549912585,554.4199829101562,stock,2024-09-11,,,,,,
SPY,2.0,0.76,option,2024-09-11,580.0,2024-10-11,call,0.15257362064242502,0.16559135311449835,-0.6363351169276188
SPY,-33.11827062289967,554.4199829101562,stock,2024-09-11,,,,,,
SPY,2.0,0.87,option,2024-09-11,579.0,2024-10-11,call,0.15257362064242502,0.17559492889615352,-0.6132084892699632
SPY,-35.118985779230705,554.4199829101562,stock,2024-09-11,,,,,,
SPY,2.0,1.0,option,2024-09-11,578.0,2024-10-11,call,0.15257362064242502,0.18599149048182623,-0.5865169143606552
SPY,-37.19829809636524,554.4199829101562,stock,2024-09-11,,,,,,
SPY,2.0,1.14,option,2024-09-11,577.0,2024-10-11,call,0.15257362064242502,0.19678032127361783,-0.5611746141561614
SPY,-39.35606425472356,554.4199829101562,stock,2024-09-11,,,,,,
SPY,2.0,1.3,option,2024-09-11,576.0,2024-10-11,call,0.15257362064242502,0.20795939425629972,-0.5336765024131832
SPY,-41.59187885125994,554.4199829101562,stock,2024-09-11,,,,,,
SPY,2.0,1.48,option,2024-09-11,575.0,2024-10-11,call,0.15257362064242502,0.21952532289868615,-0.5047900246213785
SPY,-43.90506457973723,554.4199829101562,stock,2024-09-11,,,,,,
SPY,1.742249762789804,554.4199829101562,stock,2024-09-11,,,,,,
SPY,-49.778037922090675,559.0900268554688,stock,2024-09-12,,,,,,
SPY,-35.19905041134534,562.010009765625,stock,2024-09-13,,,,,,
SPY,21.321050424708673,562.8400268554688,stock,2024-09-16,,,,,,
SPY,7.197136222438232,563.0700073242188,stock,2024-09-17,,,,,,
SPY,-2.0,2.665,option,2024-09-18,534.0,2024-10-18,put,0.14645045932650705,-0.10529971410282646,1.204592523142406
SPY,-21.05994282056529,561.4000244140625,stock,2024-09-18,,,,,,
SPY,-2.0,2.78,option,2024-09-18,535.0,2024-10-18,put,0.14645045932650705,-0.11364702955765427,1.0962889907070033
SPY,-22.729405911530854,561.4000244140625,stock,2024-09-18,,,,,,
SPY,-2.0,2.89,option,2024-09-18,536.0,2024-10-18,put,0.14645045932650705,-0.12243876991288927,0.9897309323993136
SPY,-24.487753982577853,561.4000244140625,stock,2024-09-18,,,,,,
SPY,-2.0,3.01,option,2024-09-18,537.0,2024-10-18,put,0.14645045932650705,-0.13167942363809715,0.8952209210102068
SPY,-26.33588472761943,561.4000244140625,stock,2024-09-18,,,,,,
SPY,-2.0,3.14,option,2024-09-18,538.0,2024-10-18,put,0.14645045932650705,-0.1413719122971242,0.8109992863970693
SPY,-28.274382459424842,561.4000244140625,stock,2024-09-18,,,,,,
SPY,49.02026448289561,561.4000244140625,stock,2024-09-18,,,,,,
SPY,-115.033779560019,570.97998046875,stock,2024-09-19,,,,,,
SPY,54.80022823689076,568.25,stock,2024-09-20,,,,,,
SPY,4.08237190877084,569.6699829101562,stock,2024-09-23,,,,,,
SPY,-22.91113892493612,571.2999877929688,stock,2024-09-24,,,,,,
SPY,2.0,0.735,option,2024-09-25,595.0,2024-10-25,call,0.15308581050753733,0.17955713720178257,-0.6919966458092337
SPY,-35.91142744035651,570.0399780273438,stock,2024-09-25,,,,,,
SPY,2.0,1.355,option,2024-09-25,590.0,2024-10-25,call,0.15308581050753733,0.23429543680250092,-0.5960354210819302
SPY,-46.85908736050018,570.0399780273438,stock,2024-09-25,,,,,,
SPY,29.843156797030645,570.0399780273438,stock,2024-09-25,,,,,,
SPY,-2.0,4.890000000000001,option,2024-09-26,575.0,2024-10-11,call,0.15454233821749827,0.46972465725019913,
SPY,93.94493145003983,572.2999877929688,stock,2024-09-26,,,,,,
SPY,-49.01370176647967,572.2999877929688,stock,2024-09-26,,,,,,
SPY,-2.0,4.07,option,2024-09-27,576.0,2024-10-11,call,0.15454233821749827,0.42507026369978096,
SPY,85.01405273995618,571.469970703125,stock,2024-09-27,,,,,,
SPY,29.741623581491886,571.469970703125,stock,2024-09-27,,,,,,
SPY,-2.0,3.145,option,2024-09-30,579.0,2024-10-11,call,0.1530921905887141,0.3905900886267197,
SPY,78.11801772534393,573.760009765625,stock,2024-09-30,,,,,,
SPY,-2.0,3.5949999999999998,option,2024-09-30,578.0,2024-10-11,call,0.1530921905887141,0.4157651150515454,
SPY,83.15302301030908,573.760009765625,stock,2024-09-30,,,,,,
SPY,-2.0,4.0600000000000005,option,2024-09-30,577.0,2024-10-11,call,0.1530921905887141,0.44133522941682296,
SPY,88.26704588336459,573.760009765625,stock,2024-09-30,,,,,,
SPY,-19.53824211979105,573.760009765625,stock,2024-09-30,,,,,,
SPY,-2.0,1.57,option,2024-10-01,580.0,2024-10-11,call,0.1530921905887141,0.23549607592611732,
SPY,47.099215185223464,568.6199951171875,stock,2024-10-01,,,,,,
SPY,-2.0,3.0549999999999997,option,2024-10-01,541.0,2024-10-31,put,0.1530921905887141,-0.11626021960064692,1.1145469946563489
SPY,-23.252043920129385,568.6199951171875,stock,2024-10-01,,,,,,
SPY,-2.0,3.16,option,2024-10-01,542.0,2024-10-31,put,0.1530921905887141,-0.12469846205555934,1.0076024263422922
SPY,-24.93969241111187,568.6199951171875,stock,2024-10-01,,,,,,
SPY,-2.0,3.275,option,2024-10-01,543.0,2024-10-31,put,0.1530921905887141,-0.13353894706812963,0.9125840144403058
SPY,-26.707789413625925,568.6199951171875,stock,2024-10-01,,,,,,
SPY,-2.0,3.39,option,2024-10-01,544.0,2024-10-31,put,0.1530921905887141,-0.1427837517335966,0.8224450586109914
SPY,-28.55675034671932,568.6199951171875,stock,2024-10-01,,,,,,
SPY,2.0,0.8,option,2024-10-01,595.0,2024-10-31,call,0.1530921905887141,0.16506781179487207,-0.6265191036486782
SPY,-33.01356235897441,568.6199951171875,stock,2024-10-01,,,,,,
SPY,2.0,1.1749999999999998,option,2024-10-01,592.0,2024-10-31,call,0.1530921905887141,0.19526072386492,-0.5561038657777674
SPY,-39.052144772984,568.6199951171875,stock,2024-10-01,,,,,,
SPY,2.0,1.335,option,2024-10-01,591.0,2024-10-31,call,0.1530921905887141,0.20606449627460066,-0.5291429813043464
SPY,-41.21289925492013,568.6199951171875,stock,2024-10-01,,,,,,
SPY,2.0,1.505,option,2024-10-01,590.0,2024-10-31,call,0.1530921905887141,0.21723415711647515,-0.5039660704522435
SPY,-43.44683142329503,568.6199951171875,stock,2024-10-01,,,,,,
SPY,39.960650995539694,568.6199951171875,stock,2024-10-01,,,,,,
SPY,-2.0,2.9,option,2024-10-02,541.0,2024-11-01,put,0.1583336418521418,-0.12198060339859451,0.8282117076452015
SPY,-24.3961206797189,568.8599853515625,stock,2024-10-02,,,,,,
SPY,2.0,0.875,option,2024-10-02,595.0,2024-11-01,call,0.1583336418521418,0.1759709759384308,-0.6353607907634218
SPY,-35.19419518768616,568.8599853515625,stock,2024-10-02,,,,,,
SPY,2.0,1.665,option,2024-10-02,590.0,2024-11-01,call,0.1583336418521418,0.22815953477437612,-0.501847382841168
SPY,-45.63190695487522,568.8599853515625,stock,2024-10-02,,,,,,
SPY,7.905764617551327,568.8599853515625,stock,2024-10-02,,,,,,
SPY,22.445189867001822,567.8200073242188,stock,2024-10-03,,,,,,
SPY,-37.36185871552687,572.97998046875,stock,2024-10-04,,,,,,
SPY,101.79945133196748,567.7999877929688,stock,2024-10-07,,,,,,
SPY,-46.94700821526471,573.1699829101562,stock,2024-10-08,,,,,,
SPY,-2.0,3.91,option,2024-10-09,550.0,2024-11-08,put,0.15483591731906077,-0.12624902579799147,1.3829191104557659
SPY,-25.249805159598292,577.1400146484375,stock,2024-10-09,,,,,,
SPY,-55.726980159486814,577.1400146484375,stock,2024-10-09,,,,,,
SPY,33.73494505626559,576.1300048828125,stock,2024-10-10,,,,,,
SPY,-56.51868417871722,579.5800170898438,stock,2024-10-11,,,,,,
SPY,-85.16441467563214,584.3200073242188,stock,2024-10-14,,,,,,
SPY,142.3104020201172,579.780029296875,stock,2024-10-15,,,,,,
SPY,-2.0,3.215,option,2024-10-16,554.0,2024-11-15,put,0.15649120029330393,-0.12109153363540959,1.0218083759440941
SPY,-24.218306727081917,582.2999877929688,stock,2024-10-16,,,,,,
SPY,-51.53523333150794,582.2999877929688,stock,2024-10-16,,,,,,
SPY,16.091266506955357,582.3499755859375,stock,2024-10-17,,,,,,
SPY,-53.00906835599101,584.5900268554688,stock,2024-10-18,,,,,,
SPY,97.78692855055533,583.6300048828125,stock,2024-10-21,,,,,,
SPY,40.849517636657275,583.3200073242188,stock,2024-10-22,,,,,,
SPY,-2.0,3.255,option,2024-10-23,550.0,2024-11-22,put,0.1514735668551936,-0.11456215129789249,1.2811385023116402
SPY,-22.9124302595785,577.989990234375,stock,2024-10-23,,,,,,
SPY,-2.0,3.925,option,2024-10-23,555.0,2024-11-22,put,0.1514735668551936,-0.16005750801683916,0.8199526330531474
SPY,-32.01150160336783,577.989990234375,stock,2024-10-23,,,,,,
SPY,194.86392222012688,577.989990234375,stock,2024-10-23,,,,,,
SPY,9.897502486431701,579.239990234375,stock,2024-10-24,,,,,,
SPY,32.5731182148146,579.0399780273438,stock,2024-10-25,,,,,,
SPY,-2.0,0.825,option,2024-10-28,590.0,2024-11-01,call,0.15176714595675608,0.17179786344765524,
SPY,34.35957268953105,580.8300170898438,stock,2024-10-28,,,,,,
SPY,73.05773681861596,580.8300170898438,stock,2024-10-28,,,,,,
SPY,29.223084586523353,581.77001953125,stock,2024-10-29,,,,,,
SPY,-2.0,3.605,option,2024-10-30,552.0,2024-11-29,put,0.14873352702975412,-0.11110466343162395,1.6623261205259212
SPY,-22.22093268632479,580.010009765625,stock,2024-10-30,,,,,,
SPY,-2.0,3.74,option,2024-10-30,553.0,2024-11-29,put,0.14873352702975412,-0.11935293875957798,1.5311832331648512
SPY,-23.870587751915593,580.010009765625,stock,2024-10-30,,,,,,
SPY,-2.0,3.875,option,2024-10-30,554.0,2024-11-29,put,0.14873352702975412,-0.1280081000084391,1.4069448497575172
SPY,-25.60162000168782,580.010009765625,stock,2024-10-30,,,,,,
SPY,-2.0,4.025,option,2024-10-30,555.0,2024-11-29,put,0.14873352702975412,-0.13707315859388625,1.2979576423687094
SPY,-27.41463171877725,580.010009765625,stock,2024-10-30,,,,,,
SPY,-2.0,4.175000000000001,option,2024-10-30,556.0,2024-11-29,put,0.14873352702975412,-0.14654978692220455,1.1940491826674173
SPY,-29.30995738444091,580.010009765625,stock,2024-10-30,,,,,,
SPY,-1.0,4.324999999999999,option,2024-10-30,557.0,2024-11-29,put,0.14873352702975412,-0.15643825865858396,1.0951472770927337
SPY,-15.643825865858396,580.010009765625,stock,2024-10-30,,,,,,
SPY,66.74771352978456,580.010009765625,stock,2024-10-30,,,,,,
SPY,-195.43468112783185,568.6400146484375,stock,2024-10-31,,,,,,
SPY,63.64497798218745,571.0399780273438,stock,2024-11-01,,,,,,
SPY,0.5138769810045218,569.8099975585938,stock,2024-11-04,,,,,,
SPY,139.5158155955083,576.7000122070312,stock,2024-11-05,,,,,,
SPY,140.76020129999745,591.0399780273438,stock,2024-11-06,,,,,,
SPY,20.727843188033305,595.6099853515625,stock,2024-11-07,,,,,,
SPY,8.720541959525766,598.1900024414062,stock,2024-11-08,,,,,,
SPY,6.7216491776625595,598.760009765625,stock,2024-11-11,,,,,,
SPY,-0.7681503353213821,596.9000244140625,stock,2024-11-12,,,,,,
SPY,2.0,0.66,option,2024-11-13,625.0,2024-12-13,call,0.14219789491695245,0.1455305851311428,-0.631153238972949
SPY,-29.10611702622856,597.1900024414062,stock,2024-11-13,,,,,,
SPY,2.0,1.225,option,2024-11-13,620.0,2024-12-13,call,0.14219789491695245,0.1952338169482934,-0.5262009315319652
SPY,-39.04676338965868,597.1900024414062,stock,2024-11-13,,,,,,
SPY,-2.8479741213086953,597.1900024414062,stock,2024-11-13,,,,,,
SPY,13.889993034548489,593.3499755859375,stock,2024-11-14,,,,,,
SPY,7.976898892056013,585.75,stock,2024-11-15,,,,,,
SPY,17.36439760614258,588.1500244140625,stock,2024-11-18,,,,,,
SPY,1.2348072698271402,590.2999877929688,stock,2024-11-19,,,,,,
SPY,-2.0,2.58,option,2024-11-20,561.0,2024-12-20,put,0.14873352702975412,-0.10351968672872569,1.0390346851108294
SPY,-20.70393734574514,590.5,stock,2024-11-20,,,,,,
SPY,-2.0,2.68,option,2024-11-20,562.0,2024-12-20,put,0.14873352702975412,-0.11123587391698497,0.9412581268158713
SPY,-22.247174783396993,590.5,stock,2024-11-20,,,,,,
SPY,-2.0,2.785,option,2024-11-20,563.0,2024-12-20,put,0.14873352702975412,-0.11934056663113024,0.8516026209042027
SPY,-23.868113326226048,590.5,stock,2024-11-20,,,,,,
SPY,2.0,0.775,option,2024-11-20,620.0,2024-12-20,call,0.14873352702975412,0.13931495655532833,-0.5577117453166781
SPY,-27.862991311065667,590.5,stock,2024-11-20,,,,,,
SPY,2.0,1.0750000000000002,option,2024-11-20,617.0,2024-12-20,call,0.14873352702975412,0.1661104446764623,-0.5067445933987458
SPY,-33.22208893529246,590.5,stock,2024-11-20,,,,,,
SPY,3.9369113950204806,590.5,stock,2024-11-20,,,,,,
SPY,-2.4432257239179336,593.6699829101562,stock,2024-11-21,,,,,,
SPY,-1.9075593472782089,595.510009765625,stock,2024-11-22,,,,,,
SPY,8.284835086783225,597.530029296875,stock,2024-11-25,,,,,,
SPY,-16.377068033851486,600.6500244140625,stock,2024-11-26,,,,,,
SPY,2.0,0.355,option,2024-11-27,625.0,2024-12-27,call,0.13806437479060968,0.15402477644750484,-0.8101480610035133
SPY,-30.804955289500967,598.8300170898438,stock,2024-11-27,,,,,,
SPY,2.0,0.405,option,2024-11-27,624.0,2024-12-27,call,0.13806437479060968,0.1638225442142499,-0.7994180880015278
SPY,-32.764508842849985,598.8300170898438,stock,2024-11-27,,,,,,
SPY,2.0,0.46499999999999997,option,2024-11-27,623.0,2024-12-27,call,0.13806437479060968,0.17403270012941074,-0.7864987036177048
SPY,-34.80654002588215,598.8300170898438,stock,2024-11-27,,,,,,
SPY,2.0,0.54,option,2024-11-27,622.0,2024-12-27,call,0.13806437479060968,0.18465583771934652,-0.7699026586151879
SPY,-36.9311675438693,598.8300170898438,stock,2024-11-27,,,,,,
SPY,2.0,0.62,option,2024-11-27,621.0,2024-12-27,call,0.13806437479060968,0.19569116173504741,-0.7545642194236875
SPY,-39.138232347009485,598.8300170898438,stock,2024-11-27,,,,,,
SPY,2.0,0.71,option,2024-11-27,620.0,2024-12-27,call,0.13806437479060968,0.207136426759783,-0.7386096968699635
SPY,-41.4272853519566,598.8300170898438,stock,2024-11-27,,,,,,
SPY,2.0,0.815,option,2024-11-27,619.0,2024-12-27,call,0.13806437479060968,0.21898788280804055,-0.7206628523987721
SPY,-43.79757656160811,598.8300170898438,stock,2024-11-27,,,,,,
SPY,2.7747243858772137,598.8300170898438,stock,2024-11-27,,,,,,
SPY,-67.96348903952128,602.5499877929688,stock,2024-11-29,,,,,,
SPY,15.088041892758582,603.6300048828125,stock,2024-12-02,,,,,,
SPY,8.586053736837812,603.9099731445312,stock,2024-12-03,,,,,,
SPY,2.0,0.32,option,2024-12-04,635.0,2025-01-03,call,0.13806437479060968,0.14673472043034308,-0.820911541005568
SPY,-29.346944086068618,607.6599731445312,stock,2024-12-04,,,,,,
SPY,2.0,0.6,option,2024-12-04,630.0,2025-01-03,call,0.13806437479060968,0.19743366970546794,-0.7685597184932086
SPY,-39.48673394109359,607.6599731445312,stock,2024-12-04,,,,,,
SPY,2.0,1.1400000000000001,option,2024-12-04,625.0,2025-01-03,call,0.13806437479060968,0.25800283358632053,-0.689087549661736
SPY,-51.60056671726411,607.6599731445312,stock,2024-12-04,,,,,,
SPY,2.0,1.2850000000000001,option,2024-12-04,624.0,2025-01-03,call,0.13806437479060968,0.27124238100501563,-0.6720278636107807
SPY,-54.24847620100313,607.6599731445312,stock,2024-12-04,,,,,,
SPY,2.0,1.46,option,2024-12-04,623.0,2025-01-03,call,0.13806437479060968,0.2848341722239802,-0.6509239696503052
SPY,-56.96683444479604,607.6599731445312,stock,2024-12-04,,,,,,
SPY,2.0,1.65,option,2024-12-04,622.0,2025-01-03,call,0.13806437479060968,0.29876525969947476,-0.6300736989034318
SPY,-59.75305193989495,607.6599731445312,stock,2024-12-04,,,,,,
SPY,-127.22351820832282,607.6599731445312,stock,2024-12-04,,,,,,
SPY,75.41236364678744,606.6599731445312,stock,2024-12-05,,,,,,
SPY,-34.55149818413899,607.8099975585938,stock,2024-12-06,,,,,,
SPY,241.33563271839543,604.6799926757812,stock,2024-12-09,,,,,,
SPY,110.89890301656301,602.7999877929688,stock,2024-12-10,,,,,,
SPY,-184.33320720368116,607.4600219726562,stock,2024-12-11,,,,,,
SPY,177.2590017016434,604.3300170898438,stock,2024-12-12,,,,,,
SPY,33.37555909357711,604.2100219726562,stock,2024-12-13,,,,,,
SPY,-17.720311144605084,606.7899780273438,stock,2024-12-16,,,,,,
SPY,148.42197589533106,604.2899780273438,stock,2024-12-17,,,,,,
SPY,-2.0,5.49,option,2024-12-18,557.0,2025-01-17,put,0.1786748081171577,-0.1450605861756893,1.3969918531803491
SPY,-29.012117235137858,586.280029296875,stock,2024-12-18,,,,,,
SPY,-2.0,5.615,option,2024-12-18,558.0,2025-01-17,put,0.1786748081171577,-0.15319200316597015,1.2905083086955
SPY,-30.63840063319403,586.280029296875,stock,2024-12-18,,,,,,
SPY,325.4215157408327,586.280029296875,stock,2024-12-18,,,,,,
SPY,6.824870606969306,586.0999755859375,stock,2024-12-19,,,,,,
SPY,-0.19666774368445417,591.1500244140625,stock,2024-12-20,,,,,,
SPY,18.277290786336508,594.6900024414062,stock,2024-12-23,,,,,,
SPY,-25.646709513057782,601.2999877929688,stock,2024-12-24,,,,,,
SPY,28.789536137049538,601.3400268554688,stock,2024-12-26,,,,,,
SPY,23.445888761613233,595.010009765625,stock,2024-12-27,,,,,,
SPY,-1.6275289730567266,588.219970703125,stock,2024-12-30,,,,,,
SPY,-3.4121140660088543,586.0800170898438,stock,2024-12-31,,,,,,
SPY,0.7169674070178722,584.6400146484375,stock,2025-01-02,,,,,,
SPY,18.52063559068433,591.9500122070312,stock,2025-01-03,,,,,,
SPY,9.1871840068523,595.3599853515625,stock,2025-01-06,,,,,,
SPY,-5.801320588908343,588.6300048828125,stock,2025-01-07,,,,,,
SPY,3.450985345366653,589.489990234375,stock,2025-01-08,,,,,,
SPY,-10.407541373394123,580.489990234375,stock,2025-01-10,,,,,,
SPY,14.121092106822353,581.3900146484375,stock,2025-01-13,,,,,,
SPY,3.199809341641033,582.1900024414062,stock,2025-01-14,,,,,,
SPY,2.0,0.81,option,2025-01-15,620.0,2025-02-14,call,0.15038285907626292,0.1631328398148305,-0.6253808066686122
SPY,-32.6265679629661,592.780029296875,stock,2025-01-15,,,,,,
SPY,2.0,1.455,option,2025-01-15,615.0,2025-02-14,call,0.15038285907626292,0.2136409022222407,-0.5217202578654266
SPY,-42.728180444448135,592.780029296875,stock,2025-01-15,,,,,,
SPY,-3.218565943242872,592.780029296875,stock,2025-01-15,,,,,,
SPY,6.874843357547675,591.6400146484375,stock,2025-01-16,,,,,,
SPY,-25.488170158879143,597.5800170898438,stock,2025-01-17,,,,,,
SPY,-22.024776153255992,603.0499877929688,stock,2025-01-21,,,,,,
SPY,2.0,0.605,option,2025-01-22,635.0,2025-02-21,call,0.14734165843844552,0.15164727413136125,-0.6944330970515242
SPY,-30.32945482627225,606.4400024414062,stock,2025-01-22,,,,,,
SPY,2.0,1.08,option,2025-01-22,630.0,2025-02-21,call,0.14734165843844552,0.1998235317641735,-0.6143261560794799
SPY,-39.9647063528347,606.4400024414062,stock,2025-01-22,,,,,,
SPY,2.0,1.88,option,2025-01-22,625.0,2025-02-21,call,0.14734165843844552,0.25667889808552197,-0.5146652571642162
SPY,-51.33577961710439,606.4400024414062,stock,2025-01-22,,,,,,
SPY,-26.484203348404797,606.4400024414062,stock,2025-01-22,,,,,,
SPY,-40.93815205254004,609.75,stock,2025-01-23,,,,,,
SPY,29.72521186317202,607.969970703125,stock,2025-01-24,,,,,,
SPY,-2.0,2.145,option,2025-01-27,615.0,2025-02-14,call,0.15005259212374827,0.24386853450947787,
SPY,48.77370690189557,599.3699951171875,stock,2025-01-27,,,,,,
SPY,124.95419075463596,599.3699951171875,stock,2025-01-27,,,,,,
SPY,-39.29006980317068,604.52001953125,stock,2025-01-28,,,,,,
SPY,2.0,1.15,option,2025-01-29,626.0,2025-02-28,call,0.14947151836276193,0.19493469659871682,-0.5788741062645112
SPY,-38.986939319743364,601.8099975585938,stock,2025-01-29,,,,,,
SPY,27.2451405339964,601.8099975585938,stock,2025-01-29,,,,,,
SPY,-30.535739379100825,605.0399780273438,stock,2025-01-30,,,,,,
SPY,43.35118471742227,601.8200073242188,stock,2025-01-31,,,,,,
SPY,58.152715488470406,597.77001953125,stock,2025-02-03,,,,,,
SPY,-28.544918681071383,601.780029296875,stock,2025-02-04,,,,,,
SPY,2.0,0.5,option,2025-02-05,634.0,2025-03-07,call,0.14873352702975412,0.14266743874522597,-0.7291811923680127
SPY,-28.533487749045193,604.219970703125,stock,2025-02-05,,,,,,
SPY,2.0,0.5700000000000001,option,2025-02-05,633.0,2025-03-07,call,0.14873352702975412,0.1511784842088561,-0.7126056226290423
SPY,-30.23569684177122,604.219970703125,stock,2025-02-05,,,,,,
SPY,2.0,0.655,option,2025-02-05,632.0,2025-03-07,call,0.14873352702975412,0.16003498246729386,-0.6923020073660818
SPY,-32.00699649345877,604.219970703125,stock,2025-02-05,,,,,,
SPY,2.0,0.745,option,2025-02-05,631.0,2025-03-07,call,0.14873352702975412,0.16923886436531776,-0.6736345663219871
SPY,-33.847772873063555,604.219970703125,stock,2025-02-05,,,,,,
SPY,2.0,0.85,option,2025-02-05,630.0,2025-03-07,call,0.14873352702975412,0.17879114654786166,-0.6524517975577475
SPY,-35.75822930957233,604.219970703125,stock,2025-02-05,,,,,,
SPY,2.0,0.97,option,2025-02-05,629.0,2025-03-07,call,0.14873352702975412,0.18869188504162165,-0.6294908792753424
SPY,-37.73837700832433,604.219970703125,stock,2025-02-05,,,,,,
SPY,2.0,1.0950000000000002,option,2025-02-05,628.0,2025-03-07,call,0.14873352702975412,0.19894013217586476,-0.6089302943454512
SPY,-39.78802643517295,604.219970703125,stock,2025-02-05,,,,,,
SPY,2.0,1.24,option,2025-02-05,627.0,2025-03-07,call,0.14873352702975412,0.2095338973202534,-0.5855659499603818
SPY,-41.90677946405068,604.219970703125,stock,2025-02-05,,,,,,
SPY,2.0,1.415,option,2025-02-05,626.0,2025-03-07,call,0.14873352702975412,0.22047011190871013,-0.5570409507193735
SPY,-44.09402238174203,604.219970703125,stock,2025-02-05,,,,,,
SPY,2.0,1.5950000000000002,option,2025-02-05,625.0,2025-03-07,call,0.14873352702975412,0.2317445992044086,-0.5319203512226618
SPY,-46.34891984088172,604.219970703125,stock,2025-02-05,,,,,,
SPY,2.0,1.79,option,2025-02-05,624.0,2025-03-07,call,0.14873352702975412,0.24335204924156734,-0.5071198311538928
SPY,-48.67040984831347,604.219970703125,stock,2025-02-05,,,,,,
SPY,-43.552635141110464,604.219970703125,stock,2025-02-05,,,,,,
SPY,-57.43709840369624,606.3200073242188,stock,2025-02-06,,,,,,
SPY,209.19241453986848,600.77001953125,stock,2025-02-07,,,,,,
SPY,-64.91548464070885,604.8499755859375,stock,2025-02-10,,,,,,
SPY,9.268782787007481,605.3099975585938,stock,2025-02-11,,,,,,
SPY,2.0,0.66,option,2025-02-12,630.0,2025-03-14,call,0.14116876300692696,0.15703946648920886,-0.6654113480481281
SPY,-31.40789329784177,603.3599853515625,stock,2025-02-12,,,,,,
SPY,2.0,0.995,option,2025-02-12,627.0,2025-03-14,call,0.14116876300692696,0.18706623183884347,-0.5949920434395517
SPY,-37.41324636776869,603.3599853515625,stock,2025-02-12,,,,,,
SPY,2.0,1.14,option,2025-02-12,626.0,2025-03-14,call,0.14116876300692696,0.19785155723051567,-0.5678540902778935
SPY,-39.57031144610313,603.3599853515625,stock,2025-02-12,,,,,,
SPY,2.0,1.3,option,2025-02-12,625.0,2025-03-14,call,0.14116876300692696,0.20902234353790816,-0.5406093056180543
SPY,-41.804468707581634,603.3599853515625,stock,2025-02-12,,,,,,
SPY,77.19275620748891,603.3599853515625,stock,2025-02-12,,,,,,
SPY,-256.3123828908242,609.72998046875,stock,2025-02-13,,,,,,
SPY,32.81963620923721,609.7000122070312,stock,2025-02-14,,,,,,
SPY,34.3516360464054,611.489990234375,stock,2025-02-18,,,,,,
SPY,-2.0,2.12,option,2025-02-19,583.0,2025-03-21,put,0.13965003665805,-0.09483995470326811,0.9127159729632882
SPY,-18.96799094065362,612.9299926757812,stock,2025-02-19,,,,,,
SPY,-39.680404867444985,612.9299926757812,stock,2025-02-19,,,,,,
SPY,157.20570398133088,610.3800048828125,stock,2025-02-20,,,,,,
SPY,371.4462131258706,599.9400024414062,stock,2025-02-21,,,,,,
SPY,109.14104318616089,597.2100219726562,stock,2025-02-24,,,,,,
SPY,43.30079075991643,594.239990234375,stock,2025-02-25,,,,,,
SPY,-2.0,3.35,option,2025-02-26,565.0,2025-03-28,put,0.14730507549166819,-0.10261553055312067,1.6838692554793577
SPY,-20.523106110624134,594.5399780273438,stock,2025-02-26,,,,,,
SPY,-2.0,4.039999999999999,option,2025-02-26,570.0,2025-03-28,put,0.14730507549166819,-0.1449914925464254,1.1196591138445104
SPY,-28.998298509285082,594.5399780273438,stock,2025-02-26,,,,,,
SPY,2.0,0.76,option,2025-02-26,624.0,2025-03-28,call,0.14730507549166819,0.1389285836157762,-0.5636308844758408
SPY,-27.78571672315524,594.5399780273438,stock,2025-02-26,,,,,,
SPY,12.840074724286133,594.5399780273438,stock,2025-02-26,,,,,,
SPY,-4.906817699617438,585.0499877929688,stock,2025-02-27,,,,,,
SPY,33.17071879158577,594.1799926757812,stock,2025-02-28,,,,,,
SPY,-27.290121615891138,583.77001953125,stock,2025-03-03,,,,,,
SPY,2.0,12.485,option,2025-03-04,583.0,2025-03-21,put,0.15061026271700997,-0.59846371363722,
SPY,119.69274272744399,576.8599853515625,stock,2025-03-04,,,,,,
SPY,-60.585422501730676,576.8599853515625,stock,2025-03-04,,,,,,
SPY,-2.0,4.779999999999999,option,2025-03-05,555.0,2025-04-04,put,0.1518219345462336,-0.11649517274857946,2.246088715221838
SPY,-23.29903454971589,583.0599975585938,stock,2025-03-05,,,,,,
SPY,-2.0,5.68,option,2025-03-05,560.0,2025-04-04,put,0.1518219345462336,-0.16191007064697116,1.5673728620556644
SPY,-32.382014129394236,583.0599975585938,stock,2025-03-05,,,,,,
SPY,37.30592031319671,583.0599975585938,stock,2025-03-05,,,,,,
SPY,-99.35717411809912,572.7100219726562,stock,2025-03-06,,,,,,
SPY,39.25421408130981,575.9199829101562,stock,2025-03-07,,,,,,
SPY,2.0,17.185000000000002,option,2025-03-10,570.0,2025-03-28,put,0.18306844291330027,-0.6326251991581455,
SPY,126.5250398316291,560.5800170898438,stock,2025-03-10,,,,,,
SPY,-199.3897636586379,560.5800170898438,stock,2025-03-10,,,,,,
SPY,2.0,16.115000000000002,option,2025-03-11,565.0,2025-03-28,put,0.20070792731881787,-0.6206800503156125,
SPY,124.1360100631225,555.9199829101562,stock,2025-03-11,,,,,,
SPY,2.0,15.120000000000001,option,2025-03-11,560.0,2025-04-04,put,0.20070792731881787,-0.5250183577125243,
SPY,105.00367154250485,555.9199829101562,stock,2025-03-11,,,,,,
SPY,-42.00343925058769,555.9199829101562,stock,2025-03-11,,,,,,
SPY,-2.0,5.574999999999999,option,2025-03-12,531.0,2025-04-11,put,0.17303002056002756,-0.13804154020402648,1.8060842339200784
SPY,-27.608308040805298,558.8699951171875,stock,2025-03-12,,,,,,
SPY,-2.0,5.765000000000001,option,2025-03-12,532.0,2025-04-11,put,0.17303002056002756,-0.1465759176242214,1.6936206284512378
SPY,-29.31518352484428,558.8699951171875,stock,2025-03-12,,,,,,
SPY,-2.0,5.965,option,2025-03-12,533.0,2025-04-11,put,0.17303002056002756,-0.15544039883249805,1.5902478463032188
SPY,-31.08807976649961,558.8699951171875,stock,2025-03-12,,,,,,
SPY,-2.0,6.165,option,2025-03-12,534.0,2025-04-11,put,0.17303002056002756,-0.16463392561477286,1.4909471946287798
SPY,-32.92678512295457,558.8699951171875,stock,2025-03-12,,,,,,
SPY,-2.0,6.385,option,2025-03-12,535.0,2025-04-11,put,0.17303002056002756,-0.1741544729653548,1.4032229569448902
SPY,-34.83089459307096,558.8699951171875,stock,2025-03-12,,,,,,
SPY,-2.0,6.6,option,2025-03-12,536.0,2025-04-11,put,0.17303002056002756,-0.1839990309458015,1.3167241308815756
SPY,-36.7998061891603,558.8699951171875,stock,2025-03-12,,,,,,
SPY,-2.0,6.83,option,2025-03-12,537.0,2025-04-11,put,0.17303002056002756,-0.19416359167074693,1.238402418789861
SPY,-38.832718334149384,558.8699951171875,stock,2025-03-12,,,,,,
SPY,-2.0,7.0649999999999995,option,2025-03-12,538.0,2025-04-11,put,0.17303002056002756,-0.20464314161703667,1.164217522975764
SPY,-40.92862832340734,558.8699951171875,stock,2025-03-12,,,,,,
SPY,-2.0,7.305,option,2025-03-12,539.0,2025-04-11,put,0.17303002056002756,-0.2154316594109431,1.093913818010883
SPY,-43.086331882188624,558.8699951171875,stock,2025-03-12,,,,,,
SPY,-2.0,7.55,option,2025-03-12,540.0,2025-04-11,put,0.17303002056002756,-0.22652211920455068,1.027254589990159
SPY,-45.30442384091013,558.8699951171875,stock,2025-03-12,,,,,,
SPY,-2.0,7.8100000000000005,option,2025-03-12,541.0,2025-04-11,put,0.17303002056002756,-0.23790649970717248,0.9665383203658269
SPY,-47.581299941434494,558.8699951171875,stock,2025-03-12,,,,,,
SPY,-2.0,8.07,option,2025-03-12,542.0,2025-04-11,put,0.17303002056002756,-0.24957579889129344,0.9075529426219243
SPY,-49.91515977825869,558.8699951171875,stock,2025-03-12,,,,,,
SPY,-2.0,8.34,option,2025-03-12,543.0,2025-04-11,put,0.17303002056002756,-0.26152005434554515,0.8525793520429885
SPY,-52.30401086910903,558.8699951171875,stock,2025-03-12,,,,,,
SPY,-2.0,8.629999999999999,option,2025-03-12,544.0,2025-04-11,put,0.17303002056002756,-0.27372836920020605,0.8033484856402956
SPY,-54.745673840041206,558.8699951171875,stock,2025-03-12,,,,,,
SPY,38.7100313462404,558.8699951171875,stock,2025-03-12,,,,,,
SPY,-249.3568903875569,551.4199829101562,stock,2025-03-13,,,,,,
SPY,383.04557801788997,562.8099975585938,stock,2025-03-14,,,,,,
SPY,142.01150757554842,567.1500244140625,stock,2025-03-17,,,,,,
SPY,-148.8264724262575,561.02001953125,stock,2025-03-18,,,,,,
SPY,172.65765270843406,567.1300048828125,stock,2025-03-19,,,,,,
SPY,-25.57731810637093,565.489990234375,stock,2025-03-20,,,,,,
SPY,-24.548633258511266,563.97998046875,stock,2025-03-21,,,,,,
SPY,237.51209030601845,574.0800170898438,stock,2025-03-24,,,,,,
SPY,28.060884784158524,575.4600219726562,stock,2025-03-25,,,,,,
SPY,-84.60199027168636,568.5900268554688,stock,2025-03-26,,,,,,
SPY,-12.072872487468324,567.0800170898438,stock,2025-03-27,,,,,,
SPY,-324.2008302907828,555.6599731445312,stock,2025-03-28,,,,,,
SPY,212.58398425840937,559.3900146484375,stock,2025-03-31,,,,,,
SPY,79.37541107713608,560.969970703125,stock,2025-04-01,,,,,,
SPY,115.01751336702723,564.52001953125,stock,2025-04-02,,,,,,
SPY,2.0,12.695,option,2025-04-03,544.0,2025-04-11,put,0.1934426361048286,-0.6647245211797154,
SPY,132.94490423594308,536.7000122070312,stock,2025-04-03,,,,,,
SPY,-1490.2746531705966,536.7000122070312,stock,2025-04-03,,,,,,
SPY,2.0,29.28,option,2025-04-04,531.0,2025-04-11,put,0.3121960979425972,-0.866139253132547,
SPY,173.2278506265094,505.2799987792969,stock,2025-04-04,,,,,,
SPY,2.0,30.045,option,2025-04-04,532.0,2025-04-11,put,0.3121960979425972,-0.8753071535702053,
SPY,175.06143071404105,505.2799987792969,stock,2025-04-04,,,,,,
SPY,2.0,30.785,option,2025-04-04,533.0,2025-04-11,put,0.3121960979425972,-0.8840109447342233,
SPY,176.80218894684464,505.2799987792969,stock,2025-04-04,,,,,,
SPY,2.0,31.575,option,2025-04-04,534.0,2025-04-11,put,0.3121960979425972,-0.8922593664085209,
SPY,178.45187328170417,505.2799987792969,stock,2025-04-04,,,,,,
SPY,2.0,32.335,option,2025-04-04,535.0,2025-04-11,put,0.3121960979425972,-0.9000623645452308,
SPY,180.01247290904615,505.2799987792969,stock,2025-04-04,,,,,,
SPY,2.0,33.144999999999996,option,2025-04-04,536.0,2025-04-11,put,0.3121960979425972,-0.9074309616994882,
SPY,181.48619233989766,505.2799987792969,stock,2025-04-04,,,,,,
SPY,2.0,33.95,option,2025-04-04,537.0,2025-04-11,put,0.3121960979425972,-0.9143771277878456,
SPY,182.87542555756912,505.2799987792969,stock,2025-04-04,,,,,,
SPY,2.0,34.77,option,2025-04-04,538.0,2025-04-11,put,0.3121960979425972,-0.9209136523515193,
SPY,184.18273047030388,505.2799987792969,stock,2025-04-04,,,,,,
SPY,2.0,35.615,option,2025-04-04,539.0,2025-04-11,put,0.3121960979425972,-0.9270540194045537,
SPY,185.41080388091075,505.2799987792969,stock,2025-04-04,,,,,,
SPY,2.0,36.455,option,2025-04-04,540.0,2025-04-11,put,0.3121960979425972,-0.9328122858394895,
SPY,186.5624571678979,505.2799987792969,stock,2025-04-04,,,,,,
SPY,2.0,37.265,option,2025-04-04,541.0,2025-04-11,put,0.3121960979425972,-0.9382029642512035,
SPY,187.6405928502407,505.2799987792969,stock,2025-04-04,,,,,,
SPY,2.0,38.14,option,2025-04-04,542.0,2025-04-11,put,0.3121960979425972,-0.9432409109253754,
SPY,188.6481821850751,505.2799987792969,stock,2025-04-04,,,,,,
SPY,2.0,39.01,option,2025-04-04,543.0,2025-04-11,put,0.3121960979425972,-0.9479412196232976,
SPY,189.5882439246595,505.2799987792969,stock,2025-04-04,,,,,,
SPY,-897.675196891209,505.2799987792969,stock,2025-04-04,,,,,,
SPY,2.0,4.7,option,2025-04-09,570.0,2025-05-09,call,0.321196857067353,0.36269168230179627,-0.6049807484947752
SPY,-72.53833646035926,548.6199951171875,stock,2025-04-09,,,,,,
SPY,2.0,6.445,option,2025-04-09,565.0,2025-05-09,call,0.321196857067353,0.3991324926899678,-0.5270284295772387
SPY,-79.82649853799356,548.6199951171875,stock,2025-04-09,,,,,,
SPY,-3.0364295735835185,548.6199951171875,stock,2025-04-09,,,,,,
SPY,68.9683612344914,524.5800170898438,stock,2025-04-10,,,,,,
SPY,-22.796002496633214,533.9400024414062,stock,2025-04-11,,,,,,
SPY,-9.544340528101486,539.1199951171875,stock,2025-04-14,,,,,,
SPY,6.562787104536383,537.6099853515625,stock,2025-04-15,,,,,,
SPY,35.921380017489774,525.6599731445312,stock,2025-04-16,,,,,,
SPY,0.5243592489020656,526.4099731445312,stock,2025-04-17,,,,,,
SPY,38.666577863289874,513.8800048828125,stock,2025-04-21,,,,,,
SPY,-26.736838561583205,527.25,stock,2025-04-22,,,,,,
SPY,-20.63369983621247,535.4199829101562,stock,2025-04-23,,,,,,
SPY,-37.0685313685151,546.6900024414062,stock,2025-04-24,,,,,,
SPY,-13.179733503851459,550.6400146484375,stock,2025-04-25,,,,,,
SPY,8.730652155584366,550.8499755859375,stock,2025-04-28,,,,,,
SPY,-12.982671329753572,554.3200073242188,stock,2025-04-29,,,,,,
SPY,-2.0,4.04,option,2025-04-30,565.0,2025-05-09,call,0.25030358013034004,0.33377978170111106,
SPY,66.75595634022221,554.5399780273438,stock,2025-04-30,,,,,,
SPY,2.0,3.125,option,2025-04-30,582.0,2025-05-30,call,0.25030358013034004,0.2693661999792637,-0.5055542395349663
SPY,-53.87323999585274,554.5399780273438,stock,2025-04-30,,,,,,
SPY,8.799813071464392,554.5399780273438,stock,2025-04-30,,,,,,
SPY,-14.141764474108271,558.469970703125,stock,2025-05-01,,,,,,
SPY,-37.87948533620312,566.760009765625,stock,2025-05-02,,,,,,
SPY,25.920601568502505,563.510009765625,stock,2025-05-05,,,,,,
SPY,34.4975032011498,558.7999877929688,stock,2025-05-06,,,,,,
SPY,2.0,2.355,option,2025-05-07,589.0,2025-06-06,call,0.2519068592441096,0.27032418871301933,-0.6357524821152835
SPY,-54.06483774260386,561.1500244140625,stock,2025-05-07,,,,,,
SPY,2.0,2.565,option,2025-05-07,588.0,2025-06-06,call,0.2519068592441096,0.2781641201982757,-0.6180578164915901
SPY,-55.63282403965514,561.1500244140625,stock,2025-05-07,,,,,,
SPY,2.0,2.795,option,2025-05-07,587.0,2025-06-06,call,0.2519068592441096,0.28612694416987217,-0.5991974904377229
SPY,-57.225388833974435,561.1500244140625,stock,2025-05-07,,,,,,
SPY,2.0,3.04,option,2025-05-07,586.0,2025-06-06,call,0.2519068592441096,0.2942103061546348,-0.5800532099641367
SPY,-58.84206123092696,561.1500244140625,stock,2025-05-07,,,,,,
SPY,2.0,3.3,option,2025-05-07,585.0,2025-06-06,call,0.2519068592441096,0.3024116648644067,-0.5607211665882903
SPY,-60.48233297288134,561.1500244140625,stock,2025-05-07,,,,,,
SPY,2.0,3.58,option,2025-05-07,584.0,2025-06-06,call,0.2519068592441096,0.31072829236792165,-0.5406449520861536
SPY,-62.145658473584334,561.1500244140625,stock,2025-05-07,,,,,,
SPY,2.0,3.87,option,2025-05-07,583.0,2025-06-06,call,0.2519068592441096,0.3191572747010225,-0.5212057740084052
SPY,-63.8314549402045,561.1500244140625,stock,2025-05-07,,,,,,
SPY,2.0,4.18,option,2025-05-07,582.0,2025-06-06,call,0.2519068592441096,0.32769551292548815,-0.50120752235453
SPY,-65.53910258509762,561.1500244140625,stock,2025-05-07,,,,,,
SPY,-18.838003228700188,561.1500244140625,stock,2025-05-07,,,,,,
SPY,-65.6468900570553,565.0599975585938,stock,2025-05-08,,,,,,
SPY,80.60202846563489,564.3400268554688,stock,2025-05-09,,,,,,
SPY,-325.02703537331087,582.989990234375,stock,2025-05-12,,,,,,
SPY,-2.0,11.355,option,2025-05-13,582.0,2025-05-30,call,0.184044625128509,0.60972974789084,
SPY,121.945949578168,586.8400268554688,stock,2025-05-13,,,,,,
SPY,-2.0,8.74,option,2025-05-13,589.0,2025-06-06,call,0.184044625128509,0.5021743583253115,
SPY,100.4348716650623,586.8400268554688,stock,2025-05-13,,,,,,
SPY,-2.0,9.315,option,2025-05-13,588.0,2025-06-06,call,0.184044625128509,0.5165338308687457,
SPY,103.30676617374914,586.8400268554688,stock,2025-05-13,,,,,,
SPY,-2.0,9.91,option,2025-05-13,587.0,2025-06-06,call,0.184044625128509,0.5308962643993552,
SPY,106.17925287987104,586.8400268554688,stock,2025-05-13,,,,,,
SPY,-2.0,10.52,option,2025-05-13,586.0,2025-06-06,call,0.184044625128509,0.5452429759117019,
SPY,109.04859518234038,586.8400268554688,stock,2025-05-13,,,,,,
SPY,-2.0,11.149999999999999,option,2025-05-13,585.0,2025-06-06,call,0.184044625128509,0.5595552483520381,
SPY,111.9110496704076,586.8400268554688,stock,2025-05-13,,,,,,
SPY,-2.0,11.8,option,2025-05-13,584.0,2025-06-06,call,0.184044625128509,0.573814403914637,
SPY,114.7628807829274,586.8400268554688,stock,2025-05-13,,,,,,
SPY,-2.0,12.465,option,2025-05-13,583.0,2025-06-06,call,0.184044625128509,0.5880018777076402,
SPY,117.60037554152805,586.8400268554688,stock,2025-05-13,,,,,,
SPY,-2.0,13.145,option,2025-05-13,582.0,2025-06-06,call,0.184044625128509,0.602099291307088,
SPY,120.41985826141759,586.8400268554688,stock,2025-05-13,,,,,,
SPY,-90.04645852599357,586.8400268554688,stock,2025-05-13,,,,,,
SPY,2.0,1.7,option,2025-05-14,615.0,2025-06-13,call,0.18183420833468575,0.20696548938443826,-0.5123150701036141
SPY,-41.39309787688765,587.5900268554688,stock,2025-05-14,,,,,,
SPY,-2.0889859448826584,587.5900268554688,stock,2025-05-14,,,,,,
SPY,-4.732994004913628,590.4600219726562,stock,2025-05-15,,,,,,
SPY,-7.072793047438509,594.2000122070312,stock,2025-05-16,,,,,,
SPY,1.4460999125935814,594.8499755859375,stock,2025-05-19,,,,,,
SPY,5.665708860421432,592.8499755859375,stock,2025-05-20,,,,,,
SPY,-2.0,4.49,option,2025-05-21,554.0,2025-06-20,put,0.1832216804873957,-0.15284101689403218,0.8006992287234531
SPY,-30.568203378806437,582.8599853515625,stock,2025-05-21,,,,,,
SPY,2.0,1.73,option,2025-05-21,610.0,2025-06-20,call,0.1832216804873957,0.2092939357878017,-0.5104403149916962
SPY,-41.85878715756034,582.8599853515625,stock,2025-05-21,,,,,,
SPY,20.390322676508596,582.8599853515625,stock,2025-05-21,,,,,,
SPY,2.3741349841339243,583.0900268554688,stock,2025-05-22,,,,,,
SPY,9.956894349245985,579.1099853515625,stock,2025-05-23,,,,,,
SPY,-17.049094588484834,591.1500244140625,stock,2025-05-27,,,,,,
SPY,-2.0,3.74,option,2025-05-28,559.0,2025-06-27,put,0.16641577419161935,-0.13376118661613645,0.9366704193118325
SPY,-26.75223732322729,587.72998046875,stock,2025-05-28,,,,,,
SPY,-2.0,3.87,option,2025-05-28,560.0,2025-06-27,put,0.16641577419161935,-0.1420118214682371,0.8609826646733
SPY,-28.40236429364742,587.72998046875,stock,2025-05-28,,,,,,
SPY,2.0,1.395,option,2025-05-28,615.0,2025-06-27,call,0.16641577419161935,0.1861097473252032,-0.5006314026557733
SPY,-37.22194946504064,587.72998046875,stock,2025-05-28,,,,,,
SPY,16.158548761431298,587.72998046875,stock,2025-05-28,,,,,,
SPY,0.39609957333371426,590.0499877929688,stock,2025-05-29,,,,,,
SPY,8.126692471415403,589.3900146484375,stock,2025-05-30,,,,,,
SPY,8.836672351288776,592.7100219726562,stock,2025-06-02,,,,,,
SPY,-2.0,3.2,option,2025-06-03,567.0,2025-07-03,put,0.1574115627658381,-0.12147288866688677,0.9465971650683406
SPY,-24.294577733377352,596.0900268554688,stock,2025-06-03,,,,,,
SPY,-2.0,3.32,option,2025-06-03,568.0,2025-07-03,put,0.1574115627658381,-0.12953144350599155,0.866529873065412
SPY,-25.90628870119831,596.0900268554688,stock,2025-06-03,,,,,,
SPY,2.0,0.875,option,2025-06-03,625.0,2025-07-03,call,0.1574115627658381,0.16097547934330336,-0.6087465720610598
SPY,-32.19509586866067,596.0900268554688,stock,2025-06-03,,,,,,
SPY,2.0,1.475,option,2025-06-03,620.0,2025-07-03,call,0.1574115627658381,0.20826037210386256,-0.5235853762233851
SPY,-41.652074420772514,596.0900268554688,stock,2025-06-03,,,,,,
SPY,-11.17435942088786,596.0900268554688,stock,2025-06-03,,,,,,
SPY,11.778298450514257,595.9299926757812,stock,2025-06-04,,,,,,
SPY,28.931017585353814,593.0499877929688,stock,2025-06-05,,,,,,
SPY,-33.54956701761458,599.1400146484375,stock,2025-06-06,,,,,,
SPY,33.22067920610447,599.6799926757812,stock,2025-06-09,,,,,,
SPY,-27.278084730844604,603.0800170898438,stock,2025-06-10,,,,,,
SPY,-2.0,3.025,option,2025-06-11,572.0,2025-07-11,put,0.15725221332430978,-0.1211437200604697,0.831974834093482
SPY,-24.22874401209394,601.3599853515625,stock,2025-06-11,,,,,,
SPY,2.0,0.77,option,2025-06-11,630.0,2025-07-11,call,0.15725221332430978,0.1652741766168554,-0.6694269274923579
SPY,-33.05483532337108,601.3599853515625,stock,2025-06-11,,,,,,
SPY,2.0,1.355,option,2025-06-11,625.0,2025-07-11,call,0.15725221332430978,0.2129390804630255,-0.5779528885752866
SPY,-42.5878160926051,601.3599853515625,stock,2025-06-11,,,,,,
SPY,36.934597486768254,601.3599853515625,stock,2025-06-11,,,,,,
SPY,-16.22374411320552,603.75,stock,2025-06-12,,,,,,
SPY,99.38868560072274,597.0,stock,2025-06-13,,,,,,
SPY,-25.630171186988875,602.6799926757812,stock,2025-06-16,,,,,,
SPY,87.4866092466927,597.530029296875,stock,2025-06-17,,,,,,
SPY,-2.0,3.99,option,2025-06-18,568.0,2025-07-18,put,0.16303349193453928,-0.1272112509267318,1.2079470881521253
SPY,-25.44225018534636,597.4400024414062,stock,2025-06-18,,,,,,
SPY,-2.0,4.119999999999999,option,2025-06-18,569.0,2025-07-18,put,0.16303349193453928,-0.1352222949988664,1.114688957601183
SPY,-27.04445899977328,597.4400024414062,stock,2025-06-18,,,,,,
SPY,-2.0,4.255,option,2025-06-18,570.0,2025-07-18,put,0.16303349193453928,-0.1435575731627935,1.0280957977647391
SPY,-28.7115146325587,597.4400024414062,stock,2025-06-18,,,,,,
SPY,-2.0,4.390000000000001,option,2025-06-18,571.0,2025-07-18,put,0.16303349193453928,-0.1522173865121601,0.9453324144406445
SPY,-30.443477302432022,597.4400024414062,stock,2025-06-18,,,,,,
SPY,-2.0,4.535,option,2025-06-18,572.0,2025-07-18,put,0.16303349193453928,-0.1612011382881966,0.8704342991979582
SPY,-32.24022765763932,597.4400024414062,stock,2025-06-18,,,,,,
SPY,2.0,1.14,option,2025-06-18,625.0,2025-07-18,call,0.16303349193453928,0.18238324363139274,-0.5797999584036632
SPY,-36.47664872627855,597.4400024414062,stock,2025-06-18,,,,,,
SPY,2.0,1.28,option,2025-06-18,624.0,2025-07-18,call,0.16303349193453928,0.19158758420684885,-0.5566902591404462
SPY,-38.317516841369766,597.4400024414062,stock,2025-06-18,,,,,,
SPY,2.0,1.43,option,2025-06-18,623.0,2025-07-18,call,0.16303349193453928,0.2010864682982632,-0.5343086846798959
SPY,-40.21729365965264,597.4400024414062,stock,2025-06-18,,,,,,
SPY,24.265140384277196,597.4400024414062,stock,2025-06-18,,,,,,
SPY,58.53471198913805,594.280029296875,stock,2025-06-20,,,,,,
SPY,38.605798173694566,600.1500244140625,stock,2025-06-23,,,,,,
SPY,-70.25939057387572,606.780029296875,stock,2025-06-24,,,,,,
SPY,2.0,0.9,option,2025-06-25,635.0,2025-07-25,call,0.15888333972811838,0.1770086982134626,-0.6523492603215464
SPY,-35.40173964269252,607.1199951171875,stock,2025-06-25,,,,,,
SPY,2.0,1.605,option,2025-06-25,630.0,2025-07-25,call,0.15888333972811838,0.22564168301814724,-0.5450915967001226
SPY,-45.12833660362945,607.1199951171875,stock,2025-06-25,,,,,,
SPY,16.0324806070849,607.1199951171875,stock,2025-06-25,,,,,,
SPY,-113.52989359374874,611.8699951171875,stock,2025-06-26,,,,,,
SPY,-9.74120514003178,614.9099731445312,stock,2025-06-27,,,,,,
SPY,-42.345569598256716,617.8499755859375,stock,2025-06-30,,,,,,
SPY,-2.0,4.8149999999999995,option,2025-07-01,623.0,2025-07-18,call,0.1558020656955256,0.42812011288482976,
SPY,85.62402257696596,617.6500244140625,stock,2025-07-01,,,,,,
SPY,2.0,1.17,option,2025-07-01,645.0,2025-07-31,call,0.1558020656955256,0.18117588618007568,-0.5602361205850813
SPY,-36.23517723601514,617.6500244140625,stock,2025-07-01,,,,,,
SPY,31.610781137042707,617.6500244140625,stock,2025-07-01,,,,,,
SPY,-2.0,5.295,option,2025-07-02,624.0,2025-07-18,call,0.15498037990450997,0.45915826667626086,
SPY,91.83165333525217,620.4500122070312,stock,2025-07-02,,,,,,
SPY,2.0,0.98,option,2025-07-02,650.0,2025-08-01,call,0.15498037990450997,0.1615868425633864,-0.5745447182995853
SPY,-32.31736851267728,620.4500122070312,stock,2025-07-02,,,,,,
SPY,-94.51015509148806,620.4500122070312,stock,2025-07-02,,,,,,
SPY,-2.0,4.775,option,2025-07-03,625.0,2025-07-11,call,0.14404509242892405,0.5317800183494911,
SPY,106.35600366989821,625.3400268554688,stock,2025-07-03,,,,,,
SPY,-2.0,7.105,option,2025-07-03,625.0,2025-07-18,call,0.14404509242892405,0.5370076435245115,
SPY,107.40152870490229,625.3400268554688,stock,2025-07-03,,,,,,
SPY,-2.0,6.18,option,2025-07-03,630.0,2025-07-25,call,0.14404509242892405,0.45224552919216315,
SPY,90.44910583843263,625.3400268554688,stock,2025-07-03,,,,,,
SPY,37.985292130585435,625.3400268554688,stock,2025-07-03,,,,,,
SPY,89.11502350838143,620.6799926757812,stock,2025-07-07,,,,,,
SPY,15.797365602023511,620.3400268554688,stock,2025-07-08,,,,,,
SPY,-2.0,2.275,option,2025-07-09,593.0,2025-08-08,put,0.14373742755770821,-0.09690741150914639,0.9075302109125184
SPY,-19.38148230182928,624.0599975585938,stock,2025-07-09,,,,,,
SPY,-2.0,2.365,option,2025-07-09,594.0,2025-08-08,put,0.14373742755770821,-0.10410759961358473,0.818684265589992
SPY,-20.821519922716945,624.0599975585938,stock,2025-07-09,,,,,,
SPY,-34.38275777035035,624.0599975585938,stock,2025-07-09,,,,,,
SPY,-4.846945191114278,625.8200073242188,stock,2025-07-10,,,,,,
SPY,61.227269507065735,623.6199951171875,stock,2025-07-11,,,,,,
SPY,11.349133744176553,624.8099975585938,stock,2025-07-14,,,,,,
SPY,22.453919251638517,622.1400146484375,stock,2025-07-15,,,,,,
SPY,-2.0,2.92,option,2025-07-16,594.0,2025-08-15,put,0.14588168796420237,-0.10624844796533206,1.1574996293783215
SPY,-21.249689593066414,624.219970703125,stock,2025-07-16,,,,,,
SPY,-2.0,3.0300000000000002,option,2025-07-16,595.0,2025-08-15,put,0.14588168796420237,-0.11381049601629467,1.0594165402106384
SPY,-22.762099203258934,624.219970703125,stock,2025-07-16,,,,,,
SPY,-2.0,3.1399999999999997,option,2025-07-16,596.0,2025-08-15,put,0.14588168796420237,-0.12173483997235757,0.9658351779287829
SPY,-24.346967994471512,624.219970703125,stock,2025-07-16,,,,,,
SPY,-2.0,3.26,option,2025-07-16,597.0,2025-08-15,put,0.14588168796420237,-0.1300248231870894,0.8824658224367244
SPY,-26.00496463741788,624.219970703125,stock,2025-07-16,,,,,,
SPY,-2.0,3.38,option,2025-07-16,598.0,2025-08-15,put,0.14588168796420237,-0.1386827529811142,0.8025543066798752
SPY,-27.73655059622284,624.219970703125,stock,2025-07-16,,,,,,
SPY,4.176552455632745,624.219970703125,stock,2025-07-16,,,,,,
SPY,7.630730860526416,628.0399780273438,stock,2025-07-17,,,,,,
SPY,12.262592937472945,627.5800170898438,stock,2025-07-18,,,,,,
SPY,34.59478014387492,628.77001953125,stock,2025-07-21,,,,,,
SPY,15.867680604421615,628.8599853515625,stock,2025-07-22,,,,,,
SPY,2.0,0.6799999999999999,option,2025-07-23,665.0,2025-08-22,call,0.1431279819858088,0.13681456807960996,-0.6163350057604385
SPY,-27.36291361592199,634.2100219726562,stock,2025-07-23,,,,,,
SPY,2.0,1.205,option,2025-07-23,660.0,2025-08-22,call,0.1431279819858088,0.1811963181143018,-0.5207139300254814
SPY,-36.23926362286036,634.2100219726562,stock,2025-07-23,,,,,,
SPY,-42.7912049255217,634.2100219726562,stock,2025-07-23,,,,,,
SPY,11.340993544257017,634.4199829101562,stock,2025-07-24,,,,,,
SPY,80.20447346358256,637.0999755859375,stock,2025-07-25,,,,,,
SPY,47.84588835484579,636.9400024414062,stock,2025-07-28,,,,,,
SPY,39.11181503737418,635.260009765625,stock,2025-07-29,,,,,,
SPY,-2.0,2.1,option,2025-07-30,603.0,2025-08-29,put,0.14158475574374338,-0.09447266583183689,0.8133860222312949
SPY,-18.894533166367378,634.4600219726562,stock,2025-07-30,,,,,,
SPY,2.0,0.845,option,2025-07-30,665.0,2025-08-29,call,0.14158475574374338,0.13623087031944803,-0.5157888329371021
SPY,-27.246174063889605,634.4600219726562,stock,2025-07-30,,,,,,
SPY,28.181729250114998,634.4600219726562,stock,2025-07-30,,,,,,
SPY,18.68646382743697,632.0800170898438,stock,2025-07-31,,,,,,
SPY,-21.435894015383603,621.719970703125,stock,2025-08-01,,,,,,
SPY,51.192870599828254,631.1699829101562,stock,2025-08-04,,,,,,
SPY,8.036660106213244,627.969970703125,stock,2025-08-05,,,,,,
SPY,2.0,0.97,option,2025-08-06,660.0,2025-09-05,call,0.14652086910128734,0.1729682847880908,-0.599339771712888
SPY,-34.59365695761816,632.780029296875,stock,2025-08-06,,,,,,
SPY,0.14367554207304067,632.780029296875,stock,2025-08-06,,,,,,
SPY,9.439457221547912,632.25,stock,2025-08-07,,,,,,
SPY,-20.780484005113152,637.1799926757812,stock,2025-08-08,,,,,,
SPY,28.54763827013683,635.9199829101562,stock,2025-08-11,,,,,,
SPY,-45.0981941340966,642.6900024414062,stock,2025-08-12,,,,,,
SPY,-2.0,1.95,option,2025-08-13,613.0,2025-09-12,put,0.1291032408337005,-0.07591199236214952,1.3623418970867858
SPY,-15.182398472429902,644.8900146484375,stock,2025-08-13,,,,,,
SPY,-2.0,2.0300000000000002,option,2025-08-13,614.0,2025-09-12,put,0.1291032408337005,-0.08240424309544214,1.2306748546546842
SPY,-16.480848619088427,644.8900146484375,stock,2025-08-13,,,,,,
SPY,-2.0,2.0999999999999996,option,2025-08-13,615.0,2025-09-12,put,0.1291032408337005,-0.08929440607437988,1.09653697981202
SPY,-17.85888121487598,644.8900146484375,stock,2025-08-13,,,,,,
SPY,-2.0,2.185,option,2025-08-13,616.0,2025-09-12,put,0.1291032408337005,-0.0965920557070803,0.9850952707068235
SPY,-19.318411141416057,644.8900146484375,stock,2025-08-13,,,,,,
SPY,-2.0,2.2699999999999996,option,2025-08-13,617.0,2025-09-12,put,0.1291032408337005,-0.10430570774605352,0.8797447776170302
SPY,-20.861141549210704,644.8900146484375,stock,2025-08-13,,,,,,
SPY,2.0,0.535,option,2025-08-13,675.0,2025-09-12,call,0.1291032408337005,0.12100491471087216,-0.618234637299751
SPY,-24.20098294217443,644.8900146484375,stock,2025-08-13,,,,,,
SPY,2.0,0.95,option,2025-08-13,670.0,2025-09-12,call,0.1291032408337005,0.16624719184858477,-0.5418093545121542
SPY,-33.249438369716955,644.8900146484375,stock,2025-08-13,,,,,,
SPY,-11.220210762555048,644.8900146484375,stock,2025-08-13,,,,,,
SPY,13.589672088555659,644.9500122070312,stock,2025-08-14,,,,,,
SPY,26.288534682137744,643.4400024414062,stock,2025-08-15,,,,,,
SPY,47.897150431327375,643.2999877929688,stock,2025-08-18,,,,,,
SPY,21.054197881291028,639.8099975585938,stock,2025-08-19,,,,,,
SPY,-2.0,2.6900000000000004,option,2025-08-20,607.0,2025-09-19,put,0.14153967555880687,-0.09808468469857934,1.208326566024836
SPY,-19.616936939715867,638.1099853515625,stock,2025-08-20,,,,,,
SPY,-2.0,2.79,option,2025-08-20,608.0,2025-09-19,put,0.14153967555880687,-0.10528921730085594,1.1025046724936756
SPY,-21.05784346017119,638.1099853515625,stock,2025-08-20,,,,,,
SPY,-2.0,2.9000000000000004,option,2025-08-20,609.0,2025-09-19,put,0.14153967555880687,-0.11285628077446885,1.0088506700953064
SPY,-22.57125615489377,638.1099853515625,stock,2025-08-20,,,,,,
SPY,-2.0,3.01,option,2025-08-20,610.0,2025-09-19,put,0.14153967555880687,-0.12079046548241879,0.919208361508277
SPY,-24.158093096483757,638.1099853515625,stock,2025-08-20,,,,,,
SPY,-2.0,3.12,option,2025-08-20,611.0,2025-09-19,put,0.14153967555880687,-0.12909536175979608,0.8335772762293469
SPY,-25.819072351959214,638.1099853515625,stock,2025-08-20,,,,,,
SPY,2.0,0.41000000000000003,option,2025-08-20,670.0,2025-09-19,call,0.14153967555880687,0.12693373668887903,-0.7451961615947676
SPY,-25.386747337775805,638.1099853515625,stock,2025-08-20,,,,,,
SPY,2.0,0.77,option,2025-08-20,665.0,2025-09-19,call,0.14153967555880687,0.16943324931897547,-0.6651579910177382
SPY,-33.88664986379509,638.1099853515625,stock,2025-08-20,,,,,,
SPY,2.0,1.42,option,2025-08-20,660.0,2025-09-19,call,0.14153967555880687,0.22052673062576827,-0.5582735893176085
SPY,-44.10534612515365,638.1099853515625,stock,2025-08-20,,,,,,
SPY,9.261534549323486,638.1099853515625,stock,2025-08-20,,,,,,
SPY,23.055535102275286,645.3099975585938,stock,2025-08-22,,,,,,
SPY,65.4576166667805,642.469970703125,stock,2025-08-25,,,,,,
SPY,5.693846621093975,645.1599731445312,stock,2025-08-26,,,,,,
SPY,-2.0,2.3899999999999997,option,2025-08-27,615.0,2025-09-26,put,0.13348140703243097,-0.08493230003469254,1.4423574465275417
SPY,-16.986460006938508,646.6300048828125,stock,2025-08-27,,,,,,
SPY,2.0,0.5,option,2025-08-27,675.0,2025-09-26,call,0.13348140703243097,0.14458202505594042,-0.7231574004196327
SPY,-28.916405011188083,646.6300048828125,stock,2025-08-27,,,,,,
SPY,5.683890970071559,646.6300048828125,stock,2025-08-27,,,,,,
SPY,-7.565713779492668,648.9199829101562,stock,2025-08-28,,,,,,
SPY,57.64649421491045,645.0499877929688,stock,2025-08-29,,,,,,
SPY,95.78136790095463,640.27001953125,stock,2025-09-02,,,,,,
SPY,-2.0,2.9699999999999998,option,2025-09-03,612.0,2025-10-03,put,0.1474857586276545,-0.1045875172444537,1.1448813814126555
SPY,-20.91750344889074,643.739990234375,stock,2025-09-03,,,,,,
SPY,2.0,0.375,option,2025-09-03,675.0,2025-10-03,call,0.1474857586276545,0.14424863841153246,-0.8103683246868623
SPY,-28.849727682306494,643.739990234375,stock,2025-09-03,,,,,,
SPY,13.447253880764116,643.739990234375,stock,2025-09-03,,,,,,
SPY,-29.957547123063687,649.1199951171875,stock,2025-09-04,,,,,,
SPY,40.18765961248482,647.239990234375,stock,2025-09-05,,,,,,
SPY,27.42936364901032,648.8300170898438,stock,2025-09-08,,,,,,
SPY,-4.7573581956731985,650.3300170898438,stock,2025-09-09,,,,,,
SPY,2.0,0.345,option,2025-09-10,684.0,2025-10-10,call,0.14306557353854318,0.13572383696784995,-0.8087665380988428
SPY,-27.144767393569992,652.2100219726562,stock,2025-09-10,,,,,,
SPY,-14.57299637977028,652.2100219726562,stock,2025-09-10,,,,,,
SPY,-92.80362020128494,657.6300048828125,stock,2025-09-11,,,,,,
SPY,18.08428510160592,657.4099731445312,stock,2025-09-12,,,,,,
SPY,-2.0,3.635,option,2025-09-15,660.0,2025-09-19,call,0.14306557353854318,0.5509339151029239,
SPY,110.18678302058478,660.9099731445312,stock,2025-09-15,,,,,,
SPY,-48.095583435012074,660.9099731445312,stock,2025-09-15,,,,,,
SPY,38.26687704736648,660.0,stock,2025-09-16,,,,,,
SPY,-2.0,2.645,option,2025-09-17,627.0,2025-10-17,put,0.14306557353854318,-0.10012232464830872,1.0282647866203558
SPY,-20.024464929661747,659.1799926757812,stock,2025-09-17,,,,,,
SPY,-2.0,2.7350000000000003,option,2025-09-17,628.0,2025-10-17,put,0.14306557353854318,-0.10711814303719669,0.9327834845204255
SPY,-21.423628607439337,659.1799926757812,stock,2025-09-17,,,,,,
SPY,-2.0,2.825,option,2025-09-17,629.0,2025-10-17,put,0.14306557353854318,-0.11444783232076305,0.8421156286086093
SPY,-22.88956646415261,659.1799926757812,stock,2025-09-17,,,,,,
SPY,2.0,0.565,option,2025-09-17,692.0,2025-10-17,call,0.14306557353854318,0.13049208817719243,-0.6748335232840365
SPY,-26.098417635438487,659.1799926757812,stock,2025-09-17,,,,,,
SPY,2.0,0.625,option,2025-09-17,691.0,2025-10-17,call,0.14306557353854318,0.13811885465419366,-0.6645148152345769
SPY,-27.62377093083873,659.1799926757812,stock,2025-09-17,,,,,,
SPY,2.0,0.685,option,2025-09-17,690.0,2025-10-17,call,0.14306557353854318,0.14605576339971788,-0.6567790250655307
SPY,-29.211152679943574,659.1799926757812,stock,2025-09-17,,,,,,
SPY,2.0,0.76,option,2025-09-17,689.0,2025-10-17,call,0.14306557353854318,0.15430560512439911,-0.6442540174897604
SPY,-30.86112102487982,659.1799926757812,stock,2025-09-17,,,,,,
SPY,2.0,0.84,option,2025-09-17,688.0,2025-10-17,call,0.14306557353854318,0.1628704766180017,-0.6323780881159164
SPY,-32.57409532360034,659.1799926757812,stock,2025-09-17,,,,,,
SPY,37.15332649129559,659.1799926757812,stock,2025-09-17,,,,,,
SPY,-49.07611232591035,662.260009765625,stock,2025-09-18,,,,,,
SPY,60.11996213658657,663.7000122070312,stock,2025-09-19,,,,,,
SPY,-16.764522389805357,666.8400268554688,stock,2025-09-22,,,,,,
SPY,90.95187095097643,663.2100219726562,stock,2025-09-23,,,,,,
SPY,-2.0,2.67,option,2025-09-24,629.0,2025-10-24,put,0.14621138271212716,-0.1060891345517998,0.8618355050775073
SPY,-21.21782691035996,661.0999755859375,stock,2025-09-24,,,,,,
SPY,2.0,0.795,option,2025-09-24,694.0,2025-10-24,call,0.14621138271212716,0.13600281971127182,-0.5755168225173687
SPY,-27.200563942254362,661.0999755859375,stock,2025-09-24,,,,,,
SPY,2.0,0.88,option,2025-09-24,693.0,2025-10-24,call,0.14621138271212716,0.14365177552174935,-0.5607344454084815
SPY,-28.73035510434987,661.0999755859375,stock,2025-09-24,,,,,,
SPY,2.0,0.97,option,2025-09-24,692.0,2025-10-24,call,0.14621138271212716,0.15159753223927808,-0.5469958006655934
SPY,-30.319506447855616,661.0999755859375,stock,2025-09-24,,,,,,
SPY,2.0,1.07,option,2025-09-24,691.0,2025-10-24,call,0.14621138271212716,0.1598422638871797,-0.5321199084942009
SPY,-31.968452777435942,661.0999755859375,stock,2025-09-24,,,,,,
SPY,2.0,1.19,option,2025-09-24,690.0,2025-10-24,call,0.14621138271212716,0.16838749404633957,-0.5124135118343183
SPY,-33.67749880926792,661.0999755859375,stock,2025-09-24,,,,,,
SPY,43.67874237757903,661.0999755859375,stock,2025-09-24,,,,,,
SPY,74.96818581218585,658.0499877929688,stock,2025-09-25,,,,,,
SPY,-47.0400628796884,661.8200073242188,stock,2025-09-26,,,,,,
SPY,26.34370294072989,663.6799926757812,stock,2025-09-29,,,,,,
SPY,-36.69771190140328,666.1799926757812,stock,2025-09-30,,,,,,
SPY,2.0,0.655,option,2025-10-01,701.0,2025-10-31,call,0.15620838817477364,0.15802877923522446,-0.7307284085566104
SPY,-31.605755847044893,668.4500122070312,stock,2025-10-01,,,,,,
SPY,2.0,0.735,option,2025-10-01,700.0,2025-10-31,call,0.15620838817477364,0.1658449333778218,-0.715493105165867
SPY,-33.16898667556436,668.4500122070312,stock,2025-10-01,,,,,,
SPY,2.0,0.8200000000000001,option,2025-10-01,699.0,2025-10-31,call,0.15620838817477364,0.1739184047382305,-0.7009408821239731
SPY,-34.783680947646104,668.4500122070312,stock,2025-10-01,,,,,,
SPY,-43.12451712842358,668.4500122070312,stock,2025-10-01,,,,,,
SPY,10.77540144641668,669.219970703125,stock,2025-10-02,,,,,,
SPY,51.88672943981945,669.2100219726562,stock,2025-10-03,,,,,,
SPY,1.968229488961832,671.6099853515625,stock,2025-10-06,,,,,,
SPY,113.22068461836861,669.1199951171875,stock,2025-10-07,,,,,,
SPY,2.0,0.78,option,2025-10-08,705.0,2025-11-07,call,0.15699215587496895,0.16616532244970822,-0.702350281967189
SPY,-33.23306448994165,673.1099853515625,stock,2025-10-08,,,,,,
SPY,2.0,1.33,option,2025-10-08,700.0,2025-11-07,call,0.15699215587496895,0.20859867432025214,-0.6193714733913279
SPY,-41.71973486405043,673.1099853515625,stock,2025-10-08,,,,,,
SPY,-104.62064978973997,673.1099853515625,stock,2025-10-08,,,,,,
SPY,113.01344487559723,671.1599731445312,stock,2025-10-09,,,,,,
SPY,336.2549968656265,653.02001953125,stock,2025-10-10,,,,,,
SPY,-34.81754056059727,663.0399780273438,stock,2025-10-13,,,,,,
SPY,27.123206204828243,662.22998046875,stock,2025-10-14,,,,,,
SPY,-2.0,4.885,option,2025-10-15,635.0,2025-11-14,put,0.14953653034091136,-0.1266205455920354,1.66681755796165
SPY,-25.32410911840708,665.1699829101562,stock,2025-10-15,,,,,,
SPY,-16.140318123526097,665.1699829101562,stock,2025-10-15,,,,,,
SPY,52.6213111796085,660.6400146484375,stock,2025-10-16,,,,,,
SPY,-11.543220870661532,664.3900146484375,stock,2025-10-17,,,,,,
SPY,-12.90464026407248,671.2999877929688,stock,2025-10-20,,,,,,
SPY,23.458678102900564,671.2899780273438,stock,2025-10-21,,,,,,
SPY,-2.0,3.745,option,2025-10-22,635.0,2025-11-21,put,0.14883789714694162,-0.10745947164097314,1.499627818659169
SPY,-21.491894328194626,667.7999877929688,stock,2025-10-22,,,,,,
SPY,-2.0,3.855,option,2025-10-22,636.0,2025-11-21,put,0.14883789714694162,-0.11443485722864777,1.3837026329542381
SPY,-22.886971445729554,667.7999877929688,stock,2025-10-22,,,,,,
SPY,-2.0,3.97,option,2025-10-22,637.0,2025-11-21,put,0.14883789714694162,-0.12171499056355628,1.2767356432302428
SPY,-24.342998112711257,667.7999877929688,stock,2025-10-22,,,,,,
SPY,-2.0,4.09,option,2025-10-22,638.0,2025-11-21,put,0.14883789714694162,-0.12930239234822216,1.1778368870205815
SPY,-25.860478469644434,667.7999877929688,stock,2025-10-22,,,,,,
SPY,-2.0,4.210000000000001,option,2025-10-22,639.0,2025-11-21,put,0.14883789714694162,-0.13719885021358058,1.0837465977004987
SPY,-27.439770042716116,667.7999877929688,stock,2025-10-22,,,,,,
SPY,-2.0,4.335,option,2025-10-22,640.0,2025-11-21,put,0.14883789714694162,-0.1454053864782755,0.9965895090393252
SPY,-29.0810772956551,667.7999877929688,stock,2025-10-22,,,,,,
SPY,-2.0,4.470000000000001,option,2025-10-22,641.0,2025-11-21,put,0.14883789714694162,-0.15392222901066044,0.9178536667613809
SPY,-30.784445802132087,667.7999877929688,stock,2025-10-22,,,,,,
SPY,-2.0,4.595000000000001,option,2025-10-22,642.0,2025-11-21,put,0.14883789714694162,-0.1627487854748586,0.8385200825029392
SPY,-32.549757094971724,667.7999877929688,stock,2025-10-22,,,,,,
SPY,50.04805177506538,667.7999877929688,stock,2025-10-22,,,,,,
SPY,38.402709254220035,671.760009765625,stock,2025-10-23,,,,,,
SPY,23.490024378506977,677.25,stock,2025-10-24,,,,,,
SPY,14.82836894946318,685.239990234375,stock,2025-10-27,,,,,,
SPY,6.2965424545855395,687.0599975585938,stock,2025-10-28,,,,,,
SPY,2.0,1.26,option,2025-10-29,720.0,2025-11-28,call,0.15465950664401193,0.16204556733289455,-0.506997587148812
SPY,-32.40911346657891,687.3900146484375,stock,2025-10-29,,,,,,
SPY,28.90350968048817,687.3900146484375,stock,2025-10-29,,,,,,
SPY,67.8345379211558,679.8300170898438,stock,2025-10-30,,,,,,
SPY,10.343200113952665,682.0599975585938,stock,2025-10-31,,,,,,
SPY,36.17125840762503,683.3400268554688,stock,2025-11-03,,,,,,
SPY,-0.18641062072864578,675.239990234375,stock,2025-11-04,,,,,,
SPY,-2.0,3.45,option,2025-11-05,644.0,2025-12-05,put,0.15074309047579904,-0.10826901954107937,1.21998312148293
SPY,-21.653803908215874,677.5800170898438,stock,2025-11-05,,,,,,
SPY,-2.0,3.56,option,2025-11-05,645.0,2025-12-05,put,0.15074309047579904,-0.11509226594677813,1.1266987661407954
SPY,-23.018453189355625,677.5800170898438,stock,2025-11-05,,,,,,
SPY,-1.0,3.67,option,2025-11-05,646.0,2025-12-05,put,0.15074309047579904,-0.12220457058525591,1.0375696663599523
SPY,-12.220457058525591,677.5800170898438,stock,2025-11-05,,,,,,
SPY,20.88495227692723,677.5800170898438,stock,2025-11-05,,,,,,
SPY,-55.36466911124511,670.3099975585938,stock,2025-11-06,,,,,,
SPY,18.198130012367333,670.969970703125,stock,2025-11-07,,,,,,
SPY,90.04158947484167,681.4400024414062,stock,2025-11-10,,,,,,
SPY,8.800588673581961,683.0,stock,2025-11-11,,,,,,
SPY,5.199409892167102,683.3800048828125,stock,2025-11-12,,,,,,
SPY,-34.912091746399454,672.0399780273438,stock,2025-11-13,,,,,,
SPY,7.523408410639668,671.9299926757812,stock,2025-11-14,,,,,,
SPY,-14.690008960567884,665.6699829101562,stock,2025-11-17,,,,,,
SPY,-36.657737757342986,660.0800170898438,stock,2025-11-18,,,,,,
SPY,-2.0,6.08,option,2025-11-19,630.0,2025-12-19,put,0.15173116382479807,-0.11115861688830087,2.8489436750474173
SPY,-22.231723377660174,662.6300048828125,stock,2025-11-19,,,,,,
SPY,32.55889252124102,662.6300048828125,stock,2025-11-19,,,,,,
SPY,-96.6083714819132,652.530029296875,stock,2025-11-20,,,,,,
SPY,76.32587684711555,659.030029296875,stock,2025-11-21,,,,,,
SPY,81.94885653471846,668.72998046875,stock,2025-11-24,,,,,,
SPY,27.100932363464736,675.02001953125,stock,2025-11-25,,,,,,
SPY,-2.0,3.45,option,2025-11-26,648.0,2025-12-26,put,0.1464980572116389,-0.11572944754041181,1.101079067836583
SPY,-23.145889508082362,679.6799926757812,stock,2025-11-26,,,,,,
SPY,-2.0,3.57,option,2025-11-26,649.0,2025-12-26,put,0.1464980572116389,-0.1230459417506875,1.0172418750508259
SPY,-24.6091883501375,679.6799926757812,stock,2025-11-26,,,,,,
SPY,-2.0,3.69,option,2025-11-26,650.0,2025-12-26,put,0.1464980572116389,-0.13066870485526172,0.9367075742413481
SPY,-26.133740971052344,679.6799926757812,stock,2025-11-26,,,,,,
SPY,-2.0,3.81,option,2025-11-26,651.0,2025-12-26,put,0.1464980572116389,-0.13859940107290036,0.8594624641871212
SPY,-27.719880214580073,679.6799926757812,stock,2025-11-26,,,,,,
SPY,2.0,1.09,option,2025-11-26,710.0,2025-12-26,call,0.1464980572116389,0.16379372532270264,-0.5511735189938167
SPY,-32.75874506454053,679.6799926757812,stock,2025-11-26,,,,,,
SPY,2.0,1.2,option,2025-11-26,709.0,2025-12-26,call,0.1464980572116389,0.17222060164572467,-0.535953320584815
SPY,-34.44412032914494,679.6799926757812,stock,2025-11-26,,,,,,
SPY,2.0,1.315,option,2025-11-26,708.0,2025-12-26,call,0.1464980572116389,0.1809315670125507,-0.5220880104437267
SPY,-36.18631340251014,679.6799926757812,stock,2025-11-26,,,,,,
SPY,2.0,1.4449999999999998,option,2025-11-26,707.0,2025-12-26,call,0.1464980572116389,0.189926449921417,-0.5060939232635033
SPY,-37.9852899842834,679.6799926757812,stock,2025-11-26,,,,,,
SPY,9.942384853159432,679.6799926757812,stock,2025-11-26,,,,,,
SPY,9.30130830358027,683.3900146484375,stock,2025-11-28,,,,,,
