date,underlying_price,historical_iv,GARCH_iv,XGB_iv,vix_close,vix_decimal,vrp_adjustment
2020-02-14,337.6000061035156,0.1521286470308704,0.1765894085220599,0.1342991941751953,13.68000030517578,0.1368000030517578,0.03206028502941226
2020-02-18,336.7300109863281,0.1490380427170539,0.1526547764258873,0.1119032781900879,14.829999923706056,0.1482999992370605,0.03206028502941226
2020-02-19,338.3399963378906,0.1494611749016417,0.1551551268104759,0.1315964525522705,14.380000114440918,0.1438000011444092,0.03206028502941226
2020-02-20,336.95001220703125,0.1491582424446825,0.1368502419423779,0.1142120760263916,15.5600004196167,0.1556000041961669,0.03206028502941226
2020-02-21,333.4800109863281,0.1497841362889276,0.1469392584968548,0.1272973745645996,17.079999923706055,0.1707999992370605,0.03206028502941226
2020-02-24,322.4200134277344,0.1533936476620787,0.1360499233103847,0.141704541999292,25.030000686645508,0.2503000068664551,0.03206028502941226
2020-02-25,312.6499938964844,0.1900936103949773,0.1789928308825496,0.248832752067041,27.850000381469727,0.2785000038146972,0.03206028502941226
2020-02-26,311.5,0.2120325267589746,0.2313181323969757,0.3071210974039551,27.559999465942383,0.2755999946594238,0.03206028502941226
2020-02-27,297.510009765625,0.212131825738678,0.252808206816738,0.2876387327494141,39.15999984741211,0.3915999984741211,0.03206028502941226
2020-02-28,296.260009765625,0.2537699435826841,0.3031216463456214,0.4397698705973145,40.11000061035156,0.4011000061035156,0.03206028502941226
2020-03-02,309.0899963378906,0.2508945376162693,0.4221972035816596,0.4536760824503418,33.41999816894531,0.3341999816894531,0.03206028502941226
2020-03-03,300.239990234375,0.2893236090202181,0.3869665828892005,0.3144580763163086,36.81999969482422,0.3681999969482422,0.03206028502941226
2020-03-04,312.8599853515625,0.3009728746146257,0.4454761354315578,0.359720432120752,31.989999771118164,0.3198999977111816,0.03206028502941226
2020-03-05,302.4599914550781,0.3313045304584577,0.4550666633686954,0.2974592512430664,39.619998931884766,0.3961999893188476,0.03206028502941226
2020-03-06,297.4599914550781,0.3454174636881584,0.2099635279681945,0.3190410917582031,41.93999862670898,0.4193999862670898,0.03206028502941226
2020-03-09,274.2300109863281,0.3475166006708349,0.4949986445868067,0.2835144918741699,54.459999084472656,0.5445999908447265,0.03206028502941226
2020-03-10,288.4200134277344,0.4210081945355785,0.4682288152975568,0.4058994787516113,47.29999923706055,0.4729999923706054,0.03206028502941226
2020-03-11,274.3599853515625,0.4525452926327777,0.2292828239066803,0.3669703024210449,53.900001525878906,0.539000015258789,0.03206028502941226
2020-03-12,248.1100006103516,0.4733137845108109,0.4736138066773716,0.3451611822428223,75.47000122070312,0.7547000122070312,0.03206028502941226
2020-03-13,269.32000732421875,0.5526689792942375,0.4882423309384481,0.4085207479776855,57.83000183105469,0.5783000183105469,0.03206028502941226
2020-03-16,239.8500061035156,0.6175082443074292,0.2712379957187764,0.3384761923136231,82.69000244140625,0.8269000244140625,0.03206028502941226
2020-03-17,252.8000030517578,0.6989740422324632,0.9477930569955616,0.3497061270060059,75.91000366210938,0.7591000366210937,0.03206028502941226
2020-03-18,240.0,0.7206527951650527,1.1406315657597457,0.4159710806192871,76.44999694824219,0.7644999694824218,0.03206028502941226
2020-03-19,240.50999450683597,0.7289377878127643,1.0810959880541038,0.414999973136377,72.0,0.72,0.03206028502941226
2020-03-20,228.8000030517578,0.7287135830063919,0.2615129544598005,0.3654514807047364,66.04000091552734,0.6604000091552734,0.03206028502941226
2020-03-23,222.9499969482422,0.7376019680581257,0.6191688258866209,0.4113012426676269,61.59000015258789,0.6159000015258789,0.03206028502941226
2020-03-24,243.1499938964844,0.7358133476195241,0.2497126420072635,0.4095550268473145,61.66999816894531,0.6166999816894532,0.03206028502941226
2020-03-25,246.7899932861328,0.7950234721729617,0.5511187638276839,0.3359355848612305,63.95000076293945,0.6395000076293945,0.03206028502941226
2020-03-26,261.20001220703125,0.7971669826052344,0.2585418787147184,0.3367269438089844,61.0,0.61,0.03206028502941226
2020-03-27,253.4199981689453,0.8223394921523257,0.8209230512759745,0.2690596884073731,65.54000091552734,0.6554000091552734,0.03206028502941226
2020-03-30,261.6499938964844,0.8241419130850146,0.8321873167061757,0.338398238975,57.08000183105469,0.5708000183105468,0.03206028502941226
2020-03-31,257.75,0.8334975975696328,0.724810190573744,0.267484161216211,53.540000915527344,0.5354000091552734,0.03206028502941226
2020-04-01,246.1499938964844,0.8326270380892131,0.6841439409107763,0.273585120994043,57.060001373291016,0.5706000137329101,0.03206028502941226
2020-04-02,251.8300018310547,0.8396557338789876,0.6272132202868578,0.2519858282389161,50.90999984741211,0.5090999984741211,0.03206028502941226
2020-04-03,248.19000244140625,0.8457250147853361,0.4481943268205992,0.2679911344828125,46.79999923706055,0.4679999923706054,0.03206028502941226
2020-04-06,264.8599853515625,0.8425836702072067,0.5623293145103804,0.2561580770792481,45.2400016784668,0.4524000167846679,0.03206028502941226
2020-04-07,265.1300048828125,0.8682180233202914,0.522289876534617,0.2596111982645508,46.70000076293945,0.4670000076293945,0.03206028502941226
2020-04-08,274.0299987792969,0.8684359708100539,0.6318594368749054,0.2910329359354492,43.34999847412109,0.4334999847412109,0.03206028502941226
2020-04-09,278.20001220703125,0.8665045367873968,0.5711803153562082,0.3222097891153809,41.66999816894531,0.4166999816894531,0.03206028502941226
2020-04-13,275.6600036621094,0.8681581935689258,0.2348234715213717,0.3254719847025391,41.16999816894531,0.4116999816894531,0.03206028502941226
2020-04-14,283.7900085449219,0.8571698914392497,0.4883335749729896,0.3407755583109375,37.7599983215332,0.377599983215332,0.03206028502941226
2020-04-15,277.760009765625,0.85903937887816,0.4476952295416186,0.3140685957254883,40.84000015258789,0.4084000015258789,0.03206028502941226
2020-04-16,279.1000061035156,0.850217884839145,0.3311608235543782,0.3309800642313477,40.11000061035156,0.4011000061035156,0.03206028502941226
2020-04-17,286.6400146484375,0.8455068612867179,0.3182847497362082,0.3094987791361328,38.150001525878906,0.381500015258789,0.03206028502941226
2020-04-20,281.5899963378906,0.8488637069390553,0.3712126905432517,0.3047636717142578,43.83000183105469,0.4383000183105469,0.03206028502941226
2020-04-21,273.0400085449219,0.8135494564766285,0.2949866166865855,0.322253162223291,45.40999984741211,0.4540999984741211,0.03206028502941226
2020-04-22,279.1000061035156,0.8038525073744621,0.3660601087715446,0.3108579939188476,41.97999954223633,0.4197999954223633,0.03206028502941226
2020-04-23,279.0799865722656,0.7925637738686012,0.3005953611244218,0.3037349432291504,41.380001068115234,0.4138000106811523,0.03206028502941226
2020-04-24,282.9700012207031,0.7271548313498181,0.2924144686211829,0.3101203268351074,35.93000030517578,0.3593000030517578,0.03206028502941226
2020-04-27,287.04998779296875,0.6861792787272871,0.2051747480738645,0.2974176710428711,33.290000915527344,0.3329000091552734,0.03206028502941226
2020-04-28,285.7300109863281,0.5794410312291237,0.315621706660378,0.3137347906412598,33.56999969482422,0.3356999969482422,0.03206028502941226
2020-04-29,293.2099914550781,0.5614920694500802,0.2491582893884728,0.273027316886377,31.229999542236328,0.3122999954223633,0.03206028502941226
2020-04-30,290.4800109863281,0.5362686567189605,0.2369225780578698,0.272713653403711,34.150001525878906,0.341500015258789,0.03206028502941226
2020-05-01,282.7900085449219,0.5383783901397082,0.2501572235682333,0.2795362966837403,37.18999862670898,0.3718999862670898,0.03206028502941226
2020-05-04,283.57000732421875,0.5194518837702257,0.2793055503472144,0.2617776411356445,35.970001220703125,0.3597000122070312,0.03206028502941226
2020-05-05,286.19000244140625,0.509094414484891,0.2583736845181941,0.2406032293619629,33.61000061035156,0.3361000061035156,0.03206028502941226
2020-05-06,284.25,0.4447968635926561,0.2421023544382577,0.2315769880594727,34.119998931884766,0.3411999893188476,0.03206028502941226
2020-05-07,287.67999267578125,0.445371419383534,0.231393299531379,0.2354578512491699,31.440000534057617,0.3144000053405761,0.03206028502941226
2020-05-08,292.44000244140625,0.414749132950206,0.2223019787832468,0.2714474600138184,27.979999542236328,0.2797999954223633,0.03206028502941226
2020-05-11,292.5,0.4024357775024736,0.2419043438447352,0.2730355757059571,27.56999969482422,0.2756999969482422,0.03206028502941226
2020-05-12,286.6700134277344,0.3933057102286431,0.219964464125776,0.260493022757959,33.040000915527344,0.3304000091552734,0.03206028502941226
2020-05-13,281.6000061035156,0.3960127722842494,0.2111621780699144,0.2568163603128907,35.279998779296875,0.3527999877929687,0.03206028502941226
2020-05-14,284.9700012207031,0.3699095766460407,0.2241258324939141,0.276376926261377,32.61000061035156,0.3261000061035156,0.03206028502941226
2020-05-15,286.2799987792969,0.3661377470512416,0.2590856033429774,0.2291995352091309,31.88999938964844,0.3188999938964844,0.03206028502941226
2020-05-18,295.0,0.3611618226245605,0.2233959427043148,0.16749811347146,29.299999237060547,0.2929999923706055,0.03206028502941226
2020-05-19,291.9700012207031,0.316864036456917,0.2155378333208921,0.214259998160791,30.530000686645508,0.3053000068664551,0.03206028502941226
2020-05-20,296.92999267578125,0.3197773395442829,0.2448797163559231,0.2406730192484375,27.989999771118164,0.2798999977111816,0.03206028502941226
2020-05-21,294.8800048828125,0.30849118759514,0.2365299871395518,0.2348878782572266,29.530000686645508,0.2953000068664551,0.03206028502941226
2020-05-22,295.44000244140625,0.3072700259394524,0.2026996251874464,0.2041920202555176,28.15999984741211,0.2815999984741211,0.03206028502941226
2020-05-26,299.0799865722656,0.3051504305854849,0.2252989068153862,0.2300957983316895,28.01000022888184,0.2801000022888184,0.03206028502941226
2020-05-27,303.5299987792969,0.2946685094224516,0.214892454539677,0.2326303976358887,27.6200008392334,0.276200008392334,0.03206028502941226
2020-05-28,302.9700012207031,0.2873813657344493,0.2127373370805417,0.2575949972452637,28.59000015258789,0.2859000015258789,0.03206028502941226
2020-05-29,304.32000732421875,0.2877240158128548,0.2136581215242175,0.2214007490458008,27.51000022888184,0.2751000022888183,0.03206028502941226
2020-06-01,305.54998779296875,0.2772704461893254,0.205413951986412,0.2174332922281738,28.229999542236328,0.2822999954223633,0.03206028502941226
2020-06-02,308.0799865722656,0.2697059665329391,0.1990516252859143,0.1929569357218262,26.84000015258789,0.2684000015258789,0.03206028502941226
2020-06-03,312.17999267578125,0.2467307110439158,0.1939067581777504,0.1555821722330566,25.65999984741211,0.256599998474121,0.03206028502941226
2020-06-04,311.3599853515625,0.2417070015546079,0.1923518239328229,0.1730367010416504,25.809999465942383,0.2580999946594238,0.03206028502941226
2020-06-05,319.3399963378906,0.2422735607075984,0.195970236602694,0.142436439353418,24.520000457763672,0.2452000045776367,0.03206028502941226
2020-06-08,323.20001220703125,0.2497916495952142,0.1925668462547871,0.1928510587992188,25.809999465942383,0.2580999946594238,0.03206028502941226
2020-06-09,320.7900085449219,0.2489313849208619,0.218389127906141,0.2145913999857422,27.56999969482422,0.2756999969482422,0.03206028502941226
2020-06-10,319.0,0.2501309886146071,0.2150403360465759,0.2004177206339356,27.56999969482422,0.2756999969482422,0.03206028502941226
2020-06-11,300.6099853515625,0.2412992639171705,0.2096251485820057,0.2029961126627441,40.790000915527344,0.4079000091552734,0.03206028502941226
2020-06-12,304.2099914550781,0.3087265892974675,0.2121441213797599,0.2793703764261719,36.09000015258789,0.3609000015258789,0.03206028502941226
2020-06-15,307.04998779296875,0.2967392877370194,0.3525375971882185,0.2704588239969727,34.400001525878906,0.344000015258789,0.03206028502941226
2020-06-16,312.9599914550781,0.2974920621277627,0.3266462670890543,0.292887870627832,33.66999816894531,0.3366999816894531,0.03206028502941226
2020-06-17,311.6600036621094,0.301217014814419,0.3034786651024171,0.2900697058023926,33.470001220703125,0.3347000122070312,0.03206028502941226
2020-06-18,311.7799987792969,0.3004564347929339,0.2934681097069702,0.2756694143595215,32.939998626708984,0.3293999862670898,0.03206028502941226
2020-06-19,308.6400146484375,0.2992024435731379,0.2147218046770564,0.2397120397867676,35.119998931884766,0.3511999893188476,0.03206028502941226
2020-06-22,310.6199951171875,0.2984620164788013,0.2549729224766556,0.2405606764139649,31.770000457763672,0.3177000045776367,0.03206028502941226
2020-06-23,312.04998779296875,0.2987406573924521,0.2451207725600175,0.2408518331827637,31.3700008392334,0.313700008392334,0.03206028502941226
2020-06-24,304.0899963378906,0.290034772809873,0.2328699090598891,0.2126476400675293,33.84000015258789,0.3384000015258789,0.03206028502941226
2020-06-25,307.3500061035156,0.2968117894621159,0.2237567087759968,0.3221373480143066,32.220001220703125,0.3222000122070312,0.03206028502941226
2020-06-26,300.04998779296875,0.2964491890278398,0.2486532072462298,0.2121161382975098,34.72999954223633,0.3472999954223633,0.03206028502941226
2020-06-29,304.4599914550781,0.3077377312867828,0.2403082909925614,0.2434152906717774,31.780000686645508,0.3178000068664551,0.03206028502941226
2020-06-30,308.3599853515625,0.2969950447183875,0.3041192777454798,0.2347267072977539,30.43000030517578,0.3043000030517578,0.03206028502941226
2020-07-01,310.5199890136719,0.2967727345529936,0.2943613658274988,0.2404662054361816,28.6200008392334,0.286200008392334,0.03206028502941226
2020-07-02,312.2300109863281,0.2933314609190675,0.2749260388952449,0.2218303602518555,27.68000030517578,0.2768000030517578,0.03206028502941226
2020-07-06,317.04998779296875,0.2922709497304569,0.2542730847152214,0.2218303602518555,27.940000534057617,0.2794000053405762,0.03206028502941226
2020-07-07,313.7799987792969,0.295226008376943,0.2359090621066701,0.2044192236246582,29.43000030517578,0.2943000030517578,0.03206028502941226
2020-07-08,316.17999267578125,0.2960789792041888,0.2403483080756862,0.2291718595804688,28.07999992370605,0.2807999992370605,0.03206028502941226
2020-07-09,314.3800048828125,0.2937146034810761,0.234651915837892,0.2114979093851562,29.26000022888184,0.2926000022888184,0.03206028502941226
2020-07-10,317.5899963378906,0.2943934539225747,0.2181553507208805,0.1953925817789551,27.290000915527344,0.2729000091552734,0.03206028502941226
2020-07-13,314.8399963378906,0.2955522516945209,0.2073833591599773,0.1470065420450684,32.189998626708984,0.3218999862670898,0.03206028502941226
2020-07-14,318.9200134277344,0.297105080510793,0.2028231555338647,0.156510450202417,29.520000457763672,0.2952000045776367,0.03206028502941226
2020-07-15,321.8500061035156,0.298585425517378,0.1998087193400647,0.1411798494638916,27.76000022888184,0.2776000022888183,0.03206028502941226
2020-07-16,320.7900085449219,0.2971981735220475,0.2043890190516954,0.1400135057749268,28.0,0.28,0.03206028502941226
2020-07-17,321.7200012207031,0.2972890133317529,0.1990032032874162,0.1446099203409668,25.68000030517578,0.2568000030517578,0.03206028502941226
2020-07-20,324.32000732421875,0.2868549723399112,0.1870227275500992,0.1304387586893555,24.459999084472656,0.2445999908447265,0.03206028502941226
2020-07-21,325.010009765625,0.2854730140436847,0.1743563267355146,0.1229468363108154,24.84000015258789,0.2484000015258789,0.03206028502941226
2020-07-22,326.8599853515625,0.2844597861574726,0.1704696286019955,0.1119032781900879,24.31999969482422,0.2431999969482421,0.03206028502941226
2020-07-23,322.9599914550781,0.2842167181328505,0.1580714634694876,0.1362075632395264,26.07999992370605,0.2607999992370605,0.03206028502941226
2020-07-24,320.8800048828125,0.210272261137317,0.1603482183933846,0.1388428514780518,25.84000015258789,0.2584000015258789,0.03206028502941226
2020-07-27,323.2200012207031,0.2097475550432753,0.1766638798975704,0.1512097662271973,24.739999771118164,0.2473999977111816,0.03206028502941226
2020-07-28,321.1700134277344,0.2090823780122046,0.172822986328478,0.1347136228861328,25.440000534057617,0.2544000053405761,0.03206028502941226
2020-07-29,325.1199951171875,0.2024756205067945,0.1675563971498749,0.1464220732035156,24.100000381469727,0.2410000038146972,0.03206028502941226
2020-07-30,323.9599914550781,0.2049265542643026,0.1644232585599473,0.1397393911661621,24.76000022888184,0.2476000022888183,0.03206028502941226
2020-07-31,326.5199890136719,0.2055400879756728,0.1798038514861813,0.1432857340158936,24.459999084472656,0.2445999908447265,0.03206028502941226
2020-08-03,328.7900085449219,0.2029492734725548,0.1708227721750337,0.131791269141626,24.280000686645508,0.2428000068664551,0.03206028502941226
2020-08-04,330.0599975585937,0.2030814264287332,0.1675458784428579,0.1273372762979981,23.76000022888184,0.2376000022888183,0.03206028502941226
2020-08-05,332.1099853515625,0.2029930773922247,0.1623881984330438,0.1229068868937012,22.989999771118164,0.2298999977111816,0.03206028502941226
2020-08-06,334.3299865722656,0.1808111565771287,0.1524328906101527,0.1232854002298828,22.649999618530277,0.2264999961853027,0.03206028502941226
2020-08-07,334.57000732421875,0.1794281089616831,0.1571066415110075,0.1246525209726807,22.209999084472656,0.2220999908447265,0.03206028502941226
2020-08-10,335.57000732421875,0.1547229067699119,0.1539807041389161,0.1119032781900879,22.1299991607666,0.221299991607666,0.03206028502941226
2020-08-11,332.79998779296875,0.1501890474495546,0.1396177344900889,0.1426300352396484,24.030000686645508,0.240300006866455,0.03206028502941226
2020-08-12,337.44000244140625,0.1514185606510381,0.1368003690525002,0.1607198160471435,22.280000686645508,0.222800006866455,0.03206028502941226
2020-08-13,336.8299865722656,0.1553177138437099,0.1562451826420148,0.1583644407572266,22.1299991607666,0.221299991607666,0.03206028502941226
2020-08-14,336.8399963378906,0.1557958667433033,0.1742909096460759,0.1803181856455322,22.049999237060547,0.2204999923706054,0.03206028502941226
2020-08-17,337.9100036621094,0.1497354005612653,0.1641402747293792,0.1631096094431396,21.350000381469727,0.2135000038146972,0.03206028502941226
2020-08-18,338.6400146484375,0.1434465245350585,0.1536774764537308,0.1579131143869873,21.51000022888184,0.2151000022888183,0.03206028502941226
2020-08-19,337.2300109863281,0.1423713037523818,0.1447725701964953,0.1398016279520508,22.540000915527344,0.2254000091552734,0.03206028502941226
2020-08-20,338.2799987792969,0.1414492522940239,0.1433826701201536,0.1460084837259766,22.71999931335449,0.2271999931335449,0.03206028502941226
2020-08-21,339.4800109863281,0.1389083805727442,0.1452880773382941,0.175433265525293,22.540000915527344,0.2254000091552734,0.03206028502941226
2020-08-24,342.9200134277344,0.1336696026407186,0.1387994047892677,0.1381538027109619,22.3700008392334,0.2237000083923339,0.03206028502941226
2020-08-25,344.1199951171875,0.1314391919348562,0.1330614741237537,0.1150458639444824,22.030000686645508,0.220300006866455,0.03206028502941226
2020-08-26,347.57000732421875,0.1294180089484836,0.1438897874175141,0.1119032781900879,23.270000457763672,0.2327000045776367,0.03206028502941226
2020-08-27,348.3299865722656,0.1303962499932996,0.1358920211785299,0.1119032781900879,24.46999931335449,0.2446999931335449,0.03206028502941226
2020-08-28,350.5799865722656,0.130410083985305,0.1554490626282297,0.1155652540506836,22.959999084472656,0.2295999908447265,0.03206028502941226
2020-08-31,349.3099975585937,0.1297410714006872,0.1422479278734734,0.1167142217936035,26.40999984741211,0.2640999984741211,0.03206028502941226
2020-09-01,352.6000061035156,0.1314920613124814,0.1446292002675251,0.1119032781900879,26.1200008392334,0.261200008392334,0.03206028502941226
2020-09-02,357.70001220703125,0.1331413257016084,0.1398834666548626,0.1119032781900879,26.56999969482422,0.2656999969482422,0.03206028502941226
2020-09-03,345.3900146484375,0.1286103965626855,0.1840551834532615,0.1676710909189697,33.599998474121094,0.3359999847412109,0.03206028502941226
2020-09-04,342.57000732421875,0.1787784856988875,0.1784624293931833,0.1874728411020752,30.75,0.3075,0.03206028502941226
2020-09-08,333.2099914550781,0.1813501662603372,0.3093727020809637,0.193223506766748,31.459999084472656,0.3145999908447265,0.03206028502941226
2020-09-09,339.7900085449219,0.2036764444067745,0.2855047368332163,0.1928534429850098,28.809999465942383,0.2880999946594238,0.03206028502941226
2020-09-10,333.8900146484375,0.2091563569100901,0.3324203289946362,0.2136780088724609,29.709999084472656,0.2970999908447265,0.03206028502941226
2020-09-11,334.0599975585937,0.2173395354091102,0.3181124543526757,0.3406636350931641,26.8700008392334,0.268700008392334,0.03206028502941226
2020-09-14,338.4599914550781,0.216165281794548,0.3213730441256747,0.2884172552408692,25.850000381469727,0.2585000038146973,0.03206028502941226
2020-09-15,340.1700134277344,0.21888591593025,0.2878597983250555,0.2482239263834473,25.59000015258789,0.2559000015258789,0.03206028502941226
2020-09-16,338.82000732421875,0.2190812185456674,0.2766296378406985,0.2232757490458008,26.040000915527344,0.2604000091552734,0.03206028502941226
2020-09-17,335.8399963378906,0.2189625956513398,0.2536929397566992,0.2404516714395996,26.459999084472656,0.2645999908447266,0.03206028502941226
2020-09-18,330.6499938964844,0.2200839531910792,0.2306653796917472,0.2037234609903808,25.82999992370605,0.2582999992370605,0.03206028502941226
2020-09-21,326.9700012207031,0.2256907818429994,0.2239736699830998,0.2356268995584961,27.780000686645508,0.277800006866455,0.03206028502941226
2020-09-22,330.29998779296875,0.2279509773567345,0.2367061021000278,0.2821453398050781,26.86000061035156,0.2686000061035156,0.03206028502941226
2020-09-23,322.6400146484375,0.2292151031851927,0.2337215250907971,0.1990387838663574,28.57999992370605,0.2857999992370605,0.03206028502941226
2020-09-24,323.5,0.2357536612958289,0.2248828926839059,0.2642982023539063,28.51000022888184,0.2851000022888184,0.03206028502941226
2020-09-25,328.7300109863281,0.2361275534240408,0.2174926983318404,0.2081537741007324,26.3799991607666,0.263799991607666,0.03206028502941226
2020-09-28,334.19000244140625,0.2424836333996815,0.2417161140413969,0.1848287695230957,26.190000534057617,0.2619000053405761,0.03206028502941226
2020-09-29,332.3699951171875,0.2483335720824414,0.2462378724206667,0.1985886877359863,26.270000457763672,0.2627000045776367,0.03206028502941226
2020-09-30,334.8900146484375,0.2486939307124655,0.2511613032433455,0.1967696302713867,26.3700008392334,0.263700008392334,0.03206028502941226
2020-10-01,337.0400085449219,0.2497296645075845,0.2346398903899028,0.1819890135111328,26.700000762939453,0.2670000076293945,0.03206028502941226
2020-10-02,333.8399963378906,0.2503999565221193,0.2207795257174315,0.196180221396875,27.6299991607666,0.276299991607666,0.03206028502941226
2020-10-05,339.760009765625,0.2518216640491277,0.2068141092204644,0.1920393865885254,27.959999084472656,0.2795999908447266,0.03206028502941226
2020-10-06,334.92999267578125,0.2561587817402614,0.2059024151270443,0.2030035513224121,29.479999542236328,0.2947999954223633,0.03206028502941226
2020-10-07,340.760009765625,0.2595542201262627,0.2244304805336558,0.2151343077005859,28.059999465942383,0.2805999946594238,0.03206028502941226
2020-10-08,343.7799987792969,0.2636691373213033,0.2330997454040765,0.1687181394876953,26.36000061035156,0.2636000061035156,0.03206028502941226
2020-10-09,346.8500061035156,0.2652292829811941,0.2385876052691365,0.1787280672373291,25.0,0.25,0.03206028502941226
2020-10-12,352.42999267578125,0.2659918028806862,0.2299503979391641,0.212741386252832,25.06999969482422,0.2506999969482422,0.03206028502941226
2020-10-13,350.1300048828125,0.2706128154821248,0.2192551472145063,0.213296977836084,26.06999969482422,0.2606999969482422,0.03206028502941226
2020-10-14,347.92999267578125,0.2697821067944392,0.2297129256149139,0.2210976522745605,26.399999618530277,0.2639999961853027,0.03206028502941226
2020-10-15,347.5,0.2661366064658535,0.2170974098516544,0.2174966734232422,26.96999931335449,0.2696999931335449,0.03206028502941226
2020-10-16,347.2900085449219,0.2418262240138258,0.2061956034140182,0.2095758741678711,27.40999984741211,0.2740999984741211,0.03206028502941226
2020-10-19,342.010009765625,0.2402765787570717,0.2017199387405552,0.1932612150492187,29.18000030517578,0.2918000030517578,0.03206028502941226
2020-10-20,343.3800048828125,0.228045739423489,0.1754925205419861,0.2301520078958984,29.350000381469727,0.2935000038146972,0.03206028502941226
2020-10-21,342.7300109863281,0.2199212238010636,0.203315676498614,0.1901673239054199,28.649999618530277,0.2864999961853027,0.03206028502941226
2020-10-22,344.6099853515625,0.2120256689397957,0.19018820942519,0.1898195665659424,28.11000061035156,0.2811000061035156,0.03206028502941226
2020-10-23,345.7799987792969,0.2125215300057134,0.179394647315778,0.2129508322062012,27.549999237060547,0.2754999923706054,0.03206028502941226
2020-10-26,339.3900146484375,0.2089435835716247,0.1929175478170464,0.2318402975382324,32.459999084472656,0.3245999908447265,0.03206028502941226
2020-10-27,338.2200012207031,0.2173391926290037,0.1899367927745646,0.2120352667154785,33.349998474121094,0.3334999847412109,0.03206028502941226
2020-10-28,326.6600036621094,0.2172466235872077,0.2089024764457736,0.2169123380960937,40.27999877929688,0.4027999877929687,0.03206028502941226
2020-10-29,329.9800109863281,0.2423721093734198,0.2060186373755808,0.3071247595133301,37.59000015258789,0.3759000015258789,0.03206028502941226
2020-10-30,326.5400085449219,0.2399212360324866,0.3116334371972517,0.3274655454935547,38.02000045776367,0.3802000045776367,0.03206028502941226
2020-11-02,330.20001220703125,0.2395887785601859,0.2525521495992225,0.2676107328714844,37.130001068115234,0.3713000106811523,0.03206028502941226
2020-11-03,336.0299987792969,0.2400566320455064,0.2775164040663607,0.2082010191263672,35.54999923706055,0.3554999923706055,0.03206028502941226
2020-11-04,343.5400085449219,0.2334385244890972,0.2614879604622497,0.2211119001688476,29.56999969482422,0.2956999969482421,0.03206028502941226
2020-11-05,350.239990234375,0.2424778308127074,0.2681745005534178,0.1915655153574463,27.57999992370605,0.2757999992370605,0.03206028502941226
2020-11-06,350.1600036621094,0.2446444713118595,0.2819751604691571,0.2155773275675293,24.86000061035156,0.2486000061035156,0.03206028502941226
2020-11-09,354.5599975585937,0.2402000424280082,0.291934455213097,0.1932865064920898,25.75,0.2575,0.03206028502941226
2020-11-10,354.0400085449219,0.2414326283618486,0.263316627230324,0.1910012644114014,24.799999237060547,0.2479999923706054,0.03206028502941226
2020-11-11,356.6700134277344,0.241056502828313,0.2517842734323202,0.1956489675821777,23.450000762939453,0.2345000076293945,0.03206028502941226
2020-11-12,353.2099914550781,0.2412704081666944,0.2316575977982893,0.1505395716013428,25.350000381469727,0.2535000038146973,0.03206028502941226
2020-11-13,358.1000061035156,0.2413742567296856,0.2178608990115766,0.1913572138132568,23.100000381469727,0.2310000038146972,0.03206028502941226
2020-11-16,362.5700073242188,0.2390945624266217,0.2147747673418384,0.1761665933908935,22.450000762939453,0.2245000076293945,0.03206028502941226
2020-11-17,360.6199951171875,0.2353106580239735,0.2188771267144806,0.1512600534739014,22.709999084472656,0.2270999908447265,0.03206028502941226
2020-11-18,356.2799987792969,0.2316823190761145,0.2182004231968561,0.1632878988565918,23.84000015258789,0.2384000015258789,0.03206028502941226
2020-11-19,357.7799987792969,0.2347094640641381,0.2053123052153464,0.1807862203897949,23.11000061035156,0.2311000061035156,0.03206028502941226
2020-11-20,355.3299865722656,0.233583630113635,0.2118676290170844,0.1670459383310791,23.700000762939453,0.2370000076293945,0.03206028502941226
2020-11-23,357.4599914550781,0.2296036363222058,0.2002341855673292,0.1947956388773437,22.65999984741211,0.2265999984741211,0.03206028502941226
2020-11-24,363.2200012207031,0.2291561561775299,0.1950380646881604,0.1825505846323486,21.63999938964844,0.2163999938964843,0.03206028502941226
2020-11-25,362.6600036621094,0.2329258576026202,0.1869695439830801,0.1646105783762451,21.25,0.2125,0.03206028502941226
2020-11-27,363.6700134277344,0.2329651802694537,0.2034838295715244,0.1460143583597656,20.84000015258789,0.2084000015258789,0.03206028502941226
2020-11-30,362.05999755859375,0.2328981099987224,0.1887493948318423,0.1337769716562744,20.56999969482422,0.2056999969482421,0.03206028502941226
2020-12-01,366.0199890136719,0.2271355764151126,0.1755751359736407,0.1671744459452148,20.770000457763672,0.2077000045776367,0.03206028502941226
2020-12-02,366.7900085449219,0.2288266431028791,0.1674874295658596,0.1317653101267334,21.170000076293945,0.2117000007629394,0.03206028502941226
2020-12-03,366.6900024414063,0.2284304193945724,0.17644187786674,0.153420736152124,21.280000686645508,0.2128000068664551,0.03206028502941226
2020-12-04,369.8500061035156,0.2283361661518102,0.1675279048045569,0.1272694223703857,20.790000915527344,0.2079000091552734,0.03206028502941226
2020-12-07,369.0899963378906,0.2292270532317425,0.1572112226384598,0.1186696737589355,21.299999237060547,0.2129999923706054,0.03206028502941226
2020-12-08,370.1700134277344,0.2191591063252827,0.1582492887064583,0.1488618677439209,20.68000030517578,0.2068000030517578,0.03206028502941226
2020-12-09,366.8500061035156,0.2181549313882712,0.1490770268253061,0.1189815538706299,22.270000457763672,0.2227000045776367,0.03206028502941226
2020-12-10,366.7300109863281,0.183183493714094,0.1474676430135845,0.1256828802408691,22.520000457763672,0.2252000045776367,0.03206028502941226
2020-12-11,366.2999877929688,0.1825166407554286,0.1570484480414483,0.1531846922220703,23.309999465942383,0.2330999946594238,0.03206028502941226
2020-12-14,364.6600036621094,0.1770637127053044,0.1467030097037735,0.1571248548807617,24.71999931335449,0.2471999931335449,0.03206028502941226
2020-12-15,369.5899963378906,0.1774152261222963,0.1374391449098315,0.1559890764536377,22.88999938964844,0.2288999938964843,0.03206028502941226
2020-12-16,370.1700134277344,0.1743311562444602,0.1402603655292307,0.1471788805307861,22.5,0.225,0.03206028502941226
2020-12-17,372.239990234375,0.1622618317806521,0.1629899999365491,0.1336512583078858,21.93000030517578,0.2193000030517578,0.03206028502941226
2020-12-18,369.1799926757813,0.1522928744006658,0.1603296463158125,0.1341118925394531,21.56999969482422,0.2156999969482421,0.03206028502941226
2020-12-21,367.8599853515625,0.1559593388670467,0.1505253723620075,0.1436842459024902,25.15999984741211,0.251599998474121,0.03206028502941226
2020-12-22,367.239990234375,0.1525241600697946,0.1582676330960354,0.1376006334604737,24.229999542236328,0.2422999954223632,0.03206028502941226
2020-12-23,367.5700073242188,0.1525706499631619,0.1587104515049541,0.1720421713175293,23.309999465942383,0.2330999946594238,0.03206028502941226
2020-12-24,369.0,0.1511069531263663,0.1546880209538068,0.1570988767923828,21.530000686645508,0.2153000068664551,0.03206028502941226
2020-12-28,372.1700134277344,0.1466969712000135,0.1414659058859579,0.1429691809000488,21.700000762939453,0.2170000076293945,0.03206028502941226
2020-12-29,371.4599914550781,0.1426613735577707,0.1349508018933305,0.12444973166604,23.07999992370605,0.2307999992370605,0.03206028502941226
2020-12-30,371.989990234375,0.1377048811455584,0.1399505737572888,0.1151477068247315,22.770000457763672,0.2277000045776367,0.03206028502941226
2020-12-31,373.8800048828125,0.1359877792819845,0.143103732906952,0.1119032781900879,22.75,0.2275,0.03206028502941226
2021-01-04,368.7900085449219,0.1284582213415148,0.132024981717114,0.1119032781900879,26.96999931335449,0.2696999931335449,0.03206028502941226
2021-01-05,371.3299865722656,0.1381647674688761,0.1283675009537514,0.1497429388346191,25.34000015258789,0.2534000015258789,0.03206028502941226
2021-01-06,373.5499877929688,0.1366583186559231,0.1679024803813497,0.137183114844751,25.06999969482422,0.2506999969482422,0.03206028502941226
2021-01-07,379.1000061035156,0.1366522647434285,0.1667965395232266,0.1169009893717285,22.3700008392334,0.2237000083923339,0.03206028502941226
2021-01-08,381.260009765625,0.1351675421360675,0.163891919456018,0.1192367666544434,21.559999465942383,0.2155999946594238,0.03206028502941226
2021-01-11,378.6900024414063,0.1354625370705461,0.182022846345434,0.1184695452036377,24.07999992370605,0.2407999992370605,0.03206028502941226
2021-01-12,378.7699890136719,0.1383676755534974,0.1743896269449291,0.1228198450388428,23.32999992370605,0.2332999992370605,0.03206028502941226
2021-01-13,379.7900085449219,0.1369481396946776,0.1713278581346881,0.1119032781900879,22.209999084472656,0.2220999908447265,0.03206028502941226
2021-01-14,378.4599914550781,0.1331112345055178,0.1585246862312899,0.1161368196787354,23.25,0.2325,0.03206028502941226
2021-01-15,375.7000122070313,0.134044775693395,0.1556937071372546,0.1311092298807617,24.34000015258789,0.2434000015258789,0.03206028502941226
2021-01-19,378.6499938964844,0.1369554418923956,0.1496060604534032,0.149933769065332,23.239999771118164,0.2323999977111816,0.03206028502941226
2021-01-20,383.8900146484375,0.13647437699212,0.1529166338944109,0.1198491590799805,21.57999992370605,0.2157999992370605,0.03206028502941226
2021-01-21,384.239990234375,0.1427588693557074,0.1615966780026658,0.1195236604990478,21.31999969482422,0.2131999969482421,0.03206028502941226
2021-01-22,382.8800048828125,0.1426616150292372,0.1780780870361814,0.1204209917368408,21.90999984741211,0.2190999984741211,0.03206028502941226
2021-01-25,384.3900146484375,0.1392078458558451,0.1632088048740973,0.116699191886377,23.190000534057617,0.2319000053405761,0.03206028502941226
2021-01-26,383.7900085449219,0.1392994072960696,0.158679201426241,0.1126547067942139,23.020000457763672,0.2302000045776367,0.03206028502941226
2021-01-27,374.4100036621094,0.1393965677918471,0.1498555957879956,0.1119032781900879,37.209999084472656,0.3720999908447265,0.03206028502941226
2021-01-28,377.6300048828125,0.1635965771670721,0.1411053950797497,0.1956066816629883,30.209999084472656,0.3020999908447265,0.03206028502941226
2021-01-29,370.0700073242188,0.1601703697116789,0.2298690359866063,0.1765486543955322,33.09000015258789,0.3309000015258789,0.03206028502941226
2021-02-01,376.2300109863281,0.1742220833596482,0.2199547547983874,0.2087568205179688,30.239999771118164,0.3023999977111816,0.03206028502941226
2021-02-02,381.5499877929688,0.1815438272560121,0.2514118906919448,0.1869071310343262,25.559999465942383,0.2555999946594238,0.03206028502941226
2021-02-03,381.8500061035156,0.1843881723106522,0.2447702397076114,0.190236503440332,22.90999984741211,0.2290999984741211,0.03206028502941226
2021-02-04,386.1900024414063,0.1837138799374937,0.2413357430860438,0.1553633993448731,21.770000457763672,0.2177000045776367,0.03206028502941226
2021-02-05,387.7099914550781,0.186231245524373,0.2295342070392607,0.1565890711130615,20.8700008392334,0.208700008392334,0.03206028502941226
2021-02-08,390.510009765625,0.1863418142621982,0.2232582596737865,0.1494282072367188,21.239999771118164,0.2123999977111816,0.03206028502941226
2021-02-09,390.25,0.1870435643533975,0.2073215518260147,0.1634330480875488,21.6299991607666,0.216299991607666,0.03206028502941226
2021-02-10,390.0799865722656,0.1858896404623848,0.1979683628638549,0.1627411478342529,21.989999771118164,0.2198999977111816,0.03206028502941226
2021-02-11,390.7099914550781,0.1856453323183335,0.1846698727408182,0.1339283960642334,21.25,0.2125,0.03206028502941226
2021-02-12,392.6400146484375,0.1856434611035175,0.1723766730643023,0.1344900053324219,19.96999931335449,0.1996999931335449,0.03206028502941226
2021-02-16,392.2999877929688,0.1856162898645554,0.1608524677339518,0.1119032781900879,21.459999084472656,0.2145999908447265,0.03206028502941226
2021-02-17,392.3900146484375,0.178538865020028,0.1530396858681825,0.1205852335276123,21.5,0.215,0.03206028502941226
2021-02-18,390.7200012207031,0.177914554372717,0.1427858588147152,0.1388039511026856,22.489999771118164,0.2248999977111816,0.03206028502941226
2021-02-19,390.0299987792969,0.178467000376658,0.1464276633341896,0.1289882105173584,22.049999237060547,0.2204999923706054,0.03206028502941226
2021-02-22,387.0299987792969,0.1730680168673415,0.1382602881330334,0.1187320631327149,23.450000762939453,0.2345000076293945,0.03206028502941226
2021-02-23,387.5,0.1745716332500535,0.1371504365081729,0.1386969869913574,23.11000061035156,0.2311000061035156,0.03206028502941226
2021-02-24,391.7699890136719,0.1728347175466596,0.1445696007162638,0.1344763963999268,21.34000015258789,0.2134000015258789,0.03206028502941226
2021-02-25,382.3299865722656,0.1759619689015367,0.1828085564018657,0.1435543459238525,28.88999938964844,0.2888999938964843,0.03206028502941226
2021-02-26,380.3599853515625,0.1943275705767123,0.1555243642815873,0.209825355369043,27.950000762939453,0.2795000076293945,0.03206028502941226
2021-03-01,389.5799865722656,0.1947439259412701,0.2350020473362345,0.2015879743875976,23.350000381469727,0.2335000038146972,0.03206028502941226
2021-03-02,386.5400085449219,0.2073944016799679,0.2200863310534517,0.1654529684366699,24.100000381469727,0.2410000038146972,0.03206028502941226
2021-03-03,381.4200134277344,0.2081853076827094,0.2621144331343719,0.199532100516748,26.670000076293945,0.2667000007629394,0.03206028502941226
2021-03-04,376.7000122070313,0.208239877239871,0.2387362918392486,0.2218055456461426,28.56999969482422,0.2856999969482421,0.03206028502941226
2021-03-05,383.6300048828125,0.211830033948642,0.2459743879008014,0.2221760481180664,24.65999984741211,0.2465999984741211,0.03206028502941226
2021-03-08,381.7200012207031,0.2199777201641255,0.2448913675111496,0.2021168249430176,25.46999931335449,0.2546999931335449,0.03206028502941226
2021-03-09,387.1700134277344,0.2201660766194261,0.2575450863757528,0.2138138693155762,24.030000686645508,0.240300006866455,0.03206028502941226
2021-03-10,389.5799865722656,0.2248304848226712,0.2371732346845512,0.1874838274302002,22.559999465942383,0.2255999946594238,0.03206028502941226
2021-03-11,393.5299987792969,0.2096427549252817,0.2314384622902674,0.1929166334452148,21.90999984741211,0.2190999984741211,0.03206028502941226
2021-03-12,394.05999755859375,0.2102539165319465,0.2184909454281992,0.1676324003519531,20.690000534057617,0.2069000053405761,0.03206028502941226
2021-03-15,396.4100036621094,0.197578061869014,0.2131803630222384,0.1511065500559326,20.030000686645508,0.200300006866455,0.03206028502941226
2021-03-16,395.9100036621094,0.1921865027329723,0.1966469300012825,0.1328747766794678,19.790000915527344,0.1979000091552734,0.03206028502941226
2021-03-17,397.260009765625,0.1879617963887625,0.1933805205557226,0.1581495779337402,19.229999542236328,0.1922999954223632,0.03206028502941226
2021-03-18,391.4800109863281,0.1880789081540068,0.1714170249878564,0.1294995325388428,21.57999992370605,0.2157999992370605,0.03206028502941226
2021-03-19,389.4800109863281,0.191912468504265,0.1678291494924987,0.1694228094400879,20.950000762939453,0.2095000076293945,0.03206028502941226
2021-03-22,392.5899963378906,0.1923750182076463,0.1925460372941135,0.1535701387705322,18.8799991607666,0.188799991607666,0.03206028502941226
2021-03-23,389.5,0.1926891887146077,0.1835918482582949,0.1338023203196045,20.299999237060547,0.2029999923706054,0.03206028502941226
2021-03-24,387.5199890136719,0.1944384777376001,0.1780532664185665,0.1624851339640137,21.200000762939453,0.2120000076293945,0.03206028502941226
2021-03-25,389.7000122070313,0.1951130776935364,0.1820994149191195,0.1698137491526123,19.809999465942383,0.1980999946594238,0.03206028502941226
2021-03-26,395.9800109863281,0.1959417066724194,0.1754714456104051,0.1535534780802246,18.86000061035156,0.1886000061035156,0.03206028502941226
2021-03-29,395.7799987792969,0.2021090216878588,0.1663398320155811,0.123620235282373,20.739999771118164,0.2073999977111816,0.03206028502941226
2021-03-30,394.7300109863281,0.2020902277196383,0.1912451158101148,0.1333021467508789,19.61000061035156,0.1961000061035156,0.03206028502941226
2021-03-31,396.3299865722656,0.2023141677192993,0.1842697759435993,0.1297917860331055,19.399999618530277,0.1939999961853027,0.03206028502941226
2021-04-01,400.6099853515625,0.2021129157151593,0.1730736620594316,0.133515369254541,17.329999923706055,0.1732999992370605,0.03206028502941226
2021-04-05,406.3599853515625,0.2045946723135163,0.1834722193270303,0.1119032781900879,17.90999984741211,0.179099998474121,0.03206028502941226
2021-04-06,406.1199951171875,0.2068281711092043,0.1827126739812713,0.1241908567728516,18.1200008392334,0.181200008392334,0.03206028502941226
2021-04-07,406.5899963378906,0.2069523477595077,0.1935492585618522,0.1463207262339111,17.15999984741211,0.1715999984741211,0.03206028502941226
2021-04-08,408.5199890136719,0.2046141352126343,0.1843327103732347,0.1377351969065186,16.950000762939453,0.1695000076293945,0.03206028502941226
2021-04-09,411.489990234375,0.1859880477412005,0.1811074680901869,0.1243590944590088,16.690000534057617,0.1669000053405761,0.03206028502941226
2021-04-12,411.6400146484375,0.1849263110274226,0.1815067481471109,0.1223996752085205,16.90999984741211,0.1690999984741211,0.03206028502941226
2021-04-13,412.8599853515625,0.1705877467367236,0.1723411513392199,0.1405881994547363,16.649999618530273,0.1664999961853027,0.03206028502941226
2021-04-14,411.4500122070313,0.1673829309462867,0.1657382895865622,0.121503879386377,16.989999771118164,0.1698999977111816,0.03206028502941226
2021-04-15,415.8699951171875,0.1600595697196629,0.17108502067251,0.1476444357218262,16.56999969482422,0.1656999969482422,0.03206028502941226
2021-04-16,417.260009765625,0.1535651429630126,0.1687490610887138,0.1185685270609375,16.25,0.1625,0.03206028502941226
2021-04-19,415.2099914550781,0.1448484065615476,0.1800096562569977,0.1119032781900879,17.290000915527344,0.1729000091552734,0.03206028502941226
2021-04-20,412.1700134277344,0.144807050275305,0.1478240546238493,0.1119032781900879,18.68000030517578,0.1868000030517578,0.03206028502941226
2021-04-21,416.0700073242188,0.1432777264123082,0.1747259524479623,0.1431262605967041,17.5,0.175,0.03206028502941226
2021-04-22,412.2699890136719,0.144721618795402,0.1493014026671349,0.1136462705912109,18.709999084472656,0.1870999908447265,0.03206028502941226
2021-04-23,416.739990234375,0.1469731606263228,0.1662029610592545,0.155702869254541,17.329999923706055,0.1732999992370605,0.03206028502941226
2021-04-26,417.6099853515625,0.1501033772430964,0.1694353116324526,0.1449320524515625,17.639999389648438,0.1763999938964843,0.03206028502941226
2021-04-27,417.5199890136719,0.1494689446072433,0.1741263659574867,0.1248831575693603,17.559999465942383,0.1755999946594238,0.03206028502941226
2021-04-28,417.3999938964844,0.1492641906044451,0.1696130236355936,0.1257291143717285,17.280000686645508,0.172800006866455,0.03206028502941226
2021-04-29,420.05999755859375,0.1493238045678698,0.1770486632373421,0.1522893255533692,17.610000610351562,0.1761000061035156,0.03206028502941226
2021-04-30,417.2999877929688,0.1388405478251142,0.151834105835576,0.1324212568583008,18.61000061035156,0.1861000061035156,0.03206028502941226
2021-05-03,418.2000122070313,0.1398579905053462,0.1491629102437813,0.1516019171061035,18.309999465942383,0.1830999946594238,0.03206028502941226
2021-05-04,415.6199951171875,0.1385081256476787,0.1508632809784615,0.1345182340921875,19.479999542236328,0.1947999954223633,0.03206028502941226
2021-05-05,415.75,0.1371609582330595,0.1415765758302681,0.1646468275370117,19.149999618530277,0.1914999961853027,0.03206028502941226
2021-05-06,419.0700073242188,0.1349532389067094,0.1544317662371122,0.164412643271875,18.38999938964844,0.1838999938964843,0.03206028502941226
2021-05-07,422.1199951171875,0.1358332048794054,0.146569871856411,0.1446760290445801,16.690000534057617,0.1669000053405761,0.03206028502941226
2021-05-10,417.9400024414063,0.1285720754093873,0.1435861895724381,0.11978176291604,19.65999984741211,0.1965999984741211,0.03206028502941226
2021-05-11,414.2099914550781,0.1347673522916116,0.1429513374496079,0.1423599546732422,21.84000015258789,0.2184000015258789,0.03206028502941226
2021-05-12,405.4100036621094,0.1388695428752939,0.1605825544932608,0.1621180170359131,27.59000015258789,0.2759000015258789,0.03206028502941226
2021-05-13,410.2799987792969,0.1584167974059655,0.166825421364389,0.1898209589304443,23.1299991607666,0.231299991607666,0.03206028502941226
2021-05-14,416.5799865722656,0.1593131391441906,0.225873597861012,0.183336564856958,18.809999465942383,0.1880999946594238,0.03206028502941226
2021-05-17,415.5199890136719,0.1602795010243274,0.2235093920482836,0.1725119131388184,19.71999931335449,0.1971999931335449,0.03206028502941226
2021-05-18,411.9400024414063,0.1606072676300307,0.2294570710830424,0.1548935144724365,21.34000015258789,0.2134000015258789,0.03206028502941226
2021-05-19,410.8599853515625,0.1635695472514373,0.2119971265550399,0.1581583040537353,22.18000030517578,0.2218000030517578,0.03206028502941226
2021-05-20,415.2799987792969,0.1632010840683934,0.2071692007354658,0.1459846704782959,20.670000076293945,0.2067000007629394,0.03206028502941226
2021-05-21,414.9400024414063,0.1652501850363278,0.1939202387239881,0.155651828605127,20.149999618530277,0.2014999961853027,0.03206028502941226
2021-05-24,419.1700134277344,0.165291957834144,0.1934723621456926,0.1633982294382568,18.399999618530277,0.1839999961853027,0.03206028502941226
2021-05-25,418.239990234375,0.168240983057782,0.1797007675421815,0.1305723779978272,18.84000015258789,0.1884000015258789,0.03206028502941226
2021-05-26,419.0700073242188,0.1679742249961989,0.1802734209052989,0.1266723936380859,17.360000610351562,0.1736000061035156,0.03206028502941226
2021-05-27,419.2900085449219,0.1645231577023407,0.1860874146870393,0.1485424822153564,16.739999771118164,0.1673999977111816,0.03206028502941226
2021-05-28,420.0400085449219,0.1641954742908244,0.1672114350347733,0.124171001273584,16.760000228881836,0.1676000022888183,0.03206028502941226
2021-06-01,419.6700134277344,0.1633470036717449,0.1519470506793045,0.1124802797617432,17.899999618530273,0.1789999961853027,0.03206028502941226
2021-06-02,420.3299865722656,0.1612827013288992,0.1541833075296048,0.1275715273203369,17.479999542236328,0.1747999954223632,0.03206028502941226
2021-06-03,418.7699890136719,0.1585198251124285,0.1473982820653797,0.1189590471567627,18.040000915527344,0.1804000091552734,0.03206028502941226
2021-06-04,422.6000061035156,0.1558177531375688,0.1458838227546245,0.131020137626123,16.420000076293945,0.1642000007629394,0.03206028502941226
2021-06-07,422.1900024414063,0.1546614293982993,0.1380054971039636,0.1119032781900879,16.420000076293945,0.1642000007629394,0.03206028502941226
2021-06-08,422.2799987792969,0.1546326170843987,0.144890171307714,0.1119560831369873,17.06999969482422,0.1706999969482422,0.03206028502941226
2021-06-09,421.6499938964844,0.154620523242952,0.1365429792943642,0.1144465750040527,17.889999389648438,0.1788999938964843,0.03206028502941226
2021-06-10,423.6099853515625,0.1547319089066659,0.1432801805172507,0.1483646505655762,16.100000381469727,0.1610000038146972,0.03206028502941226
2021-06-11,424.30999755859375,0.1540798470602417,0.1379232440088285,0.1284449690165039,15.649999618530272,0.1564999961853027,0.03206028502941226
2021-06-14,425.260009765625,0.1523042298860076,0.13453908512104,0.1231090277018066,16.389999389648438,0.1638999938964843,0.03206028502941226
2021-06-15,424.4800109863281,0.1523141564949325,0.1278583231570502,0.1121082323374268,17.020000457763672,0.1702000045776367,0.03206028502941226
2021-06-16,422.1099853515625,0.1507869774655611,0.1215050486467454,0.1125399797739502,18.149999618530277,0.1814999961853027,0.03206028502941226
2021-06-17,421.9700012207031,0.1522409171229696,0.1164995668235926,0.1283114164652344,17.75,0.1775,0.03206028502941226
2021-06-18,414.9200134277344,0.1500960531165203,0.1382404858494562,0.1322507017435547,20.700000762939453,0.2070000076293945,0.03206028502941226
2021-06-21,420.8599853515625,0.1582915604558367,0.1254872698260568,0.1749774854959961,17.889999389648438,0.1788999938964843,0.03206028502941226
2021-06-22,423.1099853515625,0.1622026534025844,0.1820800776248898,0.1704434603037354,16.65999984741211,0.1665999984741211,0.03206028502941226
2021-06-23,422.6000061035156,0.1599082280833612,0.2007270169187225,0.1646622865976807,16.31999969482422,0.1631999969482422,0.03206028502941226
2021-06-24,425.1000061035156,0.1407755382781786,0.1965786605927524,0.1579048841776367,15.970000267028809,0.159700002670288,0.03206028502941226
2021-06-25,426.6099853515625,0.136914833807784,0.1750533619024538,0.1400997179331299,15.619999885559082,0.1561999988555908,0.03206028502941226
2021-06-28,427.4700012207031,0.1281619786605369,0.1903030099550699,0.127522937613916,15.760000228881836,0.1576000022888183,0.03206028502941226
2021-06-29,427.7000122070313,0.1276633860459278,0.1865005877120619,0.13515192206521,16.020000457763672,0.1602000045776367,0.03206028502941226
2021-06-30,428.05999755859375,0.1230666899001245,0.1827513606292661,0.1372715395273682,15.829999923706056,0.1582999992370605,0.03206028502941226
2021-07-01,430.4299926757813,0.1222946499628114,0.1793237546526788,0.138820077735376,15.479999542236328,0.1547999954223632,0.03206028502941226
2021-07-02,433.7200012207031,0.1187247639981527,0.1821370292677714,0.1369996088327881,15.06999969482422,0.1506999969482421,0.03206028502941226
2021-07-06,432.9299926757813,0.1204702985878523,0.1794045718302553,0.1267472856821533,16.440000534057617,0.1644000053405761,0.03206028502941226
2021-07-07,434.4599914550781,0.1169473488400249,0.1800271221963232,0.1496614282907959,16.200000762939453,0.1620000076293945,0.03206028502941226
2021-07-08,430.9200134277344,0.1166062157789884,0.1775736349413252,0.1119032781900879,19.0,0.19,0.03206028502941226
2021-07-09,435.5199890136719,0.1210638070088374,0.1775608934162844,0.1245994966806885,16.18000030517578,0.1618000030517578,0.03206028502941226
2021-07-12,437.0799865722656,0.1254742588120108,0.1770502549057626,0.1195356481852051,16.170000076293945,0.1617000007629394,0.03206028502941226
2021-07-13,435.5899963378906,0.125704629759961,0.1866978694360471,0.1119032781900879,17.1200008392334,0.1712000083923339,0.03206028502941226
2021-07-14,436.239990234375,0.1265457283397676,0.1848651338205683,0.1270331781687256,16.329999923706055,0.1632999992370605,0.03206028502941226
2021-07-15,434.75,0.1265438298743699,0.1826821322700569,0.1359003752054688,17.010000228881836,0.1701000022888183,0.03206028502941226
2021-07-16,431.3399963378906,0.1264066266522176,0.146786223774815,0.1203159826578613,18.450000762939453,0.1845000076293945,0.03206028502941226
2021-07-19,424.9700012207031,0.127025078587803,0.1369553848963471,0.1450882261576172,22.5,0.225,0.03206028502941226
2021-07-20,431.05999755859375,0.1374900424477686,0.1498957823731481,0.1661448114695068,19.729999542236328,0.1972999954223633,0.03206028502941226
2021-07-21,434.5499877929688,0.1452708339625948,0.1967673516688136,0.1669770735086914,17.90999984741211,0.179099998474121,0.03206028502941226
2021-07-22,435.4599914550781,0.147085471901807,0.2023605081716943,0.1560561960520264,17.690000534057617,0.1769000053405761,0.03206028502941226
2021-07-23,439.9400024414063,0.1466131793990276,0.1986074772362252,0.1517022817911621,17.200000762939453,0.1720000076293945,0.03206028502941226
2021-07-26,441.0199890136719,0.1498305009956724,0.1910504311002135,0.1375406950296875,17.579999923706055,0.1757999992370605,0.03206028502941226
2021-07-27,439.010009765625,0.1498484671463436,0.1793657462022481,0.1541141718210693,19.36000061035156,0.1936000061035156,0.03206028502941226
2021-07-28,438.8299865722656,0.1507642296799561,0.1666061820381526,0.1399126165689941,18.309999465942383,0.1830999946594238,0.03206028502941226
2021-07-29,440.6499938964844,0.1490806864266929,0.1677580353047117,0.1465072267832275,17.700000762939453,0.1770000076293945,0.03206028502941226
2021-07-30,438.510009765625,0.1492477769834723,0.1582415010391008,0.1329212492289063,18.239999771118164,0.1823999977111816,0.03206028502941226
2021-08-02,437.5899963378906,0.1370771828393714,0.15105100793104,0.1559344881357666,19.459999084472656,0.1945999908447265,0.03206028502941226
2021-08-03,441.1499938964844,0.1306967438835864,0.1482908609629564,0.148600990134668,18.040000915527344,0.1804000091552734,0.03206028502941226
2021-08-04,438.9800109863281,0.1320318141869521,0.1406766254226087,0.1234974211039063,17.969999313354492,0.1796999931335449,0.03206028502941226
2021-08-05,441.760009765625,0.1335088923666658,0.1548261066466822,0.142974712211084,17.280000686645508,0.172800006866455,0.03206028502941226
2021-08-06,442.489990234375,0.1336845294862003,0.1800175509333563,0.1273695009531494,16.149999618530273,0.1614999961853027,0.03206028502941226
2021-08-09,442.1300048828125,0.1334655754079283,0.1496663873784411,0.1119032781900879,16.719999313354492,0.1671999931335449,0.03206028502941226
2021-08-10,442.6799926757813,0.1336186916762768,0.1410139884879956,0.1119032781900879,16.790000915527344,0.1679000091552734,0.03206028502941226
2021-08-11,443.7799987792969,0.1336009456144022,0.1473061869948323,0.1236502188028809,16.170000076293945,0.1617000007629394,0.03206028502941226
2021-08-12,445.1099853515625,0.1336657038951583,0.1411491807277381,0.1132219713510986,15.59000015258789,0.1559000015258789,0.03206028502941226
2021-08-13,445.9200134277344,0.1329797092620999,0.1415626417740274,0.117256824332666,15.449999809265137,0.1544999980926513,0.03206028502941226
2021-08-16,446.9700012207031,0.1310728464464243,0.1306106738941225,0.1238161390604492,16.1200008392334,0.1612000083923339,0.03206028502941226
2021-08-17,444.0400085449219,0.1307828790779265,0.1245958393252857,0.1151372545542236,17.90999984741211,0.179099998474121,0.03206028502941226
2021-08-18,439.1799926757813,0.1330118193726035,0.118989424949727,0.121683265525293,21.56999969482422,0.2156999969482421,0.03206028502941226
2021-08-19,439.8599853515625,0.1355678079794735,0.1270489516036378,0.1325051611246582,21.670000076293945,0.2167000007629394,0.03206028502941226
2021-08-20,443.3599853515625,0.1310724577317652,0.1609932533136379,0.1338406866373535,18.559999465942383,0.1855999946594238,0.03206028502941226
2021-08-23,447.260009765625,0.133156207944984,0.1515655523149124,0.1406490057291504,17.149999618530273,0.1714999961853027,0.03206028502941226
2021-08-24,447.9700012207031,0.1352655915671729,0.1520849826956856,0.129489604789209,17.219999313354492,0.1721999931335449,0.03206028502941226
2021-08-25,448.9100036621094,0.1352707674135598,0.1601166679242882,0.1250126379312988,16.790000915527344,0.1679000091552734,0.03206028502941226
2021-08-26,446.260009765625,0.1344640562863402,0.1507539767348018,0.1420697420420166,18.84000015258789,0.1884000015258789,0.03206028502941226
2021-08-27,450.25,0.1330767669814058,0.1473307785219501,0.1301017397226807,16.389999389648438,0.1638999938964843,0.03206028502941226
2021-08-30,452.2300109863281,0.122895400082049,0.1482212933160591,0.1324515264811035,16.190000534057617,0.1619000053405761,0.03206028502941226
2021-08-31,451.55999755859375,0.1152917948137598,0.1520574774874938,0.1506969755472656,16.479999542236328,0.1647999954223633,0.03206028502941226
2021-09-01,451.7999877929688,0.1134141357148632,0.1560063359985947,0.1240463941874023,16.110000610351562,0.1611000061035156,0.03206028502941226
2021-09-02,453.1900024414063,0.1134116376137811,0.1802121727885381,0.1319691580118652,16.40999984741211,0.1640999984741211,0.03206028502941226
2021-09-03,453.0799865722656,0.1089326654152667,0.147326208687864,0.1119032781900879,16.40999984741211,0.1640999984741211,0.03206028502941226
2021-09-07,451.4599914550781,0.1088924266488254,0.1330362355628462,0.1119032781900879,18.13999938964844,0.1813999938964843,0.03206028502941226
2021-09-08,450.9100036621094,0.1083113173234231,0.1360954614959786,0.1119032781900879,17.959999084472656,0.1795999908447265,0.03206028502941226
2021-09-09,448.9800109863281,0.1084792791282262,0.1744526217753081,0.1119032781900879,18.799999237060547,0.1879999923706054,0.03206028502941226
2021-09-10,445.4400024414063,0.1093327308873034,0.1283266017807489,0.1119032781900879,20.950000762939453,0.2095000076293945,0.03206028502941226
2021-09-13,446.5799865722656,0.111768806919444,0.1278952387863951,0.1309221762003418,19.3700008392334,0.1937000083923339,0.03206028502941226
2021-09-14,444.1700134277344,0.1115622730819896,0.1438462241797461,0.1346828764261719,19.459999084472656,0.1945999908447265,0.03206028502941226
2021-09-15,447.8800048828125,0.1102111093252291,0.1356254966286622,0.1405671137156006,18.18000030517578,0.1818000030517578,0.03206028502941226
2021-09-16,447.1700134277344,0.1120618152482579,0.1359663492536022,0.1302913301767822,18.690000534057617,0.1869000053405761,0.03206028502941226
2021-09-17,441.3999938964844,0.1104425434328561,0.1474245136289581,0.1334628694834229,20.809999465942383,0.2080999946594238,0.03206028502941226
2021-09-20,434.0400085449219,0.1196872420177025,0.1394509168564139,0.1488895529093262,25.709999084472656,0.2570999908447265,0.03206028502941226
2021-09-21,433.6300048828125,0.1326045071962516,0.1683635440287998,0.1704951685251709,24.36000061035156,0.2436000061035156,0.03206028502941226
2021-09-22,437.8599853515625,0.132443309136613,0.2054814165779914,0.1774992388071533,20.8700008392334,0.208700008392334,0.03206028502941226
2021-09-23,443.1799926757813,0.1366764949012098,0.1906647141489329,0.174530584174585,18.6299991607666,0.186299991607666,0.03206028502941226
2021-09-24,443.9100036621094,0.142626302937213,0.1894068247973665,0.1570024317087646,17.75,0.1775,0.03206028502941226
2021-09-27,442.6400146484375,0.1425998979660199,0.1931728575122627,0.1392020529093262,18.76000022888184,0.1876000022888183,0.03206028502941226
2021-09-28,433.7200012207031,0.1426044928459045,0.1773274398744777,0.1409919565500733,23.25,0.2325,0.03206028502941226
2021-09-29,434.4500122070313,0.1562140755962852,0.1684962032221212,0.1664333456339355,22.559999465942383,0.2255999946594238,0.03206028502941226
2021-09-30,429.1400146484375,0.152417993308017,0.2222581128443335,0.1605439775766846,23.13999938964844,0.2313999938964843,0.03206028502941226
2021-10-01,434.239990234375,0.1572460314557219,0.203554071918055,0.2103394239725586,21.100000381469727,0.2110000038146972,0.03206028502941226
2021-10-04,428.6400146484375,0.1601861256376742,0.2105290011381405,0.1709030550302978,22.959999084472656,0.2295999908447265,0.03206028502941226
2021-10-05,433.1000061035156,0.161731520529381,0.2095666580179279,0.2099990766825195,21.299999237060547,0.2129999923706054,0.03206028502941226
2021-10-06,434.8999938964844,0.1660843359844694,0.2175308565117467,0.1587841528238769,21.0,0.21,0.03206028502941226
2021-10-07,438.6600036621094,0.166667878265475,0.2103031146586047,0.1589886682810303,19.540000915527344,0.1954000091552734,0.03206028502941226
2021-10-08,437.8599853515625,0.1687732459698758,0.1966903350684178,0.1650807302774902,18.770000457763672,0.1877000045776367,0.03206028502941226
2021-10-11,434.6900024414063,0.1656949817727563,0.1897405152720547,0.1575705927195068,20.0,0.2,0.03206028502941226
2021-10-12,433.6199951171875,0.1659111186849474,0.1778727427412827,0.1559034651102539,19.850000381469727,0.1985000038146972,0.03206028502941226
2021-10-13,435.1799926757813,0.1659501940870067,0.1753858687681414,0.1528963678659912,18.63999938964844,0.1863999938964843,0.03206028502941226
2021-10-14,442.5,0.1666481860988884,0.183232188825922,0.148636390525293,16.860000610351562,0.1686000061035156,0.03206028502941226
2021-10-15,445.8699951171875,0.1762452248534413,0.1622147275085889,0.1382858103098389,16.299999237060547,0.1629999923706054,0.03206028502941226
2021-10-18,447.1900024414063,0.1783584165498394,0.197036994672389,0.1476343363108154,16.309999465942383,0.1630999946594238,0.03206028502941226
2021-10-19,450.6400146484375,0.1784096476785242,0.1930809358300362,0.1699778478922363,15.699999809265137,0.1569999980926513,0.03206028502941226
2021-10-20,452.4100036621094,0.1802617234076659,0.1904849360564209,0.145375196296167,15.489999771118164,0.1548999977111816,0.03206028502941226
2021-10-21,453.5899963378906,0.180109463645909,0.188709982782473,0.1654706877054687,15.010000228881836,0.1501000022888183,0.03206028502941226
2021-10-22,453.1199951171875,0.1781159774522493,0.1845301940273431,0.124921504813623,15.43000030517578,0.1543000030517578,0.03206028502941226
2021-10-25,455.5499877929688,0.1780725485421575,0.1785287338713641,0.1493151777567383,15.239999771118164,0.1523999977111816,0.03206028502941226
2021-10-26,455.9599914550781,0.1775959935624708,0.1745409607638824,0.1404376715006348,15.979999542236328,0.1597999954223632,0.03206028502941226
2021-10-27,453.9400024414063,0.1758142311479404,0.176911088393888,0.1327758234323975,16.979999542236328,0.1697999954223633,0.03206028502941226
2021-10-28,458.3200073242188,0.1764518022478027,0.1815318098133695,0.1482840460123535,16.530000686645508,0.165300006866455,0.03206028502941226
2021-10-29,459.25,0.1727473700521372,0.180157813438314,0.1371252649607178,16.260000228881836,0.1626000022888183,0.03206028502941226
2021-11-01,460.0400085449219,0.1614382815432499,0.1809366847537655,0.1439849870981689,16.40999984741211,0.1640999984741211,0.03206028502941226
2021-11-02,461.8999938964844,0.1611407170071122,0.1803671699117627,0.1376780050577637,16.030000686645508,0.160300006866455,0.03206028502941226
2021-11-03,464.7200012207031,0.1591781455612438,0.1812935398035267,0.1434337442697998,15.100000381469728,0.1510000038146972,0.03206028502941226
2021-11-04,466.9100036621094,0.1560292913774436,0.1806367296293747,0.1417045610727783,15.4399995803833,0.154399995803833,0.03206028502941226
2021-11-05,468.5299987792969,0.1563577397316863,0.1811072247895696,0.1427339475931641,16.479999542236328,0.1647999954223633,0.03206028502941226
2021-11-08,468.9299926757813,0.1556455515399739,0.1712934380344083,0.1460290926279541,17.219999313354492,0.1721999931335449,0.03206028502941226
2021-11-09,467.3800048828125,0.1353479446766072,0.16883583008629,0.1355237978281494,17.780000686645508,0.177800006866455,0.03206028502941226
2021-11-10,463.6199951171875,0.1368229741491516,0.168715912295172,0.145969735938501,18.729999542236328,0.1872999954223632,0.03206028502941226
2021-11-11,463.7699890136719,0.1320898147188695,0.1648004202881761,0.1460523622812744,17.65999984741211,0.176599998474121,0.03206028502941226
2021-11-12,467.2699890136719,0.1283000232295549,0.1696428565003698,0.141586658317041,16.290000915527344,0.1629000091552734,0.03206028502941226
2021-11-15,467.4299926757813,0.1174445221876269,0.1721770888148267,0.1464224165262695,16.489999771118164,0.1648999977111816,0.03206028502941226
2021-11-16,469.2799987792969,0.1147223934231329,0.1727861175469171,0.1225777262033936,16.3700008392334,0.1637000083923339,0.03206028502941226
2021-11-17,468.1400146484375,0.1146918843038854,0.1690748690722574,0.1280241125406738,17.110000610351562,0.1711000061035156,0.03206028502941226
2021-11-18,469.7300109863281,0.1139020001570533,0.1545496946663427,0.1162951010050293,17.59000015258789,0.1759000015258789,0.03206028502941226
2021-11-19,468.8900146484375,0.1130096544367569,0.1387001209833431,0.1119032781900879,17.90999984741211,0.179099998474121,0.03206028502941226
2021-11-22,467.5700073242188,0.1086092014358739,0.1266582091681624,0.1132651918711181,19.170000076293945,0.1917000007629394,0.03206028502941226
2021-11-23,468.1900024414063,0.1088271900715968,0.1208025048150417,0.1119032781900879,19.3799991607666,0.193799991607666,0.03206028502941226
2021-11-24,469.4400024414063,0.108854260176668,0.1410217853041468,0.112738363105249,18.57999992370605,0.1857999992370605,0.03206028502941226
2021-11-26,458.9700012207031,0.0955920002810574,0.1466606790960732,0.1119032781900879,28.6200008392334,0.286200008392334,0.03206028502941226
2021-11-29,464.6000061035156,0.1264588420580906,0.1214496469562728,0.1774205892862793,22.959999084472656,0.2295999908447265,0.03206028502941226
2021-11-30,455.55999755859375,0.1319404297389901,0.2100595703897571,0.1254521864237305,27.190000534057617,0.2719000053405762,0.03206028502941226
2021-12-01,450.5,0.1475184627043484,0.2102539609900205,0.1496912687601563,31.1200008392334,0.3112000083923339,0.03206028502941226
2021-12-02,457.3999938964844,0.1518299137638511,0.2444121615368314,0.2609016722025391,27.950000762939453,0.2795000076293945,0.03206028502941226
2021-12-03,453.4200134277344,0.1599055627133276,0.2365135318682262,0.2188578909220215,30.670000076293945,0.3067000007629394,0.03206028502941226
2021-12-06,458.7900085449219,0.1626086029236976,0.240171212406429,0.1753401678385254,27.18000030517578,0.2718000030517578,0.03206028502941226
2021-12-07,468.2799987792969,0.166285423179972,0.2286394913718471,0.1861102789225098,21.88999938964844,0.2188999938964843,0.03206028502941226
2021-12-08,469.5199890136719,0.1789367812117712,0.2145688127929005,0.1662633627237793,19.899999618530277,0.1989999961853027,0.03206028502941226
2021-12-09,466.3500061035156,0.1780933992302805,0.2296446081161766,0.1751671808542725,21.57999992370605,0.2157999992370605,0.03206028502941226
2021-12-10,470.739990234375,0.1775552221836349,0.2168599733825168,0.193370105582666,18.690000534057617,0.1869000053405761,0.03206028502941226
2021-12-13,466.5700073242188,0.1797941261126511,0.214138663758843,0.1608832758249756,20.309999465942383,0.2030999946594238,0.03206028502941226
2021-12-14,463.3599853515625,0.1825203929084679,0.2068113618753773,0.166435520011377,21.88999938964844,0.2188999938964843,0.03206028502941226
2021-12-15,470.6000061035156,0.1836481780479328,0.2025281794290649,0.1763782137217041,19.290000915527344,0.1929000091552734,0.03206028502941226
2021-12-16,466.4500122070313,0.1894169134718691,0.1995157480290416,0.1602089231791016,20.56999969482422,0.2056999969482421,0.03206028502941226
2021-12-17,459.8699951171875,0.1911718942741543,0.2091968171765279,0.1683139818491455,21.56999969482422,0.2156999969482421,0.03206028502941226
2021-12-20,454.9800109863281,0.1961207069445035,0.2055060352779899,0.1703941076578613,22.8700008392334,0.2287000083923339,0.03206028502941226
2021-12-21,463.05999755859375,0.1986795714710861,0.218405645253199,0.1775113981546875,21.01000022888184,0.2101000022888183,0.03206028502941226
2021-12-22,467.6900024414063,0.2072908452115802,0.2126102199047431,0.1658795946421143,18.6299991607666,0.186299991607666,0.03206028502941226
2021-12-23,470.6000061035156,0.2081630438141425,0.2309821666655407,0.1564169328989502,17.959999084472656,0.1795999908447265,0.03206028502941226
2021-12-27,477.260009765625,0.2090196591431163,0.2194344090336076,0.167100631553125,17.68000030517578,0.1768000030517578,0.03206028502941226
2021-12-28,476.8699951171875,0.2123645795796641,0.2059137162940172,0.1733869951548096,17.540000915527344,0.1754000091552734,0.03206028502941226
2021-12-29,477.4800109863281,0.2124193541422762,0.2102357117478843,0.1615184992136475,16.950000762939453,0.1695000076293945,0.03206028502941226
2021-12-30,476.1600036621094,0.2121566532136445,0.1981494949822624,0.1535232561411377,17.329999923706055,0.1732999992370605,0.03206028502941226
2021-12-31,474.9599914550781,0.2122102212706413,0.190803151690632,0.1478021925272461,17.219999313354492,0.1721999931335449,0.03206028502941226
2022-01-03,477.7099914550781,0.2122250192948919,0.1870168577041213,0.1543614595713135,16.600000381469727,0.1660000038146972,0.03206028502941226
2022-01-04,477.5499877929688,0.2127826391398771,0.1823165687164415,0.1748344152750488,16.90999984741211,0.1690999984741211,0.03206028502941226
2022-01-05,468.3800048828125,0.2125027684934445,0.1569723673015498,0.1818369501413818,19.729999542236328,0.1972999954223633,0.03206028502941226
2022-01-06,467.9400024414063,0.2219614620602361,0.157552527438864,0.2295843618692871,19.61000061035156,0.1961000061035156,0.03206028502941226
2022-01-07,466.0899963378906,0.2218057616184434,0.2030375670200807,0.2210282247843262,18.76000022888184,0.1876000022888183,0.03206028502941226
2022-01-10,465.510009765625,0.2095405594179043,0.1892238649424854,0.2105489652933594,19.399999618530277,0.1939999961853027,0.03206028502941226
2022-01-11,469.75,0.2059823172865199,0.1798296855251515,0.2123842161478516,18.40999984741211,0.1840999984741211,0.03206028502941226
2022-01-12,471.0199890136719,0.1970629622890825,0.1676554681775731,0.2117886656107422,17.6200008392334,0.176200008392334,0.03206028502941226
2022-01-13,464.5299987792969,0.1928280743543025,0.1673184135717364,0.1626838320078369,20.309999465942383,0.2030999946594238,0.03206028502941226
2022-01-14,464.7200012207031,0.19343144559288,0.1668213680608766,0.2007425421061035,19.190000534057617,0.1919000053405761,0.03206028502941226
2022-01-18,456.489990234375,0.1909367881966935,0.1850896426164067,0.188124744254541,22.790000915527344,0.2279000091552734,0.03206028502941226
2022-01-19,451.75,0.1965172936097985,0.171819363058603,0.2605196302713867,23.850000381469727,0.2385000038146972,0.03206028502941226
2022-01-20,446.75,0.186540763253641,0.2061671244022749,0.3233889883341309,25.59000015258789,0.2559000015258789,0.03206028502941226
2022-01-21,437.9800109863281,0.1887424627523144,0.2094153322240485,0.2810610311808106,28.850000381469727,0.2885000038146972,0.03206028502941226
2022-01-24,439.8399963378906,0.1970320449620868,0.2115733439143921,0.4067322653116699,29.899999618530277,0.2989999961853027,0.03206028502941226
2022-01-25,434.4700012207031,0.1944793140720072,0.2454434223732794,0.3327333563150879,31.15999984741211,0.3115999984741211,0.03206028502941226
2022-01-26,433.3800048828125,0.1960076921382883,0.224142843836565,0.3294754904093262,31.959999084472656,0.3195999908447265,0.03206028502941226
2022-01-27,431.239990234375,0.1954465711640884,0.2265969736686113,0.3060371321024414,30.489999771118164,0.3048999977111816,0.03206028502941226
2022-01-28,441.9500122070313,0.1862550132629928,0.2080365520991335,0.2830468290628906,27.65999984741211,0.2765999984741211,0.03206028502941226
2022-01-31,449.9100036621094,0.2051051625528531,0.1967668098993742,0.2371690672220703,24.82999992370605,0.2482999992370605,0.03206028502941226
2022-02-01,452.9500122070313,0.2102423519475593,0.2475175314570886,0.1853897684397217,21.959999084472656,0.2195999908447265,0.03206028502941226
2022-02-02,457.3500061035156,0.2088976484007954,0.2571013848759509,0.1545150774302002,22.09000015258789,0.2209000015258789,0.03206028502941226
2022-02-03,446.6000061035156,0.2031857721299223,0.2285635816145015,0.147578565436792,24.350000381469727,0.2435000038146972,0.03206028502941226
2022-02-04,448.7000122070313,0.2133575672803244,0.2230989662773254,0.1802120512308594,23.21999931335449,0.2321999931335449,0.03206028502941226
2022-02-07,447.260009765625,0.2128271562999874,0.2613779341145993,0.1456976335825439,22.86000061035156,0.2286000061035156,0.03206028502941226
2022-02-08,450.9400024414063,0.2063905326301029,0.246421796665115,0.1531980913462158,21.440000534057617,0.2144000053405761,0.03206028502941226
2022-02-09,457.5400085449219,0.2090529983001225,0.2198409405043204,0.1459354036631104,19.959999084472656,0.1995999908447265,0.03206028502941226
2022-02-10,449.3200073242188,0.2154047179819513,0.2160614550513849,0.1440120237650391,23.90999984741211,0.239099998474121,0.03206028502941226
2022-02-11,440.4599914550781,0.2218554064966139,0.2208358807145496,0.1777377336802002,27.36000061035156,0.2736000061035156,0.03206028502941226
2022-02-14,439.0199890136719,0.2290682540796377,0.2441459891359832,0.1865293615641113,28.32999992370605,0.2832999992370605,0.03206028502941226
2022-02-15,446.1000061035156,0.2274068649961696,0.2686832180780883,0.1949967115702148,25.700000762939453,0.2570000076293945,0.03206028502941226
2022-02-16,446.6000061035156,0.2351213066364995,0.2443036795703742,0.1932228391947266,24.290000915527344,0.2429000091552734,0.03206028502941226
2022-02-17,437.05999755859375,0.2285302939723197,0.2491730560624661,0.188047839957666,28.11000061035156,0.2811000061035156,0.03206028502941226
2022-02-18,434.2300109863281,0.2371049441629777,0.2227595584261081,0.1916460436167236,27.75,0.2775,0.03206028502941226
2022-02-22,429.5700073242188,0.2374194221745366,0.2595123553670167,0.1935531919779297,28.809999465942383,0.2880999946594238,0.03206028502941226
2022-02-23,421.9500122070313,0.2388403489561881,0.2434043708284527,0.2131050604166504,31.020000457763672,0.3102000045776367,0.03206028502941226
2022-02-24,428.2999877929688,0.2402194204794223,0.238331781433236,0.3057133787455078,30.31999969482422,0.3031999969482422,0.03206028502941226
2022-02-25,437.75,0.2466278924871452,0.2527222549094138,0.2837491148294922,27.59000015258789,0.2759000015258789,0.03206028502941226
2022-02-28,436.6300048828125,0.2563403082639398,0.2526885172278796,0.1969867056192871,30.149999618530277,0.3014999961853027,0.03206028502941226
2022-03-01,429.9800109863281,0.2562184898554258,0.2761401931366903,0.1839888876261231,33.31999969482422,0.3331999969482422,0.03206028502941226
2022-03-02,437.8900146484375,0.25474696213699,0.2501224361195909,0.2046954649271484,30.739999771118164,0.3073999977111816,0.03206028502941226
2022-03-03,435.7099914550781,0.2609861257615898,0.2569177024559065,0.2037498777689453,30.479999542236328,0.3047999954223633,0.03206028502941226
2022-03-04,432.1700134277344,0.2592693377390485,0.2613869362601818,0.2036326330484863,31.979999542236328,0.3197999954223632,0.03206028502941226
2022-03-07,419.4299926757813,0.253026883702505,0.2429957775771301,0.1932623785318848,36.45000076293945,0.3645000076293945,0.03206028502941226
2022-03-08,416.25,0.268856639140255,0.2152954129874866,0.2131394499125,35.130001068115234,0.3513000106811523,0.03206028502941226
2022-03-09,427.4100036621094,0.2673627033643688,0.3029787796725412,0.2387314527811523,32.45000076293945,0.3245000076293945,0.03206028502941226
2022-03-10,425.4800109863281,0.2812911665790902,0.2831098127785234,0.1915137785257812,30.229999542236328,0.3022999954223633,0.03206028502941226
2022-03-11,420.0700073242188,0.2812258027525798,0.2095647237506643,0.203513099509668,30.75,0.3075,0.03206028502941226
2022-03-14,417.0,0.2716429617269028,0.2386379479113435,0.220915443259668,31.770000457763672,0.3177000045776367,0.03206028502941226
2022-03-15,426.1700134277344,0.2644992467044998,0.267272153259824,0.2637769811930176,29.82999992370605,0.2982999992370605,0.03206028502941226
2022-03-16,435.6199951171875,0.2739553722054778,0.2493848977730615,0.2008812444986816,26.670000076293945,0.2667000007629394,0.03206028502941226
2022-03-17,441.0700073242188,0.2818922058964131,0.2728732924384305,0.1866873472513672,25.670000076293945,0.2567000007629395,0.03206028502941226
2022-03-18,444.5199890136719,0.2757908871840452,0.2896570551084512,0.2120956533731934,23.8700008392334,0.238700008392334,0.03206028502941226
2022-03-21,444.3900146484375,0.2765467924070605,0.2670892868326907,0.1991991728128906,23.530000686645508,0.235300006866455,0.03206028502941226
2022-03-22,449.5899963378906,0.2763875321621821,0.2503598404332178,0.1946536939920898,22.940000534057617,0.2294000053405761,0.03206028502941226
2022-03-23,443.7999877929688,0.2776599764332142,0.2338766815810844,0.1729420107187744,23.56999969482422,0.2356999969482421,0.03206028502941226
2022-03-24,450.489990234375,0.2762854962340179,0.2216586345419585,0.1812499731363769,21.670000076293945,0.2167000007629394,0.03206028502941226
2022-03-25,452.6900024414063,0.2749379738198428,0.2221346098463936,0.171768485862207,20.809999465942383,0.2080999946594238,0.03206028502941226
2022-03-28,455.9100036621094,0.2674431860775508,0.2244133953672085,0.1679396837534424,19.6299991607666,0.196299991607666,0.03206028502941226
2022-03-29,461.5499877929688,0.2677532184460001,0.2124354073468159,0.1790101259531494,18.899999618530277,0.1889999961853027,0.03206028502941226
2022-03-30,458.7000122070313,0.2659218989440085,0.2040310817449349,0.2027747267069336,19.32999992370605,0.1932999992370605,0.03206028502941226
2022-03-31,451.6400146484375,0.2669281071224902,0.206039259458106,0.1739636343302246,20.559999465942383,0.2055999946594238,0.03206028502941226
2022-04-01,452.9200134277344,0.2623231627606112,0.1996616625472558,0.1873691671671387,19.6299991607666,0.196299991607666,0.03206028502941226
2022-04-04,456.7999877929688,0.2611818540960121,0.2122399884073242,0.1727575319590088,18.56999969482422,0.1856999969482421,0.03206028502941226
2022-04-05,451.0299987792969,0.2589596673351773,0.1999905780255511,0.1739156740488525,21.030000686645508,0.210300006866455,0.03206028502941226
2022-04-06,446.5199890136719,0.2553304835610175,0.1932300398753068,0.2069956892313477,22.100000381469727,0.2210000038146972,0.03206028502941226
2022-04-07,448.7699890136719,0.2547496895264031,0.2039178264898826,0.2059312742533203,21.549999237060547,0.2154999923706054,0.03206028502941226
2022-04-08,447.5700073242188,0.2462582652302841,0.2036215796054919,0.1746563738169189,21.15999984741211,0.2115999984741211,0.03206028502941226
2022-04-11,439.9200134277344,0.2462751470540756,0.1908117146512915,0.198673011619043,24.3700008392334,0.243700008392334,0.03206028502941226
2022-04-12,438.2900085449219,0.2476307279637247,0.1872931244732089,0.2514973371805664,24.26000022888184,0.2426000022888183,0.03206028502941226
2022-04-13,443.30999755859375,0.2412678055264368,0.2120409857346647,0.2442255323709961,21.81999969482422,0.2181999969482422,0.03206028502941226
2022-04-14,437.7900085449219,0.2432893179189166,0.1989057488472587,0.1845288008036133,22.700000762939453,0.2270000076293945,0.03206028502941226
2022-04-18,437.9700012207031,0.2453021935606213,0.1988826480818871,0.2148540800394531,22.170000076293945,0.2217000007629394,0.03206028502941226
2022-04-19,445.0400085449219,0.224136565717561,0.2070449557621262,0.2247585600199219,21.3700008392334,0.213700008392334,0.03206028502941226
2022-04-20,444.7099914550781,0.226666878977022,0.1913797576392253,0.1675535219492432,20.31999969482422,0.2031999969482422,0.03206028502941226
2022-04-21,438.05999755859375,0.2122839612853448,0.2072120599329876,0.16951809104104,22.68000030517578,0.2268000030517578,0.03206028502941226
2022-04-22,426.0400085449219,0.2179703448839474,0.1933181084575418,0.1744268720926758,28.209999084472656,0.2820999908447266,0.03206028502941226
2022-04-25,428.510009765625,0.2326910997310243,0.2126422740899009,0.27663460906167,27.020000457763672,0.2702000045776367,0.03206028502941226
2022-04-26,416.1000061035156,0.2318132537873117,0.2733749276009493,0.2477420538248535,33.52000045776367,0.3352000045776367,0.03206028502941226
2022-04-27,417.2699890136719,0.2405449625333947,0.2286623075840188,0.3783733862223145,31.600000381469727,0.3160000038146973,0.03206028502941226
2022-04-28,427.80999755859375,0.2290729280476794,0.3200704391262403,0.3431010549845215,29.989999771118164,0.2998999977111816,0.03206028502941226
2022-04-29,412.0,0.2401599102088166,0.2850529368008071,0.2293694990458008,33.400001525878906,0.3340000152587891,0.03206028502941226
2022-05-02,414.4800109863281,0.2644630765579859,0.2986866748718616,0.3143344991983887,32.34000015258789,0.3234000015258789,0.03206028502941226
2022-05-03,416.3800048828125,0.2657663419198758,0.3934438021242294,0.3183697622599121,29.25,0.2925,0.03206028502941226
2022-05-04,429.05999755859375,0.2628607571036336,0.3404977530360528,0.2872244756998535,25.420000076293945,0.2542000007629394,0.03206028502941226
2022-05-05,413.80999755859375,0.279697206480453,0.3209049467652259,0.2514952390970703,31.200000762939453,0.3120000076293945,0.03206028502941226
2022-05-06,411.3399963378906,0.2951332731920192,0.3495296491783404,0.3290272825541016,30.190000534057617,0.3019000053405761,0.03206028502941226
2022-05-09,398.1700134277344,0.2941817780237732,0.2200629602208995,0.2581129949869629,34.75,0.3475,0.03206028502941226
2022-05-10,399.0899963378906,0.3058095611182475,0.3552240905234033,0.3292799108805176,32.9900016784668,0.3299000167846679,0.03206028502941226
2022-05-11,392.75,0.3017953238521733,0.3920375720392129,0.294390785056543,32.560001373291016,0.3256000137329101,0.03206028502941226
2022-05-12,392.3399963378906,0.3037271377329211,0.3568412849795321,0.3629657476725098,31.770000457763672,0.3177000045776367,0.03206028502941226
2022-05-13,401.7200012207031,0.302202268590584,0.3446972876219391,0.2977678983988281,28.8700008392334,0.288700008392334,0.03206028502941226
2022-05-16,400.0899963378906,0.3142081808646587,0.3010130354572607,0.2548579710306641,27.46999931335449,0.2746999931335449,0.03206028502941226
2022-05-17,408.3200073242188,0.311551035585085,0.3142101491696454,0.2425175398172852,26.100000381469727,0.2610000038146973,0.03206028502941226
2022-05-18,391.8599853515625,0.3197602499490539,0.2895620398907995,0.2376563757242676,30.959999084472656,0.3095999908447265,0.03206028502941226
2022-05-19,389.4599914550781,0.3400749508907839,0.3053913783756825,0.3299418562235351,29.350000381469727,0.2935000038146972,0.03206028502941226
2022-05-20,389.6300048828125,0.3387225421869129,0.3964782410990805,0.3415180700602051,29.43000030517578,0.2943000030517578,0.03206028502941226
2022-05-23,396.9200134277344,0.3390615715701832,0.3418958220003739,0.3308349531473633,28.479999542236328,0.2847999954223633,0.03206028502941226
2022-05-24,393.8900146484375,0.3440655210832264,0.2644243833282343,0.3095290296854492,29.450000762939453,0.2945000076293945,0.03206028502941226
2022-05-25,397.3699951171875,0.3443015268200881,0.3207166359986433,0.3185845487894531,28.3700008392334,0.283700008392334,0.03206028502941226
2022-05-26,405.30999755859375,0.3432676673591794,0.2867681354064865,0.3046890371622558,27.5,0.275,0.03206028502941226
2022-05-27,415.260009765625,0.349594637711238,0.2706055305826707,0.3136709135355469,25.71999931335449,0.2571999931335449,0.03206028502941226
2022-05-31,412.9299926757813,0.3592934841669362,0.2755779518903198,0.3131829565348145,26.190000534057617,0.2619000053405761,0.03206028502941226
2022-06-01,409.5899963378906,0.3548596064625633,0.2981831042315798,0.3193874471964356,25.690000534057617,0.2569000053405761,0.03206028502941226
2022-06-02,417.3900146484375,0.3552135656532408,0.2824083759178761,0.3185694235147949,24.71999931335449,0.2471999931335449,0.03206028502941226
2022-06-03,410.5400085449219,0.3591105662431219,0.2609765589620424,0.27796273406167,24.790000915527344,0.2479000091552734,0.03206028502941226
2022-06-06,411.7900085449219,0.3526227242185278,0.2630441289092638,0.3176038091959473,25.06999969482422,0.2506999969482422,0.03206028502941226
2022-06-07,415.739990234375,0.3521812949144123,0.2682972219482286,0.2978522604288574,24.020000457763672,0.2402000045776367,0.03206028502941226
2022-06-08,411.2200012207031,0.3419298460177171,0.250886468490695,0.2623830526651856,23.959999084472656,0.2395999908447265,0.03206028502941226
2022-06-09,401.4400024414063,0.3434398994163619,0.2382889277359147,0.2619791143717285,26.09000015258789,0.2609000015258789,0.03206028502941226
2022-06-10,389.7999877929688,0.3408998956441489,0.2325493989446287,0.3078769605936524,27.75,0.2775,0.03206028502941226
2022-06-13,375.0,0.3332559147980511,0.2775872207843067,0.3219166868509766,34.02000045776367,0.3402000045776367,0.03206028502941226
2022-06-14,373.8699951171875,0.3509901264096438,0.3337033129124125,0.4380825537027832,32.689998626708984,0.3268999862670898,0.03206028502941226
2022-06-15,379.2000122070313,0.3500551028852339,0.406197870524964,0.4135813635172363,29.6200008392334,0.2962000083923339,0.03206028502941226
2022-06-16,366.6499938964844,0.3381515588908799,0.3548990870923109,0.393791591483545,32.95000076293945,0.3295000076293945,0.03206028502941226
2022-06-17,365.8599853515625,0.3358564877896562,0.3365848007406991,0.4325881307901856,31.1299991607666,0.311299991607666,0.03206028502941226
2022-06-21,375.0700073242188,0.3358603949157883,0.375396898164226,0.4387061422647949,30.190000534057617,0.3019000053405761,0.03206028502941226
2022-06-22,374.3900146484375,0.3345165466511989,0.3428809981705242,0.3385490530313965,28.950000762939453,0.2895000076293945,0.03206028502941226
2022-06-23,378.05999755859375,0.3342247731807989,0.3526943527877389,0.375009509879541,29.049999237060547,0.2904999923706055,0.03206028502941226
2022-06-24,390.0799865722656,0.3331714960709678,0.2646632844573635,0.3011391180338379,27.229999542236328,0.2722999954223633,0.03206028502941226
2022-06-27,388.5899963378906,0.3481467573202039,0.2875902267651294,0.2857876699747559,26.950000762939453,0.2695000076293945,0.03206028502941226
2022-06-28,380.6499938964844,0.3397757999344887,0.3306408849640008,0.2973445051493164,28.36000061035156,0.2836000061035156,0.03206028502941226
2022-06-29,380.3399963378906,0.3450250099564467,0.3169291680113798,0.3020344274820801,28.15999984741211,0.2815999984741211,0.03206028502941226
2022-06-30,377.25,0.3377233989921596,0.324468895303889,0.2902446859659668,28.709999084472656,0.2870999908447265,0.03206028502941226
2022-07-01,381.239990234375,0.3147516824727667,0.2867716218011188,0.2759068792643067,26.700000762939453,0.2670000076293945,0.03206028502941226
2022-07-05,381.9599914550781,0.3164495670634143,0.2696970077258883,0.2596634596170898,27.540000915527344,0.2754000091552734,0.03206028502941226
2022-07-06,383.25,0.316535438937414,0.256202887706433,0.2481170194925781,26.729999542236328,0.2672999954223632,0.03206028502941226
2022-07-07,388.989990234375,0.3107699187303973,0.2342780253432693,0.2072866361917969,26.07999992370605,0.2607999992370605,0.03206028502941226
2022-07-08,388.6700134277344,0.3139665244915394,0.2144255554433205,0.2164051359476562,24.63999938964844,0.2463999938964843,0.03206028502941226
2022-07-11,384.2300109863281,0.3125560409708359,0.2222403515462241,0.1974196546854492,26.170000076293945,0.2617000007629395,0.03206028502941226
2022-07-12,380.8299865722656,0.3070359382450972,0.2074094377917062,0.2277971762003418,27.290000915527344,0.2729000091552734,0.03206028502941226
2022-07-13,378.8299865722656,0.2958649143703807,0.2088167885917533,0.2288914984049316,26.81999969482422,0.2681999969482422,0.03206028502941226
2022-07-14,377.9100036621094,0.2958345152230703,0.2047482067456219,0.2093301695169922,26.399999618530277,0.2639999961853027,0.03206028502941226
2022-07-15,385.1300048828125,0.295367963534155,0.1990113782416434,0.1991837805094238,24.229999542236328,0.2422999954223632,0.03206028502941226
2022-07-18,381.9500122070313,0.2954127063962188,0.1837372330878994,0.1915435045542236,25.299999237060547,0.2529999923706054,0.03206028502941226
2022-07-19,392.2699890136719,0.29263793187539,0.2145791831288385,0.1909605139078613,24.5,0.245,0.03206028502941226
2022-07-20,394.7699890136719,0.3060959164660948,0.2086527794528927,0.2025599973978516,23.8799991607666,0.238799991607666,0.03206028502941226
2022-07-21,398.7900085449219,0.3050793949682696,0.2686448544257912,0.1936325758280273,23.11000061035156,0.2311000061035156,0.03206028502941226
2022-07-22,395.0899963378906,0.3057873869856877,0.2452940289287575,0.2050566404642578,23.030000686645508,0.230300006866455,0.03206028502941226
2022-07-25,395.5700073242188,0.2979739002252606,0.2348080400008085,0.208388530570459,23.36000061035156,0.2336000061035156,0.03206028502941226
2022-07-26,390.8900146484375,0.2829542938286839,0.2264393604586329,0.1986139982523437,24.690000534057617,0.2469000053405761,0.03206028502941226
2022-07-27,401.0400085449219,0.2562898896562542,0.2083940893887347,0.2017175215067383,23.239999771118164,0.2323999977111816,0.03206028502941226
2022-07-28,406.0700073242188,0.2668264463320345,0.2133968873277685,0.1669147508921143,22.32999992370605,0.2232999992370605,0.03206028502941226
2022-07-29,411.989990234375,0.2661178196772872,0.2542032358746015,0.1789161508860108,21.32999992370605,0.2132999992370605,0.03206028502941226
2022-08-01,410.7699890136719,0.2411473686453578,0.2494337544176505,0.1735432356180664,22.84000015258789,0.2284000015258789,0.03206028502941226
2022-08-02,408.05999755859375,0.241375679194043,0.251231393587535,0.172754928428125,23.93000030517578,0.2393000030517578,0.03206028502941226
2022-08-03,414.4500122070313,0.2335583634851279,0.2319688082475734,0.1665040987314697,21.950000762939453,0.2195000076293945,0.03206028502941226
2022-08-04,414.1700134277344,0.2363699249126196,0.2188010072444559,0.1591351717295166,21.440000534057617,0.2144000053405761,0.03206028502941226
2022-08-05,413.4700012207031,0.2358117731828787,0.227314511642312,0.1410676687540527,21.149999618530277,0.2114999961853027,0.03206028502941226
2022-08-08,412.989990234375,0.2171545590212751,0.2093683771192021,0.1365003984751221,21.290000915527344,0.2129000091552734,0.03206028502941226
2022-08-09,411.3500061035156,0.2165646469286471,0.1944158348827289,0.1520771330179688,21.770000457763672,0.2177000045776367,0.03206028502941226
2022-08-10,419.989990234375,0.2042123349648492,0.1803573209871595,0.1329835432352539,19.739999771118164,0.1973999977111816,0.03206028502941226
2022-08-11,419.989990234375,0.2118709369745007,0.1710034166508262,0.137834388572168,20.200000762939453,0.2020000076293945,0.03206028502941226
2022-08-12,427.1000061035156,0.2087272178689077,0.2154420968297231,0.1489217394175049,19.530000686645508,0.195300006866455,0.03206028502941226
2022-08-15,428.8599853515625,0.2118399323838287,0.2006628921207383,0.1416032522501465,19.950000762939453,0.1995000076293945,0.03206028502941226
2022-08-16,429.7000122070313,0.2117335190215301,0.2178278310641067,0.146302463370752,19.690000534057617,0.1969000053405761,0.03206028502941226
2022-08-17,426.6499938964844,0.2118258977918117,0.2021591911156509,0.1482277220072266,19.899999618530277,0.1989999961853027,0.03206028502941226
2022-08-18,427.8900146484375,0.2114893414623604,0.1864854714026791,0.1589817159952637,19.559999465942383,0.1955999946594238,0.03206028502941226
2022-08-19,422.1400146484375,0.2110760761624162,0.1843926817910623,0.1300966184916016,20.600000381469727,0.2060000038146972,0.03206028502941226
2022-08-22,413.3500061035156,0.212686609868559,0.174458837846801,0.1819800966562744,23.799999237060547,0.2379999923706054,0.03206028502941226
2022-08-23,412.3500061035156,0.2232684187178494,0.2032215987030505,0.2186197965921875,24.11000061035156,0.2411000061035156,0.03206028502941226
2022-08-24,413.6700134277344,0.2223678838156184,0.2375581389536925,0.2207373159708496,22.81999969482422,0.2281999969482422,0.03206028502941226
2022-08-25,419.510009765625,0.2216650126559441,0.2191390856145632,0.2126269071878906,21.780000686645508,0.217800006866455,0.03206028502941226
2022-08-26,405.30999755859375,0.2185118246496804,0.203044991017582,0.1711470621408936,25.559999465942383,0.2555999946594238,0.03206028502941226
2022-08-29,402.6300048828125,0.2464994240686141,0.2107283137746382,0.3048564260782715,26.209999084472656,0.2620999908447265,0.03206028502941226
2022-08-30,398.2099914550781,0.2342229762713343,0.3043809982449987,0.2392597311319824,26.209999084472656,0.2620999908447265,0.03206028502941226
2022-08-31,395.1799926757813,0.2364862548319915,0.283563615074725,0.2799412458719727,25.8700008392334,0.258700008392334,0.03206028502941226
2022-09-01,396.4200134277344,0.2355036274029094,0.2427224608665007,0.2305691831888672,25.559999465942383,0.2555999946594238,0.03206028502941226
2022-09-02,392.239990234375,0.2338478292483835,0.2567260160132685,0.3162990301432129,25.46999931335449,0.2546999931335449,0.03206028502941226
2022-09-06,390.760009765625,0.2362583071230045,0.2364852233185098,0.217695228415918,26.90999984741211,0.2690999984741211,0.03206028502941226
2022-09-07,397.7799987792969,0.2334892791644151,0.2320661621011531,0.2435309522928711,24.63999938964844,0.2463999938964843,0.03206028502941226
2022-09-08,400.3800048828125,0.2256950062848716,0.2135237373530239,0.2065304868998047,23.61000061035156,0.2361000061035156,0.03206028502941226
2022-09-09,406.6000061035156,0.2229474386660832,0.2324942057842446,0.1987160986246582,22.790000915527344,0.2279000091552734,0.03206028502941226
2022-09-12,410.9700012207031,0.2236305317966388,0.2178541037103116,0.2010113066019531,23.8700008392334,0.238700008392334,0.03206028502941226
2022-09-13,393.1000061035156,0.2262289766771645,0.2181295746095307,0.1643061178507324,27.270000457763672,0.2727000045776367,0.03206028502941226
2022-09-14,394.6000061035156,0.265831572205628,0.2209447384545872,0.2192659109415527,26.15999984741211,0.2615999984741211,0.03206028502941226
2022-09-15,390.1199951171875,0.260738287260168,0.3705166751812506,0.2116854971231934,26.270000457763672,0.2627000045776367,0.03206028502941226
2022-09-16,385.55999755859375,0.2624931152646047,0.3382275120477253,0.2227033727945801,26.299999237060547,0.2629999923706054,0.03206028502941226
2022-09-19,388.5499877929688,0.2642497346585346,0.3200301816488027,0.2492143553080078,25.76000022888184,0.2576000022888183,0.03206028502941226
2022-09-20,384.0899963378906,0.2661484429415089,0.3051393512126361,0.2198105161966797,27.15999984741211,0.2715999984741211,0.03206028502941226
2022-09-21,377.3900146484375,0.2677499319969704,0.2794098850161361,0.2153706663431641,27.989999771118164,0.2798999977111816,0.03206028502941226
2022-09-22,374.2200012207031,0.2608819625557912,0.2408605889209215,0.3093941992105957,27.350000381469727,0.2735000038146972,0.03206028502941226
2022-09-23,367.9500122070313,0.2610093182770359,0.2699899959949369,0.303947669822168,29.920000076293945,0.2992000007629394,0.03206028502941226
2022-09-26,364.30999755859375,0.254968737716885,0.2610835020065359,0.3313457792582031,32.2599983215332,0.322599983215332,0.03206028502941226
2022-09-27,363.3800048828125,0.2535649242758256,0.2677875855404842,0.2894112127604004,32.599998474121094,0.3259999847412109,0.03206028502941226
2022-09-28,370.5299987792969,0.2525726575071577,0.2568516307022941,0.2844802587809082,30.18000030517578,0.3018000030517578,0.03206028502941226
2022-09-29,362.7900085449219,0.2647214758824261,0.2367078034881409,0.2707581060709473,31.84000015258789,0.3184000015258789,0.03206028502941226
2022-09-30,357.17999267578125,0.2682470939435439,0.2496055482924711,0.236054546195459,31.6200008392334,0.316200008392334,0.03206028502941226
2022-10-03,366.6099853515625,0.2689371587850095,0.2794070621061291,0.2713695829691406,30.100000381469727,0.3010000038146972,0.03206028502941226
2022-10-04,377.9700012207031,0.2819196141382599,0.2471268420044927,0.2648137014688965,29.06999969482422,0.2906999969482421,0.03206028502941226
2022-10-05,377.0899963378906,0.3020016021527035,0.3110139662947238,0.2454853552164551,28.549999237060547,0.2854999923706054,0.03206028502941226
2022-10-06,373.2000122070313,0.3013507377513644,0.2860628800850437,0.2351664655985351,30.520000457763672,0.3052000045776367,0.03206028502941226
2022-10-07,362.7900085449219,0.2968840705340949,0.315114767791045,0.2370135229410644,31.36000061035156,0.3136000061035156,0.03206028502941226
2022-10-10,360.0199890136719,0.2910948787381046,0.2947907436604549,0.226502544242334,32.45000076293945,0.3245000076293945,0.03206028502941226
2022-10-11,357.739990234375,0.2912132859031119,0.3363626148648725,0.2285094183268066,33.630001068115234,0.3363000106811523,0.03206028502941226
2022-10-12,356.5599975585937,0.2904120511453442,0.3124159075017851,0.2163305013956543,33.56999969482422,0.3356999969482422,0.03206028502941226
2022-10-13,365.9700012207031,0.2901327213132013,0.2511193820337485,0.2161548918070313,31.940000534057617,0.3194000053405761,0.03206028502941226
2022-10-14,357.6300048828125,0.3039340812363629,0.2625174932773518,0.1912977140726562,32.02000045776367,0.3202000045776367,0.03206028502941226
2022-10-17,366.8200073242188,0.3095835522248708,0.2997063045786649,0.2169541662516113,31.3700008392334,0.313700008392334,0.03206028502941226
2022-10-18,371.1300048828125,0.3220399091666632,0.2698528663084587,0.2135726660074707,30.5,0.305,0.03206028502941226
2022-10-19,368.5,0.3187865524943479,0.3291420859944196,0.2336194914164062,30.76000022888184,0.3076000022888183,0.03206028502941226
2022-10-20,365.4100036621094,0.3177896743234716,0.2662930205436526,0.2433475225748535,29.979999542236328,0.2997999954223633,0.03206028502941226
2022-10-21,374.2900085449219,0.3126637655009064,0.2887151059876203,0.2300055044474121,29.690000534057617,0.2969000053405761,0.03206028502941226
2022-10-24,378.8699951171875,0.3214108768880018,0.2723003914760145,0.2177972906412598,29.850000381469727,0.2985000038146972,0.03206028502941226
2022-10-25,384.9200134277344,0.2958149077377473,0.2570803511022943,0.2143033331217285,28.459999084472656,0.2845999908447265,0.03206028502941226
2022-10-26,382.0199890136719,0.3002465338831088,0.2819571539333336,0.2135914533915039,27.280000686645508,0.272800006866455,0.03206028502941226
2022-10-27,379.9800109863281,0.2991190743668974,0.2793699465771635,0.1917858713449951,27.38999938964844,0.2738999938964844,0.03206028502941226
2022-10-28,389.0199890136719,0.2974005494199173,0.2587496804494875,0.2099853056253906,25.75,0.2575,0.03206028502941226
2022-10-31,386.2099914550781,0.3057510118114537,0.241694926402733,0.1933618086161133,25.8799991607666,0.258799991607666,0.03206028502941226
2022-11-01,384.5199890136719,0.3044047586519991,0.2445063438324894,0.1871657770456787,25.809999465942383,0.2580999946594238,0.03206028502941226
2022-11-02,374.8699951171875,0.2993798503560868,0.2560882572732719,0.1673308103861328,25.86000061035156,0.2586000061035156,0.03206028502941226
2022-11-03,371.010009765625,0.3090766714273322,0.23797201745817,0.2089124792398926,25.299999237060547,0.2529999923706054,0.03206028502941226
2022-11-04,376.3500061035156,0.3061283280881098,0.2843374071342869,0.2101970022501465,24.549999237060547,0.2454999923706054,0.03206028502941226
2022-11-07,379.9500122070313,0.3072956633600596,0.2693068935504351,0.2014778822245117,24.350000381469727,0.2435000038146972,0.03206028502941226
2022-11-08,382.0,0.3081439151820553,0.2404807968063816,0.1792230146708008,25.540000915527344,0.2554000091552734,0.03206028502941226
2022-11-09,374.1300048828125,0.3029771062516974,0.2504504592295105,0.1768510740580078,26.09000015258789,0.2609000015258789,0.03206028502941226
2022-11-10,394.6900024414063,0.3027628352807248,0.2238663055237527,0.1951982801737305,23.530000686645508,0.235300006866455,0.03206028502941226
2022-11-11,398.510009765625,0.3387190291155816,0.2629154873605472,0.2140017813028809,22.520000457763672,0.2252000045776367,0.03206028502941226
2022-11-14,395.1199951171875,0.3315593948411401,0.4200054119183404,0.2246978681864258,23.729999542236328,0.2372999954223632,0.03206028502941226
2022-11-15,398.489990234375,0.3210723539594425,0.321746245903475,0.2282528417887207,24.540000915527344,0.2454000091552734,0.03206028502941226
2022-11-16,395.4500122070313,0.3215315510172031,0.3555060625473654,0.1896062582315918,24.11000061035156,0.2411000061035156,0.03206028502941226
2022-11-17,394.239990234375,0.3206063228610169,0.3312770860754634,0.1920489996256348,23.93000030517578,0.2393000030517578,0.03206028502941226
2022-11-18,396.0299987792969,0.3059957590074089,0.2952682776864117,0.1788243692697998,23.1200008392334,0.2312000083923339,0.03206028502941226
2022-11-21,394.5899963378906,0.3041297460264429,0.2758312663325408,0.1749886530222412,22.36000061035156,0.2236000061035156,0.03206028502941226
2022-11-22,399.8999938964844,0.303382117351277,0.2551549971802065,0.176291887122583,21.290000915527344,0.2129000091552734,0.03206028502941226
2022-11-23,402.4200134277344,0.3041346626363658,0.2372999232747172,0.1792616480173584,20.350000381469727,0.2035000038146972,0.03206028502941226
2022-11-25,402.3299865722656,0.295805455629103,0.2357809371142419,0.1785346144022461,20.5,0.205,0.03206028502941226
2022-11-28,395.9100036621094,0.2836075130274913,0.2204736658739245,0.1328998583139893,22.209999084472656,0.2220999908447265,0.03206028502941226
2022-11-29,395.2300109863281,0.2816775274668792,0.2041930921426566,0.1469987695993896,21.88999938964844,0.2188999938964843,0.03206028502941226
2022-11-30,407.6799926757813,0.280428421586351,0.2243707372555589,0.1465696161570068,20.57999992370605,0.2057999992370605,0.03206028502941226
2022-12-01,407.3800048828125,0.2927226269730191,0.2078952118441208,0.1623467272104736,19.84000015258789,0.1984000015258789,0.03206028502941226
2022-12-02,406.9100036621094,0.290540412746184,0.2768319187262957,0.1409755247416016,19.059999465942383,0.1905999946594238,0.03206028502941226
2022-12-05,399.5899963378906,0.2833355756015558,0.2579519631230142,0.1382455747904297,20.75,0.2075,0.03206028502941226
2022-12-06,393.8299865722656,0.2890799162791919,0.240385345707697,0.1684846609415527,22.170000076293945,0.2217000007629394,0.03206028502941226
2022-12-07,393.1600036621094,0.2897709279544041,0.25276487172655,0.189406654197168,22.68000030517578,0.2268000030517578,0.03206028502941226
2022-12-08,396.239990234375,0.288638913339004,0.2612583509095201,0.1885298937143799,22.290000915527344,0.2229000091552734,0.03206028502941226
2022-12-09,393.2799987792969,0.2886419288232006,0.2373506539862121,0.1738844698252197,22.82999992370605,0.2282999992370605,0.03206028502941226
2022-12-12,398.9500122070313,0.2808077895897896,0.2250759867373737,0.1848469274820801,25.0,0.25,0.03206028502941226
2022-12-13,401.9700012207031,0.2829699491032555,0.2154987313087786,0.1586866873087402,22.549999237060547,0.2254999923706054,0.03206028502941226
2022-12-14,399.3999938964844,0.2830781646389806,0.2214223787489826,0.1444960230173584,21.13999938964844,0.2113999938964843,0.03206028502941226
2022-12-15,389.6300048828125,0.2706700591381947,0.2095797606273823,0.1410453337015625,22.82999992370605,0.2282999992370605,0.03206028502941226
2022-12-16,383.2699890136719,0.2810381508885657,0.2033007343050498,0.1734638708414551,22.6200008392334,0.2262000083923339,0.03206028502941226
2022-12-19,380.0199890136719,0.283516336896791,0.2553654152844407,0.2243273466410156,22.420000076293945,0.2242000007629394,0.03206028502941226
2022-12-20,380.5400085449219,0.2833970654109378,0.2624315651811056,0.1811991041483398,21.479999542236328,0.2147999954223632,0.03206028502941226
2022-12-21,386.2300109863281,0.2829029327507967,0.250203316894129,0.1887798136057373,20.06999969482422,0.2006999969482422,0.03206028502941226
2022-12-22,380.7200012207031,0.2784255489692032,0.2325562817789897,0.2141471212687012,21.96999931335449,0.2196999931335449,0.03206028502941226
2022-12-23,382.9100036621094,0.2236978317451645,0.2352121487026192,0.1829205911936279,20.8700008392334,0.208700008392334,0.03206028502941226
2022-12-27,381.3999938964844,0.2220464151098299,0.2394708170996455,0.1877725809397217,21.649999618530277,0.2164999961853027,0.03206028502941226
2022-12-28,376.6600036621094,0.2209676400462489,0.2250661366000652,0.214653293448877,22.13999938964844,0.2213999938964843,0.03206028502941226
2022-12-29,383.4400024414063,0.2213927290150801,0.2099832706626485,0.2252140157999512,21.440000534057617,0.2144000053405761,0.03206028502941226
2022-12-30,382.4299926757813,0.2292172250495164,0.2168137936019052,0.1786422460855957,21.670000076293945,0.2167000007629394,0.03206028502941226
2023-01-03,380.8200073242188,0.2291822628996347,0.2337487160124286,0.1672591226877686,22.899999618530277,0.2289999961853027,0.03206028502941226
2023-01-04,383.760009765625,0.2286405823377024,0.216706270369593,0.1557476728739258,22.01000022888184,0.2201000022888183,0.03206028502941226
2023-01-05,379.3800048828125,0.2302818830383574,0.2028989700269906,0.1450224512400147,22.459999084472656,0.2245999908447265,0.03206028502941226
2023-01-06,388.0799865722656,0.2276353812215845,0.1976568691957452,0.1520697706522461,21.1299991607666,0.211299991607666,0.03206028502941226
2023-01-09,387.8599853515625,0.2393522412533896,0.2024435398854029,0.1403213041605469,21.96999931335449,0.2196999931335449,0.03206028502941226
2023-01-10,390.5799865722656,0.2393394058261364,0.243762904395507,0.1372170275034424,20.57999992370605,0.2057999992370605,0.03206028502941226
2023-01-11,395.5199890136719,0.2356184928135825,0.2241414226841215,0.1379632204355713,21.09000015258789,0.2109000015258789,0.03206028502941226
2023-01-12,396.9599914550781,0.2391515758445419,0.2111062321157861,0.1253096693338867,18.82999992370605,0.1882999992370605,0.03206028502941226
2023-01-13,398.5,0.2168177354005242,0.2132450022744202,0.1466020124735352,18.350000381469727,0.1835000038146972,0.03206028502941226
2023-01-17,397.7699890136719,0.2173568765707195,0.1985265715561503,0.1638396757425781,19.36000061035156,0.1936000061035156,0.03206028502941226
2023-01-18,391.489990234375,0.2173806830400658,0.1852195019815151,0.1346857374491211,20.34000015258789,0.2034000015258789,0.03206028502941226
2023-01-19,388.6400146484375,0.2156024450556255,0.1727949748381723,0.1392484968485351,20.520000457763672,0.2052000045776367,0.03206028502941226
2023-01-20,395.8800048828125,0.2119143513859379,0.206192089168628,0.1797980230631348,19.850000381469727,0.1985000038146972,0.03206028502941226
2023-01-23,400.6300048828125,0.2202750389058292,0.1984593353385016,0.1394640844645019,19.809999465942383,0.1980999946594238,0.03206028502941226
2023-01-24,400.2000122070313,0.2221485808837517,0.2224140246700532,0.1410915106119629,19.200000762939453,0.1920000076293945,0.03206028502941226
2023-01-25,400.3500061035156,0.2206912464530557,0.2202488447171342,0.1333254259409424,19.07999992370605,0.1907999992370605,0.03206028502941226
2023-01-26,404.75,0.2159920608247338,0.2033179699012052,0.1453736131968018,18.729999542236328,0.1872999954223632,0.03206028502941226
2023-01-27,405.6799926757813,0.2174865911315781,0.1915121029957425,0.1540835684122559,18.51000022888184,0.1851000022888183,0.03206028502941226
2023-01-30,400.5899963378906,0.2164500607461849,0.1916125694942374,0.1401520078958985,19.940000534057617,0.1994000053405761,0.03206028502941226
2023-01-31,406.4800109863281,0.2045558198823378,0.1782258156548687,0.1874570673288818,19.399999618530277,0.1939999961853027,0.03206028502941226
2023-02-01,410.7999877929688,0.2005882269142565,0.1930542651817024,0.1285133093180176,17.8700008392334,0.178700008392334,0.03206028502941226
2023-02-02,416.7799987792969,0.199229745790914,0.2048958288562952,0.1328630941690918,18.729999542236328,0.1872999954223632,0.03206028502941226
2023-02-03,412.3500061035156,0.2027114151527929,0.2033497694827929,0.1645152204813477,18.32999992370605,0.1832999992370605,0.03206028502941226
2023-02-06,409.8299865722656,0.203541701813079,0.2119740130368819,0.1354691522898193,19.43000030517578,0.1943000030517578,0.03206028502941226
2023-02-07,415.1900024414063,0.1979877975767929,0.2128654901892166,0.1694789141001221,18.65999984741211,0.1865999984741211,0.03206028502941226
2023-02-08,410.6499938964844,0.2006020199516672,0.2046465859899721,0.1892352789225098,19.6299991607666,0.196299991607666,0.03206028502941226
2023-02-09,407.0899963378906,0.2043712792284962,0.2085580448041925,0.1421092050852295,20.709999084472656,0.2070999908447265,0.03206028502941226
2023-02-10,408.0400085449219,0.2017304389358942,0.2104889181613295,0.1703429907145019,20.530000686645508,0.205300006866455,0.03206028502941226
2023-02-13,412.8299865722656,0.1953013903546446,0.2055467177270577,0.1415113180460449,20.34000015258789,0.2034000015258789,0.03206028502941226
2023-02-14,412.6400146484375,0.1969680963290608,0.192033739401231,0.1312405985178467,18.90999984741211,0.1890999984741211,0.03206028502941226
2023-02-15,413.9800109863281,0.1959316107411254,0.1946273567354352,0.1505089109720703,18.229999542236328,0.1822999954223632,0.03206028502941226
2023-02-16,408.2799987792969,0.1952526851299054,0.1801803365899076,0.1565421789469238,20.170000076293945,0.2017000007629394,0.03206028502941226
2023-02-17,407.260009765625,0.1972441256778822,0.177445343483744,0.1715436380686279,20.020000457763672,0.2002000045776367,0.03206028502941226
2023-02-21,399.0899963378906,0.1859089329587218,0.1929553624144549,0.1916180246653076,22.8700008392334,0.2287000083923339,0.03206028502941226
2023-02-22,398.5400085449219,0.1988769849784992,0.1807690117035274,0.2752293127359864,22.290000915527344,0.2229000091552734,0.03206028502941226
2023-02-23,400.6600036621094,0.1979885234506934,0.2264320528177026,0.27391337569375,21.13999938964844,0.2113999938964843,0.03206028502941226
2023-02-24,396.3800048828125,0.1946622757143914,0.2110964303693807,0.2832303732218262,21.670000076293945,0.2167000007629394,0.03206028502941226
2023-02-27,397.7300109863281,0.1976162814785847,0.1994784841680819,0.206509868461084,20.950000762939453,0.2095000076293945,0.03206028502941226
2023-02-28,396.260009765625,0.1975215553289757,0.2010316299639459,0.2072341459574219,20.700000762939453,0.2070000076293945,0.03206028502941226
2023-03-01,394.739990234375,0.1977924747254827,0.1898203087710169,0.2023361509623047,20.57999992370605,0.2057999992370605,0.03206028502941226
2023-03-02,397.80999755859375,0.1911394232161656,0.2000677444384333,0.2230447119059082,19.59000015258789,0.1959000015258789,0.03206028502941226
2023-03-03,404.1900024414063,0.1908633044457941,0.176737910299398,0.1924359052958008,18.489999771118164,0.1848999977111816,0.03206028502941226
2023-03-06,404.4700012207031,0.1884769053874483,0.1708672589030274,0.1941772192301269,18.61000061035156,0.1861000061035156,0.03206028502941226
2023-03-07,398.2699890136719,0.1846939528244364,0.1928620351198718,0.1916224306406494,19.59000015258789,0.1959000015258789,0.03206028502941226
2023-03-08,398.9200134277344,0.1916005148178368,0.1791320071131519,0.1822898023905274,19.11000061035156,0.1911000061035156,0.03206028502941226
2023-03-09,391.55999755859375,0.1916817441852837,0.2037222626117905,0.2084657972635742,22.61000061035156,0.2261000061035156,0.03206028502941226
2023-03-10,385.9100036621094,0.1969435289306993,0.1913445361715627,0.2518058698954102,24.799999237060547,0.2479999923706054,0.03206028502941226
2023-03-13,385.3599853515625,0.2011905357197363,0.2246659870439908,0.2605459326090332,26.520000457763672,0.2652000045776367,0.03206028502941226
2023-03-14,391.7300109863281,0.1978854308362222,0.23365249323021,0.2653150671305176,23.729999542236328,0.2372999954223632,0.03206028502941226
2023-03-15,389.2799987792969,0.1995159807478685,0.2159147863773842,0.1845330160440918,26.13999938964844,0.2613999938964844,0.03206028502941226
2023-03-16,396.1099853515625,0.1961223303796757,0.2285184910449012,0.1966302984537598,22.989999771118164,0.2298999977111816,0.03206028502941226
2023-03-17,389.989990234375,0.1989551815232771,0.2167288759655966,0.1494636839212891,25.51000022888184,0.2551000022888183,0.03206028502941226
2023-03-20,393.739990234375,0.2019004959281569,0.2323063880821685,0.184617549735498,24.149999618530277,0.2414999961853027,0.03206028502941226
2023-03-21,398.9100036621094,0.2046801511298674,0.243022516102914,0.1740590494455811,21.3799991607666,0.213799991607666,0.03206028502941226
2023-03-22,392.1099853515625,0.2047185681078058,0.2319176887395969,0.1362245195688721,22.26000022888184,0.2226000022888183,0.03206028502941226
2023-03-23,393.1700134277344,0.208741714396088,0.230996199668267,0.2011193197550293,22.61000061035156,0.2261000061035156,0.03206028502941226
2023-03-24,395.75,0.2078061986728975,0.2425022369046178,0.156369315940332,21.739999771118164,0.2173999977111816,0.03206028502941226
2023-03-27,396.489990234375,0.2090003072852309,0.2272547883025578,0.1604896848978516,20.600000381469727,0.2060000038146972,0.03206028502941226
2023-03-28,395.6000061035156,0.2049727430272465,0.2140396512741288,0.1648700159372803,19.96999931335449,0.1996999931335449,0.03206028502941226
2023-03-29,401.3500061035156,0.2049662690625821,0.1980908176480867,0.1532481973947998,19.1200008392334,0.1912000083923339,0.03206028502941226
2023-03-30,403.7000122070313,0.2107448292747362,0.1845979208079332,0.1381748312296387,19.020000457763672,0.1902000045776367,0.03206028502941226
2023-03-31,409.3900146484375,0.2074580539944351,0.2029968968064467,0.1459116285624024,18.700000762939453,0.1870000076293945,0.03206028502941226
2023-04-03,410.9500122070313,0.2123396011661083,0.1927002765671968,0.2023087805094238,18.549999237060547,0.1854999923706054,0.03206028502941226
2023-04-04,408.6700134277344,0.2014136334696337,0.2023092960145317,0.1952519338907715,19.0,0.19,0.03206028502941226
2023-04-05,407.6000061035156,0.2023903744616023,0.1948604148828492,0.1948831098856445,19.07999992370605,0.1907999992370605,0.03206028502941226
2023-04-06,409.1900024414063,0.2021336811334413,0.1826619291440929,0.1470532434763428,18.399999618530277,0.1839999961853027,0.03206028502941226
2023-04-10,409.6099853515625,0.1987992984265757,0.1735536077330464,0.1310552709879394,18.96999931335449,0.1896999931335449,0.03206028502941226
2023-04-11,409.7200012207031,0.1986510859816429,0.1638799571122244,0.1728936880411621,19.100000381469727,0.1910000038146972,0.03206028502941226
2023-04-12,408.0499877929688,0.1980497131450933,0.1531328099303154,0.1783936231913086,19.09000015258789,0.1909000015258789,0.03206028502941226
2023-04-13,413.4700012207031,0.1981164361699999,0.1568606996144529,0.1958302229227539,17.799999237060547,0.1779999923706054,0.03206028502941226
2023-04-14,412.4599914550781,0.2008184267617153,0.1555058519807539,0.1791717642130371,17.06999969482422,0.1706999969482422,0.03206028502941226
2023-04-17,413.9400024414063,0.1951306818838138,0.1683780834890464,0.1693334215464111,16.950000762939453,0.1695000076293945,0.03206028502941226
2023-04-18,414.2099914550781,0.1953518045673932,0.1594983663071333,0.1448750894846436,16.829999923706055,0.1682999992370605,0.03206028502941226
2023-04-19,414.1400146484375,0.1876592808315499,0.1507075717886959,0.1453494661631104,16.459999084472656,0.1645999908447265,0.03206028502941226
2023-04-20,411.8800048828125,0.1877207559145396,0.1551402306001075,0.1491957586588379,17.170000076293945,0.1717000007629394,0.03206028502941226
2023-04-21,412.2000122070313,0.1770522553293845,0.1504928623455418,0.1456109827341553,16.770000457763672,0.1677000045776367,0.03206028502941226
2023-04-24,412.6300048828125,0.1683540150406595,0.1456358903264989,0.1175266378702637,16.889999389648438,0.1688999938964843,0.03206028502941226
2023-04-25,406.0799865722656,0.1679451627704775,0.1377099104525626,0.123187639075708,18.76000022888184,0.1876000022888183,0.03206028502941226
2023-04-26,404.3599853515625,0.1713368639574088,0.1303836539743823,0.1806653993906494,18.84000015258789,0.1884000015258789,0.03206028502941226
2023-04-27,412.4100036621094,0.1704782227895626,0.1748263610780409,0.1705373781504151,17.030000686645508,0.170300006866455,0.03206028502941226
2023-04-28,415.9299926757813,0.1730457756339122,0.1842785700698081,0.1530953329386231,15.779999732971191,0.1577999973297119,0.03206028502941226
2023-05-01,415.510009765625,0.1645945282104919,0.2122577973947525,0.1321083563150879,16.079999923706055,0.1607999992370605,0.03206028502941226
2023-05-02,410.8399963378906,0.1629760910936799,0.2020099618086974,0.1440106123270508,17.780000686645508,0.177800006866455,0.03206028502941226
2023-05-03,408.0199890136719,0.1639170141753475,0.1878013130046793,0.1407366770090576,18.34000015258789,0.1834000015258789,0.03206028502941226
2023-05-04,405.1300048828125,0.154265817194109,0.1947995013665895,0.1533043497385498,20.09000015258789,0.2009000015258789,0.03206028502941226
2023-05-05,412.6300048828125,0.1566991164400707,0.19678791493786,0.181202079612207,17.190000534057617,0.1719000053405761,0.03206028502941226
2023-05-08,412.739990234375,0.1658977661532058,0.1879956051126164,0.1402197283091064,16.979999542236328,0.1697999954223633,0.03206028502941226
2023-05-09,410.9299926757813,0.1659349147173825,0.2152599371270596,0.1409844034494873,17.709999084472656,0.1770999908447265,0.03206028502941226
2023-05-10,412.8500061035156,0.1666066117472387,0.2044303670316629,0.137723600226831,16.940000534057617,0.1694000053405761,0.03206028502941226
2023-05-11,412.1300048828125,0.1610054437194878,0.1953689286452257,0.1326420324625488,16.93000030517578,0.1693000030517578,0.03206028502941226
2023-05-12,411.5899963378906,0.1603679060692913,0.1822739158861318,0.1331385725321289,17.030000686645508,0.170300006866455,0.03206028502941226
2023-05-15,413.010009765625,0.1538836985392087,0.1707373847335789,0.1562096136393067,17.1200008392334,0.1712000083923339,0.03206028502941226
2023-05-16,410.25,0.1537923679409156,0.1606606082055436,0.1269494741739746,17.989999771118164,0.1798999977111816,0.03206028502941226
2023-05-17,415.2300109863281,0.1543211468935474,0.1516981703746997,0.1349558084787842,16.8700008392334,0.1687000083923339,0.03206028502941226
2023-05-18,419.2300109863281,0.1589167304684441,0.1622274355602082,0.1229299467386719,16.049999237060547,0.1604999923706054,0.03206028502941226
2023-05-19,418.6199951171875,0.1613158226611487,0.1752247353358413,0.1244709604563232,16.809999465942383,0.1680999946594238,0.03206028502941226
2023-05-22,418.7900085449219,0.1614897353678714,0.173564039942089,0.1119032781900879,17.209999084472656,0.1720999908447265,0.03206028502941226
2023-05-23,414.0899963378906,0.1614857689974149,0.163270354232112,0.1119032781900879,18.530000686645508,0.1853000068664551,0.03206028502941226
2023-05-24,411.0899963378906,0.1655808396641998,0.1528446909875902,0.1284078234018799,20.030000686645508,0.200300006866455,0.03206028502941226
2023-05-25,414.6499938964844,0.1616535925269878,0.1682549197492343,0.1514499491037842,19.13999938964844,0.1913999938964843,0.03206028502941226
2023-05-26,420.0199890136719,0.1640096507178365,0.1742302508199829,0.1439808481516357,17.950000762939453,0.1795000076293945,0.03206028502941226
2023-05-30,420.1799926757813,0.1689051280705619,0.1713571262650911,0.1379777639688965,17.459999084472656,0.1745999908447265,0.03206028502941226
2023-05-31,417.8500061035156,0.1689048016823715,0.1820574313856163,0.1400679128946777,17.940000534057617,0.1794000053405761,0.03206028502941226
2023-06-01,421.8200073242188,0.1700565086742526,0.1758184636114484,0.1406989305796143,15.649999618530272,0.1564999961853027,0.03206028502941226
2023-06-02,427.9200134277344,0.1714375004166683,0.1684108903501132,0.1319813268961426,14.600000381469728,0.1460000038146972,0.03206028502941226
2023-06-05,427.1000061035156,0.1770286643639856,0.1876322155505085,0.1408625334085937,14.729999542236328,0.1472999954223632,0.03206028502941226
2023-06-06,428.0299987792969,0.1773363076960119,0.1973469501836089,0.1646345060648437,13.960000038146973,0.1396000003814697,0.03206028502941226
2023-06-07,426.5499877929688,0.1675411392198156,0.1895914434261616,0.1400619238199707,13.9399995803833,0.139399995803833,0.03206028502941226
2023-06-08,429.1300048828125,0.1672463583781942,0.1713531764322767,0.1353932684244629,13.649999618530272,0.1364999961853027,0.03206028502941226
2023-06-09,429.8999938964844,0.1565764487057763,0.1659894763242364,0.1274400537790772,13.829999923706056,0.1382999992370605,0.03206028502941226
2023-06-12,433.7999877929688,0.1546782848140945,0.1574049783963783,0.137616292792749,15.010000228881836,0.1501000022888183,0.03206028502941226
2023-06-13,436.6600036621094,0.1566484433094656,0.1500988803033377,0.1202391069712158,14.609999656677246,0.1460999965667724,0.03206028502941226
2023-06-14,437.1799926757813,0.1511640899128421,0.1837262119028547,0.1193188970865723,13.880000114440918,0.1388000011444091,0.03206028502941226
2023-06-15,442.6000061035156,0.1480199529056552,0.1580634941183412,0.117392322379541,14.5,0.145,0.03206028502941226
2023-06-16,439.4599914550781,0.1478562178382717,0.1495034680189699,0.1215598505320068,13.539999961853027,0.1353999996185302,0.03206028502941226
2023-06-20,437.1799926757813,0.1417661459005378,0.1822028990140497,0.1412884443583008,13.880000114440918,0.1388000011444091,0.03206028502941226
2023-06-21,434.9400024414063,0.143783832908526,0.1820667949302069,0.1488562792124268,13.199999809265137,0.1319999980926513,0.03206028502941226
2023-06-22,436.510009765625,0.1441851884458959,0.1922385391882674,0.1618886583628174,12.90999984741211,0.1290999984741211,0.03206028502941226
2023-06-23,433.2099914550781,0.1439990549442653,0.1837937712751347,0.1786663072885986,13.4399995803833,0.134399995803833,0.03206028502941226
2023-06-26,431.4400024414063,0.1470026152339193,0.155415219992576,0.1434506624521729,14.25,0.1425,0.03206028502941226
2023-06-27,436.1700134277344,0.1479507072550435,0.1905580828822368,0.1649948709787842,13.739999771118164,0.1373999977111816,0.03206028502941226
2023-06-28,436.3900146484375,0.1510456553341981,0.1893028195192205,0.1587379377665039,13.43000030517578,0.1343000030517578,0.03206028502941226
2023-06-29,438.1099853515625,0.1482316670256061,0.1929056065518082,0.1576751154245849,13.539999961853027,0.1353999996185302,0.03206028502941226
2023-06-30,443.2799987792969,0.1443868316161074,0.163292549650738,0.1364079492868896,13.59000015258789,0.1359000015258789,0.03206028502941226
2023-07-03,443.7900085449219,0.1458821957090169,0.1755122243534615,0.1258919924082275,13.56999969482422,0.1356999969482422,0.03206028502941226
2023-07-05,443.1300048828125,0.1454447848194577,0.1789376236090144,0.131907588797998,14.18000030517578,0.1418000030517578,0.03206028502941226
2023-07-06,439.6600036621094,0.1458228304953301,0.1629224181268445,0.1330742090525146,15.4399995803833,0.154399995803833,0.03206028502941226
2023-07-07,438.5499877929688,0.1426450357703511,0.1663482937837994,0.1343943231882568,14.829999923706056,0.1482999992370605,0.03206028502941226
2023-07-10,439.6600036621094,0.1398941680487375,0.1784139047997492,0.1626975649179932,15.06999969482422,0.1506999969482421,0.03206028502941226
2023-07-11,442.4599914550781,0.1381270118705641,0.1458977928301555,0.157460796195459,14.84000015258789,0.1484000015258789,0.03206028502941226
2023-07-12,446.0199890136719,0.133784729016355,0.1558780246156695,0.133606454688501,13.539999961853027,0.1353999996185302,0.03206028502941226
2023-07-13,449.55999755859375,0.1353046246620696,0.1396529025503855,0.1309203737558838,13.609999656677246,0.1360999965667724,0.03206028502941226
2023-07-14,449.2799987792969,0.1339862057784505,0.1627482394694982,0.1142050855936523,13.34000015258789,0.1334000015258789,0.03206028502941226
2023-07-17,450.8399963378906,0.1321316540561731,0.1595808600372602,0.1255410021128174,13.479999542236328,0.1347999954223633,0.03206028502941226
2023-07-18,454.1900024414063,0.1251134065456074,0.1652230955752091,0.1376635950388428,13.300000190734863,0.1330000019073486,0.03206028502941226
2023-07-19,455.2000122070313,0.1258151362943379,0.160751274208808,0.1394841879190918,13.760000228881836,0.1376000022888183,0.03206028502941226
2023-07-20,452.1799926757813,0.125815476303759,0.1534918046824536,0.1343912428202149,13.989999771118164,0.1398999977111816,0.03206028502941226
2023-07-21,452.1799926757813,0.1279715851180686,0.139289640536365,0.1340796297373291,13.600000381469728,0.1360000038146972,0.03206028502941226
2023-07-24,454.2000122070313,0.1273441144646036,0.1475099650800614,0.1267637842478272,13.90999984741211,0.1390999984741211,0.03206028502941226
2023-07-25,455.4400024414063,0.1276639343305163,0.1337977828942835,0.1277349108042236,13.859999656677246,0.1385999965667724,0.03206028502941226
2023-07-26,455.510009765625,0.1252081963231672,0.1523341141683206,0.1475347536386963,13.1899995803833,0.131899995803833,0.03206028502941226
2023-07-27,452.489990234375,0.1240906495795305,0.1273774813747467,0.1288944166483399,14.40999984741211,0.144099998474121,0.03206028502941226
2023-07-28,456.9200134277344,0.1271431981749544,0.1691821264410296,0.1699923723520752,13.329999923706056,0.1332999992370605,0.03206028502941226
2023-07-31,457.7900085449219,0.1247019454493794,0.1411725194156823,0.1119032781900879,13.630000114440918,0.1363000011444091,0.03206028502941226
2023-08-01,456.4800109863281,0.1212585749102282,0.1487498924271124,0.1267175596537109,13.93000030517578,0.1393000030517578,0.03206028502941226
2023-08-02,450.1300048828125,0.1199590321878347,0.1401402682673722,0.1420396822275635,16.09000015258789,0.1609000015258789,0.03206028502941226
2023-08-03,448.8399963378906,0.1293502698644911,0.1479099347365104,0.1728301733316894,15.920000076293944,0.1592000007629394,0.03206028502941226
2023-08-04,446.80999755859375,0.1297711499102441,0.175724866447741,0.1649087827982422,17.100000381469727,0.1710000038146972,0.03206028502941226
2023-08-07,450.7099914550781,0.1277626911248708,0.1659394828087705,0.1687823885263916,15.770000457763672,0.1577000045776367,0.03206028502941226
2023-08-08,448.75,0.1289697628857171,0.1604089459930364,0.1663143747629639,15.989999771118164,0.1598999977111816,0.03206028502941226
2023-08-09,445.75,0.1260546131708083,0.1589972512108055,0.1773000448526855,15.960000038146973,0.1596000003814697,0.03206028502941226
2023-08-10,445.9100036621094,0.1287447022524617,0.1547157361760496,0.1667664640726562,15.850000381469728,0.1585000038146972,0.03206028502941226
2023-08-11,445.6499938964844,0.1282530677152284,0.1666782392988831,0.1605117529215332,14.84000015258789,0.1484000015258789,0.03206028502941226
2023-08-14,448.1099853515625,0.1221002112001682,0.1543000702869442,0.1477626341166016,14.81999969482422,0.1481999969482421,0.03206028502941226
2023-08-15,442.8900146484375,0.1234238533090395,0.145877525972498,0.1502166384043213,16.459999084472656,0.1645999908447265,0.03206028502941226
2023-08-16,439.6400146484375,0.1299887303682806,0.1417739415426843,0.1845355146708008,16.780000686645508,0.167800006866455,0.03206028502941226
2023-08-17,436.2900085449219,0.1296419022246504,0.1696288124280448,0.2084225004496094,17.889999389648438,0.1788999938964843,0.03206028502941226
2023-08-18,436.5,0.1319713337689074,0.1697694467546883,0.2088285368265625,17.299999237060547,0.1729999923706054,0.03206028502941226
2023-08-21,439.3399963378906,0.131654585473139,0.1702415261496985,0.2070026319803711,17.1299991607666,0.171299991607666,0.03206028502941226
2023-08-22,438.1499938964844,0.1317368414316706,0.1597177106663815,0.2213519590677734,16.969999313354492,0.1696999931335449,0.03206028502941226
2023-08-23,443.0299987792969,0.1287131692264347,0.155311258359349,0.1938059347452637,15.979999542236328,0.1597999954223632,0.03206028502941226
2023-08-24,436.8900146484375,0.1316315410594075,0.1474608163195169,0.1407147520365234,17.200000762939453,0.1720000076293945,0.03206028502941226
2023-08-25,439.9700012207031,0.1392294453570602,0.1690879434105109,0.1909181898416992,15.68000030517578,0.1568000030517578,0.03206028502941226
2023-08-28,442.760009765625,0.1410489658109197,0.1937955721943711,0.1854053800882812,15.079999923706056,0.1507999992370605,0.03206028502941226
2023-08-29,449.1600036621094,0.1403579198907303,0.1983503581836167,0.1713077085794922,14.449999809265137,0.1444999980926513,0.03206028502941226
2023-08-30,451.010009765625,0.1490265990504467,0.1843921651619133,0.1547066515268799,13.880000114440918,0.1388000011444091,0.03206028502941226
2023-08-31,450.3500061035156,0.1481978458449595,0.1945650989042693,0.1496295088114258,13.56999969482422,0.1356999969482422,0.03206028502941226
2023-09-01,451.1900024414063,0.148267825064265,0.1932877279544788,0.1470415800394531,13.09000015258789,0.1309000015258789,0.03206028502941226
2023-09-05,449.239990234375,0.1475948182046869,0.1900159099684291,0.1311289900125977,14.010000228881836,0.1401000022888183,0.03206028502941226
2023-09-06,446.2200012207031,0.1478424528801718,0.169595617115977,0.1341824072184082,14.449999809265137,0.1444999980926513,0.03206028502941226
2023-09-07,444.8500061035156,0.1492816756625074,0.1652665420948625,0.1601904886545654,14.399999618530272,0.1439999961853027,0.03206028502941226
2023-09-08,445.5199890136719,0.148119958781424,0.1653501556084759,0.157371627646875,13.84000015258789,0.1384000015258789,0.03206028502941226
2023-09-11,448.4500122070313,0.1439938184231572,0.1554471057794467,0.1366638582529541,13.800000190734863,0.1380000019073486,0.03206028502941226
2023-09-12,445.989990234375,0.1458536944909428,0.1466857835944791,0.1246109598459717,14.229999542236328,0.1422999954223632,0.03206028502941226
2023-09-13,446.510009765625,0.1465646941024903,0.1851822464609766,0.1385741918863769,13.479999542236328,0.1347999954223633,0.03206028502941226
2023-09-14,450.3599853515625,0.1393315330733933,0.1564686688772142,0.1547398298563477,12.81999969482422,0.1281999969482422,0.03206028502941226
2023-09-15,443.3699951171875,0.1421156650716625,0.1515272166484926,0.1300311868967529,13.789999961853027,0.1378999996185302,0.03206028502941226
2023-09-18,443.6300048828125,0.1508531165928375,0.1859148083790898,0.1924847524942871,14.0,0.14,0.03206028502941226
2023-09-19,442.7099914550781,0.147718423564019,0.1995440192456611,0.1793981951059814,14.109999656677246,0.1410999965667724,0.03206028502941226
2023-09-20,438.6400146484375,0.1472367299183792,0.1947710184727561,0.1642093962015625,15.140000343322754,0.1514000034332275,0.03206028502941226
2023-09-21,431.3900146484375,0.1486993716238147,0.1915143587711495,0.177426149207544,17.540000915527344,0.1754000091552734,0.03206028502941226
2023-09-22,430.4200134277344,0.1579200925603731,0.1736118514773921,0.2344176786722656,17.200000762939453,0.1720000076293945,0.03206028502941226
2023-09-25,432.2300109863281,0.157949496180937,0.2022406243585635,0.1903738516153809,16.899999618530273,0.1689999961853027,0.03206028502941226
2023-09-26,425.8800048828125,0.1573809062492362,0.1896647370181092,0.2083649748148437,18.940000534057617,0.1894000053405761,0.03206028502941226
2023-09-27,426.0499877929688,0.1599986523210675,0.1782909830777579,0.2576974027933594,18.21999931335449,0.1821999931335449,0.03206028502941226
2023-09-28,428.5199890136719,0.1587562221964128,0.1998142545439237,0.2092165487589355,17.34000015258789,0.1734000015258789,0.03206028502941226
2023-09-29,427.4800109863281,0.1586771286180729,0.1885818239059146,0.210173084098291,17.520000457763672,0.1752000045776367,0.03206028502941226
2023-10-02,427.30999755859375,0.1587400401837382,0.179914072189824,0.1663512914957519,17.610000610351562,0.1761000061035156,0.03206028502941226
2023-10-03,421.5899963378906,0.1568294793342799,0.1937061747344189,0.1685575884165283,19.780000686645508,0.197800006866455,0.03206028502941226
2023-10-04,424.6600036621094,0.1621086129290221,0.1591123914620104,0.1999436872782227,18.57999992370605,0.1857999992370605,0.03206028502941226
2023-10-05,424.5,0.1592892644931314,0.1808784238513902,0.217956230002832,18.489999771118164,0.1848999977111816,0.03206028502941226
2023-10-06,429.5400085449219,0.1534567415328114,0.1806808639921588,0.1862995451273437,17.450000762939453,0.1745000076293945,0.03206028502941226
2023-10-09,432.2900085449219,0.1570555281994501,0.1675223995309273,0.1503760069193359,17.700000762939453,0.1770000076293945,0.03206028502941226
2023-10-10,434.5400085449219,0.1570867278434344,0.1765613284551443,0.1382997053446289,17.030000686645508,0.170300006866455,0.03206028502941226
2023-10-11,436.3200073242188,0.1497918236381427,0.1696377614179092,0.1119032781900879,16.09000015258789,0.1609000015258789,0.03206028502941226
2023-10-12,433.6600036621094,0.149782846167249,0.1675779052219786,0.1177593057932373,16.690000534057617,0.1669000053405761,0.03206028502941226
2023-10-13,431.5,0.1506910871912705,0.159678041079663,0.1197403639139648,19.31999969482422,0.1931999969482422,0.03206028502941226
2023-10-16,436.0400085449219,0.1507661251372624,0.158116978689821,0.1330748861612793,17.209999084472656,0.1720999908447265,0.03206028502941226
2023-10-17,436.0199890136719,0.1555452664313462,0.1560820147011977,0.1265605848612305,17.8799991607666,0.178799991607666,0.03206028502941226
2023-10-18,430.2099914550781,0.1543286404769881,0.162315969795795,0.1343595426859375,19.21999931335449,0.1921999931335449,0.03206028502941226
2023-10-19,426.4299926757813,0.1597346656398464,0.1516982336523124,0.1915645998301025,21.399999618530277,0.2139999961853027,0.03206028502941226
2023-10-20,421.1900024414063,0.161416831015804,0.1800075354273658,0.2267317884745117,21.709999084472656,0.2170999908447265,0.03206028502941226
2023-10-23,420.4599914550781,0.1628136786824898,0.1823102203866153,0.2494808119120117,20.3700008392334,0.203700008392334,0.03206028502941226
2023-10-24,423.6300048828125,0.1624195112914063,0.1933655525113761,0.2193780821146484,18.96999931335449,0.1896999931335449,0.03206028502941226
2023-10-25,417.5499877929688,0.16513127634605,0.1807986365398871,0.2369397466959473,20.190000534057617,0.2019000053405761,0.03206028502941226
2023-10-26,412.5499877929688,0.1662539036536181,0.1750711332700711,0.2039747350992676,20.68000030517578,0.2068000030517578,0.03206028502941226
2023-10-27,410.6799926757813,0.1635042941754116,0.1986267100165197,0.2487444418253418,21.270000457763672,0.2127000045776367,0.03206028502941226
2023-10-30,415.5899963378906,0.163295612991658,0.2047739423494448,0.2036860960306641,19.75,0.1975,0.03206028502941226
2023-10-31,418.2000122070313,0.170122986773437,0.1943598566961602,0.1988619726480957,18.13999938964844,0.1813999938964843,0.03206028502941226
2023-11-01,422.6600036621094,0.1705512265034684,0.2007906874945818,0.2254671400370117,16.8700008392334,0.1687000083923339,0.03206028502941226
2023-11-02,430.760009765625,0.1672292009807752,0.1868969863011535,0.2109869497599121,15.65999984741211,0.1565999984741211,0.03206028502941226
2023-11-03,434.6900024414063,0.1790094375604512,0.1944427793802081,0.1523217314066406,14.90999984741211,0.1490999984741211,0.03206028502941226
2023-11-06,435.6900024414063,0.1809478445168982,0.2159090501432625,0.1494634359659668,14.890000343322754,0.1489000034332275,0.03206028502941226
2023-11-07,436.9299926757813,0.1738167011168331,0.2106686182592962,0.1766666715921875,14.8100004196167,0.1481000041961669,0.03206028502941226
2023-11-08,437.25,0.1739395245857255,0.2007506979845645,0.1828417414011475,14.449999809265137,0.1444999980926513,0.03206028502941226
2023-11-09,433.8399963378906,0.1731458999461767,0.192027547820337,0.165540572959375,15.289999961853027,0.1528999996185302,0.03206028502941226
2023-11-10,440.6099853515625,0.175104418921082,0.189181699131995,0.1459698789896484,14.170000076293944,0.1417000007629394,0.03206028502941226
2023-11-13,440.1900024414063,0.1817003087131093,0.1748144114277744,0.1409240454020019,14.760000228881836,0.1476000022888183,0.03206028502941226
2023-11-14,448.7300109863281,0.175171873589577,0.1980076452220042,0.1448695581736084,14.15999984741211,0.141599998474121,0.03206028502941226
2023-11-15,449.6799926757813,0.1835942764007221,0.1895368027762533,0.129039279777002,14.18000030517578,0.1418000030517578,0.03206028502941226
2023-11-16,450.2300109863281,0.1834352572676791,0.2127716688565887,0.1526375215830322,14.31999969482422,0.1431999969482421,0.03206028502941226
2023-11-17,450.7900085449219,0.1804472249550251,0.2010079376760602,0.1581765573801514,13.800000190734863,0.1380000019073486,0.03206028502941226
2023-11-20,454.260009765625,0.179736018722968,0.1926157430378817,0.1312105291666504,13.40999984741211,0.1340999984741211,0.03206028502941226
2023-11-21,453.2699890136719,0.1804793374152096,0.1950637847765173,0.1588867777170654,13.350000381469728,0.1335000038146972,0.03206028502941226
2023-11-22,455.0199890136719,0.1806574438872575,0.1938685040383509,0.16383525069375,12.850000381469728,0.1285000038146972,0.03206028502941226
2023-11-24,455.2999877929688,0.1790706559439112,0.1752829099465414,0.1321428125681397,12.460000038146973,0.1246000003814697,0.03206028502941226
2023-11-27,454.4800109863281,0.1777117413381473,0.1842815243525696,0.1349317949594971,12.6899995803833,0.126899995803833,0.03206028502941226
2023-11-28,454.9299926757813,0.1756585064739699,0.1670910704452267,0.1332781236948486,12.6899995803833,0.126899995803833,0.03206028502941226
2023-11-29,454.6099853515625,0.1755953296286586,0.1770523972658018,0.1307491796793457,12.979999542236328,0.1297999954223632,0.03206028502941226
2023-11-30,456.3999938964844,0.1684579914273641,0.1810892114448109,0.1221673792185303,12.920000076293944,0.1292000007629394,0.03206028502941226
2023-12-01,459.1000061035156,0.1645606444131317,0.1705454353298491,0.1226800554575439,12.630000114440918,0.1263000011444091,0.03206028502941226
2023-12-04,456.6900024414063,0.1570504912954283,0.1748200052815962,0.1226325910868164,13.079999923706056,0.1307999992370605,0.03206028502941226
2023-12-05,456.6000061035156,0.1586666237721533,0.1743241211379462,0.1499043386759277,12.850000381469728,0.1285000038146972,0.03206028502941226
2023-12-06,454.760009765625,0.1581512920900658,0.1524152399602617,0.1400480764688965,12.970000267028809,0.129700002670288,0.03206028502941226
2023-12-07,458.2300109863281,0.1488910680715199,0.1804239971144282,0.1417441671671387,13.0600004196167,0.130600004196167,0.03206028502941226
2023-12-08,460.2000122070313,0.1402506118928814,0.1705904959685359,0.1321336000742432,12.350000381469728,0.1235000038146972,0.03206028502941226
2023-12-11,461.989990234375,0.1373502420794688,0.1775126749460504,0.1276182859720703,12.630000114440918,0.1263000011444091,0.03206028502941226
2023-12-12,464.1000061035156,0.1345145521360511,0.1754351344532363,0.1458227175058838,12.06999969482422,0.1206999969482421,0.03206028502941226
2023-12-13,470.5,0.1342469593945695,0.1808052844369277,0.1123192327799317,12.1899995803833,0.121899995803833,0.03206028502941226
2023-12-14,472.010009765625,0.1365315287993818,0.1806921832029543,0.1228299825968262,12.479999542236328,0.1247999954223632,0.03206028502941226
2023-12-15,469.3299865722656,0.1255471272865521,0.1718962551957696,0.1250045030893799,12.279999732971191,0.1227999973297119,0.03206028502941226
2023-12-18,471.9700012207031,0.127242563073252,0.1622987801948791,0.1233496778788086,12.5600004196167,0.125600004196167,0.03206028502941226
2023-12-19,474.8399963378906,0.1276333228093782,0.1870212001445773,0.1439233034433838,12.529999732971191,0.1252999973297119,0.03206028502941226
2023-12-20,468.260009765625,0.1281281714115074,0.185970159557314,0.1492039984049316,13.670000076293944,0.1367000007629394,0.03206028502941226
2023-12-21,472.7000122070313,0.1400624507900557,0.1857441097259811,0.1614281099619385,13.649999618530272,0.1364999961853027,0.03206028502941226
2023-12-22,473.6499938964844,0.1373614512738848,0.1780261526458794,0.1491522806467529,13.029999732971191,0.1302999973297119,0.03206028502941226
2023-12-26,475.6499938964844,0.1301938766049082,0.1892488041272161,0.1376976602854248,12.989999771118164,0.1298999977111816,0.03206028502941226
2023-12-27,476.510009765625,0.1297421747686661,0.172597457867462,0.1365118616404053,12.43000030517578,0.1243000030517578,0.03206028502941226
2023-12-28,476.6900024414063,0.1157005925487308,0.1635096656998005,0.1448261278452393,12.470000267028809,0.124700002670288,0.03206028502941226
2023-12-29,475.30999755859375,0.1158488063327044,0.1787278825540264,0.1158807485880371,12.449999809265137,0.1244999980926513,0.03206028502941226
2024-01-02,472.6499938964844,0.1170678206537459,0.1706462993440635,0.1306497019114014,13.199999809265137,0.1319999980926513,0.03206028502941226
2024-01-03,468.7900085449219,0.1198727019572803,0.1539775191491064,0.1667861097635742,14.039999961853027,0.1403999996185302,0.03206028502941226
2024-01-04,467.2799987792969,0.1224729434900116,0.1558302449952325,0.1665028780283447,14.130000114440918,0.1413000011444092,0.03206028502941226
2024-01-05,467.9200134277344,0.1228635741780027,0.1791683211921783,0.1739304655375,13.350000381469728,0.1335000038146972,0.03206028502941226
2024-01-08,474.6000061035156,0.1224683263954269,0.1791637828488793,0.1409591310801025,13.079999923706056,0.1307999992370605,0.03206028502941226
2024-01-09,473.8800048828125,0.1304661591717878,0.1545600763209229,0.1457964723886963,12.760000228881836,0.1276000022888183,0.03206028502941226
2024-01-10,476.55999755859375,0.130385713518055,0.178487899693989,0.1465729349436279,12.6899995803833,0.126899995803833,0.03206028502941226
2024-01-11,476.3500061035156,0.13114470083813,0.1727398265527892,0.1282773989023682,12.4399995803833,0.124399995803833,0.03206028502941226
2024-01-12,476.6799926757813,0.1310927424375621,0.1686491708731494,0.1280631559671875,12.699999809265137,0.1269999980926513,0.03206028502941226
2024-01-16,474.9299926757813,0.1308703927305081,0.1695100720332924,0.1375851839365479,13.84000015258789,0.1384000015258789,0.03206028502941226
2024-01-17,472.2900085449219,0.1310651158328102,0.151857687821334,0.1533940904917236,14.789999961853027,0.1478999996185303,0.03206028502941226
2024-01-18,476.489990234375,0.1312507091803075,0.1823195767315729,0.1481966322245117,14.130000114440918,0.1413000011444092,0.03206028502941226
2024-01-19,482.4299926757813,0.1336918548981676,0.1438028296246375,0.1341124456705567,13.300000190734863,0.1330000019073486,0.03206028502941226
2024-01-22,483.4500122070313,0.1371510037416748,0.1580447206563139,0.1310008734049317,13.1899995803833,0.131899995803833,0.03206028502941226
2024-01-23,484.8599853515625,0.135773834464846,0.1697957626315331,0.1383472364725586,12.550000190734863,0.1255000019073486,0.03206028502941226
2024-01-24,485.3900146484375,0.1355614477239875,0.1607387537092425,0.1222761362375732,13.140000343322754,0.1314000034332275,0.03206028502941226
2024-01-25,488.0299987792969,0.1353831816005287,0.1546604861324176,0.1241705244364258,13.449999809265137,0.1344999980926513,0.03206028502941226
2024-01-26,487.4100036621094,0.135629689741669,0.144228389975994,0.1239914053263183,13.260000228881836,0.1326000022888183,0.03206028502941226
2024-01-29,491.2699890136719,0.1292842809969655,0.1452149388190686,0.1119032781900879,13.600000381469728,0.1360000038146972,0.03206028502941226
2024-01-30,490.8900146484375,0.1311061163364444,0.1384327805325906,0.148105098563623,13.3100004196167,0.133100004196167,0.03206028502941226
2024-01-31,482.8800048828125,0.128986413656662,0.1523595856230097,0.1296287458719727,14.350000381469728,0.1435000038146972,0.03206028502941226
2024-02-01,489.2000122070313,0.1416389433827429,0.133028898540992,0.1576740282358643,13.880000114440918,0.1388000011444091,0.03206028502941226
2024-02-02,494.3500061035156,0.1464436265381671,0.1811509534180022,0.157111150580835,13.850000381469728,0.1385000038146972,0.03206028502941226
2024-02-05,492.5499877929688,0.1401491706415172,0.1925829551252297,0.1293874185862061,13.670000076293944,0.1367000007629394,0.03206028502941226
2024-02-06,493.9800109863281,0.1387798633469304,0.1971085188073767,0.1574933737101074,13.0600004196167,0.130600004196167,0.03206028502941226
2024-02-07,498.1000061035156,0.1388563711491867,0.1886522416604174,0.1351422708811279,12.829999923706056,0.1282999992370605,0.03206028502941226
2024-02-08,498.3200073242188,0.1404763324623109,0.1877504928259125,0.1337792223276611,12.789999961853027,0.1278999996185302,0.03206028502941226
2024-02-09,501.2000122070313,0.1405264126748498,0.1864488009071862,0.1318244188608643,12.93000030517578,0.1293000030517578,0.03206028502941226
2024-02-12,500.9800109863281,0.1411644359500322,0.1623481733628575,0.1534311502756592,13.93000030517578,0.1393000030517578,0.03206028502941226
2024-02-13,494.0799865722656,0.1404650099096319,0.1568099439689869,0.1279753988565918,15.850000381469728,0.1585000038146972,0.03206028502941226
2024-02-14,498.5700073242188,0.1480139328191992,0.1476926471603422,0.1507080667795654,14.380000114440918,0.1438000011444092,0.03206028502941226
2024-02-15,502.010009765625,0.1461226568135511,0.1951903463956992,0.1426301496805664,14.010000228881836,0.1401000022888183,0.03206028502941226
2024-02-16,499.510009765625,0.1457454713613177,0.1772139468665934,0.1401732271494385,14.239999771118164,0.1423999977111816,0.03206028502941226
2024-02-20,496.760009765625,0.1478256829474853,0.1714478322102306,0.1507047670664307,15.420000076293944,0.1542000007629394,0.03206028502941226
2024-02-21,497.2099914550781,0.144073641132165,0.1640643935059529,0.1517983930887695,15.34000015258789,0.1534000015258789,0.03206028502941226
2024-02-22,507.5,0.1436993015082349,0.1746954634128372,0.134052068549585,14.539999961853027,0.1453999996185302,0.03206028502941226
2024-02-23,507.8500061035156,0.1563113163028248,0.1560975599355056,0.1464358919443603,13.75,0.1375,0.03206028502941226
2024-02-26,505.989990234375,0.1561424334277094,0.2029379650503037,0.1398609846415039,13.739999771118164,0.1373999977111816,0.03206028502941226
2024-02-27,506.9299926757813,0.157281406699311,0.1999396549611853,0.1715522592844482,13.43000030517578,0.1343000030517578,0.03206028502941226
2024-02-28,506.260009765625,0.1560582643625987,0.1960580673194056,0.135499069053125,13.84000015258789,0.1384000015258789,0.03206028502941226
2024-02-29,508.0799865722656,0.154266969863193,0.1782352024144353,0.1446387594522949,13.399999618530272,0.1339999961853027,0.03206028502941226
2024-03-01,512.8499755859375,0.1527407224291021,0.1607834653876746,0.1477333849253174,13.109999656677246,0.1310999965667724,0.03206028502941226
2024-03-04,512.2999877929688,0.1507501669174876,0.1713190047374842,0.1334421842875,13.489999771118164,0.1348999977111816,0.03206028502941226
2024-03-05,507.1799926757813,0.1511196085016584,0.1655298778027383,0.1315584200205322,14.460000038146973,0.1446000003814697,0.03206028502941226
2024-03-06,509.75,0.1562345025823125,0.1579379424437445,0.1575656908335205,14.5,0.145,0.03206028502941226
2024-03-07,514.8099975585938,0.1566505920586312,0.1899069683404478,0.1598245352091309,14.4399995803833,0.144399995803833,0.03206028502941226
2024-03-08,511.7200012207031,0.1585274213371678,0.1637421572886677,0.1278667372049805,14.739999771118164,0.1473999977111816,0.03206028502941226
2024-03-11,511.2799987792969,0.1603392356642266,0.165639166780888,0.1550616663279053,15.220000267028809,0.152200002670288,0.03206028502941226
2024-03-12,516.780029296875,0.1591156292165103,0.1629422306050334,0.146525852042627,13.84000015258789,0.1384000015258789,0.03206028502941226
2024-03-13,515.969970703125,0.1618371657333047,0.1533607284226193,0.1205485456766602,13.75,0.1375,0.03206028502941226
2024-03-14,514.9500122070312,0.149909343505063,0.1605510956400895,0.1232568090738769,14.399999618530272,0.1439999961853027,0.03206028502941226
2024-03-15,509.8299865722656,0.1458576678353753,0.163099971322543,0.1389709776224609,14.40999984741211,0.144099998474121,0.03206028502941226
2024-03-18,512.8599853515625,0.1477430797932657,0.1525829852698612,0.1524452417673584,14.329999923706056,0.1432999992370605,0.03206028502941226
2024-03-19,515.7100219726562,0.1476765546594459,0.1891933694865893,0.1318274610819336,13.81999969482422,0.1381999969482422,0.03206028502941226
2024-03-20,520.47998046875,0.1482465752871442,0.1741300557359204,0.1424201505960937,13.039999961853027,0.1303999996185302,0.03206028502941226
2024-03-21,522.2000122070312,0.1487512209038141,0.1704366411649016,0.1228424852671143,12.920000076293944,0.1292000007629394,0.03206028502941226
2024-03-22,521.2100219726562,0.1488184689503852,0.1709466361631862,0.1370901506723877,13.0600004196167,0.130600004196167,0.03206028502941226
2024-03-25,519.77001953125,0.1485524572495007,0.1600726973486232,0.1370616548838135,13.1899995803833,0.131899995803833,0.03206028502941226
2024-03-26,518.8099975585938,0.1490743502909358,0.1555680456626128,0.1367260187448975,13.239999771118164,0.1323999977111816,0.03206028502941226
2024-03-27,523.1699829101562,0.1401122754021499,0.1545478548896377,0.1306062238993164,12.779999732971191,0.1277999973297119,0.03206028502941226
2024-03-28,523.0700073242188,0.1397148886394729,0.1448745099842467,0.134905750113916,13.010000228881836,0.1301000022888183,0.03206028502941226
2024-04-01,522.1599731445312,0.1386455714201536,0.1709201120473056,0.1337118833841797,13.649999618530272,0.1364999961853027,0.03206028502941226
2024-04-02,518.8400268554688,0.1373104906135034,0.1402356893811302,0.1270352667154785,14.609999656677246,0.1460999965667724,0.03206028502941226
2024-04-03,519.4099731445312,0.1378557455134045,0.1490338395746802,0.1424057024302002,14.329999923706056,0.1432999992370605,0.03206028502941226
2024-04-04,513.0700073242188,0.1378475497618118,0.1368873906297805,0.1214890211405274,16.350000381469727,0.1635000038146972,0.03206028502941226
2024-04-05,518.4299926757812,0.1286522686121925,0.1425552508281677,0.1604056089701172,16.030000686645508,0.160300006866455,0.03206028502941226
2024-04-08,518.719970703125,0.1330625643732946,0.1634431076922046,0.1635299413980957,15.1899995803833,0.151899995803833,0.03206028502941226
2024-04-09,519.3200073242188,0.1321788013317465,0.190755129347322,0.1660530870737549,14.979999542236328,0.1497999954223632,0.03206028502941226
2024-04-10,514.1199951171875,0.1321372478716647,0.157243938192791,0.150633346396875,15.800000190734863,0.1580000019073486,0.03206028502941226
2024-04-11,518.0,0.1370217252413654,0.1572354931926397,0.2023977011026855,14.90999984741211,0.1490999984741211,0.03206028502941226
2024-04-12,510.8500061035156,0.1386758159361615,0.1652174426280619,0.1568427389444824,17.309999465942383,0.1730999946594238,0.03206028502941226
2024-04-15,504.4500122070313,0.1435477914606438,0.1609667927479499,0.2264969938578125,19.229999542236328,0.1922999954223632,0.03206028502941226
2024-04-16,503.5299987792969,0.1494420478975205,0.1849948106407289,0.2014876859964844,18.399999618530277,0.1839999961853027,0.03206028502941226
2024-04-17,500.5499877929688,0.1458995558125512,0.1961260190042754,0.2036624067606445,18.209999084472656,0.1820999908447265,0.03206028502941226
2024-04-18,499.5199890136719,0.1459014117043947,0.1897231680207334,0.2093042105020996,18.0,0.18,0.03206028502941226
2024-04-19,495.1600036621094,0.1413405112333441,0.1795213086108252,0.2107361524881836,18.709999084472656,0.1870999908447265,0.03206028502941226
2024-04-22,499.7200012207031,0.1427557300931121,0.1714699458687824,0.1914075392069336,16.940000534057617,0.1694000053405761,0.03206028502941226
2024-04-23,505.6499938964844,0.1468443433243233,0.1741438373252652,0.1744224184336182,15.6899995803833,0.156899995803833,0.03206028502941226
2024-04-24,505.4100036621094,0.1478719114645439,0.1934499051441146,0.1762635439218994,15.970000267028809,0.159700002670288,0.03206028502941226
2024-04-25,503.489990234375,0.1478473023188788,0.179654865403421,0.1579781645121094,15.369999885559082,0.1536999988555908,0.03206028502941226
2024-04-26,508.260009765625,0.1481515829046767,0.1709257342774089,0.1651610296549316,15.029999732971191,0.1502999973297119,0.03206028502941226
2024-04-29,510.05999755859375,0.1483913276492503,0.1662489460744614,0.1394338434519287,14.670000076293944,0.1467000007629394,0.03206028502941226
2024-04-30,501.9800109863281,0.1474869508771233,0.1675931427346589,0.1266851919474121,15.649999618530272,0.1564999961853027,0.03206028502941226
2024-05-01,500.3500061035156,0.1550345837867838,0.1584170209327478,0.1824237173380371,15.390000343322754,0.1539000034332275,0.03206028502941226
2024-05-02,505.0299987792969,0.1512212761113264,0.1901276223818737,0.1786532800974365,14.68000030517578,0.1468000030517578,0.03206028502941226
2024-05-03,511.2900085449219,0.1546014490700256,0.1865126683794212,0.170825054007959,13.489999771118164,0.1348999977111816,0.03206028502941226
2024-05-06,516.5700073242188,0.1608240814807822,0.1837783711492514,0.142011577445459,13.489999771118164,0.1348999977111816,0.03206028502941226
2024-05-07,517.1400146484375,0.1645849153012148,0.1893544965654133,0.1689475172342773,13.229999542236328,0.1322999954223633,0.03206028502941226
2024-05-08,517.1900024414062,0.1645426889890909,0.1928920679146537,0.1565833872141357,13.0,0.13,0.03206028502941226
2024-05-09,520.1699829101562,0.1620001311484253,0.1781497897966839,0.1763710039438721,12.6899995803833,0.126899995803833,0.03206028502941226
2024-05-10,520.8400268554688,0.1632553417141437,0.1844167123603025,0.1707762735666748,12.550000190734863,0.1255000019073486,0.03206028502941226
2024-05-13,520.9099731445312,0.1632371805645718,0.17937935565965,0.1272711294474121,13.600000381469728,0.1360000038146972,0.03206028502941226
2024-05-14,523.2999877929688,0.1618250561639307,0.1496191277165192,0.1530195444406983,13.420000076293944,0.1342000007629394,0.03206028502941226
2024-05-15,529.780029296875,0.162459997879039,0.1768520680413784,0.1812828844370361,12.449999809265137,0.1244999980926513,0.03206028502941226
2024-05-16,528.6900024414062,0.1613222256957404,0.1744636717743623,0.180857259589624,12.420000076293944,0.1242000007629394,0.03206028502941226
2024-05-17,529.4500122070312,0.1584535019113982,0.1726603229112748,0.1629577558817383,11.989999771118164,0.1198999977111816,0.03206028502941226
2024-05-20,530.0599975585938,0.1584726519552298,0.1668626868768678,0.1282145708384033,12.149999618530272,0.1214999961853027,0.03206028502941226
2024-05-21,531.3599853515625,0.1584725039634335,0.1703535397980858,0.1570199793161865,11.859999656677246,0.1185999965667724,0.03206028502941226
2024-05-22,529.8300170898438,0.1541927321542633,0.1860401418250223,0.173386203605127,12.289999961853027,0.1228999996185302,0.03206028502941226
2024-05-23,525.9600219726562,0.1531474828284907,0.1795323773101105,0.1306519525827881,12.770000457763672,0.1277000045776367,0.03206028502941226
2024-05-24,529.4400024414062,0.1474009379965351,0.1790298956048641,0.1445025747599121,11.93000030517578,0.1193000030517578,0.03206028502941226
2024-05-28,529.8099975585938,0.1407094550996297,0.1824342193062335,0.1290769689859863,12.920000076293944,0.1292000007629394,0.03206028502941226
2024-05-29,526.0999755859375,0.1402336017111163,0.1549533870659784,0.127881357032251,14.279999732971191,0.1427999973297119,0.03206028502941226
2024-05-30,522.6099853515625,0.1409760897780973,0.1508223555384401,0.1465451830210205,14.470000267028809,0.1447000026702881,0.03206028502941226
2024-05-31,527.3699951171875,0.1432264534924162,0.1806267656244596,0.1484284513773437,12.920000076293944,0.1292000007629394,0.03206028502941226
2024-06-03,527.7999877929688,0.1407249218561725,0.1796656419874595,0.1400528353037353,13.109999656677246,0.1310999965667724,0.03206028502941226
2024-06-04,528.3900146484375,0.1386594408150846,0.1809332904445284,0.1389760988535401,13.15999984741211,0.1315999984741211,0.03206028502941226
2024-06-05,534.6699829101562,0.1342879823373855,0.1769586054571817,0.1460125273050781,12.630000114440918,0.1263000011444091,0.03206028502941226
2024-06-06,534.6599731445312,0.1384608603311812,0.1735004564664791,0.1472260301889893,12.579999923706056,0.1257999992370605,0.03206028502941226
2024-06-07,534.010009765625,0.137199928818064,0.1796206763509525,0.1401612203897949,12.220000267028809,0.122200002670288,0.03206028502941226
2024-06-10,535.6599731445312,0.1351613350410438,0.1729474201428835,0.1223464887918945,12.739999771118164,0.1273999977111816,0.03206028502941226
2024-06-11,536.9500122070312,0.1350979931731568,0.16876357602433,0.1185161989511963,12.850000381469728,0.1285000038146972,0.03206028502941226
2024-06-12,541.3599853515625,0.1198985402840477,0.164990798830695,0.1378270929636475,12.039999961853027,0.1203999996185302,0.03206028502941226
2024-06-13,542.4500122070312,0.1198332504808308,0.1788940455393945,0.1531411855997559,11.9399995803833,0.119399995803833,0.03206028502941226
2024-06-14,542.780029296875,0.11750905765213,0.180767371136498,0.1548069113077637,12.65999984741211,0.1265999984741211,0.03206028502941226
2024-06-17,547.0999755859375,0.1121705283745036,0.1792075768736799,0.1172435587229248,12.75,0.1275,0.03206028502941226
2024-06-18,548.489990234375,0.1102856389483331,0.1779208604682108,0.158089572745752,12.300000190734863,0.1230000019073486,0.03206028502941226
2024-06-20,547.0,0.1102552236243454,0.1797684177844179,0.1472347372354981,13.279999732971191,0.1327999973297119,0.03206028502941226
2024-06-21,544.510009765625,0.1113134846492563,0.1431397515753418,0.112159749823999,13.199999809265137,0.1319999980926513,0.03206028502941226
2024-06-24,542.739990234375,0.1126609658746874,0.1581500794965095,0.1184871309580322,13.329999923706056,0.1332999992370605,0.03206028502941226
2024-06-25,544.8300170898438,0.1139084842998479,0.1575257719405208,0.1342816561045166,12.84000015258789,0.1284000015258789,0.03206028502941226
2024-06-26,545.510009765625,0.1141136725391902,0.1552261061469958,0.1342832201303955,12.550000190734863,0.1255000019073486,0.03206028502941226
2024-06-27,546.3699951171875,0.1135936730024718,0.1557292486909879,0.148302442389917,12.239999771118164,0.1223999977111816,0.03206028502941226
2024-06-28,544.219970703125,0.1065600169975967,0.1663154845466945,0.1346598547281738,12.4399995803833,0.124399995803833,0.03206028502941226
2024-07-01,545.3400268554688,0.1074698588791214,0.1607277542831598,0.123688241797876,12.220000267028809,0.122200002670288,0.03206028502941226
2024-07-02,549.010009765625,0.1075242329005275,0.1698112087927936,0.1335549944223877,12.029999732971191,0.1202999973297119,0.03206028502941226
2024-07-03,551.4600219726562,0.1093624373648736,0.175548109302586,0.1119032781900879,12.09000015258789,0.1209000015258789,0.03206028502941226
2024-07-05,554.6400146484375,0.1098740238610522,0.1367216297659997,0.1119032781900879,12.479999542236328,0.1247999954223632,0.03206028502941226
2024-07-08,555.280029296875,0.1098780445041749,0.1692477384745869,0.122817651587915,12.369999885559082,0.1236999988555908,0.03206028502941226
2024-07-09,555.8200073242188,0.1050128252575633,0.1686458707215892,0.1119032781900879,12.510000228881836,0.1251000022888183,0.03206028502941226
2024-07-10,561.3200073242188,0.1036083189626388,0.1584036866525436,0.1119032781900879,12.850000381469728,0.1285000038146972,0.03206028502941226
2024-07-11,556.47998046875,0.1074530094314683,0.1754138269779488,0.1299734133066651,12.920000076293944,0.1292000007629394,0.03206028502941226
2024-07-12,559.989990234375,0.1093371739360851,0.1684147334560233,0.1119032781900879,12.460000038146973,0.1246000003814697,0.03206028502941226
2024-07-15,561.530029296875,0.1057281549118608,0.1579356421998356,0.1119032781900879,13.119999885559082,0.1311999988555908,0.03206028502941226
2024-07-16,564.8599853515625,0.1028732501130882,0.1550666194026345,0.117425166922998,13.1899995803833,0.131899995803833,0.03206028502941226
2024-07-17,556.9400024414062,0.1035883061707698,0.1414178037301408,0.1239166181864258,14.479999542236328,0.1447999954223632,0.03206028502941226
2024-07-18,552.6599731445312,0.1184580480602676,0.1811027362380463,0.1360582845987793,15.93000030517578,0.1593000030517578,0.03206028502941226
2024-07-19,548.989990234375,0.1172878508127652,0.1796297616576597,0.1544816606821533,16.520000457763672,0.1652000045776367,0.03206028502941226
2024-07-22,554.6500244140625,0.1202934474337496,0.1775298919879367,0.1751576059641357,14.90999984741211,0.1490999984741211,0.03206028502941226
2024-07-23,553.780029296875,0.1241917913827491,0.1760760334146375,0.1542823999704834,14.720000267028809,0.1472000026702881,0.03206028502941226
2024-07-24,541.22998046875,0.1244048119110002,0.1740335745883675,0.1676184480967041,18.040000915527344,0.1804000091552734,0.03206028502941226
2024-07-25,538.4099731445312,0.1483406251634638,0.1634613213132211,0.2001421850504395,18.459999084472656,0.1845999908447265,0.03206028502941226
2024-07-26,544.4400024414062,0.1468442618944748,0.22576785018968,0.1957801359476562,16.389999389648438,0.1638999938964843,0.03206028502941226
2024-07-29,544.760009765625,0.1514712693129289,0.2120656417566329,0.1811293905558106,16.600000381469727,0.1660000038146972,0.03206028502941226
2024-07-30,542.0,0.1514705375721954,0.210628507612218,0.1818915766062256,17.690000534057617,0.1769000053405761,0.03206028502941226
2024-07-31,550.8099975585938,0.1499703124846201,0.1956002064021271,0.1925583570780273,16.360000610351562,0.1636000061035156,0.03206028502941226
2024-08-01,543.010009765625,0.159352852920632,0.1865313608481695,0.1424110620798584,18.59000015258789,0.1859000015258789,0.03206028502941226
2024-08-02,532.9000244140625,0.1660538520061334,0.205022706079461,0.1617850797953125,23.38999938964844,0.2338999938964844,0.03206028502941226
2024-08-05,517.3800048828125,0.1763346069509474,0.2116753077047361,0.190990955192041,38.56999969482422,0.3856999969482422,0.03206028502941226
2024-08-06,522.1500244140625,0.1994163471798774,0.2432462724308406,0.2868811529459473,27.709999084472656,0.2770999908447266,0.03206028502941226
2024-08-07,518.6599731445312,0.2017128233150955,0.3057194314344191,0.2961761396708008,27.850000381469727,0.2785000038146972,0.03206028502941226
2024-08-08,530.6500244140625,0.2021869415582512,0.2849451678377686,0.2835721700968262,23.790000915527344,0.2379000091552734,0.03206028502941226
2024-08-09,532.989990234375,0.2168387475932876,0.2541584602700455,0.2151951902689453,20.3700008392334,0.203700008392334,0.03206028502941226
2024-08-12,533.27001953125,0.2172813207826142,0.2728472170870221,0.2196049230875488,20.709999084472656,0.2070999908447265,0.03206028502941226
2024-08-13,542.0399780273438,0.2171299516214029,0.2521608590180399,0.2101360815348145,18.1200008392334,0.181200008392334,0.03206028502941226
2024-08-14,543.75,0.2227003835906243,0.2355462885973582,0.1906666487040039,16.190000534057617,0.1619000053405761,0.03206028502941226
2024-08-15,553.0700073242188,0.2224381366115368,0.2257057960650602,0.211049377280664,15.229999542236328,0.1522999954223632,0.03206028502941226
2024-08-16,554.3099975585938,0.2285361282149086,0.2237636773434286,0.1882449358286377,14.800000190734863,0.1480000019073486,0.03206028502941226
2024-08-19,559.6099853515625,0.228624377671981,0.2215821273725772,0.1848553198160644,14.649999618530272,0.1464999961853027,0.03206028502941226
2024-08-20,558.7000122070312,0.2306299567288608,0.218211234838572,0.1779800718607422,15.880000114440918,0.1588000011444091,0.03206028502941226
2024-08-21,560.6199951171875,0.2285020031286625,0.2109432900337323,0.1603524893106934,16.270000457763672,0.1627000045776367,0.03206028502941226
2024-08-22,556.219970703125,0.2270231606317078,0.200203140771713,0.1231470506968017,17.549999237060547,0.1754999923706054,0.03206028502941226
2024-08-23,562.1300048828125,0.2275499295443554,0.190660181587127,0.1444757669748779,15.859999656677246,0.1585999965667724,0.03206028502941226
2024-08-26,560.7899780273438,0.2299662206433129,0.1890244341371953,0.123180372077417,16.149999618530273,0.1614999961853027,0.03206028502941226
2024-08-27,561.5599975585938,0.2292600295080922,0.1889982593305444,0.1357814997019287,15.43000030517578,0.1543000030517578,0.03206028502941226
2024-08-28,558.2999877929688,0.2246912930168933,0.1737755836459365,0.1203414362253662,17.110000610351562,0.1711000061035156,0.03206028502941226
2024-08-29,558.3499755859375,0.2240642832428508,0.1755831815925093,0.1576216715158936,15.649999618530272,0.1564999961853027,0.03206028502941226
2024-08-30,563.6799926757812,0.2228736769343772,0.1667826116774441,0.1366626375498291,15.0,0.15,0.03206028502941226
2024-09-03,552.0800170898438,0.2225415546241352,0.1538523473452409,0.1302436273874756,20.71999931335449,0.2071999931335449,0.03206028502941226
2024-09-04,550.9500122070312,0.2326274270540407,0.1593203570725374,0.2215529363932129,21.31999969482422,0.2131999969482421,0.03206028502941226
2024-09-05,549.6099853515625,0.2203264477434971,0.2132334526055096,0.2108732336344238,19.899999618530277,0.1989999961853027,0.03206028502941226
2024-09-06,540.3599853515625,0.2197272009466076,0.1992320668543888,0.2106670683207031,22.3799991607666,0.223799991607666,0.03206028502941226
2024-09-09,546.4099731445312,0.2239144385523174,0.1880208277380668,0.2507905500711914,19.450000762939453,0.1945000076293945,0.03206028502941226
2024-09-10,548.7899780273438,0.2268278649720638,0.2134905414507847,0.2048566931070801,19.07999992370605,0.1907999992370605,0.03206028502941226
2024-09-11,554.4199829101562,0.2265520427159567,0.2107006476704376,0.1821508901895996,17.690000534057617,0.1769000053405761,0.03206028502941226
2024-09-12,559.0900268554688,0.2230073354129803,0.201059222373353,0.1639534204782959,17.06999969482422,0.1706999969482422,0.03206028502941226
2024-09-13,562.010009765625,0.2191791453133156,0.19630839924565,0.1528162496866699,16.559999465942383,0.1655999946594238,0.03206028502941226
2024-09-16,562.8400268554688,0.2094532227497062,0.1902731137268764,0.1256015985788818,17.139999389648438,0.1713999938964844,0.03206028502941226
2024-09-17,563.0700073242188,0.1814297819931597,0.1885159521115915,0.1293526762308594,17.610000610351562,0.1761000061035156,0.03206028502941226
2024-09-18,561.4000244140625,0.1803491514333688,0.1796483045927871,0.1236625307383057,18.229999542236328,0.1822999954223632,0.03206028502941226
2024-09-19,570.97998046875,0.1786394134991545,0.1720247252369819,0.1280755251230713,16.329999923706055,0.1632999992370605,0.03206028502941226
2024-09-20,568.25,0.1722175220728251,0.1667789351657809,0.1482678049387451,16.149999618530273,0.1614999961853027,0.03206028502941226
2024-09-23,569.6699829101562,0.1737211577993734,0.1882256026624006,0.1346899908365723,15.890000343322754,0.1589000034332275,0.03206028502941226
2024-09-24,571.2999877929688,0.1736295414417016,0.1827968211819231,0.124985038596582,15.390000343322754,0.1539000034332275,0.03206028502941226
2024-09-25,570.0399780273438,0.1670341647221372,0.1745587607822591,0.1329698198618408,15.40999984741211,0.1540999984741211,0.03206028502941226
2024-09-26,572.2999877929688,0.1674793400001391,0.1664213681389951,0.1334089582743164,15.369999885559082,0.1536999988555908,0.03206028502941226
2024-09-27,571.469970703125,0.1593852677757846,0.1542146087849795,0.1358859842600342,16.959999084472656,0.1695999908447265,0.03206028502941226
2024-09-30,573.760009765625,0.1595729672132931,0.1511127382849036,0.1175699251474854,16.729999542236328,0.1672999954223633,0.03206028502941226
2024-10-01,568.6199951171875,0.1572965008193116,0.1438746832595936,0.1119032781900879,19.26000022888184,0.1926000022888183,0.03206028502941226
2024-10-02,568.8599853515625,0.1604560901815802,0.1379489788794664,0.1507628362955566,18.899999618530277,0.1889999961853027,0.03206028502941226
2024-10-03,567.8200073242188,0.1601669220287417,0.1542190043043391,0.1425580995859619,20.489999771118164,0.2048999977111816,0.03206028502941226
2024-10-04,572.97998046875,0.1578269795908533,0.1501197678826848,0.1394629877390381,19.209999084472656,0.1920999908447265,0.03206028502941226
2024-10-07,567.7999877929688,0.1568300522521942,0.1415264303729686,0.1198158376993652,22.63999938964844,0.2263999938964843,0.03206028502941226
2024-10-08,573.1699829101562,0.1598221448257627,0.1485561885652687,0.1636374204935547,21.420000076293945,0.2142000007629394,0.03206028502941226
2024-10-09,577.1400146484375,0.1625236551469789,0.156733823877456,0.1332254522623535,20.86000061035156,0.2086000061035156,0.03206028502941226
2024-10-10,576.1300048828125,0.1621857987583689,0.1653863897609712,0.1313860719980713,20.93000030517578,0.2093000030517578,0.03206028502941226
2024-10-11,579.5800170898438,0.1624327716763852,0.1632513675341988,0.1357809084238525,20.459999084472656,0.2045999908447265,0.03206028502941226
2024-10-14,584.3200073242188,0.1607877407504047,0.1553751178779454,0.1253732317270752,19.700000762939453,0.1970000076293945,0.03206028502941226
2024-10-15,579.780029296875,0.1439627702754793,0.1512271102167213,0.1203986852945801,20.63999938964844,0.2063999938964843,0.03206028502941226
2024-10-16,582.2999877929688,0.1470529365930558,0.1518154985114052,0.1329934709848877,19.57999992370605,0.1957999992370605,0.03206028502941226
2024-10-17,582.3499755859375,0.1465624755235862,0.1634290645340722,0.1290329664530274,19.11000061035156,0.1911000061035156,0.03206028502941226
2024-10-18,584.5900268554688,0.1311598256466329,0.1602301710551995,0.1341411321939941,18.030000686645508,0.1803000068664551,0.03206028502941226
2024-10-21,583.6300048828125,0.1277737710187619,0.1488352797542686,0.1142565840067383,18.3700008392334,0.183700008392334,0.03206028502941226
2024-10-22,583.3200073242188,0.1282641898042148,0.1426205739384628,0.1456922548593994,18.200000762939453,0.1820000076293945,0.03206028502941226
2024-10-23,577.989990234375,0.1253100898941273,0.1359494395011273,0.1119032781900879,19.239999771118164,0.1923999977111816,0.03206028502941226
2024-10-24,579.239990234375,0.1283825022104542,0.1400477378438583,0.1372780626596924,19.07999992370605,0.1907999992370605,0.03206028502941226
2024-10-25,579.0399780273438,0.1276427987095294,0.1506523909112674,0.1311460321726318,20.32999992370605,0.2032999992370605,0.03206028502941226
2024-10-28,580.8300170898438,0.127718895098021,0.1429413159893331,0.1349682539286133,19.799999237060547,0.1979999923706054,0.03206028502941226
2024-10-29,581.77001953125,0.1279005753254927,0.1380800000180778,0.13981669600625,19.34000015258789,0.1934000015258789,0.03206028502941226
2024-10-30,580.010009765625,0.1271117952038014,0.131818928329519,0.1323546903910156,20.350000381469727,0.2035000038146972,0.03206028502941226
2024-10-31,568.6400146484375,0.1148996325217428,0.1944774589124403,0.1535926073374268,23.15999984741211,0.2315999984741211,0.03206028502941226
2024-11-01,571.0399780273438,0.1333207530599849,0.1313273195984428,0.171953508216333,21.8799991607666,0.218799991607666,0.03206028502941226
2024-11-04,569.8099975585938,0.1338220825329773,0.1976903935789013,0.1708353823008057,21.979999542236328,0.2197999954223632,0.03206028502941226
2024-11-05,576.7000122070312,0.1336651955877346,0.1922297169702484,0.1707685106577393,20.489999771118164,0.2048999977111816,0.03206028502941226
2024-11-06,591.0399780273438,0.1394765922432715,0.1907781761849708,0.1575886076273437,16.270000457763672,0.1627000045776367,0.03206028502941226
2024-11-07,595.6099853515625,0.1606673152140753,0.1948159719067038,0.1297356527628418,15.199999809265137,0.1519999980926513,0.03206028502941226
2024-11-08,598.1900024414062,0.1618497796778023,0.218092511829443,0.1311759966196533,14.9399995803833,0.149399995803833,0.03206028502941226
2024-11-11,598.760009765625,0.1619108234903808,0.2121544186821687,0.123246175605249,14.970000267028809,0.149700002670288,0.03206028502941226
2024-11-12,596.9000244140625,0.1579708442744027,0.2055620174665149,0.122448646384668,14.710000038146973,0.1471000003814697,0.03206028502941226
2024-11-13,597.1900024414062,0.1587415156772539,0.1995121349420238,0.1362920683207031,14.020000457763672,0.1402000045776367,0.03206028502941226
2024-11-14,593.3499755859375,0.1583513285161728,0.1952599578732338,0.1312384336771485,14.3100004196167,0.143100004196167,0.03206028502941226
2024-11-15,585.75,0.158543233484718,0.1718808725055562,0.1504095857920166,16.139999389648438,0.1613999938964843,0.03206028502941226
2024-11-18,588.1500244140625,0.1617847066885209,0.1808197668497978,0.1659619444193359,15.579999923706056,0.1557999992370605,0.03206028502941226
2024-11-19,590.2999877929688,0.1596383955849452,0.1967110340621641,0.1516150396646973,16.350000381469727,0.1635000038146972,0.03206028502941226
2024-11-20,590.5,0.1586159209314555,0.1927362458354428,0.1466687219919678,17.15999984741211,0.1715999984741211,0.03206028502941226
2024-11-21,593.6699829101562,0.1583900635069171,0.1893296870056241,0.1352802866281982,16.8700008392334,0.1687000083923339,0.03206028502941226
2024-11-22,595.510009765625,0.1581783248047584,0.1861509598474788,0.1258453958811279,15.239999771118164,0.1523999977111816,0.03206028502941226
2024-11-25,597.530029296875,0.1564098242820913,0.1846533771680288,0.1159807604135986,14.600000381469728,0.1460000038146972,0.03206028502941226
2024-11-26,600.6500244140625,0.1539154859995319,0.1826084292492963,0.116041004020166,14.100000381469728,0.1410000038146972,0.03206028502941226
2024-11-27,598.8300170898438,0.1541540751461788,0.1810366739443943,0.1119032781900879,14.100000381469728,0.1410000038146972,0.03206028502941226
2024-11-29,602.5499877929688,0.1547248810930107,0.1804607302123852,0.1191599195780273,13.510000228881836,0.1351000022888183,0.03206028502941226
2024-12-02,603.6300048828125,0.1554150867698344,0.1752824514393551,0.1200464933695313,13.34000015258789,0.1334000015258789,0.03206028502941226
2024-12-03,603.9099731445312,0.1551572976108749,0.1606892678093345,0.1177901571573731,13.300000190734863,0.1330000019073486,0.03206028502941226
2024-12-04,607.6599731445312,0.1550691491136222,0.1579363897150628,0.1163886564554687,13.449999809265137,0.1344999980926513,0.03206028502941226
2024-12-05,606.6599731445312,0.1517036256533516,0.1689582216047636,0.1401873892130371,13.539999961853027,0.1353999996185302,0.03206028502941226
2024-12-06,607.8099975585938,0.1521044982232723,0.1513711028396309,0.1134090631784912,12.770000457763672,0.1277000045776367,0.03206028502941226
2024-12-09,604.6799926757812,0.1519603515177619,0.1634865322443869,0.1127679651560303,14.1899995803833,0.141899995803833,0.03206028502941226
2024-12-10,602.7999877929688,0.1535381123646913,0.1663183187763225,0.1291721933664795,14.18000030517578,0.1418000030517578,0.03206028502941226
2024-12-11,607.4600219726562,0.1542551863731099,0.1704706942594419,0.1341480558695313,13.579999923706056,0.1357999992370605,0.03206028502941226
2024-12-12,604.3300170898438,0.1549839654438732,0.1691180203642509,0.1260974710764404,13.920000076293944,0.1392000007629394,0.03206028502941226
2024-12-13,604.2100219726562,0.138557245400672,0.1702760182661007,0.1351044767679688,13.8100004196167,0.138100004196167,0.03206028502941226
2024-12-16,606.7899780273438,0.1385633820583346,0.1571982314911243,0.1170223062815186,14.6899995803833,0.146899995803833,0.03206028502941226
2024-12-17,604.2899780273438,0.1380176283465041,0.1639154953578226,0.1130538671793457,15.869999885559082,0.1586999988555908,0.03206028502941226
2024-12-18,586.280029296875,0.1351641346298001,0.1282853543768151,0.1188783949198242,27.6200008392334,0.276200008392334,0.03206028502941226
2024-12-19,586.0999755859375,0.1507732323204268,0.1302531412611872,0.2255469244303223,24.09000015258789,0.2409000015258789,0.03206028502941226
2024-12-20,591.1500244140625,0.1482513001937541,0.2400166992266719,0.1561886614145752,18.36000061035156,0.1836000061035156,0.03206028502941226
2024-12-23,594.6900024414062,0.150512237334021,0.214823773604258,0.1630502622904297,16.780000686645508,0.167800006866455,0.03206028502941226
2024-12-24,601.2999877929688,0.1519440783393355,0.2169078233305795,0.163994409400415,14.270000457763672,0.1427000045776367,0.03206028502941226
2024-12-26,601.3400268554688,0.1560806942070833,0.2056428960935927,0.1537702196421143,14.729999542236328,0.1472999954223632,0.03206028502941226
2024-12-27,595.010009765625,0.1560797795884521,0.2041428671326715,0.1303760927500244,15.949999809265137,0.1594999980926513,0.03206028502941226
2024-12-30,588.219970703125,0.1586534407902823,0.1958397994658958,0.1342624777140137,17.399999618530273,0.1739999961853027,0.03206028502941226
2024-12-31,586.0800170898438,0.1574118440161625,0.1973527233498453,0.1639333647074219,17.350000381469727,0.1735000038146972,0.03206028502941226
2025-01-02,584.6400146484375,0.1572951067592707,0.2020763872920007,0.1685585993113037,17.93000030517578,0.1793000030517578,0.03206028502941226
2025-01-03,591.9500122070312,0.1569344850083771,0.1897526380352433,0.1600629728617187,16.1299991607666,0.161299991607666,0.03206028502941226
2025-01-06,595.3599853515625,0.1624725562000821,0.1890917346517905,0.1566677587809082,16.040000915527344,0.1604000091552734,0.03206028502941226
2025-01-07,588.6300048828125,0.1626192277925227,0.1918690913824796,0.1363356607737061,17.81999969482422,0.1781999969482421,0.03206028502941226
2025-01-08,589.489990234375,0.166529579653282,0.1876478575311327,0.1508050459208008,17.700000762939453,0.1770000076293945,0.03206028502941226
2025-01-10,580.489990234375,0.1661611324000661,0.1892161742063825,0.1408039205851074,19.540000915527344,0.1954000091552734,0.03206028502941226
2025-01-13,581.3900146484375,0.17192699800701,0.1765485410539306,0.2049845999063965,19.190000534057617,0.1919000053405761,0.03206028502941226
2025-01-14,582.1900024414062,0.1720317002554514,0.1993330365125731,0.191689197379541,18.709999084472656,0.1870999908447265,0.03206028502941226
2025-01-15,592.780029296875,0.170511512122227,0.1859579645574014,0.1943552892984863,16.1200008392334,0.1612000083923339,0.03206028502941226
2025-01-16,591.6400146484375,0.1814779085314066,0.1734943276386869,0.1377161520304199,16.600000381469727,0.1660000038146972,0.03206028502941226
2025-01-17,597.5800170898438,0.1814871104777956,0.2027140221483274,0.1600918405832764,15.970000267028809,0.159700002670288,0.03206028502941226
2025-01-21,603.0499877929688,0.1834702233088436,0.1914803781863512,0.1243148344339844,15.0600004196167,0.1506000041961669,0.03206028502941226
2025-01-22,606.4400024414062,0.18608221687124,0.1904444260727338,0.1407320516886231,15.100000381469728,0.1510000038146972,0.03206028502941226
2025-01-23,609.75,0.1869231306995864,0.1873823397189739,0.1413388269724365,15.020000457763672,0.1502000045776367,0.03206028502941226
2025-01-24,607.969970703125,0.1869447367580585,0.1790285301372681,0.1252332514109131,14.850000381469728,0.1485000038146972,0.03206028502941226
2025-01-27,599.3699951171875,0.18690815167083,0.1711146492908179,0.1297361105265137,17.899999618530273,0.1789999961853027,0.03206028502941226
2025-01-28,604.52001953125,0.190919816717373,0.1641857539474905,0.1533016699137207,16.40999984741211,0.1640999984741211,0.03206028502941226
2025-01-29,601.8099975585938,0.1924044682156771,0.1854321974190168,0.1417006986917969,16.559999465942383,0.1655999946594238,0.03206028502941226
2025-01-30,605.0399780273438,0.1929531954499188,0.1817226774116656,0.1610225027384277,15.84000015258789,0.1584000015258789,0.03206028502941226
2025-01-31,601.8200073242188,0.1932534437264928,0.1826253212686323,0.1484998052896973,16.43000030517578,0.1643000030517578,0.03206028502941226
2025-02-03,597.77001953125,0.1935637935224069,0.1693115456872819,0.1603470724405762,18.6200008392334,0.1862000083923339,0.03206028502941226
2025-02-04,601.780029296875,0.1667868957888575,0.1659207338709012,0.1478839891733643,17.209999084472656,0.1720999908447265,0.03206028502941226
2025-02-05,604.219970703125,0.167901920101287,0.1644720532859956,0.1500797956766602,15.770000457763672,0.1577000045776367,0.03206028502941226
2025-02-06,606.3200073242188,0.1662477285182053,0.1595585625144797,0.1595504206003662,15.5,0.155,0.03206028502941226
2025-02-07,600.77001953125,0.1655743806952078,0.1598712655547269,0.1580390375437256,16.540000915527344,0.1654000091552734,0.03206028502941226
2025-02-10,604.8499755859375,0.1647397481152425,0.152776503984247,0.2002816122354981,15.8100004196167,0.158100004196167,0.03206028502941226
2025-02-11,605.3099975585938,0.1662442651785599,0.1602290409413503,0.1265855711283203,16.020000457763672,0.1602000045776367,0.03206028502941226
2025-02-12,603.3599853515625,0.1621489453023758,0.1564722451923222,0.130594922858667,15.890000343322754,0.1589000034332275,0.03206028502941226
2025-02-13,609.72998046875,0.1574543753784922,0.1567240550518886,0.1463076132120606,15.100000381469728,0.1510000038146972,0.03206028502941226
2025-02-14,609.7000122070312,0.1597740512640645,0.1556533975105247,0.1360608690561768,14.770000457763672,0.1477000045776367,0.03206028502941226
2025-02-18,611.489990234375,0.1593218368903883,0.1634640873400842,0.1244339578928467,15.350000381469728,0.1535000038146972,0.03206028502941226
2025-02-19,612.9299926757812,0.1549584239205383,0.1667149480427137,0.1459830206217285,15.270000457763672,0.1527000045776367,0.03206028502941226
2025-02-20,610.3800048828125,0.1542152478863493,0.1515256481235039,0.1176462095560547,15.65999984741211,0.1565999984741211,0.03206028502941226
2025-02-21,599.9400024414062,0.1494082556770812,0.1403240812815366,0.1171505754770752,18.209999084472656,0.1820999908447265,0.03206028502941226
2025-02-24,597.2100219726562,0.1614397278397112,0.1404778609874616,0.1764637010874268,18.979999542236328,0.1897999954223632,0.03206028502941226
2025-02-25,594.239990234375,0.1530731817094158,0.1834199317117612,0.1628810423197266,19.43000030517578,0.1943000030517578,0.03206028502941226
2025-02-26,594.5399780273438,0.1543213068824555,0.1745796894191609,0.1815950601877685,19.100000381469727,0.1910000038146972,0.03206028502941226
2025-02-27,585.0499877929688,0.154308442631858,0.1689305962419705,0.1753766649546143,21.1299991607666,0.211299991607666,0.03206028502941226
2025-02-28,594.1799926757812,0.1522024277376062,0.1638652485586912,0.222226478415918,19.6299991607666,0.196299991607666,0.03206028502941226
2025-03-03,583.77001953125,0.1609163626562726,0.1918891119488533,0.1859913843454834,22.780000686645508,0.227800006866455,0.03206028502941226
2025-03-04,576.8599853515625,0.1675275904546527,0.2057667615912981,0.2213558500589844,23.51000022888184,0.2351000022888183,0.03206028502941226
2025-03-05,583.0599975585938,0.1678468654430582,0.2294617973645215,0.2576738279642578,21.93000030517578,0.2193000030517578,0.03206028502941226
2025-03-06,572.7100219726562,0.1710382316235873,0.2291034637279577,0.2605174749674316,24.8700008392334,0.2487000083923339,0.03206028502941226
2025-03-07,575.9199829101562,0.1776421262492843,0.2192114282104253,0.2926997106852051,23.3700008392334,0.2337000083923339,0.03206028502941226
2025-03-10,560.5800170898438,0.1793911888970962,0.2191284341563808,0.2563364332499024,27.86000061035156,0.2786000061035156,0.03206028502941226
2025-03-11,555.9199829101562,0.1931683129959187,0.2129517475634803,0.3054152410807129,26.920000076293945,0.2692000007629394,0.03206028502941226
2025-03-12,558.8699951171875,0.1905983180952603,0.2794247881739944,0.2913218992533203,24.229999542236328,0.2422999954223632,0.03206028502941226
2025-03-13,551.4199829101562,0.1923210306972394,0.2602511565000615,0.287933093863916,24.65999984741211,0.2465999984741211,0.03206028502941226
2025-03-14,562.8099975585938,0.1935354770374994,0.2432712727267088,0.2793157690348145,21.770000457763672,0.2177000045776367,0.03206028502941226
2025-03-17,567.1500244140625,0.207714276913255,0.2438393975616312,0.2500890463175293,20.51000022888184,0.2051000022888183,0.03206028502941226
2025-03-18,561.02001953125,0.2095715012226845,0.2599446995333473,0.1873875063242432,21.700000762939453,0.2170000076293945,0.03206028502941226
2025-03-19,567.1300048828125,0.2095491584160057,0.2451810802362089,0.2024941175760742,19.899999618530277,0.1989999961853027,0.03206028502941226
2025-03-20,565.489990234375,0.2128667877976242,0.2309116445530372,0.205228015738916,19.799999237060547,0.1979999923706054,0.03206028502941226
2025-03-21,563.97998046875,0.2120478216523139,0.2288365649991818,0.2001900976480957,19.280000686645508,0.192800006866455,0.03206028502941226
2025-03-24,574.0800170898438,0.2108567981377956,0.2136407575672347,0.1912452333750244,17.479999542236328,0.1747999954223632,0.03206028502941226
2025-03-25,575.4600219726562,0.2185606347877324,0.2018995054615361,0.1741181009592529,17.149999618530273,0.1714999961853027,0.03206028502941226
2025-03-26,568.5900268554688,0.2188256789073054,0.2157922700843315,0.1499506395639893,18.32999992370605,0.1832999992370605,0.03206028502941226
2025-03-27,567.0800170898438,0.2212305564751119,0.2047794474211687,0.1562323110880371,18.690000534057617,0.1869000053405761,0.03206028502941226
2025-03-28,555.6599731445312,0.2173140731461912,0.2093146255209627,0.1517693632425781,21.649999618530277,0.2164999961853027,0.03206028502941226
2025-03-31,559.3900146484375,0.2244148718119009,0.1967969324191189,0.189500533896875,22.280000686645508,0.222800006866455,0.03206028502941226
2025-04-01,560.969970703125,0.2258062669853071,0.2335945591203698,0.1994083517374512,21.770000457763672,0.2177000045776367,0.03206028502941226
2025-04-02,564.52001953125,0.2259290163891739,0.2195259027440627,0.1651722353281494,21.51000022888184,0.2151000022888183,0.03206028502941226
2025-04-03,536.7000122070312,0.227836289093167,0.203873196267937,0.1751133077921387,30.020000457763672,0.3002000045776367,0.03206028502941226
2025-04-04,505.2799987792969,0.2701029616132819,0.1955313600730896,0.3059890096964355,45.310001373291016,0.4531000137329101,0.03206028502941226
2025-04-07,504.3800048828125,0.3225660422438024,0.3910664709209991,0.4577284735025879,46.97999954223633,0.4697999954223633,0.03206028502941226
2025-04-08,496.4800109863281,0.3227964849033868,0.5372446307913903,0.4541687506021973,52.33000183105469,0.5233000183105468,0.03206028502941226
2025-04-09,548.6199951171875,0.3236554036621769,0.4868440268816407,0.4676069753946777,33.619998931884766,0.3361999893188476,0.03206028502941226
2025-04-10,524.5800170898438,0.4577460842456661,0.4141720900737422,0.2417897909464355,40.720001220703125,0.4072000122070312,0.03206028502941226
2025-04-11,533.9400024414062,0.4720392913434288,0.7567307295667537,0.2610113256754395,37.560001373291016,0.3756000137329101,0.03206028502941226
2025-04-14,539.1199951171875,0.4747004355212612,0.7418280736567086,0.2503555601419922,30.88999938964844,0.3088999938964843,0.03206028502941226
2025-04-15,537.6099853515625,0.4753916875918478,0.6533939523917223,0.2503555601419922,30.1200008392334,0.3012000083923339,0.03206028502941226
2025-04-16,525.6599731445312,0.4736055614467894,0.6000491853530192,0.2616351621927735,32.63999938964844,0.3263999938964844,0.03206028502941226
2025-04-17,526.4099731445312,0.4752145504120374,0.5496947154724529,0.2781707495035645,29.649999618530277,0.2964999961853027,0.03206028502941226
2025-04-21,513.8800048828125,0.4746618064589696,0.5310490336489907,0.2252349775614258,33.81999969482422,0.3381999969482422,0.03206028502941226
2025-04-22,527.25,0.4733309732740793,0.4601479638973103,0.2100032728495117,30.56999969482422,0.3056999969482422,0.03206028502941226
2025-04-23,535.4199829101562,0.4809541585528876,0.4504963757539642,0.2216796797098633,28.450000762939453,0.2845000076293945,0.03206028502941226
2025-04-24,546.6900024414062,0.4833702463561438,0.4428628424403992,0.2252666967691894,26.46999931335449,0.2646999931335449,0.03206028502941226
2025-04-25,550.6400146484375,0.4864952988940662,0.4172495562366787,0.2378322714151856,24.84000015258789,0.2484000015258789,0.03206028502941226
2025-04-28,550.8499755859375,0.4827169748047998,0.3967330162764323,0.210936137992334,25.149999618530277,0.2514999961853027,0.03206028502941226
2025-04-29,554.3200073242188,0.4820006122408825,0.3563938474140626,0.2121467893900391,24.170000076293945,0.2417000007629394,0.03206028502941226
2025-04-30,554.5399780273438,0.4814572279943181,0.3278607299017431,0.2054132574381348,24.700000762939453,0.2470000076293945,0.03206028502941226
2025-05-01,558.469970703125,0.4801583096508615,0.3107526083877679,0.2051177137674805,24.600000381469727,0.2460000038146972,0.03206028502941226
2025-05-02,566.760009765625,0.4806948957334609,0.2794824142257485,0.1810728281321045,22.68000030517578,0.2268000030517578,0.03206028502941226
2025-05-05,563.510009765625,0.4828407503391439,0.2599736453767445,0.1810716074289795,23.63999938964844,0.2363999938964843,0.03206028502941226
2025-05-06,558.7999877929688,0.4799066335346918,0.2577925594294896,0.1577948969187256,24.76000022888184,0.2476000022888183,0.03206028502941226
2025-05-07,561.1500244140625,0.4803768095466136,0.2409282070482166,0.1573095529856201,23.549999237060547,0.2354999923706054,0.03206028502941226
2025-05-08,565.0599975585938,0.4793436054998718,0.2310278689513377,0.1614949720682617,22.479999542236328,0.2247999954223632,0.03206028502941226
2025-05-09,564.3400268554688,0.4798128847335593,0.2133840035969798,0.1561224859537598,21.899999618530277,0.2189999961853027,0.03206028502941226
2025-05-12,582.989990234375,0.4755722718688318,0.2040333373505158,0.1257293814005371,18.38999938964844,0.1838999938964843,0.03206028502941226
2025-05-13,586.8400268554688,0.4852219721454001,0.1959382183684919,0.1451058500589844,18.21999931335449,0.1821999931335449,0.03206028502941226
2025-05-14,587.5900268554688,0.4854617635885047,0.2743488162626157,0.133047487098169,18.6200008392334,0.1862000083923339,0.03206028502941226
2025-05-15,590.4600219726562,0.4852295924833524,0.2494849828557764,0.133020631629419,17.829999923706055,0.1782999992370605,0.03206028502941226
2025-05-16,594.2000122070312,0.4566415619615806,0.2243475087796043,0.1206836431803223,17.239999771118164,0.1723999977111816,0.03206028502941226
2025-05-19,594.8499755859375,0.4096345163224079,0.2218177142031456,0.1169675939859863,18.13999938964844,0.1813999938964843,0.03206028502941226
2025-05-20,592.8499755859375,0.4092242305290027,0.2107646190434906,0.1204514997782227,18.09000015258789,0.1809000015258789,0.03206028502941226
2025-05-21,582.8599853515625,0.4046104339876842,0.1958317606948734,0.1189679067911621,20.8700008392334,0.208700008392334,0.03206028502941226
2025-05-22,583.0900268554688,0.2776384931146419,0.1853265693992365,0.1169672506632324,20.280000686645508,0.202800006866455,0.03206028502941226
2025-05-23,579.1099853515625,0.2318648662016146,0.2127422983828256,0.1926255720438477,22.290000915527344,0.2229000091552734,0.03206028502941226
2025-05-27,591.1500244140625,0.2294262919568034,0.1984252877258612,0.1729180258097168,18.959999084472656,0.1895999908447265,0.03206028502941226
2025-05-28,587.72998046875,0.2353724449647292,0.1925643285621712,0.1367011946024414,19.309999465942383,0.1930999946594238,0.03206028502941226
2025-05-29,590.0499877929688,0.2363550044400942,0.2256831822818362,0.1454340856852051,19.18000030517578,0.1918000030517578,0.03206028502941226
2025-05-30,589.3900146484375,0.2208856456723872,0.2129390755340882,0.1368854730906006,18.56999969482422,0.1856999969482421,0.03206028502941226
2025-06-02,592.7100219726562,0.221344107390795,0.2005009861093614,0.1585021513285156,18.36000061035156,0.1836000061035156,0.03206028502941226
2025-06-03,596.0900268554688,0.2009918285042748,0.1878460347540403,0.1370503252329346,17.690000534057617,0.1769000053405761,0.03206028502941226
2025-06-04,595.9299926757812,0.1887212125747037,0.1786865904199495,0.11911188300271,17.610000610351562,0.1761000061035156,0.03206028502941226
2025-06-05,593.0499877929688,0.1854619274056322,0.170271063160785,0.1127585810007568,18.479999542236328,0.1847999954223632,0.03206028502941226
2025-06-06,599.1400146484375,0.1781497908645771,0.1682384024134951,0.1302883928598877,16.770000457763672,0.1677000045776367,0.03206028502941226
2025-06-09,599.6799926757812,0.179231881900011,0.1623469753944237,0.1384331911386963,17.15999984741211,0.1715999984741211,0.03206028502941226
2025-06-10,603.0800170898438,0.1791595311469146,0.1664384508418479,0.1119612139048096,16.950000762939453,0.1695000076293945,0.03206028502941226
2025-06-11,601.3599853515625,0.1790428528358747,0.1562723416329289,0.1119032781900879,17.260000228881836,0.1726000022888183,0.03206028502941226
2025-06-12,603.75,0.1798525716384935,0.1566840714610685,0.1119032781900879,18.020000457763672,0.1802000045776367,0.03206028502941226
2025-06-13,597.0,0.1793295612626589,0.1524142787941285,0.1119032781900879,20.81999969482422,0.2081999969482421,0.03206028502941226
2025-06-16,602.6799926757812,0.180111476698648,0.1437135723436559,0.1341832464518066,19.11000061035156,0.1911000061035156,0.03206028502941226
2025-06-17,597.530029296875,0.1799305176692221,0.1604480430412949,0.1127656191172119,21.600000381469727,0.2160000038146972,0.03206028502941226
2025-06-18,597.4400024414062,0.1800541507771972,0.1654800692487859,0.1341913622202393,20.13999938964844,0.2013999938964843,0.03206028502941226
2025-06-20,594.280029296875,0.1801103481931454,0.1723777998060444,0.1336470812143799,20.6200008392334,0.206200008392334,0.03206028502941226
2025-06-23,600.1500244140625,0.1809480134564502,0.1606368693439608,0.1479829805674072,19.82999992370605,0.1982999992370605,0.03206028502941226
2025-06-24,606.780029296875,0.1825134828784484,0.1602430047213109,0.11489801581521,17.479999542236328,0.1747999954223632,0.03206028502941226
2025-06-25,607.1199951171875,0.1541084808433912,0.1635809367147984,0.1148698538126465,16.760000228881836,0.1676000022888183,0.03206028502941226
2025-06-26,611.8699951171875,0.1530859843405903,0.169363231524925,0.1223682993235107,16.59000015258789,0.1659000015258789,0.03206028502941226
2025-06-27,614.9099731445312,0.1546494013466947,0.1644833119375526,0.1315978353800293,16.31999969482422,0.1631999969482422,0.03206028502941226
2025-06-30,617.8499755859375,0.1546709496133356,0.1769125169524701,0.130102454978418,16.729999542236328,0.1672999954223633,0.03206028502941226
2025-07-01,617.6500244140625,0.154198023586193,0.1555258040848724,0.1306454294504639,16.829999923706055,0.1682999992370605,0.03206028502941226
2025-07-02,620.4500122070312,0.1542956525953192,0.1732369829799925,0.1287721460642334,16.639999389648438,0.1663999938964843,0.03206028502941226
2025-07-03,625.3400268554688,0.1537982692180375,0.1669531491144744,0.1421120088877197,16.3799991607666,0.163799991607666,0.03206028502941226
2025-07-07,620.6799926757812,0.1410843470167471,0.1462232693438604,0.1494607466043945,17.790000915527344,0.1779000091552734,0.03206028502941226
2025-07-08,620.3400268554688,0.1448069481507176,0.1474253496315745,0.1151263159098144,16.809999465942383,0.1680999946594238,0.03206028502941226
2025-07-09,624.0599975585938,0.1417717049284834,0.1605778974315081,0.1379826563181397,15.9399995803833,0.159399995803833,0.03206028502941226
2025-07-10,625.8200073242188,0.1275011805338566,0.153561704834065,0.1213541620554443,15.779999732971191,0.1577999973297119,0.03206028502941226
2025-07-11,623.6199951171875,0.1246097309266652,0.1527841833281308,0.1460968035044189,16.399999618530273,0.1639999961853027,0.03206028502941226
2025-07-14,624.8099975585938,0.1259242842063306,0.1441292145951453,0.1543251722635742,17.200000762939453,0.1720000076293945,0.03206028502941226
2025-07-15,622.1400146484375,0.1254694765408457,0.1402984503391318,0.1500861185373779,17.3799991607666,0.173799991607666,0.03206028502941226
2025-07-16,624.219970703125,0.1265811225160648,0.1331541083301382,0.141193124610376,17.15999984741211,0.1715999984741211,0.03206028502941226
2025-07-17,628.0399780273438,0.1259355592865925,0.1311405481003248,0.1435403269114014,16.520000457763672,0.1652000045776367,0.03206028502941226
2025-07-18,627.5800170898438,0.1266742135587144,0.1452036512181051,0.1570294111551758,16.40999984741211,0.1640999984741211,0.03206028502941226
2025-07-21,628.77001953125,0.1248330916236821,0.1390838507025976,0.1349800604166504,16.649999618530273,0.1664999961853027,0.03206028502941226
2025-07-22,628.8599853515625,0.1213441477435162,0.132932326300236,0.1119032781900879,16.5,0.165,0.03206028502941226
2025-07-23,634.2100219726562,0.1214302296844183,0.1360545963741176,0.1130785768808838,15.369999885559082,0.1536999988555908,0.03206028502941226
2025-07-24,634.4199829101562,0.1229402649742064,0.1777352170913046,0.1119032781900879,15.390000343322754,0.1539000034332275,0.03206028502941226
2025-07-25,637.0999755859375,0.1219731558802284,0.1443551991034709,0.1147083776773926,14.93000030517578,0.1493000030517578,0.03206028502941226
2025-07-28,636.9400024414062,0.1220288905874253,0.1356430247543171,0.1119032781900879,15.029999732971191,0.1502999973297119,0.03206028502941226
2025-07-29,635.260009765625,0.113027912424961,0.1284541082375258,0.1119032781900879,15.979999542236328,0.1597999954223632,0.03206028502941226
2025-07-30,634.4600219726562,0.1111386338287037,0.1254439291597284,0.1119032781900879,15.479999542236328,0.1547999954223632,0.03206028502941226
2025-07-31,632.0800170898438,0.1052095293727719,0.1215379906021785,0.1246447771372314,16.719999313354492,0.1671999931335449,0.03206028502941226
2025-08-01,621.719970703125,0.1069430656963609,0.1302748868780437,0.1247987955393311,20.3799991607666,0.203799991607666,0.03206028502941226
2025-08-04,631.1699829101562,0.1223987004321157,0.1294247310205128,0.1651371877970215,17.520000457763672,0.1752000045776367,0.03206028502941226
2025-08-05,627.969970703125,0.1278835869837326,0.1750165644757551,0.1576167028727051,17.850000381469727,0.1785000038146972,0.03206028502941226
2025-08-06,632.780029296875,0.1256096897181877,0.1914265416392589,0.1760882395090576,16.770000457763672,0.1677000045776367,0.03206028502941226
2025-08-07,632.25,0.1274853653791785,0.1829162774507899,0.1485362261118408,16.56999969482422,0.1656999969482422,0.03206028502941226
2025-08-08,637.1799926757812,0.1256811035301894,0.1862886591977271,0.1531657617868896,15.149999618530272,0.1514999961853027,0.03206028502941226
2025-08-11,635.9199829101562,0.1270693030210541,0.167314468614119,0.1616122453989502,16.25,0.1625,0.03206028502941226
2025-08-12,642.6900024414062,0.1268873595207903,0.1795297431321088,0.1323956125559326,14.729999542236328,0.1472999954223632,0.03206028502941226
2025-08-13,644.8900146484375,0.1308885574701707,0.1887999251543275,0.1224204366983887,14.489999771118164,0.1448999977111816,0.03206028502941226
2025-08-14,644.9500122070312,0.1306249085319537,0.1780667769613333,0.1225698583902832,14.829999923706056,0.1482999992370605,0.03206028502941226
2025-08-15,643.4400024414062,0.1286437251062452,0.1883855088368631,0.1337629049601074,15.09000015258789,0.1509000015258789,0.03206028502941226
2025-08-18,643.2999877929688,0.1257009710656144,0.1547140723721623,0.1253892916025635,14.989999771118164,0.1498999977111816,0.03206028502941226
2025-08-19,639.8099975585938,0.1256492960087655,0.1480342427290312,0.1128058355631348,15.56999969482422,0.1556999969482422,0.03206028502941226
2025-08-20,638.1099853515625,0.126508017399181,0.1400200802155161,0.1365928667368408,15.6899995803833,0.156899995803833,0.03206028502941226
2025-08-21,635.5499877929688,0.1268653933560836,0.1394823117699119,0.136504289466333,16.600000381469727,0.1660000038146972,0.03206028502941226
2025-08-22,645.3099975585938,0.1270745115334944,0.1510041716040964,0.1434379785837647,14.220000267028809,0.1422000026702881,0.03206028502941226
2025-08-25,642.469970703125,0.1363216163106212,0.1438496498345309,0.1278983038248535,14.789999961853027,0.1478999996185303,0.03206028502941226
2025-08-26,645.1599731445312,0.1363819566916561,0.1693811628747507,0.1422043817820068,14.619999885559082,0.1461999988555908,0.03206028502941226
2025-08-27,646.6300048828125,0.1365725556684122,0.1899128547241029,0.1184191339792725,14.850000381469728,0.1485000038146972,0.03206028502941226
2025-08-28,648.9199829101562,0.1355424301118696,0.1817051294793596,0.1185735338510986,14.43000030517578,0.1443000030517578,0.03206028502941226
2025-08-29,645.0499877929688,0.1356616222585737,0.1573379265989209,0.1213892095865723,15.359999656677246,0.1535999965667724,0.03206028502941226
2025-09-02,640.27001953125,0.1377320316911235,0.1466543480805954,0.1388814371408936,17.170000076293945,0.1717000007629394,0.03206028502941226
2025-09-03,643.739990234375,0.1405305132072016,0.1467189403933645,0.1553665273966309,16.350000381469727,0.1635000038146972,0.03206028502941226
2025-09-04,649.1199951171875,0.1388995378876908,0.1501267438013375,0.1356673067392822,15.300000190734863,0.1530000019073486,0.03206028502941226
2025-09-05,647.239990234375,0.1413419126057386,0.1570290631519494,0.1358734243692871,15.18000030517578,0.1518000030517578,0.03206028502941226
2025-09-08,648.8300170898438,0.1413475874427989,0.1796955401275162,0.1661586778940674,15.109999656677246,0.1510999965667724,0.03206028502941226
2025-09-09,650.3300170898438,0.1414609871435578,0.184455093487304,0.1135994642557617,15.039999961853027,0.1503999996185302,0.03206028502941226
2025-09-10,652.2100219726562,0.141098842758683,0.141971413229926,0.1150863188089844,15.350000381469728,0.1535000038146972,0.03206028502941226
2025-09-11,657.6300048828125,0.1410760516504708,0.1341576891648697,0.1156904905619141,14.710000038146973,0.1471000003814697,0.03206028502941226
2025-09-12,657.4099731445312,0.142161765963821,0.1391305844918149,0.1157862680735107,14.760000228881836,0.1476000022888183,0.03206028502941226
2025-09-15,660.9099731445312,0.1279256447560737,0.1655353697405338,0.1149835890116211,15.6899995803833,0.156899995803833,0.03206028502941226
2025-09-16,660.0,0.1198517576624667,0.1321919624070843,0.1128659075083252,16.360000610351562,0.1636000061035156,0.03206028502941226
2025-09-17,659.1799926757812,0.1179808970373579,0.1348524969240886,0.1161142938913818,15.720000267028809,0.157200002670288,0.03206028502941226
2025-09-18,662.260009765625,0.1164538994679196,0.153838212596809,0.1119032781900879,15.699999809265137,0.1569999980926513,0.03206028502941226
2025-09-19,663.7000122070312,0.1166921519067684,0.1349553068029407,0.1119032781900879,15.449999809265137,0.1544999980926513,0.03206028502941226
2025-09-22,666.8400268554688,0.1146073883870353,0.1429017063716593,0.1303910272898193,16.100000381469727,0.1610000038146972,0.03206028502941226
2025-09-23,663.2100219726562,0.1144969346593278,0.129083797363391,0.12344293769021,16.639999389648438,0.1663999938964843,0.03206028502941226
2025-09-24,661.0999755859375,0.1123617916298663,0.138538883085907,0.1227469366373535,16.18000030517578,0.1618000030517578,0.03206028502941226
2025-09-25,658.0499877929688,0.1129906201168023,0.1792744387019657,0.1208380525888916,16.739999771118164,0.1673999977111816,0.03206028502941226
2025-09-26,661.8200073242188,0.1145670987194821,0.1422327142166417,0.123663713294458,15.289999961853027,0.1528999996185302,0.03206028502941226
2025-09-29,663.6799926757812,0.1153111568352022,0.1361073816618931,0.1461520117105957,16.1200008392334,0.1612000083923339,0.03206028502941226
2025-09-30,666.1799926757812,0.1153995660233181,0.1308063577168136,0.125095540839624,16.280000686645508,0.162800006866455,0.03206028502941226
2025-10-01,668.4500122070312,0.1133168023060259,0.1305670279852745,0.1193150060953613,16.290000915527344,0.1629000091552734,0.03206028502941226
2025-10-02,669.219970703125,0.1125582085962865,0.1253490905110457,0.1256967371286865,16.6299991607666,0.166299991607666,0.03206028502941226
2025-10-03,669.2100219726562,0.1107342212285955,0.1332515538031166,0.1119032781900879,16.649999618530273,0.1664999961853027,0.03206028502941226
2025-10-06,671.6099853515625,0.0992868672860351,0.1393224254558145,0.1119032781900879,16.3700008392334,0.1637000083923339,0.03206028502941226
2025-10-07,669.1199951171875,0.0973296468089932,0.1215079743872925,0.1300075357737061,17.239999771118164,0.1723999977111816,0.03206028502941226
2025-10-08,673.1099853515625,0.0985788445695349,0.1761746510318907,0.1416076296152588,16.299999237060547,0.1629999923706054,0.03206028502941226
2025-10-09,671.1599731445312,0.0999466808864509,0.1198598699617201,0.1228938883127686,16.43000030517578,0.1643000030517578,0.03206028502941226
2025-10-10,653.02001953125,0.1007557526493721,0.1300592330606285,0.1524133318247315,21.65999984741211,0.2165999984741211,0.03206028502941226
2025-10-13,663.0399780273438,0.1390525737889252,0.1280221126650688,0.1653345888437744,19.030000686645508,0.190300006866455,0.03206028502941226
2025-10-14,662.22998046875,0.1447650794771453,0.2320738859051869,0.144897147971582,20.809999465942383,0.2080999946594238,0.03206028502941226
2025-10-15,665.1699829101562,0.1442350790665102,0.2350466039038185,0.1484719007791992,20.63999938964844,0.2063999938964843,0.03206028502941226
2025-10-16,660.6400146484375,0.1425168091362331,0.2181488774106102,0.1446181982340332,25.309999465942383,0.2530999946594238,0.03206028502941226
2025-10-17,664.3900146484375,0.144307645521103,0.2038735305367228,0.1687200372995849,20.780000686645508,0.207800006866455,0.03206028502941226
2025-10-20,671.2999877929688,0.145150486405738,0.1982757205902637,0.1304069155039307,18.229999542236328,0.1822999954223632,0.03206028502941226
2025-10-21,671.2899780273438,0.1485315823290713,0.1871240705361127,0.1119032781900879,17.8700008392334,0.178700008392334,0.03206028502941226
2025-10-22,667.7999877929688,0.1484438749905695,0.1873523668921545,0.1119032781900879,18.600000381469727,0.1860000038146972,0.03206028502941226
2025-10-23,671.760009765625,0.1476390890124654,0.174750716219023,0.1293163603128906,17.299999237060547,0.1729999923706054,0.03206028502941226
2025-10-24,677.25,0.1486798425754671,0.1732424486930681,0.1119032781900879,16.3700008392334,0.1637000083923339,0.03206028502941226
2025-10-27,685.239990234375,0.1499661873939716,0.1792691178098439,0.1119032781900879,15.789999961853027,0.1578999996185302,0.03206028502941226
2025-10-28,687.0599975585938,0.1540008808108639,0.1780517076550376,0.1119032781900879,16.420000076293945,0.1642000007629394,0.03206028502941226
2025-10-29,687.3900146484375,0.1538121760999945,0.1837212948459205,0.1119032781900879,16.920000076293945,0.1692000007629394,0.03206028502941226
2025-10-30,679.8300170898438,0.1534366695706965,0.1627975759023727,0.1119032781900879,16.90999984741211,0.1690999984741211,0.03206028502941226
2025-10-31,682.0599975585938,0.1587108419795042,0.161241749851023,0.1231233995737549,17.440000534057617,0.1744000053405761,0.03206028502941226
2025-11-03,683.3400268554688,0.1583828036082451,0.1712454039391839,0.1119032781900879,17.170000076293945,0.1717000007629394,0.03206028502941226
2025-11-04,675.239990234375,0.1569678379855625,0.1616264700994404,0.115908529120874,19.0,0.19,0.03206028502941226
2025-11-05,677.5800170898438,0.1621643523278037,0.1537561394967043,0.1505456941904541,18.010000228881836,0.1801000022888183,0.03206028502941226
2025-11-06,670.3099975585938,0.1613511363587568,0.1701514615881287,0.138911744910669,19.5,0.195,0.03206028502941226
2025-11-07,670.969970703125,0.1650399447027733,0.1674209006156891,0.1752433126749512,19.07999992370605,0.1907999992370605,0.03206028502941226
2025-11-10,681.4400024414062,0.1648566122334824,0.1753144829724796,0.1823676031412598,17.600000381469727,0.1760000038146972,0.03206028502941226
2025-11-11,683.0,0.1718495202255951,0.1659631578470289,0.1616053980173584,17.280000686645508,0.172800006866455,0.03206028502941226
2025-11-12,683.3800048828125,0.1717001070952775,0.188365563501407,0.1317423551859375,17.510000228881836,0.1751000022888183,0.03206028502941226
2025-11-13,672.0399780273438,0.1716954554014239,0.1737453707925887,0.1334987657846924,20.0,0.2,0.03206028502941226
2025-11-14,671.9299926757812,0.1808744104116852,0.1678675400181135,0.179732467490625,19.82999992370605,0.1982999992370605,0.03206028502941226
2025-11-17,665.6699829101562,0.1805059616903818,0.1970583710710862,0.174262668448877,22.3799991607666,0.223799991607666,0.03206028502941226
2025-11-18,660.0800170898438,0.1826974206190711,0.1838818223362701,0.1850641268076416,24.690000534057617,0.2469000053405761,0.03206028502941226
2025-11-19,662.6300048828125,0.1833974722535182,0.1861714498556182,0.2346878546061035,23.65999984741211,0.236599998474121,0.03206028502941226
2025-11-20,652.530029296875,0.1838122911148616,0.185656195950454,0.1960085981668945,26.420000076293945,0.2642000007629395,0.03206028502941226
2025-11-21,659.030029296875,0.167894079864796,0.1772109131774246,0.2013384741129394,23.43000030517578,0.2343000030517578,0.03206028502941226
2025-11-24,668.72998046875,0.163355098449096,0.199457523480485,0.2375664633097168,20.520000457763672,0.2052000045776367,0.03206028502941226
2025-11-25,675.02001953125,0.1703566843534785,0.1967645996860214,0.2216095465006348,18.559999465942383,0.1855999946594238,0.03206028502941226
